,country_id,country_value,indicator_name,year,value,region,incomeLevel,longitude,latitude
0,ZH,Africa Eastern and Southern,GDP growth (annual %),2025,3.7430158719504,Aggregates,Aggregates,,
1,ZH,Africa Eastern and Southern,GDP growth (annual %),2024,2.78793146807502,Aggregates,Aggregates,,
2,ZH,Africa Eastern and Southern,GDP growth (annual %),2023,1.94138157772015,Aggregates,Aggregates,,
3,ZH,Africa Eastern and Southern,GDP growth (annual %),2022,3.66802914041513,Aggregates,Aggregates,,
4,ZH,Africa Eastern and Southern,GDP growth (annual %),2021,4.45264295607002,Aggregates,Aggregates,,
5,ZH,Africa Eastern and Southern,GDP growth (annual %),2020,-2.93076411386527,Aggregates,Aggregates,,
6,ZH,Africa Eastern and Southern,GDP growth (annual %),2019,1.93559262617022,Aggregates,Aggregates,,
7,ZH,Africa Eastern and Southern,GDP growth (annual %),2018,2.70620741957582,Aggregates,Aggregates,,
8,ZH,Africa Eastern and Southern,GDP growth (annual %),2017,2.67886266771569,Aggregates,Aggregates,,
9,ZH,Africa Eastern and Southern,GDP growth (annual %),2016,2.2925005812875,Aggregates,Aggregates,,
10,ZI,Africa Western and Central,GDP growth (annual %),2025,4.6000999560392,Aggregates,Aggregates,,
11,ZI,Africa Western and Central,GDP growth (annual %),2024,4.59618335068083,Aggregates,Aggregates,,
12,ZI,Africa Western and Central,GDP growth (annual %),2023,3.64459087867006,Aggregates,Aggregates,,
13,ZI,Africa Western and Central,GDP growth (annual %),2022,4.47710763731639,Aggregates,Aggregates,,
14,ZI,Africa Western and Central,GDP growth (annual %),2021,2.54547274764256,Aggregates,Aggregates,,
15,ZI,Africa Western and Central,GDP growth (annual %),2020,-3.71879330346492,Aggregates,Aggregates,,
16,ZI,Africa Western and Central,GDP growth (annual %),2019,3.28314241472725,Aggregates,Aggregates,,
17,ZI,Africa Western and Central,GDP growth (annual %),2018,2.89995418634321,Aggregates,Aggregates,,
18,ZI,Africa Western and Central,GDP growth (annual %),2017,2.30276059142707,Aggregates,Aggregates,,
19,ZI,Africa Western and Central,GDP growth (annual %),2016,0.176171718599761,Aggregates,Aggregates,,
20,1A,Arab World,GDP growth (annual %),2025,3.67757993848036,Aggregates,Aggregates,,
21,1A,Arab World,GDP growth (annual %),2024,2.00521809439076,Aggregates,Aggregates,,
22,1A,Arab World,GDP growth (annual %),2023,1.6487292798157,Aggregates,Aggregates,,
23,1A,Arab World,GDP growth (annual %),2022,6.99667634282584,Aggregates,Aggregates,,
24,1A,Arab World,GDP growth (annual %),2021,4.43140396719774,Aggregates,Aggregates,,
25,1A,Arab World,GDP growth (annual %),2020,-5.28641417078185,Aggregates,Aggregates,,
26,1A,Arab World,GDP growth (annual %),2019,1.74949238304778,Aggregates,Aggregates,,
27,1A,Arab World,GDP growth (annual %),2018,2.67038341212846,Aggregates,Aggregates,,
28,1A,Arab World,GDP growth (annual %),2017,1.33126991214532,Aggregates,Aggregates,,
29,1A,Arab World,GDP growth (annual %),2016,3.57245633977796,Aggregates,Aggregates,,
30,S3,Caribbean small states,GDP growth (annual %),2025,7.97505570265018,Aggregates,Aggregates,,
31,S3,Caribbean small states,GDP growth (annual %),2024,13.3281652583601,Aggregates,Aggregates,,
32,S3,Caribbean small states,GDP growth (annual %),2023,8.80514656985758,Aggregates,Aggregates,,
33,S3,Caribbean small states,GDP growth (annual %),2022,14.7413556305504,Aggregates,Aggregates,,
34,S3,Caribbean small states,GDP growth (annual %),2021,7.23640467044548,Aggregates,Aggregates,,
35,S3,Caribbean small states,GDP growth (annual %),2020,-9.27326845637317,Aggregates,Aggregates,,
36,S3,Caribbean small states,GDP growth (annual %),2019,0.865089017714141,Aggregates,Aggregates,,
37,S3,Caribbean small states,GDP growth (annual %),2018,1.31016136681117,Aggregates,Aggregates,,
38,S3,Caribbean small states,GDP growth (annual %),2017,-0.750655745538538,Aggregates,Aggregates,,
39,S3,Caribbean small states,GDP growth (annual %),2016,-3.08739815275796,Aggregates,Aggregates,,
40,B8,Central Europe and the Baltics,GDP growth (annual %),2025,2.36701156809835,Aggregates,Aggregates,,
41,B8,Central Europe and the Baltics,GDP growth (annual %),2024,2.09534007010555,Aggregates,Aggregates,,
42,B8,Central Europe and the Baltics,GDP growth (annual %),2023,0.720328299990356,Aggregates,Aggregates,,
43,B8,Central Europe and the Baltics,GDP growth (annual %),2022,4.03989151407053,Aggregates,Aggregates,,
44,B8,Central Europe and the Baltics,GDP growth (annual %),2021,6.57271679525719,Aggregates,Aggregates,,
45,B8,Central Europe and the Baltics,GDP growth (annual %),2020,-3.30110758026468,Aggregates,Aggregates,,
46,B8,Central Europe and the Baltics,GDP growth (annual %),2019,4.03232614160713,Aggregates,Aggregates,,
47,B8,Central Europe and the Baltics,GDP growth (annual %),2018,4.95337220818838,Aggregates,Aggregates,,
48,B8,Central Europe and the Baltics,GDP growth (annual %),2017,5.10713071566526,Aggregates,Aggregates,,
49,B8,Central Europe and the Baltics,GDP growth (annual %),2016,2.80724942330426,Aggregates,Aggregates,,
50,V2,Early-demographic dividend,GDP growth (annual %),2025,4.3721639998719,Aggregates,Aggregates,,
51,V2,Early-demographic dividend,GDP growth (annual %),2024,3.86155873347995,Aggregates,Aggregates,,
52,V2,Early-demographic dividend,GDP growth (annual %),2023,4.12336017326531,Aggregates,Aggregates,,
53,V2,Early-demographic dividend,GDP growth (annual %),2022,6.02429179462496,Aggregates,Aggregates,,
54,V2,Early-demographic dividend,GDP growth (annual %),2021,7.50689561708779,Aggregates,Aggregates,,
55,V2,Early-demographic dividend,GDP growth (annual %),2020,-4.28342682037605,Aggregates,Aggregates,,
56,V2,Early-demographic dividend,GDP growth (annual %),2019,2.27263621294111,Aggregates,Aggregates,,
57,V2,Early-demographic dividend,GDP growth (annual %),2018,3.61280978921729,Aggregates,Aggregates,,
58,V2,Early-demographic dividend,GDP growth (annual %),2017,4.49000658496557,Aggregates,Aggregates,,
59,V2,Early-demographic dividend,GDP growth (annual %),2016,4.14710614319185,Aggregates,Aggregates,,
60,Z4,East Asia & Pacific,GDP growth (annual %),2025,3.99734138634533,Aggregates,Aggregates,,
61,Z4,East Asia & Pacific,GDP growth (annual %),2024,3.72534172801831,Aggregates,Aggregates,,
62,Z4,East Asia & Pacific,GDP growth (annual %),2023,4.07119548974431,Aggregates,Aggregates,,
63,Z4,East Asia & Pacific,GDP growth (annual %),2022,3.05155877820648,Aggregates,Aggregates,,
64,Z4,East Asia & Pacific,GDP growth (annual %),2021,6.48037639158159,Aggregates,Aggregates,,
65,Z4,East Asia & Pacific,GDP growth (annual %),2020,-0.0906651751610497,Aggregates,Aggregates,,
66,Z4,East Asia & Pacific,GDP growth (annual %),2019,4.04090596808282,Aggregates,Aggregates,,
67,Z4,East Asia & Pacific,GDP growth (annual %),2018,4.81200310102888,Aggregates,Aggregates,,
68,Z4,East Asia & Pacific,GDP growth (annual %),2017,5.03667021498299,Aggregates,Aggregates,,
69,Z4,East Asia & Pacific,GDP growth (annual %),2016,4.63114688285732,Aggregates,Aggregates,,
70,4E,East Asia & Pacific (excluding high income),GDP growth (annual %),2025,4.9444935536329,Aggregates,Aggregates,,
71,4E,East Asia & Pacific (excluding high income),GDP growth (annual %),2024,4.95407477892253,Aggregates,Aggregates,,
72,4E,East Asia & Pacific (excluding high income),GDP growth (annual %),2023,5.26014161362973,Aggregates,Aggregates,,
73,4E,East Asia & Pacific (excluding high income),GDP growth (annual %),2022,3.54917734794495,Aggregates,Aggregates,,
74,4E,East Asia & Pacific (excluding high income),GDP growth (annual %),2021,7.72023040471529,Aggregates,Aggregates,,
75,4E,East Asia & Pacific (excluding high income),GDP growth (annual %),2020,1.34340856610488,Aggregates,Aggregates,,
76,4E,East Asia & Pacific (excluding high income),GDP growth (annual %),2019,5.88489228328295,Aggregates,Aggregates,,
77,4E,East Asia & Pacific (excluding high income),GDP growth (annual %),2018,6.53800447051142,Aggregates,Aggregates,,
78,4E,East Asia & Pacific (excluding high income),GDP growth (annual %),2017,6.66666534648019,Aggregates,Aggregates,,
79,4E,East Asia & Pacific (excluding high income),GDP growth (annual %),2016,6.50852874508779,Aggregates,Aggregates,,
80,T4,East Asia & Pacific (IDA & IBRD countries),GDP growth (annual %),2025,4.94449693162349,Aggregates,Aggregates,,
81,T4,East Asia & Pacific (IDA & IBRD countries),GDP growth (annual %),2024,4.95413752144529,Aggregates,Aggregates,,
82,T4,East Asia & Pacific (IDA & IBRD countries),GDP growth (annual %),2023,5.2600647393007,Aggregates,Aggregates,,
83,T4,East Asia & Pacific (IDA & IBRD countries),GDP growth (annual %),2022,3.5491103392587,Aggregates,Aggregates,,
84,T4,East Asia & Pacific (IDA & IBRD countries),GDP growth (annual %),2021,7.71993890573823,Aggregates,Aggregates,,
85,T4,East Asia & Pacific (IDA & IBRD countries),GDP growth (annual %),2020,1.34329202401489,Aggregates,Aggregates,,
86,T4,East Asia & Pacific (IDA & IBRD countries),GDP growth (annual %),2019,5.88481120447702,Aggregates,Aggregates,,
87,T4,East Asia & Pacific (IDA & IBRD countries),GDP growth (annual %),2018,6.53783889633732,Aggregates,Aggregates,,
88,T4,East Asia & Pacific (IDA & IBRD countries),GDP growth (annual %),2017,6.66638400332221,Aggregates,Aggregates,,
89,T4,East Asia & Pacific (IDA & IBRD countries),GDP growth (annual %),2016,6.50841250220505,Aggregates,Aggregates,,
90,XC,Euro area,GDP growth (annual %),2025,1.41107242318353,Aggregates,Aggregates,,
91,XC,Euro area,GDP growth (annual %),2024,0.938707263867073,Aggregates,Aggregates,,
92,XC,Euro area,GDP growth (annual %),2023,0.460070365687699,Aggregates,Aggregates,,
93,XC,Euro area,GDP growth (annual %),2022,3.66468497532753,Aggregates,Aggregates,,
94,XC,Euro area,GDP growth (annual %),2021,6.44349747359811,Aggregates,Aggregates,,
95,XC,Euro area,GDP growth (annual %),2020,-6.04374915754508,Aggregates,Aggregates,,
96,XC,Euro area,GDP growth (annual %),2019,1.63208944796722,Aggregates,Aggregates,,
97,XC,Euro area,GDP growth (annual %),2018,1.78229304985051,Aggregates,Aggregates,,
98,XC,Euro area,GDP growth (annual %),2017,2.62315671239708,Aggregates,Aggregates,,
99,XC,Euro area,GDP growth (annual %),2016,1.80681433573471,Aggregates,Aggregates,,
100,Z7,Europe & Central Asia,GDP growth (annual %),2025,1.703297097267,Aggregates,Aggregates,,
101,Z7,Europe & Central Asia,GDP growth (annual %),2024,1.61092975636407,Aggregates,Aggregates,,
102,Z7,Europe & Central Asia,GDP growth (annual %),2023,1.04695405528739,Aggregates,Aggregates,,
103,Z7,Europe & Central Asia,GDP growth (annual %),2022,3.42810235027954,Aggregates,Aggregates,,
104,Z7,Europe & Central Asia,GDP growth (annual %),2021,6.82460720354004,Aggregates,Aggregates,,
105,Z7,Europe & Central Asia,GDP growth (annual %),2020,-5.37584934879737,Aggregates,Aggregates,,
106,Z7,Europe & Central Asia,GDP growth (annual %),2019,1.83149788108096,Aggregates,Aggregates,,
107,Z7,Europe & Central Asia,GDP growth (annual %),2018,2.18261664657453,Aggregates,Aggregates,,
108,Z7,Europe & Central Asia,GDP growth (annual %),2017,2.96168679697557,Aggregates,Aggregates,,
109,Z7,Europe & Central Asia,GDP growth (annual %),2016,1.90825385031148,Aggregates,Aggregates,,
110,7E,Europe & Central Asia (excluding high income),GDP growth (annual %),2025,4.20093767131738,Aggregates,Aggregates,,
111,7E,Europe & Central Asia (excluding high income),GDP growth (annual %),2024,4.05695234474402,Aggregates,Aggregates,,
112,7E,Europe & Central Asia (excluding high income),GDP growth (annual %),2023,5.05062997543834,Aggregates,Aggregates,,
113,7E,Europe & Central Asia (excluding high income),GDP growth (annual %),2022,3.11188050867233,Aggregates,Aggregates,,
114,7E,Europe & Central Asia (excluding high income),GDP growth (annual %),2021,9.27987062914227,Aggregates,Aggregates,,
115,7E,Europe & Central Asia (excluding high income),GDP growth (annual %),2020,0.29079640989535,Aggregates,Aggregates,,
116,7E,Europe & Central Asia (excluding high income),GDP growth (annual %),2019,2.61922676231219,Aggregates,Aggregates,,
117,7E,Europe & Central Asia (excluding high income),GDP growth (annual %),2018,3.78753357770429,Aggregates,Aggregates,,
118,7E,Europe & Central Asia (excluding high income),GDP growth (annual %),2017,6.00896760124667,Aggregates,Aggregates,,
119,7E,Europe & Central Asia (excluding high income),GDP growth (annual %),2016,2.85797309720172,Aggregates,Aggregates,,
120,T7,Europe & Central Asia (IDA & IBRD countries),GDP growth (annual %),2025,2.84310557858637,Aggregates,Aggregates,,
121,T7,Europe & Central Asia (IDA & IBRD countries),GDP growth (annual %),2024,4.03167528195137,Aggregates,Aggregates,,
122,T7,Europe & Central Asia (IDA & IBRD countries),GDP growth (annual %),2023,3.8319198777364,Aggregates,Aggregates,,
123,T7,Europe & Central Asia (IDA & IBRD countries),GDP growth (annual %),2022,1.97113681599863,Aggregates,Aggregates,,
124,T7,Europe & Central Asia (IDA & IBRD countries),GDP growth (annual %),2021,7.59725679517675,Aggregates,Aggregates,,
125,T7,Europe & Central Asia (IDA & IBRD countries),GDP growth (annual %),2020,-1.44509752100556,Aggregates,Aggregates,,
126,T7,Europe & Central Asia (IDA & IBRD countries),GDP growth (annual %),2019,2.83114768378128,Aggregates,Aggregates,,
127,T7,Europe & Central Asia (IDA & IBRD countries),GDP growth (annual %),2018,3.81479272946348,Aggregates,Aggregates,,
128,T7,Europe & Central Asia (IDA & IBRD countries),GDP growth (annual %),2017,4.37963852941809,Aggregates,Aggregates,,
129,T7,Europe & Central Asia (IDA & IBRD countries),GDP growth (annual %),2016,1.89511334774663,Aggregates,Aggregates,,
130,EU,European Union,GDP growth (annual %),2025,1.53795434836212,Aggregates,Aggregates,,
131,EU,European Union,GDP growth (annual %),2024,1.08657885620458,Aggregates,Aggregates,,
132,EU,European Union,GDP growth (annual %),2023,0.4380089249495,Aggregates,Aggregates,,
133,EU,European Union,GDP growth (annual %),2022,3.56455510630462,Aggregates,Aggregates,,
134,EU,European Union,GDP growth (annual %),2021,6.37773717070797,Aggregates,Aggregates,,
135,EU,European Union,GDP growth (annual %),2020,-5.57888122067428,Aggregates,Aggregates,,
136,EU,European Union,GDP growth (annual %),2019,1.87525498889181,Aggregates,Aggregates,,
137,EU,European Union,GDP growth (annual %),2018,2.04641967934145,Aggregates,Aggregates,,
138,EU,European Union,GDP growth (annual %),2017,2.81810835521954,Aggregates,Aggregates,,
139,EU,European Union,GDP growth (annual %),2016,1.91997902907598,Aggregates,Aggregates,,
140,XE,Heavily indebted poor countries (HIPC),GDP growth (annual %),2025,5.82575819723698,Aggregates,Aggregates,,
141,XE,Heavily indebted poor countries (HIPC),GDP growth (annual %),2024,5.12099358552982,Aggregates,Aggregates,,
142,XE,Heavily indebted poor countries (HIPC),GDP growth (annual %),2023,3.48241783540763,Aggregates,Aggregates,,
143,XE,Heavily indebted poor countries (HIPC),GDP growth (annual %),2022,4.89961676353468,Aggregates,Aggregates,,
144,XE,Heavily indebted poor countries (HIPC),GDP growth (annual %),2021,4.35683661926664,Aggregates,Aggregates,,
145,XE,Heavily indebted poor countries (HIPC),GDP growth (annual %),2020,0.00307772049912103,Aggregates,Aggregates,,
146,XE,Heavily indebted poor countries (HIPC),GDP growth (annual %),2019,4.20365615145262,Aggregates,Aggregates,,
147,XE,Heavily indebted poor countries (HIPC),GDP growth (annual %),2018,4.18286148680316,Aggregates,Aggregates,,
148,XE,Heavily indebted poor countries (HIPC),GDP growth (annual %),2017,5.06377966448277,Aggregates,Aggregates,,
149,XE,Heavily indebted poor countries (HIPC),GDP growth (annual %),2016,4.30006123912206,Aggregates,Aggregates,,
150,XD,High income,GDP growth (annual %),2025,1.90733502746166,Aggregates,Aggregates,,
151,XD,High income,GDP growth (annual %),2024,1.96948428510512,Aggregates,Aggregates,,
152,XD,High income,GDP growth (annual %),2023,1.79534582183456,Aggregates,Aggregates,,
153,XD,High income,GDP growth (annual %),2022,3.1058606935064,Aggregates,Aggregates,,
154,XD,High income,GDP growth (annual %),2021,5.97111332006301,Aggregates,Aggregates,,
155,XD,High income,GDP growth (annual %),2020,-3.86618363020789,Aggregates,Aggregates,,
156,XD,High income,GDP growth (annual %),2019,1.90035790608474,Aggregates,Aggregates,,
157,XD,High income,GDP growth (annual %),2018,2.4045350031779,Aggregates,Aggregates,,
158,XD,High income,GDP growth (annual %),2017,2.49197626247846,Aggregates,Aggregates,,
159,XD,High income,GDP growth (annual %),2016,1.83965907046031,Aggregates,Aggregates,,
160,XF,IBRD only,GDP growth (annual %),2025,4.30532305518705,Aggregates,Aggregates,,
161,XF,IBRD only,GDP growth (annual %),2024,4.4256614810418,Aggregates,Aggregates,,
162,XF,IBRD only,GDP growth (annual %),2023,4.63911789010562,Aggregates,Aggregates,,
163,XF,IBRD only,GDP growth (annual %),2022,3.76945565506477,Aggregates,Aggregates,,
164,XF,IBRD only,GDP growth (annual %),2021,7.62447663420478,Aggregates,Aggregates,,
165,XF,IBRD only,GDP growth (annual %),2020,-1.28694758331594,Aggregates,Aggregates,,
166,XF,IBRD only,GDP growth (annual %),2019,3.98803326580348,Aggregates,Aggregates,,
167,XF,IBRD only,GDP growth (annual %),2018,4.86157952405858,Aggregates,Aggregates,,
168,XF,IBRD only,GDP growth (annual %),2017,5.16179362572515,Aggregates,Aggregates,,
169,XF,IBRD only,GDP growth (annual %),2016,4.44703872345713,Aggregates,Aggregates,,
170,ZT,IDA & IBRD total,GDP growth (annual %),2025,4.33570580325535,Aggregates,Aggregates,,
171,ZT,IDA & IBRD total,GDP growth (annual %),2024,4.42022565074735,Aggregates,Aggregates,,
172,ZT,IDA & IBRD total,GDP growth (annual %),2023,4.52590057203417,Aggregates,Aggregates,,
173,ZT,IDA & IBRD total,GDP growth (annual %),2022,3.8271063174832,Aggregates,Aggregates,,
174,ZT,IDA & IBRD total,GDP growth (annual %),2021,7.35158119263311,Aggregates,Aggregates,,
175,ZT,IDA & IBRD total,GDP growth (annual %),2020,-1.32331489746059,Aggregates,Aggregates,,
176,ZT,IDA & IBRD total,GDP growth (annual %),2019,3.98475924215585,Aggregates,Aggregates,,
177,ZT,IDA & IBRD total,GDP growth (annual %),2018,4.82460273989518,Aggregates,Aggregates,,
178,ZT,IDA & IBRD total,GDP growth (annual %),2017,5.07330968455011,Aggregates,Aggregates,,
179,ZT,IDA & IBRD total,GDP growth (annual %),2016,4.35480936392952,Aggregates,Aggregates,,
180,XH,IDA blend,GDP growth (annual %),2025,4.57673954149303,Aggregates,Aggregates,,
181,XH,IDA blend,GDP growth (annual %),2024,4.11563151662068,Aggregates,Aggregates,,
182,XH,IDA blend,GDP growth (annual %),2023,2.87508782353444,Aggregates,Aggregates,,
183,XH,IDA blend,GDP growth (annual %),2022,4.82256296455954,Aggregates,Aggregates,,
184,XH,IDA blend,GDP growth (annual %),2021,4.36009454869888,Aggregates,Aggregates,,
185,XH,IDA blend,GDP growth (annual %),2020,-3.22553173097771,Aggregates,Aggregates,,
186,XH,IDA blend,GDP growth (annual %),2019,3.06868522671206,Aggregates,Aggregates,,
187,XH,IDA blend,GDP growth (annual %),2018,3.8983413977238,Aggregates,Aggregates,,
188,XH,IDA blend,GDP growth (annual %),2017,2.82463712924834,Aggregates,Aggregates,,
189,XH,IDA blend,GDP growth (annual %),2016,2.37410124286114,Aggregates,Aggregates,,
190,XI,IDA only,GDP growth (annual %),2025,4.86860827326892,Aggregates,Aggregates,,
191,XI,IDA only,GDP growth (annual %),2024,4.57659622486648,Aggregates,Aggregates,,
192,XI,IDA only,GDP growth (annual %),2023,3.3073554888398,Aggregates,Aggregates,,
193,XI,IDA only,GDP growth (annual %),2022,4.31005230149408,Aggregates,Aggregates,,
194,XI,IDA only,GDP growth (annual %),2021,3.64269213685422,Aggregates,Aggregates,,
195,XI,IDA only,GDP growth (annual %),2020,-0.335170512912143,Aggregates,Aggregates,,
196,XI,IDA only,GDP growth (annual %),2019,4.82130049368115,Aggregates,Aggregates,,
197,XI,IDA only,GDP growth (annual %),2018,4.85450921076745,Aggregates,Aggregates,,
198,XI,IDA only,GDP growth (annual %),2017,5.22907858100467,Aggregates,Aggregates,,
199,XI,IDA only,GDP growth (annual %),2016,4.18372892932952,Aggregates,Aggregates,,
200,XG,IDA total,GDP growth (annual %),2025,4.72576659326165,Aggregates,Aggregates,,
201,XG,IDA total,GDP growth (annual %),2024,4.35048943307154,Aggregates,Aggregates,,
202,XG,IDA total,GDP growth (annual %),2023,3.09487183510299,Aggregates,Aggregates,,
203,XG,IDA total,GDP growth (annual %),2022,4.56135207487173,Aggregates,Aggregates,,
204,XG,IDA total,GDP growth (annual %),2021,3.99322003260568,Aggregates,Aggregates,,
205,XG,IDA total,GDP growth (annual %),2020,-1.76868159241481,Aggregates,Aggregates,,
206,XG,IDA total,GDP growth (annual %),2019,3.94468113264645,Aggregates,Aggregates,,
207,XG,IDA total,GDP growth (annual %),2018,4.37406543309571,Aggregates,Aggregates,,
208,XG,IDA total,GDP growth (annual %),2017,4.00703084076721,Aggregates,Aggregates,,
209,XG,IDA total,GDP growth (annual %),2016,3.25606924193475,Aggregates,Aggregates,,
210,V3,Late-demographic dividend,GDP growth (annual %),2025,4.45332355682564,Aggregates,Aggregates,,
211,V3,Late-demographic dividend,GDP growth (annual %),2024,4.52553873018407,Aggregates,Aggregates,,
212,V3,Late-demographic dividend,GDP growth (annual %),2023,4.43253867675644,Aggregates,Aggregates,,
213,V3,Late-demographic dividend,GDP growth (annual %),2022,3.28975241103197,Aggregates,Aggregates,,
214,V3,Late-demographic dividend,GDP growth (annual %),2021,7.59396655185003,Aggregates,Aggregates,,
215,V3,Late-demographic dividend,GDP growth (annual %),2020,0.235409361022192,Aggregates,Aggregates,,
216,V3,Late-demographic dividend,GDP growth (annual %),2019,4.74723356857159,Aggregates,Aggregates,,
217,V3,Late-demographic dividend,GDP growth (annual %),2018,5.44116105376224,Aggregates,Aggregates,,
218,V3,Late-demographic dividend,GDP growth (annual %),2017,5.26224829988129,Aggregates,Aggregates,,
219,V3,Late-demographic dividend,GDP growth (annual %),2016,4.44982415289267,Aggregates,Aggregates,,
220,ZJ,Latin America & Caribbean,GDP growth (annual %),2025,2.32153204967842,Aggregates,Aggregates,,
221,ZJ,Latin America & Caribbean,GDP growth (annual %),2024,2.25497168830525,Aggregates,Aggregates,,
222,ZJ,Latin America & Caribbean,GDP growth (annual %),2023,2.20678468368602,Aggregates,Aggregates,,
223,ZJ,Latin America & Caribbean,GDP growth (annual %),2022,4.09058657203177,Aggregates,Aggregates,,
224,ZJ,Latin America & Caribbean,GDP growth (annual %),2021,7.07608139571873,Aggregates,Aggregates,,
225,ZJ,Latin America & Caribbean,GDP growth (annual %),2020,-6.85943781930433,Aggregates,Aggregates,,
226,ZJ,Latin America & Caribbean,GDP growth (annual %),2019,0.317364964426716,Aggregates,Aggregates,,
227,ZJ,Latin America & Caribbean,GDP growth (annual %),2018,1.22291785556858,Aggregates,Aggregates,,
228,ZJ,Latin America & Caribbean,GDP growth (annual %),2017,1.55352771899284,Aggregates,Aggregates,,
229,ZJ,Latin America & Caribbean,GDP growth (annual %),2016,-0.730974962811146,Aggregates,Aggregates,,
230,XJ,Latin America & Caribbean (excluding high income),GDP growth (annual %),2025,2.21490070818977,Aggregates,Aggregates,,
231,XJ,Latin America & Caribbean (excluding high income),GDP growth (annual %),2024,1.99001515816749,Aggregates,Aggregates,,
232,XJ,Latin America & Caribbean (excluding high income),GDP growth (annual %),2023,2.12680994822227,Aggregates,Aggregates,,
233,XJ,Latin America & Caribbean (excluding high income),GDP growth (annual %),2022,3.97595959337909,Aggregates,Aggregates,,
234,XJ,Latin America & Caribbean (excluding high income),GDP growth (annual %),2021,6.85451332312384,Aggregates,Aggregates,,
235,XJ,Latin America & Caribbean (excluding high income),GDP growth (annual %),2020,-6.79640022295334,Aggregates,Aggregates,,
236,XJ,Latin America & Caribbean (excluding high income),GDP growth (annual %),2019,0.182794027991264,Aggregates,Aggregates,,
237,XJ,Latin America & Caribbean (excluding high income),GDP growth (annual %),2018,1.15229755041935,Aggregates,Aggregates,,
238,XJ,Latin America & Caribbean (excluding high income),GDP growth (annual %),2017,1.58746258230468,Aggregates,Aggregates,,
239,XJ,Latin America & Caribbean (excluding high income),GDP growth (annual %),2016,-0.977477793493975,Aggregates,Aggregates,,
240,T2,Latin America & the Caribbean (IDA & IBRD countries),GDP growth (annual %),2025,2.356382434447,Aggregates,Aggregates,,
241,T2,Latin America & the Caribbean (IDA & IBRD countries),GDP growth (annual %),2024,2.27782988064618,Aggregates,Aggregates,,
242,T2,Latin America & the Caribbean (IDA & IBRD countries),GDP growth (annual %),2023,2.28058560829545,Aggregates,Aggregates,,
243,T2,Latin America & the Caribbean (IDA & IBRD countries),GDP growth (annual %),2022,4.12386672781881,Aggregates,Aggregates,,
244,T2,Latin America & the Caribbean (IDA & IBRD countries),GDP growth (annual %),2021,7.27596087772766,Aggregates,Aggregates,,
245,T2,Latin America & the Caribbean (IDA & IBRD countries),GDP growth (annual %),2020,-6.78167389936947,Aggregates,Aggregates,,
246,T2,Latin America & the Caribbean (IDA & IBRD countries),GDP growth (annual %),2019,0.295159946142377,Aggregates,Aggregates,,
247,T2,Latin America & the Caribbean (IDA & IBRD countries),GDP growth (annual %),2018,1.30772581346528,Aggregates,Aggregates,,
248,T2,Latin America & the Caribbean (IDA & IBRD countries),GDP growth (annual %),2017,1.62136105748272,Aggregates,Aggregates,,
249,T2,Latin America & the Caribbean (IDA & IBRD countries),GDP growth (annual %),2016,-0.748991632597836,Aggregates,Aggregates,,
250,XL,Least developed countries: UN classification,GDP growth (annual %),2025,4.30000841303122,Aggregates,Aggregates,,
251,XL,Least developed countries: UN classification,GDP growth (annual %),2024,3.87232968748361,Aggregates,Aggregates,,
252,XL,Least developed countries: UN classification,GDP growth (annual %),2023,3.05090811063616,Aggregates,Aggregates,,
253,XL,Least developed countries: UN classification,GDP growth (annual %),2022,4.71510989192116,Aggregates,Aggregates,,
254,XL,Least developed countries: UN classification,GDP growth (annual %),2021,2.75579291386683,Aggregates,Aggregates,,
255,XL,Least developed countries: UN classification,GDP growth (annual %),2020,-0.181011978205504,Aggregates,Aggregates,,
256,XL,Least developed countries: UN classification,GDP growth (annual %),2019,4.82459913567837,Aggregates,Aggregates,,
257,XL,Least developed countries: UN classification,GDP growth (annual %),2018,4.65270171918264,Aggregates,Aggregates,,
258,XL,Least developed countries: UN classification,GDP growth (annual %),2017,4.50257523548829,Aggregates,Aggregates,,
259,XL,Least developed countries: UN classification,GDP growth (annual %),2016,3.79797989969202,Aggregates,Aggregates,,
260,XO,Low & middle income,GDP growth (annual %),2025,4.53280075988324,Aggregates,Aggregates,,
261,XO,Low & middle income,GDP growth (annual %),2024,4.42439890311286,Aggregates,Aggregates,,
262,XO,Low & middle income,GDP growth (annual %),2023,4.65212132351984,Aggregates,Aggregates,,
263,XO,Low & middle income,GDP growth (annual %),2022,4.00803776152725,Aggregates,Aggregates,,
264,XO,Low & middle income,GDP growth (annual %),2021,7.37033958733097,Aggregates,Aggregates,,
265,XO,Low & middle income,GDP growth (annual %),2020,-1.15067064256841,Aggregates,Aggregates,,
266,XO,Low & middle income,GDP growth (annual %),2019,4.09130986730312,Aggregates,Aggregates,,
267,XO,Low & middle income,GDP growth (annual %),2018,4.92164615265142,Aggregates,Aggregates,,
268,XO,Low & middle income,GDP growth (annual %),2017,5.26386453553506,Aggregates,Aggregates,,
269,XO,Low & middle income,GDP growth (annual %),2016,4.64827928186369,Aggregates,Aggregates,,
270,XM,Low income,GDP growth (annual %),2025,5.33668200665313,Aggregates,Aggregates,,
271,XM,Low income,GDP growth (annual %),2024,3.40605658075204,Aggregates,Aggregates,,
272,XM,Low income,GDP growth (annual %),2023,1.21474688217289,Aggregates,Aggregates,,
273,XM,Low income,GDP growth (annual %),2022,3.73264703552607,Aggregates,Aggregates,,
274,XM,Low income,GDP growth (annual %),2021,2.03102251641869,Aggregates,Aggregates,,
275,XM,Low income,GDP growth (annual %),2020,0.270078071528431,Aggregates,Aggregates,,
276,XM,Low income,GDP growth (annual %),2019,3.95860369775775,Aggregates,Aggregates,,
277,XM,Low income,GDP growth (annual %),2018,3.50195265516888,Aggregates,Aggregates,,
278,XM,Low income,GDP growth (annual %),2017,3.16424373054566,Aggregates,Aggregates,,
279,XM,Low income,GDP growth (annual %),2016,1.79417060199694,Aggregates,Aggregates,,
280,XN,Lower middle income,GDP growth (annual %),2025,5.96181800412216,Aggregates,Aggregates,,
281,XN,Lower middle income,GDP growth (annual %),2024,5.37952719978989,Aggregates,Aggregates,,
282,XN,Lower middle income,GDP growth (annual %),2023,5.29082296744885,Aggregates,Aggregates,,
283,XN,Lower middle income,GDP growth (annual %),2022,6.27876038879147,Aggregates,Aggregates,,
284,XN,Lower middle income,GDP growth (annual %),2021,6.79896357094398,Aggregates,Aggregates,,
285,XN,Lower middle income,GDP growth (annual %),2020,-4.21903396199713,Aggregates,Aggregates,,
286,XN,Lower middle income,GDP growth (annual %),2019,3.403376204922,Aggregates,Aggregates,,
287,XN,Lower middle income,GDP growth (annual %),2018,4.90431450173897,Aggregates,Aggregates,,
288,XN,Lower middle income,GDP growth (annual %),2017,4.80938629568179,Aggregates,Aggregates,,
289,XN,Lower middle income,GDP growth (annual %),2016,5.00300529129822,Aggregates,Aggregates,,
290,ZQ,"Middle East, North Africa, Afghanistan & Pakistan",GDP growth (annual %),2025,2.74495660378074,Aggregates,Aggregates,,
291,ZQ,"Middle East, North Africa, Afghanistan & Pakistan",GDP growth (annual %),2024,2.3285702387722,Aggregates,Aggregates,,
292,ZQ,"Middle East, North Africa, Afghanistan & Pakistan",GDP growth (annual %),2023,2.29073324961962,Aggregates,Aggregates,,
293,ZQ,"Middle East, North Africa, Afghanistan & Pakistan",GDP growth (annual %),2022,6.44954466678931,Aggregates,Aggregates,,
294,ZQ,"Middle East, North Africa, Afghanistan & Pakistan",GDP growth (annual %),2021,5.030413314914,Aggregates,Aggregates,,
295,ZQ,"Middle East, North Africa, Afghanistan & Pakistan",GDP growth (annual %),2020,-3.55690005451382,Aggregates,Aggregates,,
296,ZQ,"Middle East, North Africa, Afghanistan & Pakistan",GDP growth (annual %),2019,1.58096878672049,Aggregates,Aggregates,,
297,ZQ,"Middle East, North Africa, Afghanistan & Pakistan",GDP growth (annual %),2018,2.4028056194,Aggregates,Aggregates,,
298,ZQ,"Middle East, North Africa, Afghanistan & Pakistan",GDP growth (annual %),2017,2.07681939089466,Aggregates,Aggregates,,
299,ZQ,"Middle East, North Africa, Afghanistan & Pakistan",GDP growth (annual %),2016,4.50367765418986,Aggregates,Aggregates,,
300,XQ,"Middle East, North Africa, Afghanistan & Pakistan (excluding high income)",GDP growth (annual %),2025,1.99549507789871,Aggregates,Aggregates,,
301,XQ,"Middle East, North Africa, Afghanistan & Pakistan (excluding high income)",GDP growth (annual %),2024,2.26137020265979,Aggregates,Aggregates,,
302,XQ,"Middle East, North Africa, Afghanistan & Pakistan (excluding high income)",GDP growth (annual %),2023,2.89591827095839,Aggregates,Aggregates,,
303,XQ,"Middle East, North Africa, Afghanistan & Pakistan (excluding high income)",GDP growth (annual %),2022,4.3206385298363,Aggregates,Aggregates,,
304,XQ,"Middle East, North Africa, Afghanistan & Pakistan (excluding high income)",GDP growth (annual %),2021,4.33211957315503,Aggregates,Aggregates,,
305,XQ,"Middle East, North Africa, Afghanistan & Pakistan (excluding high income)",GDP growth (annual %),2020,-2.61983985761596,Aggregates,Aggregates,,
306,XQ,"Middle East, North Africa, Afghanistan & Pakistan (excluding high income)",GDP growth (annual %),2019,1.39546116127963,Aggregates,Aggregates,,
307,XQ,"Middle East, North Africa, Afghanistan & Pakistan (excluding high income)",GDP growth (annual %),2018,2.09831066371866,Aggregates,Aggregates,,
308,XQ,"Middle East, North Africa, Afghanistan & Pakistan (excluding high income)",GDP growth (annual %),2017,3.40247234432427,Aggregates,Aggregates,,
309,XQ,"Middle East, North Africa, Afghanistan & Pakistan (excluding high income)",GDP growth (annual %),2016,5.56210361617076,Aggregates,Aggregates,,
310,T3,"Middle East, North Africa, Afghanistan & Pakistan (IDA & IBRD)",GDP growth (annual %),2025,1.9829526200861,Aggregates,Aggregates,,
311,T3,"Middle East, North Africa, Afghanistan & Pakistan (IDA & IBRD)",GDP growth (annual %),2024,2.43947657943453,Aggregates,Aggregates,,
312,T3,"Middle East, North Africa, Afghanistan & Pakistan (IDA & IBRD)",GDP growth (annual %),2023,2.92442456913298,Aggregates,Aggregates,,
313,T3,"Middle East, North Africa, Afghanistan & Pakistan (IDA & IBRD)",GDP growth (annual %),2022,4.3223956322189,Aggregates,Aggregates,,
314,T3,"Middle East, North Africa, Afghanistan & Pakistan (IDA & IBRD)",GDP growth (annual %),2021,4.31282389000222,Aggregates,Aggregates,,
315,T3,"Middle East, North Africa, Afghanistan & Pakistan (IDA & IBRD)",GDP growth (annual %),2020,-2.55101546183431,Aggregates,Aggregates,,
316,T3,"Middle East, North Africa, Afghanistan & Pakistan (IDA & IBRD)",GDP growth (annual %),2019,1.39572055452479,Aggregates,Aggregates,,
317,T3,"Middle East, North Africa, Afghanistan & Pakistan (IDA & IBRD)",GDP growth (annual %),2018,2.1052660162653,Aggregates,Aggregates,,
318,T3,"Middle East, North Africa, Afghanistan & Pakistan (IDA & IBRD)",GDP growth (annual %),2017,3.41861623376329,Aggregates,Aggregates,,
319,T3,"Middle East, North Africa, Afghanistan & Pakistan (IDA & IBRD)",GDP growth (annual %),2016,5.53604079765444,Aggregates,Aggregates,,
320,XP,Middle income,GDP growth (annual %),2025,4.52178755917781,Aggregates,Aggregates,,
321,XP,Middle income,GDP growth (annual %),2024,4.43845841319835,Aggregates,Aggregates,,
322,XP,Middle income,GDP growth (annual %),2023,4.70121337251241,Aggregates,Aggregates,,
323,XP,Middle income,GDP growth (annual %),2022,4.01198144032888,Aggregates,Aggregates,,
324,XP,Middle income,GDP growth (annual %),2021,7.4508617815507,Aggregates,Aggregates,,
325,XP,Middle income,GDP growth (annual %),2020,-1.17178883495949,Aggregates,Aggregates,,
326,XP,Middle income,GDP growth (annual %),2019,4.09328498445664,Aggregates,Aggregates,,
327,XP,Middle income,GDP growth (annual %),2018,4.94307020212865,Aggregates,Aggregates,,
328,XP,Middle income,GDP growth (annual %),2017,5.29620389044459,Aggregates,Aggregates,,
329,XP,Middle income,GDP growth (annual %),2016,4.69349170335944,Aggregates,Aggregates,,
330,XU,North America,GDP growth (annual %),2025,2.12972384862783,Aggregates,Aggregates,,
331,XU,North America,GDP growth (annual %),2024,2.73606791647842,Aggregates,Aggregates,,
332,XU,North America,GDP growth (annual %),2023,2.85945132916503,Aggregates,Aggregates,,
333,XU,North America,GDP growth (annual %),2022,2.68881207167273,Aggregates,Aggregates,,
334,XU,North America,GDP growth (annual %),2021,6.13640923701173,Aggregates,Aggregates,,
335,XU,North America,GDP growth (annual %),2020,-2.31236247885967,Aggregates,Aggregates,,
336,XU,North America,GDP growth (annual %),2019,2.53036581365198,Aggregates,Aggregates,,
337,XU,North America,GDP growth (annual %),2018,2.94789312072024,Aggregates,Aggregates,,
338,XU,North America,GDP growth (annual %),2017,2.50284500298896,Aggregates,Aggregates,,
339,XU,North America,GDP growth (annual %),2016,1.7574135378599,Aggregates,Aggregates,,
340,XY,Not classified,GDP growth (annual %),2025,,Aggregates,Aggregates,,
341,XY,Not classified,GDP growth (annual %),2024,,Aggregates,Aggregates,,
342,XY,Not classified,GDP growth (annual %),2023,,Aggregates,Aggregates,,
343,XY,Not classified,GDP growth (annual %),2022,,Aggregates,Aggregates,,
344,XY,Not classified,GDP growth (annual %),2021,,Aggregates,Aggregates,,
345,XY,Not classified,GDP growth (annual %),2020,,Aggregates,Aggregates,,
346,XY,Not classified,GDP growth (annual %),2019,,Aggregates,Aggregates,,
347,XY,Not classified,GDP growth (annual %),2018,,Aggregates,Aggregates,,
348,XY,Not classified,GDP growth (annual %),2017,,Aggregates,Aggregates,,
349,XY,Not classified,GDP growth (annual %),2016,,Aggregates,Aggregates,,
350,OE,OECD members,GDP growth (annual %),2025,1.77005853071937,Aggregates,Aggregates,,
351,OE,OECD members,GDP growth (annual %),2024,1.78218444615328,Aggregates,Aggregates,,
352,OE,OECD members,GDP growth (annual %),2023,1.78937161232169,Aggregates,Aggregates,,
353,OE,OECD members,GDP growth (annual %),2022,3.15854809219758,Aggregates,Aggregates,,
354,OE,OECD members,GDP growth (annual %),2021,6.09471533648059,Aggregates,Aggregates,,
355,OE,OECD members,GDP growth (annual %),2020,-3.86432916323412,Aggregates,Aggregates,,
356,OE,OECD members,GDP growth (annual %),2019,1.85301586905177,Aggregates,Aggregates,,
357,OE,OECD members,GDP growth (annual %),2018,2.38931017293615,Aggregates,Aggregates,,
358,OE,OECD members,GDP growth (annual %),2017,2.61204188490709,Aggregates,Aggregates,,
359,OE,OECD members,GDP growth (annual %),2016,1.85463774155879,Aggregates,Aggregates,,
360,S4,Other small states,GDP growth (annual %),2025,2.88340086402312,Aggregates,Aggregates,,
361,S4,Other small states,GDP growth (annual %),2024,2.76881258067121,Aggregates,Aggregates,,
362,S4,Other small states,GDP growth (annual %),2023,3.20030722043091,Aggregates,Aggregates,,
363,S4,Other small states,GDP growth (annual %),2022,4.39868942923867,Aggregates,Aggregates,,
364,S4,Other small states,GDP growth (annual %),2021,7.99114438236406,Aggregates,Aggregates,,
365,S4,Other small states,GDP growth (annual %),2020,-5.76450168062843,Aggregates,Aggregates,,
366,S4,Other small states,GDP growth (annual %),2019,4.24191171511896,Aggregates,Aggregates,,
367,S4,Other small states,GDP growth (annual %),2018,4.36915856791936,Aggregates,Aggregates,,
368,S4,Other small states,GDP growth (annual %),2017,5.06269393757441,Aggregates,Aggregates,,
369,S4,Other small states,GDP growth (annual %),2016,4.11324521484462,Aggregates,Aggregates,,
370,S2,Pacific island small states,GDP growth (annual %),2025,3.31927523064815,Aggregates,Aggregates,,
371,S2,Pacific island small states,GDP growth (annual %),2024,3.66740238652645,Aggregates,Aggregates,,
372,S2,Pacific island small states,GDP growth (annual %),2023,7.23510889764707,Aggregates,Aggregates,,
373,S2,Pacific island small states,GDP growth (annual %),2022,8.33511772575022,Aggregates,Aggregates,,
374,S2,Pacific island small states,GDP growth (annual %),2021,-2.62004384629151,Aggregates,Aggregates,,
375,S2,Pacific island small states,GDP growth (annual %),2020,-10.2465615365926,Aggregates,Aggregates,,
376,S2,Pacific island small states,GDP growth (annual %),2019,1.1632387186459,Aggregates,Aggregates,,
377,S2,Pacific island small states,GDP growth (annual %),2018,2.72310809047187,Aggregates,Aggregates,,
378,S2,Pacific island small states,GDP growth (annual %),2017,3.88507048124241,Aggregates,Aggregates,,
379,S2,Pacific island small states,GDP growth (annual %),2016,3.74906305678715,Aggregates,Aggregates,,
380,V4,Post-demographic dividend,GDP growth (annual %),2025,1.6533096131564,Aggregates,Aggregates,,
381,V4,Post-demographic dividend,GDP growth (annual %),2024,1.77944527022298,Aggregates,Aggregates,,
382,V4,Post-demographic dividend,GDP growth (annual %),2023,1.79595440239152,Aggregates,Aggregates,,
383,V4,Post-demographic dividend,GDP growth (annual %),2022,2.86042677787768,Aggregates,Aggregates,,
384,V4,Post-demographic dividend,GDP growth (annual %),2021,5.82057405938134,Aggregates,Aggregates,,
385,V4,Post-demographic dividend,GDP growth (annual %),2020,-4.03866257492757,Aggregates,Aggregates,,
386,V4,Post-demographic dividend,GDP growth (annual %),2019,1.82164159324701,Aggregates,Aggregates,,
387,V4,Post-demographic dividend,GDP growth (annual %),2018,2.28758807836371,Aggregates,Aggregates,,
388,V4,Post-demographic dividend,GDP growth (annual %),2017,2.47944817538426,Aggregates,Aggregates,,
389,V4,Post-demographic dividend,GDP growth (annual %),2016,1.80639608099386,Aggregates,Aggregates,,
390,V1,Pre-demographic dividend,GDP growth (annual %),2025,3.57431469085844,Aggregates,Aggregates,,
391,V1,Pre-demographic dividend,GDP growth (annual %),2024,3.328621675752,Aggregates,Aggregates,,
392,V1,Pre-demographic dividend,GDP growth (annual %),2023,2.44455093685518,Aggregates,Aggregates,,
393,V1,Pre-demographic dividend,GDP growth (annual %),2022,4.63522422118558,Aggregates,Aggregates,,
394,V1,Pre-demographic dividend,GDP growth (annual %),2021,2.29076410791771,Aggregates,Aggregates,,
395,V1,Pre-demographic dividend,GDP growth (annual %),2020,-4.15455315541389,Aggregates,Aggregates,,
396,V1,Pre-demographic dividend,GDP growth (annual %),2019,3.16086400453494,Aggregates,Aggregates,,
397,V1,Pre-demographic dividend,GDP growth (annual %),2018,2.65801624793845,Aggregates,Aggregates,,
398,V1,Pre-demographic dividend,GDP growth (annual %),2017,1.65401035196942,Aggregates,Aggregates,,
399,V1,Pre-demographic dividend,GDP growth (annual %),2016,2.48790883634129,Aggregates,Aggregates,,
400,S1,Small states,GDP growth (annual %),2025,4.39108110908893,Aggregates,Aggregates,,
401,S1,Small states,GDP growth (annual %),2024,6.06796967493719,Aggregates,Aggregates,,
402,S1,Small states,GDP growth (annual %),2023,5.02859646200615,Aggregates,Aggregates,,
403,S1,Small states,GDP growth (annual %),2022,7.42838535135735,Aggregates,Aggregates,,
404,S1,Small states,GDP growth (annual %),2021,7.29421049896773,Aggregates,Aggregates,,
405,S1,Small states,GDP growth (annual %),2020,-6.9752973416568,Aggregates,Aggregates,,
406,S1,Small states,GDP growth (annual %),2019,3.11127439080343,Aggregates,Aggregates,,
407,S1,Small states,GDP growth (annual %),2018,3.38174135854818,Aggregates,Aggregates,,
408,S1,Small states,GDP growth (annual %),2017,3.2130480541305,Aggregates,Aggregates,,
409,S1,Small states,GDP growth (annual %),2016,1.764520691762,Aggregates,Aggregates,,
410,8S,South Asia,GDP growth (annual %),2025,7.12381420637792,Aggregates,Aggregates,,
411,8S,South Asia,GDP growth (annual %),2024,6.75761201913679,Aggregates,Aggregates,,
412,8S,South Asia,GDP growth (annual %),2023,6.7848640413625,Aggregates,Aggregates,,
413,8S,South Asia,GDP growth (annual %),2022,7.10115392414392,Aggregates,Aggregates,,
414,8S,South Asia,GDP growth (annual %),2021,9.24659959756499,Aggregates,Aggregates,,
415,8S,South Asia,GDP growth (annual %),2020,-4.98750173652559,Aggregates,Aggregates,,
416,8S,South Asia,GDP growth (annual %),2019,4.09454306534288,Aggregates,Aggregates,,
417,8S,South Asia,GDP growth (annual %),2018,6.39366632555758,Aggregates,Aggregates,,
418,8S,South Asia,GDP growth (annual %),2017,6.78411966009934,Aggregates,Aggregates,,
419,8S,South Asia,GDP growth (annual %),2016,7.96912333644603,Aggregates,Aggregates,,
420,T5,South Asia (IDA & IBRD),GDP growth (annual %),2025,7.12381420637792,Aggregates,Aggregates,,
421,T5,South Asia (IDA & IBRD),GDP growth (annual %),2024,6.75761201913679,Aggregates,Aggregates,,
422,T5,South Asia (IDA & IBRD),GDP growth (annual %),2023,6.7848640413625,Aggregates,Aggregates,,
423,T5,South Asia (IDA & IBRD),GDP growth (annual %),2022,7.10115392414392,Aggregates,Aggregates,,
424,T5,South Asia (IDA & IBRD),GDP growth (annual %),2021,9.24659959756499,Aggregates,Aggregates,,
425,T5,South Asia (IDA & IBRD),GDP growth (annual %),2020,-4.98750173652559,Aggregates,Aggregates,,
426,T5,South Asia (IDA & IBRD),GDP growth (annual %),2019,4.09454306534288,Aggregates,Aggregates,,
427,T5,South Asia (IDA & IBRD),GDP growth (annual %),2018,6.39366632555758,Aggregates,Aggregates,,
428,T5,South Asia (IDA & IBRD),GDP growth (annual %),2017,6.78411966009934,Aggregates,Aggregates,,
429,T5,South Asia (IDA & IBRD),GDP growth (annual %),2016,7.96912333644603,Aggregates,Aggregates,,
430,ZG,Sub-Saharan Africa,GDP growth (annual %),2025,4.13928145259649,Aggregates,Aggregates,,
431,ZG,Sub-Saharan Africa,GDP growth (annual %),2024,3.6161279249573,Aggregates,Aggregates,,
432,ZG,Sub-Saharan Africa,GDP growth (annual %),2023,2.71446691675897,Aggregates,Aggregates,,
433,ZG,Sub-Saharan Africa,GDP growth (annual %),2022,4.03371066956886,Aggregates,Aggregates,,
434,ZG,Sub-Saharan Africa,GDP growth (annual %),2021,3.58194129290288,Aggregates,Aggregates,,
435,ZG,Sub-Saharan Africa,GDP growth (annual %),2020,-3.29212615874913,Aggregates,Aggregates,,
436,ZG,Sub-Saharan Africa,GDP growth (annual %),2019,2.54913933046186,Aggregates,Aggregates,,
437,ZG,Sub-Saharan Africa,GDP growth (annual %),2018,2.79433082130898,Aggregates,Aggregates,,
438,ZG,Sub-Saharan Africa,GDP growth (annual %),2017,2.5074548530006,Aggregates,Aggregates,,
439,ZG,Sub-Saharan Africa,GDP growth (annual %),2016,1.31700355850863,Aggregates,Aggregates,,
440,ZF,Sub-Saharan Africa (excluding high income),GDP growth (annual %),2025,4.13764837892776,Aggregates,Aggregates,,
441,ZF,Sub-Saharan Africa (excluding high income),GDP growth (annual %),2024,3.61639391196729,Aggregates,Aggregates,,
442,ZF,Sub-Saharan Africa (excluding high income),GDP growth (annual %),2023,2.71209038880693,Aggregates,Aggregates,,
443,ZF,Sub-Saharan Africa (excluding high income),GDP growth (annual %),2022,4.02837470360804,Aggregates,Aggregates,,
444,ZF,Sub-Saharan Africa (excluding high income),GDP growth (annual %),2021,3.58478965187514,Aggregates,Aggregates,,
445,ZF,Sub-Saharan Africa (excluding high income),GDP growth (annual %),2020,-3.28342298905326,Aggregates,Aggregates,,
446,ZF,Sub-Saharan Africa (excluding high income),GDP growth (annual %),2019,2.54617045203717,Aggregates,Aggregates,,
447,ZF,Sub-Saharan Africa (excluding high income),GDP growth (annual %),2018,2.7922269325805,Aggregates,Aggregates,,
448,ZF,Sub-Saharan Africa (excluding high income),GDP growth (annual %),2017,2.50327515080239,Aggregates,Aggregates,,
449,ZF,Sub-Saharan Africa (excluding high income),GDP growth (annual %),2016,1.30783035327565,Aggregates,Aggregates,,
450,T6,Sub-Saharan Africa (IDA & IBRD countries),GDP growth (annual %),2025,4.13928145259648,Aggregates,Aggregates,,
451,T6,Sub-Saharan Africa (IDA & IBRD countries),GDP growth (annual %),2024,3.61612792495724,Aggregates,Aggregates,,
452,T6,Sub-Saharan Africa (IDA & IBRD countries),GDP growth (annual %),2023,2.71446691675898,Aggregates,Aggregates,,
453,T6,Sub-Saharan Africa (IDA & IBRD countries),GDP growth (annual %),2022,4.03371066956888,Aggregates,Aggregates,,
454,T6,Sub-Saharan Africa (IDA & IBRD countries),GDP growth (annual %),2021,3.58194129290288,Aggregates,Aggregates,,
455,T6,Sub-Saharan Africa (IDA & IBRD countries),GDP growth (annual %),2020,-3.29212615874916,Aggregates,Aggregates,,
456,T6,Sub-Saharan Africa (IDA & IBRD countries),GDP growth (annual %),2019,2.5491393304619,Aggregates,Aggregates,,
457,T6,Sub-Saharan Africa (IDA & IBRD countries),GDP growth (annual %),2018,2.7943308213089,Aggregates,Aggregates,,
458,T6,Sub-Saharan Africa (IDA & IBRD countries),GDP growth (annual %),2017,2.50745485300064,Aggregates,Aggregates,,
459,T6,Sub-Saharan Africa (IDA & IBRD countries),GDP growth (annual %),2016,1.31700355850862,Aggregates,Aggregates,,
460,XT,Upper middle income,GDP growth (annual %),2025,4.20533481650185,Aggregates,Aggregates,,
461,XT,Upper middle income,GDP growth (annual %),2024,4.23445227221156,Aggregates,Aggregates,,
462,XT,Upper middle income,GDP growth (annual %),2023,4.57426687515756,Aggregates,Aggregates,,
463,XT,Upper middle income,GDP growth (annual %),2022,3.53652312476997,Aggregates,Aggregates,,
464,XT,Upper middle income,GDP growth (annual %),2021,7.58860883559845,Aggregates,Aggregates,,
465,XT,Upper middle income,GDP growth (annual %),2020,-0.502919871037122,Aggregates,Aggregates,,
466,XT,Upper middle income,GDP growth (annual %),2019,4.24595361596556,Aggregates,Aggregates,,
467,XT,Upper middle income,GDP growth (annual %),2018,4.95165024884356,Aggregates,Aggregates,,
468,XT,Upper middle income,GDP growth (annual %),2017,5.40459151052542,Aggregates,Aggregates,,
469,XT,Upper middle income,GDP growth (annual %),2016,4.62482816773941,Aggregates,Aggregates,,
470,1W,World,GDP growth (annual %),2025,2.92127318539153,Aggregates,Aggregates,,
471,1W,World,GDP growth (annual %),2024,2.90001340156714,Aggregates,Aggregates,,
472,1W,World,GDP growth (annual %),2023,2.85938493335973,Aggregates,Aggregates,,
473,1W,World,GDP growth (annual %),2022,3.44001097265647,Aggregates,Aggregates,,
474,1W,World,GDP growth (annual %),2021,6.48508887596752,Aggregates,Aggregates,,
475,1W,World,GDP growth (annual %),2020,-2.88621185457086,Aggregates,Aggregates,,
476,1W,World,GDP growth (annual %),2019,2.680308747553,Aggregates,Aggregates,,
477,1W,World,GDP growth (annual %),2018,3.28663086462807,Aggregates,Aggregates,,
478,1W,World,GDP growth (annual %),2017,3.44658623167955,Aggregates,Aggregates,,
479,1W,World,GDP growth (annual %),2016,2.78974074234593,Aggregates,Aggregates,,
480,AF,Afghanistan,GDP growth (annual %),2025,,"Middle East, North Africa, Afghanistan & Pakistan",Low income,69.1761,34.5228
481,AF,Afghanistan,GDP growth (annual %),2024,1.87319280045979,"Middle East, North Africa, Afghanistan & Pakistan",Low income,69.1761,34.5228
482,AF,Afghanistan,GDP growth (annual %),2023,2.26694373649188,"Middle East, North Africa, Afghanistan & Pakistan",Low income,69.1761,34.5228
483,AF,Afghanistan,GDP growth (annual %),2022,-6.24017199240269,"Middle East, North Africa, Afghanistan & Pakistan",Low income,69.1761,34.5228
484,AF,Afghanistan,GDP growth (annual %),2021,-20.7388393676343,"Middle East, North Africa, Afghanistan & Pakistan",Low income,69.1761,34.5228
485,AF,Afghanistan,GDP growth (annual %),2020,-2.35110067203466,"Middle East, North Africa, Afghanistan & Pakistan",Low income,69.1761,34.5228
486,AF,Afghanistan,GDP growth (annual %),2019,3.91160341625552,"Middle East, North Africa, Afghanistan & Pakistan",Low income,69.1761,34.5228
487,AF,Afghanistan,GDP growth (annual %),2018,1.18922812944517,"Middle East, North Africa, Afghanistan & Pakistan",Low income,69.1761,34.5228
488,AF,Afghanistan,GDP growth (annual %),2017,2.6470032027451,"Middle East, North Africa, Afghanistan & Pakistan",Low income,69.1761,34.5228
489,AF,Afghanistan,GDP growth (annual %),2016,2.26031420279821,"Middle East, North Africa, Afghanistan & Pakistan",Low income,69.1761,34.5228
490,AL,Albania,GDP growth (annual %),2025,3.78893836241024,Europe & Central Asia,Upper middle income,19.8172,41.3317
491,AL,Albania,GDP growth (annual %),2024,4.04592845095348,Europe & Central Asia,Upper middle income,19.8172,41.3317
492,AL,Albania,GDP growth (annual %),2023,4.01541716935742,Europe & Central Asia,Upper middle income,19.8172,41.3317
493,AL,Albania,GDP growth (annual %),2022,4.8268006234359,Europe & Central Asia,Upper middle income,19.8172,41.3317
494,AL,Albania,GDP growth (annual %),2021,8.96957619074095,Europe & Central Asia,Upper middle income,19.8172,41.3317
495,AL,Albania,GDP growth (annual %),2020,-3.31375636888916,Europe & Central Asia,Upper middle income,19.8172,41.3317
496,AL,Albania,GDP growth (annual %),2019,2.06257790176122,Europe & Central Asia,Upper middle income,19.8172,41.3317
497,AL,Albania,GDP growth (annual %),2018,3.67141928098908,Europe & Central Asia,Upper middle income,19.8172,41.3317
498,AL,Albania,GDP growth (annual %),2017,3.28317593330073,Europe & Central Asia,Upper middle income,19.8172,41.3317
499,AL,Albania,GDP growth (annual %),2016,3.90893551362245,Europe & Central Asia,Upper middle income,19.8172,41.3317
500,DZ,Algeria,GDP growth (annual %),2025,3.815543719231,"Middle East, North Africa, Afghanistan & Pakistan",Upper middle income,3.05097,36.7397
501,DZ,Algeria,GDP growth (annual %),2024,3.69999999907979,"Middle East, North Africa, Afghanistan & Pakistan",Upper middle income,3.05097,36.7397
502,DZ,Algeria,GDP growth (annual %),2023,4.10000000005964,"Middle East, North Africa, Afghanistan & Pakistan",Upper middle income,3.05097,36.7397
503,DZ,Algeria,GDP growth (annual %),2022,3.60000000094915,"Middle East, North Africa, Afghanistan & Pakistan",Upper middle income,3.05097,36.7397
504,DZ,Algeria,GDP growth (annual %),2021,3.79999999900707,"Middle East, North Africa, Afghanistan & Pakistan",Upper middle income,3.05097,36.7397
505,DZ,Algeria,GDP growth (annual %),2020,-4.99999999908597,"Middle East, North Africa, Afghanistan & Pakistan",Upper middle income,3.05097,36.7397
506,DZ,Algeria,GDP growth (annual %),2019,0.899999999219148,"Middle East, North Africa, Afghanistan & Pakistan",Upper middle income,3.05097,36.7397
507,DZ,Algeria,GDP growth (annual %),2018,1.40000000088281,"Middle East, North Africa, Afghanistan & Pakistan",Upper middle income,3.05097,36.7397
508,DZ,Algeria,GDP growth (annual %),2017,1.49999999895587,"Middle East, North Africa, Afghanistan & Pakistan",Upper middle income,3.05097,36.7397
509,DZ,Algeria,GDP growth (annual %),2016,3.90000000017621,"Middle East, North Africa, Afghanistan & Pakistan",Upper middle income,3.05097,36.7397
510,AS,American Samoa,GDP growth (annual %),2025,,East Asia & Pacific,High income,-170.691,-14.2846
511,AS,American Samoa,GDP growth (annual %),2024,,East Asia & Pacific,High income,-170.691,-14.2846
512,AS,American Samoa,GDP growth (annual %),2023,,East Asia & Pacific,High income,-170.691,-14.2846
513,AS,American Samoa,GDP growth (annual %),2022,1.73501577287065,East Asia & Pacific,High income,-170.691,-14.2846
514,AS,American Samoa,GDP growth (annual %),2021,-0.782472613458523,East Asia & Pacific,High income,-170.691,-14.2846
515,AS,American Samoa,GDP growth (annual %),2020,4.41176470588236,East Asia & Pacific,High income,-170.691,-14.2846
516,AS,American Samoa,GDP growth (annual %),2019,-0.487804878048777,East Asia & Pacific,High income,-170.691,-14.2846
517,AS,American Samoa,GDP growth (annual %),2018,2.6711185308848,East Asia & Pacific,High income,-170.691,-14.2846
518,AS,American Samoa,GDP growth (annual %),2017,-6.98757763975155,East Asia & Pacific,High income,-170.691,-14.2846
519,AS,American Samoa,GDP growth (annual %),2016,-1.67938931297709,East Asia & Pacific,High income,-170.691,-14.2846
520,AD,Andorra,GDP growth (annual %),2025,3.86803450687808,Europe & Central Asia,High income,1.5218,42.5075
521,AD,Andorra,GDP growth (annual %),2024,3.8491605039052,Europe & Central Asia,High income,1.5218,42.5075
522,AD,Andorra,GDP growth (annual %),2023,2.58355480961319,Europe & Central Asia,High income,1.5218,42.5075
523,AD,Andorra,GDP growth (annual %),2022,9.56461225648184,Europe & Central Asia,High income,1.5218,42.5075
524,AD,Andorra,GDP growth (annual %),2021,8.28677879049404,Europe & Central Asia,High income,1.5218,42.5075
525,AD,Andorra,GDP growth (annual %),2020,-11.1839399355384,Europe & Central Asia,High income,1.5218,42.5075
526,AD,Andorra,GDP growth (annual %),2019,2.01554763848308,Europe & Central Asia,High income,1.5218,42.5075
527,AD,Andorra,GDP growth (annual %),2018,1.58876549046354,Europe & Central Asia,High income,1.5218,42.5075
528,AD,Andorra,GDP growth (annual %),2017,0.346071889630295,Europe & Central Asia,High income,1.5218,42.5075
529,AD,Andorra,GDP growth (annual %),2016,3.70967806978986,Europe & Central Asia,High income,1.5218,42.5075
530,AO,Angola,GDP growth (annual %),2025,3.13353542450008,Sub-Saharan Africa ,Lower middle income,13.242,-8.81155
531,AO,Angola,GDP growth (annual %),2024,4.95267860425956,Sub-Saharan Africa ,Lower middle income,13.242,-8.81155
532,AO,Angola,GDP growth (annual %),2023,1.32016587081031,Sub-Saharan Africa ,Lower middle income,13.242,-8.81155
533,AO,Angola,GDP growth (annual %),2022,3.55749206675667,Sub-Saharan Africa ,Lower middle income,13.242,-8.81155
534,AO,Angola,GDP growth (annual %),2021,1.09058369944815,Sub-Saharan Africa ,Lower middle income,13.242,-8.81155
535,AO,Angola,GDP growth (annual %),2020,-5.27349128300007,Sub-Saharan Africa ,Lower middle income,13.242,-8.81155
536,AO,Angola,GDP growth (annual %),2019,-1.05523414494337,Sub-Saharan Africa ,Lower middle income,13.242,-8.81155
537,AO,Angola,GDP growth (annual %),2018,-0.506697543616156,Sub-Saharan Africa ,Lower middle income,13.242,-8.81155
538,AO,Angola,GDP growth (annual %),2017,-0.164688656961076,Sub-Saharan Africa ,Lower middle income,13.242,-8.81155
539,AO,Angola,GDP growth (annual %),2016,-0.233076954805284,Sub-Saharan Africa ,Lower middle income,13.242,-8.81155
540,AG,Antigua and Barbuda,GDP growth (annual %),2025,4.99803998431987,Latin America & Caribbean ,High income,-61.8456,17.1175
541,AG,Antigua and Barbuda,GDP growth (annual %),2024,2.54044193946544,Latin America & Caribbean ,High income,-61.8456,17.1175
542,AG,Antigua and Barbuda,GDP growth (annual %),2023,3.86550160079324,Latin America & Caribbean ,High income,-61.8456,17.1175
543,AG,Antigua and Barbuda,GDP growth (annual %),2022,8.49776342254205,Latin America & Caribbean ,High income,-61.8456,17.1175
544,AG,Antigua and Barbuda,GDP growth (annual %),2021,8.17286311186622,Latin America & Caribbean ,High income,-61.8456,17.1175
545,AG,Antigua and Barbuda,GDP growth (annual %),2020,-18.8687765208148,Latin America & Caribbean ,High income,-61.8456,17.1175
546,AG,Antigua and Barbuda,GDP growth (annual %),2019,3.1722219373937,Latin America & Caribbean ,High income,-61.8456,17.1175
547,AG,Antigua and Barbuda,GDP growth (annual %),2018,6.71200487159726,Latin America & Caribbean ,High income,-61.8456,17.1175
548,AG,Antigua and Barbuda,GDP growth (annual %),2017,2.71272657973627,Latin America & Caribbean ,High income,-61.8456,17.1175
549,AG,Antigua and Barbuda,GDP growth (annual %),2016,4.1203675438061,Latin America & Caribbean ,High income,-61.8456,17.1175
550,AR,Argentina,GDP growth (annual %),2025,4.36733330217022,Latin America & Caribbean ,Upper middle income,-58.4173,-34.6118
551,AR,Argentina,GDP growth (annual %),2024,-1.34293072157739,Latin America & Caribbean ,Upper middle income,-58.4173,-34.6118
552,AR,Argentina,GDP growth (annual %),2023,-1.85578803046339,Latin America & Caribbean ,Upper middle income,-58.4173,-34.6118
553,AR,Argentina,GDP growth (annual %),2022,6.02074537534855,Latin America & Caribbean ,Upper middle income,-58.4173,-34.6118
554,AR,Argentina,GDP growth (annual %),2021,10.4418119882506,Latin America & Caribbean ,Upper middle income,-58.4173,-34.6118
555,AR,Argentina,GDP growth (annual %),2020,-9.9004848136464,Latin America & Caribbean ,Upper middle income,-58.4173,-34.6118
556,AR,Argentina,GDP growth (annual %),2019,-2.00086100285785,Latin America & Caribbean ,Upper middle income,-58.4173,-34.6118
557,AR,Argentina,GDP growth (annual %),2018,-2.61739646282038,Latin America & Caribbean ,Upper middle income,-58.4173,-34.6118
558,AR,Argentina,GDP growth (annual %),2017,2.81850297775918,Latin America & Caribbean ,Upper middle income,-58.4173,-34.6118
559,AR,Argentina,GDP growth (annual %),2016,-2.08032784377811,Latin America & Caribbean ,Upper middle income,-58.4173,-34.6118
560,AM,Armenia,GDP growth (annual %),2025,7.2,Europe & Central Asia,Upper middle income,44.509,40.1596
561,AM,Armenia,GDP growth (annual %),2024,5.90000000046228,Europe & Central Asia,Upper middle income,44.509,40.1596
562,AM,Armenia,GDP growth (annual %),2023,8.29999999959539,Europe & Central Asia,Upper middle income,44.509,40.1596
563,AM,Armenia,GDP growth (annual %),2022,12.5999999997766,Europe & Central Asia,Upper middle income,44.509,40.1596
564,AM,Armenia,GDP growth (annual %),2021,5.80000000065645,Europe & Central Asia,Upper middle income,44.509,40.1596
565,AM,Armenia,GDP growth (annual %),2020,-7.19999999920631,Europe & Central Asia,Upper middle income,44.509,40.1596
566,AM,Armenia,GDP growth (annual %),2019,7.59999999853918,Europe & Central Asia,Upper middle income,44.509,40.1596
567,AM,Armenia,GDP growth (annual %),2018,5.19999999965324,Europe & Central Asia,Upper middle income,44.509,40.1596
568,AM,Armenia,GDP growth (annual %),2017,7.50000000164144,Europe & Central Asia,Upper middle income,44.509,40.1596
569,AM,Armenia,GDP growth (annual %),2016,0.199999999825991,Europe & Central Asia,Upper middle income,44.509,40.1596
570,AW,Aruba,GDP growth (annual %),2025,,Latin America & Caribbean ,High income,-70.0167,12.5167
571,AW,Aruba,GDP growth (annual %),2024,6.81077669324554,Latin America & Caribbean ,High income,-70.0167,12.5167
572,AW,Aruba,GDP growth (annual %),2023,9.51636022347185,Latin America & Caribbean ,High income,-70.0167,12.5167
573,AW,Aruba,GDP growth (annual %),2022,10.6079607621246,Latin America & Caribbean ,High income,-70.0167,12.5167
574,AW,Aruba,GDP growth (annual %),2021,14.833691976226,Latin America & Caribbean ,High income,-70.0167,12.5167
575,AW,Aruba,GDP growth (annual %),2020,-23.9400592677491,Latin America & Caribbean ,High income,-70.0167,12.5167
576,AW,Aruba,GDP growth (annual %),2019,1.22914408896015,Latin America & Caribbean ,High income,-70.0167,12.5167
577,AW,Aruba,GDP growth (annual %),2018,3.21247111920076,Latin America & Caribbean ,High income,-70.0167,12.5167
578,AW,Aruba,GDP growth (annual %),2017,3.49342985290626,Latin America & Caribbean ,High income,-70.0167,12.5167
579,AW,Aruba,GDP growth (annual %),2016,1.23433537363427,Latin America & Caribbean ,High income,-70.0167,12.5167
580,AU,Australia,GDP growth (annual %),2025,1.35039785076631,East Asia & Pacific,High income,149.129,-35.282
581,AU,Australia,GDP growth (annual %),2024,1.37340773365975,East Asia & Pacific,High income,149.129,-35.282
582,AU,Australia,GDP growth (annual %),2023,3.58382100798981,East Asia & Pacific,High income,149.129,-35.282
583,AU,Australia,GDP growth (annual %),2022,4.25304559238732,East Asia & Pacific,High income,149.129,-35.282
584,AU,Australia,GDP growth (annual %),2021,2.00694844335034,East Asia & Pacific,High income,149.129,-35.282
585,AU,Australia,GDP growth (annual %),2020,-0.133531904304775,East Asia & Pacific,High income,149.129,-35.282
586,AU,Australia,GDP growth (annual %),2019,2.19401703622717,East Asia & Pacific,High income,149.129,-35.282
587,AU,Australia,GDP growth (annual %),2018,2.87417039499501,East Asia & Pacific,High income,149.129,-35.282
588,AU,Australia,GDP growth (annual %),2017,2.29331030192918,East Asia & Pacific,High income,149.129,-35.282
589,AU,Australia,GDP growth (annual %),2016,2.75564065529868,East Asia & Pacific,High income,149.129,-35.282
590,AT,Austria,GDP growth (annual %),2025,0.615747280959056,Europe & Central Asia,High income,16.3798,48.2201
591,AT,Austria,GDP growth (annual %),2024,-0.659089573171372,Europe & Central Asia,High income,16.3798,48.2201
592,AT,Austria,GDP growth (annual %),2023,-0.786244288594673,Europe & Central Asia,High income,16.3798,48.2201
593,AT,Austria,GDP growth (annual %),2022,5.33096379400371,Europe & Central Asia,High income,16.3798,48.2201
594,AT,Austria,GDP growth (annual %),2021,4.92309171717903,Europe & Central Asia,High income,16.3798,48.2201
595,AT,Austria,GDP growth (annual %),2020,-6.31825509209936,Europe & Central Asia,High income,16.3798,48.2201
596,AT,Austria,GDP growth (annual %),2019,1.75497619649288,Europe & Central Asia,High income,16.3798,48.2201
597,AT,Austria,GDP growth (annual %),2018,2.48422114080024,Europe & Central Asia,High income,16.3798,48.2201
598,AT,Austria,GDP growth (annual %),2017,2.27224992038207,Europe & Central Asia,High income,16.3798,48.2201
599,AT,Austria,GDP growth (annual %),2016,2.11721964494312,Europe & Central Asia,High income,16.3798,48.2201
600,AZ,Azerbaijan,GDP growth (annual %),2025,1.44985591122698,Europe & Central Asia,Upper middle income,49.8932,40.3834
601,AZ,Azerbaijan,GDP growth (annual %),2024,4.15806800428062,Europe & Central Asia,Upper middle income,49.8932,40.3834
602,AZ,Azerbaijan,GDP growth (annual %),2023,1.35447749115767,Europe & Central Asia,Upper middle income,49.8932,40.3834
603,AZ,Azerbaijan,GDP growth (annual %),2022,4.71468033247649,Europe & Central Asia,Upper middle income,49.8932,40.3834
604,AZ,Azerbaijan,GDP growth (annual %),2021,5.61644027150554,Europe & Central Asia,Upper middle income,49.8932,40.3834
605,AZ,Azerbaijan,GDP growth (annual %),2020,-4.19896065333343,Europe & Central Asia,Upper middle income,49.8932,40.3834
606,AZ,Azerbaijan,GDP growth (annual %),2019,2.47980879185565,Europe & Central Asia,Upper middle income,49.8932,40.3834
607,AZ,Azerbaijan,GDP growth (annual %),2018,1.50040167167313,Europe & Central Asia,Upper middle income,49.8932,40.3834
608,AZ,Azerbaijan,GDP growth (annual %),2017,0.153614661745507,Europe & Central Asia,Upper middle income,49.8932,40.3834
609,AZ,Azerbaijan,GDP growth (annual %),2016,-3.06359842251706,Europe & Central Asia,Upper middle income,49.8932,40.3834
610,BS,"Bahamas, The",GDP growth (annual %),2025,,Latin America & Caribbean ,High income,-77.339,25.0661
611,BS,"Bahamas, The",GDP growth (annual %),2024,3.37866553336166,Latin America & Caribbean ,High income,-77.339,25.0661
612,BS,"Bahamas, The",GDP growth (annual %),2023,3.04824180553773,Latin America & Caribbean ,High income,-77.339,25.0661
613,BS,"Bahamas, The",GDP growth (annual %),2022,10.8779009410268,Latin America & Caribbean ,High income,-77.339,25.0661
614,BS,"Bahamas, The",GDP growth (annual %),2021,17.5861390037409,Latin America & Caribbean ,High income,-77.339,25.0661
615,BS,"Bahamas, The",GDP growth (annual %),2020,-20.0893664891399,Latin America & Caribbean ,High income,-77.339,25.0661
616,BS,"Bahamas, The",GDP growth (annual %),2019,-0.838585871193203,Latin America & Caribbean ,High income,-77.339,25.0661
617,BS,"Bahamas, The",GDP growth (annual %),2018,2.39795510823548,Latin America & Caribbean ,High income,-77.339,25.0661
618,BS,"Bahamas, The",GDP growth (annual %),2017,3.3713988456489,Latin America & Caribbean ,High income,-77.339,25.0661
619,BS,"Bahamas, The",GDP growth (annual %),2016,-1.15650811269629,Latin America & Caribbean ,High income,-77.339,25.0661
620,BH,Bahrain,GDP growth (annual %),2025,3.48137573668635,"Middle East, North Africa, Afghanistan & Pakistan",High income,50.5354,26.1921
621,BH,Bahrain,GDP growth (annual %),2024,2.89710543153512,"Middle East, North Africa, Afghanistan & Pakistan",High income,50.5354,26.1921
622,BH,Bahrain,GDP growth (annual %),2023,3.87811614845566,"Middle East, North Africa, Afghanistan & Pakistan",High income,50.5354,26.1921
623,BH,Bahrain,GDP growth (annual %),2022,6.18016125475185,"Middle East, North Africa, Afghanistan & Pakistan",High income,50.5354,26.1921
624,BH,Bahrain,GDP growth (annual %),2021,4.35004091668986,"Middle East, North Africa, Afghanistan & Pakistan",High income,50.5354,26.1921
625,BH,Bahrain,GDP growth (annual %),2020,-5.9113629524152,"Middle East, North Africa, Afghanistan & Pakistan",High income,50.5354,26.1921
626,BH,Bahrain,GDP growth (annual %),2019,2.05287774418655,"Middle East, North Africa, Afghanistan & Pakistan",High income,50.5354,26.1921
627,BH,Bahrain,GDP growth (annual %),2018,2.05258864979861,"Middle East, North Africa, Afghanistan & Pakistan",High income,50.5354,26.1921
628,BH,Bahrain,GDP growth (annual %),2017,4.95383534123657,"Middle East, North Africa, Afghanistan & Pakistan",High income,50.5354,26.1921
629,BH,Bahrain,GDP growth (annual %),2016,3.81499327422425,"Middle East, North Africa, Afghanistan & Pakistan",High income,50.5354,26.1921
630,BD,Bangladesh,GDP growth (annual %),2025,3.48990671836833,South Asia,Lower middle income,90.4113,23.7055
631,BD,Bangladesh,GDP growth (annual %),2024,4.22325911250161,South Asia,Lower middle income,90.4113,23.7055
632,BD,Bangladesh,GDP growth (annual %),2023,5.77511237007889,South Asia,Lower middle income,90.4113,23.7055
633,BD,Bangladesh,GDP growth (annual %),2022,7.09982877575158,South Asia,Lower middle income,90.4113,23.7055
634,BD,Bangladesh,GDP growth (annual %),2021,6.93867912442445,South Asia,Lower middle income,90.4113,23.7055
635,BD,Bangladesh,GDP growth (annual %),2020,3.44801755122445,South Asia,Lower middle income,90.4113,23.7055
636,BD,Bangladesh,GDP growth (annual %),2019,7.88191515117722,South Asia,Lower middle income,90.4113,23.7055
637,BD,Bangladesh,GDP growth (annual %),2018,7.31941263014136,South Asia,Lower middle income,90.4113,23.7055
638,BD,Bangladesh,GDP growth (annual %),2017,6.59024999794057,South Asia,Lower middle income,90.4113,23.7055
639,BD,Bangladesh,GDP growth (annual %),2016,7.11347821270093,South Asia,Lower middle income,90.4113,23.7055
640,BB,Barbados,GDP growth (annual %),2025,2.70000021764021,Latin America & Caribbean ,High income,-59.6105,13.0935
641,BB,Barbados,GDP growth (annual %),2024,3.3669492581395,Latin America & Caribbean ,High income,-59.6105,13.0935
642,BB,Barbados,GDP growth (annual %),2023,1.81419817804516,Latin America & Caribbean ,High income,-59.6105,13.0935
643,BB,Barbados,GDP growth (annual %),2022,15.9453206225473,Latin America & Caribbean ,High income,-59.6105,13.0935
644,BB,Barbados,GDP growth (annual %),2021,8.0198770096479,Latin America & Caribbean ,High income,-59.6105,13.0935
645,BB,Barbados,GDP growth (annual %),2020,-17.4059314651747,Latin America & Caribbean ,High income,-59.6105,13.0935
646,BB,Barbados,GDP growth (annual %),2019,0.241099789148677,Latin America & Caribbean ,High income,-59.6105,13.0935
647,BB,Barbados,GDP growth (annual %),2018,-0.252085325827849,Latin America & Caribbean ,High income,-59.6105,13.0935
648,BB,Barbados,GDP growth (annual %),2017,0.654655602860373,Latin America & Caribbean ,High income,-59.6105,13.0935
649,BB,Barbados,GDP growth (annual %),2016,1.41632446821541,Latin America & Caribbean ,High income,-59.6105,13.0935
650,BY,Belarus,GDP growth (annual %),2025,1.29999999999998,Europe & Central Asia,Upper middle income,27.5766,53.9678
651,BY,Belarus,GDP growth (annual %),2024,4.34999638140579,Europe & Central Asia,Upper middle income,27.5766,53.9678
652,BY,Belarus,GDP growth (annual %),2023,4.12654007153881,Europe & Central Asia,Upper middle income,27.5766,53.9678
653,BY,Belarus,GDP growth (annual %),2022,-4.65839591328999,Europe & Central Asia,Upper middle income,27.5766,53.9678
654,BY,Belarus,GDP growth (annual %),2021,2.43886210234947,Europe & Central Asia,Upper middle income,27.5766,53.9678
655,BY,Belarus,GDP growth (annual %),2020,-0.672742918585868,Europe & Central Asia,Upper middle income,27.5766,53.9678
656,BY,Belarus,GDP growth (annual %),2019,1.44645548204305,Europe & Central Asia,Upper middle income,27.5766,53.9678
657,BY,Belarus,GDP growth (annual %),2018,3.14919758275296,Europe & Central Asia,Upper middle income,27.5766,53.9678
658,BY,Belarus,GDP growth (annual %),2017,2.53218349471909,Europe & Central Asia,Upper middle income,27.5766,53.9678
659,BY,Belarus,GDP growth (annual %),2016,-2.5264464460425,Europe & Central Asia,Upper middle income,27.5766,53.9678
660,BE,Belgium,GDP growth (annual %),2025,0.983117967125935,Europe & Central Asia,High income,4.36761,50.8371
661,BE,Belgium,GDP growth (annual %),2024,1.09775383828703,Europe & Central Asia,High income,4.36761,50.8371
662,BE,Belgium,GDP growth (annual %),2023,1.56125539542029,Europe & Central Asia,High income,4.36761,50.8371
663,BE,Belgium,GDP growth (annual %),2022,4.02460852835887,Europe & Central Asia,High income,4.36761,50.8371
664,BE,Belgium,GDP growth (annual %),2021,6.25445686466593,Europe & Central Asia,High income,4.36761,50.8371
665,BE,Belgium,GDP growth (annual %),2020,-4.7929839083518,Europe & Central Asia,High income,4.36761,50.8371
666,BE,Belgium,GDP growth (annual %),2019,2.4428900448156,Europe & Central Asia,High income,4.36761,50.8371
667,BE,Belgium,GDP growth (annual %),2018,1.87796847383565,Europe & Central Asia,High income,4.36761,50.8371
668,BE,Belgium,GDP growth (annual %),2017,1.47446761556785,Europe & Central Asia,High income,4.36761,50.8371
669,BE,Belgium,GDP growth (annual %),2016,1.19350273007754,Europe & Central Asia,High income,4.36761,50.8371
670,BZ,Belize,GDP growth (annual %),2025,2.74831731763744,Latin America & Caribbean ,Upper middle income,-88.7713,17.2534
671,BZ,Belize,GDP growth (annual %),2024,3.50466435023895,Latin America & Caribbean ,Upper middle income,-88.7713,17.2534
672,BZ,Belize,GDP growth (annual %),2023,0.500127941638667,Latin America & Caribbean ,Upper middle income,-88.7713,17.2534
673,BZ,Belize,GDP growth (annual %),2022,9.25051329530994,Latin America & Caribbean ,Upper middle income,-88.7713,17.2534
674,BZ,Belize,GDP growth (annual %),2021,17.9899244143607,Latin America & Caribbean ,Upper middle income,-88.7713,17.2534
675,BZ,Belize,GDP growth (annual %),2020,-13.5228997055506,Latin America & Caribbean ,Upper middle income,-88.7713,17.2534
676,BZ,Belize,GDP growth (annual %),2019,4.25658710030072,Latin America & Caribbean ,Upper middle income,-88.7713,17.2534
677,BZ,Belize,GDP growth (annual %),2018,0.822068592512508,Latin America & Caribbean ,Upper middle income,-88.7713,17.2534
678,BZ,Belize,GDP growth (annual %),2017,-1.83323729057784,Latin America & Caribbean ,Upper middle income,-88.7713,17.2534
679,BZ,Belize,GDP growth (annual %),2016,-0.0187414958130319,Latin America & Caribbean ,Upper middle income,-88.7713,17.2534
680,BJ,Benin,GDP growth (annual %),2025,8.07408453688336,Sub-Saharan Africa ,Lower middle income,2.6323,6.4779
681,BJ,Benin,GDP growth (annual %),2024,7.45311566226201,Sub-Saharan Africa ,Lower middle income,2.6323,6.4779
682,BJ,Benin,GDP growth (annual %),2023,6.3527773854442,Sub-Saharan Africa ,Lower middle income,2.6323,6.4779
683,BJ,Benin,GDP growth (annual %),2022,6.25294705373625,Sub-Saharan Africa ,Lower middle income,2.6323,6.4779
684,BJ,Benin,GDP growth (annual %),2021,7.1554516457574,Sub-Saharan Africa ,Lower middle income,2.6323,6.4779
685,BJ,Benin,GDP growth (annual %),2020,3.84879240030133,Sub-Saharan Africa ,Lower middle income,2.6323,6.4779
686,BJ,Benin,GDP growth (annual %),2019,6.86568662848335,Sub-Saharan Africa ,Lower middle income,2.6323,6.4779
687,BJ,Benin,GDP growth (annual %),2018,6.69725362180888,Sub-Saharan Africa ,Lower middle income,2.6323,6.4779
688,BJ,Benin,GDP growth (annual %),2017,5.67156195150444,Sub-Saharan Africa ,Lower middle income,2.6323,6.4779
689,BJ,Benin,GDP growth (annual %),2016,3.33967342629693,Sub-Saharan Africa ,Lower middle income,2.6323,6.4779
690,BM,Bermuda,GDP growth (annual %),2025,,North America,High income,-64.706,32.3293
691,BM,Bermuda,GDP growth (annual %),2024,1.88822861970388,North America,High income,-64.706,32.3293
692,BM,Bermuda,GDP growth (annual %),2023,4.33447280353832,North America,High income,-64.706,32.3293
693,BM,Bermuda,GDP growth (annual %),2022,6.25695521240877,North America,High income,-64.706,32.3293
694,BM,Bermuda,GDP growth (annual %),2021,4.76497899668355,North America,High income,-64.706,32.3293
695,BM,Bermuda,GDP growth (annual %),2020,-6.97162571479863,North America,High income,-64.706,32.3293
696,BM,Bermuda,GDP growth (annual %),2019,0.307106461240664,North America,High income,-64.706,32.3293
697,BM,Bermuda,GDP growth (annual %),2018,-0.432801300339307,North America,High income,-64.706,32.3293
698,BM,Bermuda,GDP growth (annual %),2017,3.61141983706115,North America,High income,-64.706,32.3293
699,BM,Bermuda,GDP growth (annual %),2016,-0.657206304259205,North America,High income,-64.706,32.3293
700,BT,Bhutan,GDP growth (annual %),2025,8.00502716233098,South Asia,Lower middle income,89.6177,27.5768
701,BT,Bhutan,GDP growth (annual %),2024,7.49856206754038,South Asia,Lower middle income,89.6177,27.5768
702,BT,Bhutan,GDP growth (annual %),2023,4.63215702969933,South Asia,Lower middle income,89.6177,27.5768
703,BT,Bhutan,GDP growth (annual %),2022,5.21386783786224,South Asia,Lower middle income,89.6177,27.5768
704,BT,Bhutan,GDP growth (annual %),2021,4.42136738945015,South Asia,Lower middle income,89.6177,27.5768
705,BT,Bhutan,GDP growth (annual %),2020,-10.2183974208569,South Asia,Lower middle income,89.6177,27.5768
706,BT,Bhutan,GDP growth (annual %),2019,5.75514851246506,South Asia,Lower middle income,89.6177,27.5768
707,BT,Bhutan,GDP growth (annual %),2018,3.50187185732737,South Asia,Lower middle income,89.6177,27.5768
708,BT,Bhutan,GDP growth (annual %),2017,2.08684522733067,South Asia,Lower middle income,89.6177,27.5768
709,BT,Bhutan,GDP growth (annual %),2016,8.47594339232963,South Asia,Lower middle income,89.6177,27.5768
710,BO,Bolivia,GDP growth (annual %),2025,-1.58237567348246,Latin America & Caribbean ,Lower middle income,-66.1936,-13.9908
711,BO,Bolivia,GDP growth (annual %),2024,-1.12335595517212,Latin America & Caribbean ,Lower middle income,-66.1936,-13.9908
712,BO,Bolivia,GDP growth (annual %),2023,2.51636590154891,Latin America & Caribbean ,Lower middle income,-66.1936,-13.9908
713,BO,Bolivia,GDP growth (annual %),2022,3.74741781241461,Latin America & Caribbean ,Lower middle income,-66.1936,-13.9908
714,BO,Bolivia,GDP growth (annual %),2021,10.0290488827886,Latin America & Caribbean ,Lower middle income,-66.1936,-13.9908
715,BO,Bolivia,GDP growth (annual %),2020,-12.7194690092717,Latin America & Caribbean ,Lower middle income,-66.1936,-13.9908
716,BO,Bolivia,GDP growth (annual %),2019,1.50672102666863,Latin America & Caribbean ,Lower middle income,-66.1936,-13.9908
717,BO,Bolivia,GDP growth (annual %),2018,2.86808404814794,Latin America & Caribbean ,Lower middle income,-66.1936,-13.9908
718,BO,Bolivia,GDP growth (annual %),2017,4.19520633364647,Latin America & Caribbean ,Lower middle income,-66.1936,-13.9908
719,BO,Bolivia,GDP growth (annual %),2016,4.26392086992173,Latin America & Caribbean ,Lower middle income,-66.1936,-13.9908
720,BA,Bosnia and Herzegovina,GDP growth (annual %),2025,2.12861913138053,Europe & Central Asia,Upper middle income,18.4214,43.8607
721,BA,Bosnia and Herzegovina,GDP growth (annual %),2024,3.22679979810856,Europe & Central Asia,Upper middle income,18.4214,43.8607
722,BA,Bosnia and Herzegovina,GDP growth (annual %),2023,1.99439414850893,Europe & Central Asia,Upper middle income,18.4214,43.8607
723,BA,Bosnia and Herzegovina,GDP growth (annual %),2022,4.22681333390325,Europe & Central Asia,Upper middle income,18.4214,43.8607
724,BA,Bosnia and Herzegovina,GDP growth (annual %),2021,7.39164256472846,Europe & Central Asia,Upper middle income,18.4214,43.8607
725,BA,Bosnia and Herzegovina,GDP growth (annual %),2020,-3.01509335460439,Europe & Central Asia,Upper middle income,18.4214,43.8607
726,BA,Bosnia and Herzegovina,GDP growth (annual %),2019,2.88585242083978,Europe & Central Asia,Upper middle income,18.4214,43.8607
727,BA,Bosnia and Herzegovina,GDP growth (annual %),2018,3.82900399349064,Europe & Central Asia,Upper middle income,18.4214,43.8607
728,BA,Bosnia and Herzegovina,GDP growth (annual %),2017,3.24409895306594,Europe & Central Asia,Upper middle income,18.4214,43.8607
729,BA,Bosnia and Herzegovina,GDP growth (annual %),2016,3.24225822231566,Europe & Central Asia,Upper middle income,18.4214,43.8607
730,BW,Botswana,GDP growth (annual %),2025,-0.733898323852287,Sub-Saharan Africa ,Upper middle income,25.9201,-24.6544
731,BW,Botswana,GDP growth (annual %),2024,-2.77988981666252,Sub-Saharan Africa ,Upper middle income,25.9201,-24.6544
732,BW,Botswana,GDP growth (annual %),2023,3.20806812224438,Sub-Saharan Africa ,Upper middle income,25.9201,-24.6544
733,BW,Botswana,GDP growth (annual %),2022,5.48601706446772,Sub-Saharan Africa ,Upper middle income,25.9201,-24.6544
734,BW,Botswana,GDP growth (annual %),2021,11.9162724376008,Sub-Saharan Africa ,Upper middle income,25.9201,-24.6544
735,BW,Botswana,GDP growth (annual %),2020,-8.72888243996397,Sub-Saharan Africa ,Upper middle income,25.9201,-24.6544
736,BW,Botswana,GDP growth (annual %),2019,3.0317733945467,Sub-Saharan Africa ,Upper middle income,25.9201,-24.6544
737,BW,Botswana,GDP growth (annual %),2018,4.18869237159223,Sub-Saharan Africa ,Upper middle income,25.9201,-24.6544
738,BW,Botswana,GDP growth (annual %),2017,4.11437856445083,Sub-Saharan Africa ,Upper middle income,25.9201,-24.6544
739,BW,Botswana,GDP growth (annual %),2016,7.20442475914267,Sub-Saharan Africa ,Upper middle income,25.9201,-24.6544
740,BR,Brazil,GDP growth (annual %),2025,2.2857464902475,Latin America & Caribbean ,Upper middle income,-47.9292,-15.7801
741,BR,Brazil,GDP growth (annual %),2024,3.41931516501906,Latin America & Caribbean ,Upper middle income,-47.9292,-15.7801
742,BR,Brazil,GDP growth (annual %),2023,3.24165532906981,Latin America & Caribbean ,Upper middle income,-47.9292,-15.7801
743,BR,Brazil,GDP growth (annual %),2022,3.01669435393015,Latin America & Caribbean ,Upper middle income,-47.9292,-15.7801
744,BR,Brazil,GDP growth (annual %),2021,4.76260437908608,Latin America & Caribbean ,Upper middle income,-47.9292,-15.7801
745,BR,Brazil,GDP growth (annual %),2020,-3.2767587964736,Latin America & Caribbean ,Upper middle income,-47.9292,-15.7801
746,BR,Brazil,GDP growth (annual %),2019,1.22077782360842,Latin America & Caribbean ,Upper middle income,-47.9292,-15.7801
747,BR,Brazil,GDP growth (annual %),2018,1.783666761634,Latin America & Caribbean ,Upper middle income,-47.9292,-15.7801
748,BR,Brazil,GDP growth (annual %),2017,1.32286905404399,Latin America & Caribbean ,Upper middle income,-47.9292,-15.7801
749,BR,Brazil,GDP growth (annual %),2016,-3.27591690782192,Latin America & Caribbean ,Upper middle income,-47.9292,-15.7801
750,VG,British Virgin Islands,GDP growth (annual %),2025,,Latin America & Caribbean ,High income,-64.623056,18.431389
751,VG,British Virgin Islands,GDP growth (annual %),2024,,Latin America & Caribbean ,High income,-64.623056,18.431389
752,VG,British Virgin Islands,GDP growth (annual %),2023,,Latin America & Caribbean ,High income,-64.623056,18.431389
753,VG,British Virgin Islands,GDP growth (annual %),2022,,Latin America & Caribbean ,High income,-64.623056,18.431389
754,VG,British Virgin Islands,GDP growth (annual %),2021,,Latin America & Caribbean ,High income,-64.623056,18.431389
755,VG,British Virgin Islands,GDP growth (annual %),2020,,Latin America & Caribbean ,High income,-64.623056,18.431389
756,VG,British Virgin Islands,GDP growth (annual %),2019,,Latin America & Caribbean ,High income,-64.623056,18.431389
757,VG,British Virgin Islands,GDP growth (annual %),2018,,Latin America & Caribbean ,High income,-64.623056,18.431389
758,VG,British Virgin Islands,GDP growth (annual %),2017,,Latin America & Caribbean ,High income,-64.623056,18.431389
759,VG,British Virgin Islands,GDP growth (annual %),2016,,Latin America & Caribbean ,High income,-64.623056,18.431389
760,BN,Brunei Darussalam,GDP growth (annual %),2025,0.66956214816436,East Asia & Pacific,High income,114.946,4.94199
761,BN,Brunei Darussalam,GDP growth (annual %),2024,4.05251709306727,East Asia & Pacific,High income,114.946,4.94199
762,BN,Brunei Darussalam,GDP growth (annual %),2023,1.12764418162719,East Asia & Pacific,High income,114.946,4.94199
763,BN,Brunei Darussalam,GDP growth (annual %),2022,-1.62833154515108,East Asia & Pacific,High income,114.946,4.94199
764,BN,Brunei Darussalam,GDP growth (annual %),2021,-1.59076260099606,East Asia & Pacific,High income,114.946,4.94199
765,BN,Brunei Darussalam,GDP growth (annual %),2020,1.1335733495246,East Asia & Pacific,High income,114.946,4.94199
766,BN,Brunei Darussalam,GDP growth (annual %),2019,3.86884436177075,East Asia & Pacific,High income,114.946,4.94199
767,BN,Brunei Darussalam,GDP growth (annual %),2018,0.0523710418528935,East Asia & Pacific,High income,114.946,4.94199
768,BN,Brunei Darussalam,GDP growth (annual %),2017,1.32872661057823,East Asia & Pacific,High income,114.946,4.94199
769,BN,Brunei Darussalam,GDP growth (annual %),2016,-2.47791771833224,East Asia & Pacific,High income,114.946,4.94199
770,BG,Bulgaria,GDP growth (annual %),2025,3.0963663917961,Europe & Central Asia,High income,23.3238,42.7105
771,BG,Bulgaria,GDP growth (annual %),2024,3.38708962009333,Europe & Central Asia,High income,23.3238,42.7105
772,BG,Bulgaria,GDP growth (annual %),2023,1.68151075832925,Europe & Central Asia,High income,23.3238,42.7105
773,BG,Bulgaria,GDP growth (annual %),2022,4.08386398118941,Europe & Central Asia,High income,23.3238,42.7105
774,BG,Bulgaria,GDP growth (annual %),2021,7.82817310703665,Europe & Central Asia,High income,23.3238,42.7105
775,BG,Bulgaria,GDP growth (annual %),2020,-3.13323543125917,Europe & Central Asia,High income,23.3238,42.7105
776,BG,Bulgaria,GDP growth (annual %),2019,3.79331964589196,Europe & Central Asia,High income,23.3238,42.7105
777,BG,Bulgaria,GDP growth (annual %),2018,2.33015054210419,Europe & Central Asia,High income,23.3238,42.7105
778,BG,Bulgaria,GDP growth (annual %),2017,2.74592737750996,Europe & Central Asia,High income,23.3238,42.7105
779,BG,Bulgaria,GDP growth (annual %),2016,3.02662820096305,Europe & Central Asia,High income,23.3238,42.7105
780,BF,Burkina Faso,GDP growth (annual %),2025,5.29461839319283,Sub-Saharan Africa ,Low income,-1.53395,12.3605
781,BF,Burkina Faso,GDP growth (annual %),2024,4.83395810163883,Sub-Saharan Africa ,Low income,-1.53395,12.3605
782,BF,Burkina Faso,GDP growth (annual %),2023,3.00027415814125,Sub-Saharan Africa ,Low income,-1.53395,12.3605
783,BF,Burkina Faso,GDP growth (annual %),2022,1.62673258211919,Sub-Saharan Africa ,Low income,-1.53395,12.3605
784,BF,Burkina Faso,GDP growth (annual %),2021,6.94252492572348,Sub-Saharan Africa ,Low income,-1.53395,12.3605
785,BF,Burkina Faso,GDP growth (annual %),2020,2.01077262406221,Sub-Saharan Africa ,Low income,-1.53395,12.3605
786,BF,Burkina Faso,GDP growth (annual %),2019,5.88920497068135,Sub-Saharan Africa ,Low income,-1.53395,12.3605
787,BF,Burkina Faso,GDP growth (annual %),2018,6.60456906812341,Sub-Saharan Africa ,Low income,-1.53395,12.3605
788,BF,Burkina Faso,GDP growth (annual %),2017,6.20348941121868,Sub-Saharan Africa ,Low income,-1.53395,12.3605
789,BF,Burkina Faso,GDP growth (annual %),2016,5.95797670754024,Sub-Saharan Africa ,Low income,-1.53395,12.3605
790,BI,Burundi,GDP growth (annual %),2025,4.24010529884178,Sub-Saharan Africa ,Low income,29.3639,-3.3784
791,BI,Burundi,GDP growth (annual %),2024,4.11227376394912,Sub-Saharan Africa ,Low income,29.3639,-3.3784
792,BI,Burundi,GDP growth (annual %),2023,3.25476897326196,Sub-Saharan Africa ,Low income,29.3639,-3.3784
793,BI,Burundi,GDP growth (annual %),2022,2.31770122350822,Sub-Saharan Africa ,Low income,29.3639,-3.3784
794,BI,Burundi,GDP growth (annual %),2021,3.23707479372925,Sub-Saharan Africa ,Low income,29.3639,-3.3784
795,BI,Burundi,GDP growth (annual %),2020,0.306443811651718,Sub-Saharan Africa ,Low income,29.3639,-3.3784
796,BI,Burundi,GDP growth (annual %),2019,4.45934202358784,Sub-Saharan Africa ,Low income,29.3639,-3.3784
797,BI,Burundi,GDP growth (annual %),2018,5.34224473186408,Sub-Saharan Africa ,Low income,29.3639,-3.3784
798,BI,Burundi,GDP growth (annual %),2017,3.83185757061784,Sub-Saharan Africa ,Low income,29.3639,-3.3784
799,BI,Burundi,GDP growth (annual %),2016,3.20017470408993,Sub-Saharan Africa ,Low income,29.3639,-3.3784
800,CV,Cabo Verde,GDP growth (annual %),2025,6.29698518253096,Sub-Saharan Africa ,Upper middle income,-23.5087,14.9218
801,CV,Cabo Verde,GDP growth (annual %),2024,6.98888280991075,Sub-Saharan Africa ,Upper middle income,-23.5087,14.9218
802,CV,Cabo Verde,GDP growth (annual %),2023,4.7947613911073,Sub-Saharan Africa ,Upper middle income,-23.5087,14.9218
803,CV,Cabo Verde,GDP growth (annual %),2022,15.843675684642,Sub-Saharan Africa ,Upper middle income,-23.5087,14.9218
804,CV,Cabo Verde,GDP growth (annual %),2021,7.03353010694514,Sub-Saharan Africa ,Upper middle income,-23.5087,14.9218
805,CV,Cabo Verde,GDP growth (annual %),2020,-20.8052758990735,Sub-Saharan Africa ,Upper middle income,-23.5087,14.9218
806,CV,Cabo Verde,GDP growth (annual %),2019,6.94782634051859,Sub-Saharan Africa ,Upper middle income,-23.5087,14.9218
807,CV,Cabo Verde,GDP growth (annual %),2018,3.70696458310842,Sub-Saharan Africa ,Upper middle income,-23.5087,14.9218
808,CV,Cabo Verde,GDP growth (annual %),2017,4.5513148102974,Sub-Saharan Africa ,Upper middle income,-23.5087,14.9218
809,CV,Cabo Verde,GDP growth (annual %),2016,4.28071482662371,Sub-Saharan Africa ,Upper middle income,-23.5087,14.9218
810,KH,Cambodia,GDP growth (annual %),2025,5.34932084572877,East Asia & Pacific,Lower middle income,104.874,11.5556
811,KH,Cambodia,GDP growth (annual %),2024,6.0158145735202,East Asia & Pacific,Lower middle income,104.874,11.5556
812,KH,Cambodia,GDP growth (annual %),2023,5.00733043811898,East Asia & Pacific,Lower middle income,104.874,11.5556
813,KH,Cambodia,GDP growth (annual %),2022,5.12990110773977,East Asia & Pacific,Lower middle income,104.874,11.5556
814,KH,Cambodia,GDP growth (annual %),2021,3.08984284148661,East Asia & Pacific,Lower middle income,104.874,11.5556
815,KH,Cambodia,GDP growth (annual %),2020,-3.55572193406549,East Asia & Pacific,Lower middle income,104.874,11.5556
816,KH,Cambodia,GDP growth (annual %),2019,7.93695013588524,East Asia & Pacific,Lower middle income,104.874,11.5556
817,KH,Cambodia,GDP growth (annual %),2018,8.77622376224463,East Asia & Pacific,Lower middle income,104.874,11.5556
818,KH,Cambodia,GDP growth (annual %),2017,8.07503915535979,East Asia & Pacific,Lower middle income,104.874,11.5556
819,KH,Cambodia,GDP growth (annual %),2016,7.90550116130704,East Asia & Pacific,Lower middle income,104.874,11.5556
820,CM,Cameroon,GDP growth (annual %),2025,3.20000015616144,Sub-Saharan Africa ,Lower middle income,11.5174,3.8721
821,CM,Cameroon,GDP growth (annual %),2024,3.52472308052245,Sub-Saharan Africa ,Lower middle income,11.5174,3.8721
822,CM,Cameroon,GDP growth (annual %),2023,3.34756290750219,Sub-Saharan Africa ,Lower middle income,11.5174,3.8721
823,CM,Cameroon,GDP growth (annual %),2022,3.7367840056412,Sub-Saharan Africa ,Lower middle income,11.5174,3.8721
824,CM,Cameroon,GDP growth (annual %),2021,3.33885747179505,Sub-Saharan Africa ,Lower middle income,11.5174,3.8721
825,CM,Cameroon,GDP growth (annual %),2020,0.259932915907115,Sub-Saharan Africa ,Lower middle income,11.5174,3.8721
826,CM,Cameroon,GDP growth (annual %),2019,3.47505998194981,Sub-Saharan Africa ,Lower middle income,11.5174,3.8721
827,CM,Cameroon,GDP growth (annual %),2018,3.95551423892049,Sub-Saharan Africa ,Lower middle income,11.5174,3.8721
828,CM,Cameroon,GDP growth (annual %),2017,3.54117654926007,Sub-Saharan Africa ,Lower middle income,11.5174,3.8721
829,CM,Cameroon,GDP growth (annual %),2016,4.53579423678801,Sub-Saharan Africa ,Lower middle income,11.5174,3.8721
830,CA,Canada,GDP growth (annual %),2025,1.74268536175708,North America,High income,-75.6919,45.4215
831,CA,Canada,GDP growth (annual %),2024,2.04626605401701,North America,High income,-75.6919,45.4215
832,CA,Canada,GDP growth (annual %),2023,1.95308552199025,North America,High income,-75.6919,45.4215
833,CA,Canada,GDP growth (annual %),2022,4.69541985045903,North America,High income,-75.6919,45.4215
834,CA,Canada,GDP growth (annual %),2021,5.95052804984759,North America,High income,-75.6919,45.4215
835,CA,Canada,GDP growth (annual %),2020,-5.03823342794087,North America,High income,-75.6919,45.4215
836,CA,Canada,GDP growth (annual %),2019,1.90843193887251,North America,High income,-75.6919,45.4215
837,CA,Canada,GDP growth (annual %),2018,2.74296341402246,North America,High income,-75.6919,45.4215
838,CA,Canada,GDP growth (annual %),2017,3.03383491841392,North America,High income,-75.6919,45.4215
839,CA,Canada,GDP growth (annual %),2016,1.03855091989323,North America,High income,-75.6919,45.4215
840,KY,Cayman Islands,GDP growth (annual %),2025,,Latin America & Caribbean ,High income,-81.3857,19.3022
841,KY,Cayman Islands,GDP growth (annual %),2024,3.75641197192778,Latin America & Caribbean ,High income,-81.3857,19.3022
842,KY,Cayman Islands,GDP growth (annual %),2023,5.80436961198644,Latin America & Caribbean ,High income,-81.3857,19.3022
843,KY,Cayman Islands,GDP growth (annual %),2022,5.66079366938135,Latin America & Caribbean ,High income,-81.3857,19.3022
844,KY,Cayman Islands,GDP growth (annual %),2021,4.86941655353661,Latin America & Caribbean ,High income,-81.3857,19.3022
845,KY,Cayman Islands,GDP growth (annual %),2020,-4.95480696516726,Latin America & Caribbean ,High income,-81.3857,19.3022
846,KY,Cayman Islands,GDP growth (annual %),2019,3.91563534249416,Latin America & Caribbean ,High income,-81.3857,19.3022
847,KY,Cayman Islands,GDP growth (annual %),2018,4.26726745249641,Latin America & Caribbean ,High income,-81.3857,19.3022
848,KY,Cayman Islands,GDP growth (annual %),2017,3.18404592334522,Latin America & Caribbean ,High income,-81.3857,19.3022
849,KY,Cayman Islands,GDP growth (annual %),2016,3.23997433895669,Latin America & Caribbean ,High income,-81.3857,19.3022
850,CF,Central African Republic,GDP growth (annual %),2025,4.49950000393781,Sub-Saharan Africa ,Low income,21.6407,5.63056
851,CF,Central African Republic,GDP growth (annual %),2024,1.49999999847535,Sub-Saharan Africa ,Low income,21.6407,5.63056
852,CF,Central African Republic,GDP growth (annual %),2023,0.69996840076054,Sub-Saharan Africa ,Low income,21.6407,5.63056
853,CF,Central African Republic,GDP growth (annual %),2022,0.453901876447787,Sub-Saharan Africa ,Low income,21.6407,5.63056
854,CF,Central African Republic,GDP growth (annual %),2021,0.982919996264229,Sub-Saharan Africa ,Low income,21.6407,5.63056
855,CF,Central African Republic,GDP growth (annual %),2020,0.899999996857062,Sub-Saharan Africa ,Low income,21.6407,5.63056
856,CF,Central African Republic,GDP growth (annual %),2019,3.09999999999999,Sub-Saharan Africa ,Low income,21.6407,5.63056
857,CF,Central African Republic,GDP growth (annual %),2018,3.78944359275462,Sub-Saharan Africa ,Low income,21.6407,5.63056
858,CF,Central African Republic,GDP growth (annual %),2017,4.52727821346231,Sub-Saharan Africa ,Low income,21.6407,5.63056
859,CF,Central African Republic,GDP growth (annual %),2016,4.75031684122342,Sub-Saharan Africa ,Low income,21.6407,5.63056
860,TD,Chad,GDP growth (annual %),2025,5.58988021765651,Sub-Saharan Africa ,Low income,15.0445,12.1048
861,TD,Chad,GDP growth (annual %),2024,4.95210484607125,Sub-Saharan Africa ,Low income,15.0445,12.1048
862,TD,Chad,GDP growth (annual %),2023,3.99861309461539,Sub-Saharan Africa ,Low income,15.0445,12.1048
863,TD,Chad,GDP growth (annual %),2022,4.12969897668356,Sub-Saharan Africa ,Low income,15.0445,12.1048
864,TD,Chad,GDP growth (annual %),2021,0.293442648033434,Sub-Saharan Africa ,Low income,15.0445,12.1048
865,TD,Chad,GDP growth (annual %),2020,-0.393646582380399,Sub-Saharan Africa ,Low income,15.0445,12.1048
866,TD,Chad,GDP growth (annual %),2019,5.38282202874814,Sub-Saharan Africa ,Low income,15.0445,12.1048
867,TD,Chad,GDP growth (annual %),2018,5.74111580758154,Sub-Saharan Africa ,Low income,15.0445,12.1048
868,TD,Chad,GDP growth (annual %),2017,-1.61746922820204,Sub-Saharan Africa ,Low income,15.0445,12.1048
869,TD,Chad,GDP growth (annual %),2016,-4.12250332637034,Sub-Saharan Africa ,Low income,15.0445,12.1048
870,JG,Channel Islands,GDP growth (annual %),2025,,Europe & Central Asia,High income,,
871,JG,Channel Islands,GDP growth (annual %),2024,,Europe & Central Asia,High income,,
872,JG,Channel Islands,GDP growth (annual %),2023,3.71500590367266,Europe & Central Asia,High income,,
873,JG,Channel Islands,GDP growth (annual %),2022,5.34196140375869,Europe & Central Asia,High income,,
874,JG,Channel Islands,GDP growth (annual %),2021,9.93680136985076,Europe & Central Asia,High income,,
875,JG,Channel Islands,GDP growth (annual %),2020,-8.89677926591959,Europe & Central Asia,High income,,
876,JG,Channel Islands,GDP growth (annual %),2019,1.57335596156342,Europe & Central Asia,High income,,
877,JG,Channel Islands,GDP growth (annual %),2018,1.1222435658518,Europe & Central Asia,High income,,
878,JG,Channel Islands,GDP growth (annual %),2017,1.80648131383585,Europe & Central Asia,High income,,
879,JG,Channel Islands,GDP growth (annual %),2016,1.21302407657195,Europe & Central Asia,High income,,
880,CL,Chile,GDP growth (annual %),2025,2.45925474781374,Latin America & Caribbean ,High income,-70.6475,-33.475
881,CL,Chile,GDP growth (annual %),2024,2.80512637106611,Latin America & Caribbean ,High income,-70.6475,-33.475
882,CL,Chile,GDP growth (annual %),2023,0.677024831595858,Latin America & Caribbean ,High income,-70.6475,-33.475
883,CL,Chile,GDP growth (annual %),2022,2.06391864254198,Latin America & Caribbean ,High income,-70.6475,-33.475
884,CL,Chile,GDP growth (annual %),2021,11.3374032409913,Latin America & Caribbean ,High income,-70.6475,-33.475
885,CL,Chile,GDP growth (annual %),2020,-6.1396969411886,Latin America & Caribbean ,High income,-70.6475,-33.475
886,CL,Chile,GDP growth (annual %),2019,0.644223402631923,Latin America & Caribbean ,High income,-70.6475,-33.475
887,CL,Chile,GDP growth (annual %),2018,3.99002947789977,Latin America & Caribbean ,High income,-70.6475,-33.475
888,CL,Chile,GDP growth (annual %),2017,1.35769537343957,Latin America & Caribbean ,High income,-70.6475,-33.475
889,CL,Chile,GDP growth (annual %),2016,1.753038749071,Latin America & Caribbean ,High income,-70.6475,-33.475
890,CN,China,GDP growth (annual %),2025,4.95994886240992,East Asia & Pacific,Upper middle income,116.286,40.0495
891,CN,China,GDP growth (annual %),2024,4.95830378788091,East Asia & Pacific,Upper middle income,116.286,40.0495
892,CN,China,GDP growth (annual %),2023,5.41600334492955,East Asia & Pacific,Upper middle income,116.286,40.0495
893,CN,China,GDP growth (annual %),2022,3.13385438394069,East Asia & Pacific,Upper middle income,116.286,40.0495
894,CN,China,GDP growth (annual %),2021,8.57038414981781,East Asia & Pacific,Upper middle income,116.286,40.0495
895,CN,China,GDP growth (annual %),2020,2.33950385203023,East Asia & Pacific,Upper middle income,116.286,40.0495
896,CN,China,GDP growth (annual %),2019,6.06737806333672,East Asia & Pacific,Upper middle income,116.286,40.0495
897,CN,China,GDP growth (annual %),2018,6.757806142324,East Asia & Pacific,Upper middle income,116.286,40.0495
898,CN,China,GDP growth (annual %),2017,6.89123916636191,East Asia & Pacific,Upper middle income,116.286,40.0495
899,CN,China,GDP growth (annual %),2016,6.7736886867727,East Asia & Pacific,Upper middle income,116.286,40.0495
900,CO,Colombia,GDP growth (annual %),2025,2.64201548985928,Latin America & Caribbean ,Upper middle income,-74.082,4.60987
901,CO,Colombia,GDP growth (annual %),2024,1.49330728771066,Latin America & Caribbean ,Upper middle income,-74.082,4.60987
902,CO,Colombia,GDP growth (annual %),2023,0.841819555752039,Latin America & Caribbean ,Upper middle income,-74.082,4.60987
903,CO,Colombia,GDP growth (annual %),2022,7.32827729427979,Latin America & Caribbean ,Upper middle income,-74.082,4.60987
904,CO,Colombia,GDP growth (annual %),2021,10.8011981904878,Latin America & Caribbean ,Upper middle income,-74.082,4.60987
905,CO,Colombia,GDP growth (annual %),2020,-7.18591413760859,Latin America & Caribbean ,Upper middle income,-74.082,4.60987
906,CO,Colombia,GDP growth (annual %),2019,3.18685539245533,Latin America & Caribbean ,Upper middle income,-74.082,4.60987
907,CO,Colombia,GDP growth (annual %),2018,2.56432428277704,Latin America & Caribbean ,Upper middle income,-74.082,4.60987
908,CO,Colombia,GDP growth (annual %),2017,1.35936086788746,Latin America & Caribbean ,Upper middle income,-74.082,4.60987
909,CO,Colombia,GDP growth (annual %),2016,2.08738250162794,Latin America & Caribbean ,Upper middle income,-74.082,4.60987
910,KM,Comoros,GDP growth (annual %),2025,3.7544428489181,Sub-Saharan Africa ,Lower middle income,43.2418,-11.6986
911,KM,Comoros,GDP growth (annual %),2024,3.30071498500033,Sub-Saharan Africa ,Lower middle income,43.2418,-11.6986
912,KM,Comoros,GDP growth (annual %),2023,3.1866131800554,Sub-Saharan Africa ,Lower middle income,43.2418,-11.6986
913,KM,Comoros,GDP growth (annual %),2022,2.45381174550259,Sub-Saharan Africa ,Lower middle income,43.2418,-11.6986
914,KM,Comoros,GDP growth (annual %),2021,2.04245238320844,Sub-Saharan Africa ,Lower middle income,43.2418,-11.6986
915,KM,Comoros,GDP growth (annual %),2020,-0.195556841918759,Sub-Saharan Africa ,Lower middle income,43.2418,-11.6986
916,KM,Comoros,GDP growth (annual %),2019,1.76078023564568,Sub-Saharan Africa ,Lower middle income,43.2418,-11.6986
917,KM,Comoros,GDP growth (annual %),2018,3.64245114733689,Sub-Saharan Africa ,Lower middle income,43.2418,-11.6986
918,KM,Comoros,GDP growth (annual %),2017,3.81576287489548,Sub-Saharan Africa ,Lower middle income,43.2418,-11.6986
919,KM,Comoros,GDP growth (annual %),2016,3.3204465548877,Sub-Saharan Africa ,Lower middle income,43.2418,-11.6986
920,CD,"Congo, Dem. Rep.",GDP growth (annual %),2025,5.75924471639999,Sub-Saharan Africa ,Low income,15.3222,-4.325
921,CD,"Congo, Dem. Rep.",GDP growth (annual %),2024,6.1025294442863,Sub-Saharan Africa ,Low income,15.3222,-4.325
922,CD,"Congo, Dem. Rep.",GDP growth (annual %),2023,8.5334898318451,Sub-Saharan Africa ,Low income,15.3222,-4.325
923,CD,"Congo, Dem. Rep.",GDP growth (annual %),2022,9.31116944064918,Sub-Saharan Africa ,Low income,15.3222,-4.325
924,CD,"Congo, Dem. Rep.",GDP growth (annual %),2021,6.42961005647355,Sub-Saharan Africa ,Low income,15.3222,-4.325
925,CD,"Congo, Dem. Rep.",GDP growth (annual %),2020,0.775427992354622,Sub-Saharan Africa ,Low income,15.3222,-4.325
926,CD,"Congo, Dem. Rep.",GDP growth (annual %),2019,0.555384294580819,Sub-Saharan Africa ,Low income,15.3222,-4.325
927,CD,"Congo, Dem. Rep.",GDP growth (annual %),2018,6.07168870646615,Sub-Saharan Africa ,Low income,15.3222,-4.325
928,CD,"Congo, Dem. Rep.",GDP growth (annual %),2017,4.24121047272719,Sub-Saharan Africa ,Low income,15.3222,-4.325
929,CD,"Congo, Dem. Rep.",GDP growth (annual %),2016,0.393832798154563,Sub-Saharan Africa ,Low income,15.3222,-4.325
930,CG,"Congo, Rep.",GDP growth (annual %),2025,3.08292728120063,Sub-Saharan Africa ,Lower middle income,15.2662,-4.2767
931,CG,"Congo, Rep.",GDP growth (annual %),2024,2.09998918002519,Sub-Saharan Africa ,Lower middle income,15.2662,-4.2767
932,CG,"Congo, Rep.",GDP growth (annual %),2023,1.90686426346754,Sub-Saharan Africa ,Lower middle income,15.2662,-4.2767
933,CG,"Congo, Rep.",GDP growth (annual %),2022,1.47535613247133,Sub-Saharan Africa ,Lower middle income,15.2662,-4.2767
934,CG,"Congo, Rep.",GDP growth (annual %),2021,1.01507036990908,Sub-Saharan Africa ,Lower middle income,15.2662,-4.2767
935,CG,"Congo, Rep.",GDP growth (annual %),2020,-6.26777227963225,Sub-Saharan Africa ,Lower middle income,15.2662,-4.2767
936,CG,"Congo, Rep.",GDP growth (annual %),2019,1.12447391976529,Sub-Saharan Africa ,Lower middle income,15.2662,-4.2767
937,CG,"Congo, Rep.",GDP growth (annual %),2018,-2.30431780125842,Sub-Saharan Africa ,Lower middle income,15.2662,-4.2767
938,CG,"Congo, Rep.",GDP growth (annual %),2017,-5.59477371915547,Sub-Saharan Africa ,Lower middle income,15.2662,-4.2767
939,CG,"Congo, Rep.",GDP growth (annual %),2016,-8.68524343913786,Sub-Saharan Africa ,Lower middle income,15.2662,-4.2767
940,CR,Costa Rica,GDP growth (annual %),2025,4.56033547844829,Latin America & Caribbean ,High income,-84.0089,9.63701
941,CR,Costa Rica,GDP growth (annual %),2024,4.08292444182048,Latin America & Caribbean ,High income,-84.0089,9.63701
942,CR,Costa Rica,GDP growth (annual %),2023,4.79187732359398,Latin America & Caribbean ,High income,-84.0089,9.63701
943,CR,Costa Rica,GDP growth (annual %),2022,5.46119455235068,Latin America & Caribbean ,High income,-84.0089,9.63701
944,CR,Costa Rica,GDP growth (annual %),2021,8.21817953969082,Latin America & Caribbean ,High income,-84.0089,9.63701
945,CR,Costa Rica,GDP growth (annual %),2020,-4.14159340574358,Latin America & Caribbean ,High income,-84.0089,9.63701
946,CR,Costa Rica,GDP growth (annual %),2019,2.70813912948329,Latin America & Caribbean ,High income,-84.0089,9.63701
947,CR,Costa Rica,GDP growth (annual %),2018,2.85285959760458,Latin America & Caribbean ,High income,-84.0089,9.63701
948,CR,Costa Rica,GDP growth (annual %),2017,4.15769914676933,Latin America & Caribbean ,High income,-84.0089,9.63701
949,CR,Costa Rica,GDP growth (annual %),2016,4.20432320775184,Latin America & Caribbean ,High income,-84.0089,9.63701
950,CI,Cote d'Ivoire,GDP growth (annual %),2025,6.4999999999999,Sub-Saharan Africa ,Lower middle income,-4.0305,5.332
951,CI,Cote d'Ivoire,GDP growth (annual %),2024,6.0195346193922,Sub-Saharan Africa ,Lower middle income,-4.0305,5.332
952,CI,Cote d'Ivoire,GDP growth (annual %),2023,6.60000045209176,Sub-Saharan Africa ,Lower middle income,-4.0305,5.332
953,CI,Cote d'Ivoire,GDP growth (annual %),2022,6.39988362730921,Sub-Saharan Africa ,Lower middle income,-4.0305,5.332
954,CI,Cote d'Ivoire,GDP growth (annual %),2021,7.06253713446816,Sub-Saharan Africa ,Lower middle income,-4.0305,5.332
955,CI,Cote d'Ivoire,GDP growth (annual %),2020,0.699728593494228,Sub-Saharan Africa ,Lower middle income,-4.0305,5.332
956,CI,Cote d'Ivoire,GDP growth (annual %),2019,6.72137167584978,Sub-Saharan Africa ,Lower middle income,-4.0305,5.332
957,CI,Cote d'Ivoire,GDP growth (annual %),2018,4.84314605889178,Sub-Saharan Africa ,Lower middle income,-4.0305,5.332
958,CI,Cote d'Ivoire,GDP growth (annual %),2017,7.41076242592504,Sub-Saharan Africa ,Lower middle income,-4.0305,5.332
959,CI,Cote d'Ivoire,GDP growth (annual %),2016,7.17275963956332,Sub-Saharan Africa ,Lower middle income,-4.0305,5.332
960,HR,Croatia,GDP growth (annual %),2025,3.40307537181749,Europe & Central Asia,High income,15.9614,45.8069
961,HR,Croatia,GDP growth (annual %),2024,3.82578440126859,Europe & Central Asia,High income,15.9614,45.8069
962,HR,Croatia,GDP growth (annual %),2023,3.76204092717136,Europe & Central Asia,High income,15.9614,45.8069
963,HR,Croatia,GDP growth (annual %),2022,7.29479114889533,Europe & Central Asia,High income,15.9614,45.8069
964,HR,Croatia,GDP growth (annual %),2021,12.6312741312741,Europe & Central Asia,High income,15.9614,45.8069
965,HR,Croatia,GDP growth (annual %),2020,-8.31046995309319,Europe & Central Asia,High income,15.9614,45.8069
966,HR,Croatia,GDP growth (annual %),2019,3.10247285336254,Europe & Central Asia,High income,15.9614,45.8069
967,HR,Croatia,GDP growth (annual %),2018,2.91107146210912,Europe & Central Asia,High income,15.9614,45.8069
968,HR,Croatia,GDP growth (annual %),2017,3.2840626939789,Europe & Central Asia,High income,15.9614,45.8069
969,HR,Croatia,GDP growth (annual %),2016,3.46613146011039,Europe & Central Asia,High income,15.9614,45.8069
970,CU,Cuba,GDP growth (annual %),2025,,Latin America & Caribbean ,Upper middle income,-82.3667,23.1333
971,CU,Cuba,GDP growth (annual %),2024,-1.06173273220524,Latin America & Caribbean ,Upper middle income,-82.3667,23.1333
972,CU,Cuba,GDP growth (annual %),2023,-1.92937123169681,Latin America & Caribbean ,Upper middle income,-82.3667,23.1333
973,CU,Cuba,GDP growth (annual %),2022,1.77465227724316,Latin America & Caribbean ,Upper middle income,-82.3667,23.1333
974,CU,Cuba,GDP growth (annual %),2021,1.25448735650322,Latin America & Caribbean ,Upper middle income,-82.3667,23.1333
975,CU,Cuba,GDP growth (annual %),2020,-10.9494359030206,Latin America & Caribbean ,Upper middle income,-82.3667,23.1333
976,CU,Cuba,GDP growth (annual %),2019,-0.163087223606624,Latin America & Caribbean ,Upper middle income,-82.3667,23.1333
977,CU,Cuba,GDP growth (annual %),2018,2.24794852913217,Latin America & Caribbean ,Upper middle income,-82.3667,23.1333
978,CU,Cuba,GDP growth (annual %),2017,1.80979178380274,Latin America & Caribbean ,Upper middle income,-82.3667,23.1333
979,CU,Cuba,GDP growth (annual %),2016,0.512843095700745,Latin America & Caribbean ,Upper middle income,-82.3667,23.1333
980,CW,Curacao,GDP growth (annual %),2025,,Latin America & Caribbean ,High income,,
981,CW,Curacao,GDP growth (annual %),2024,5.02690015475606,Latin America & Caribbean ,High income,,
982,CW,Curacao,GDP growth (annual %),2023,4.20199929761131,Latin America & Caribbean ,High income,,
983,CW,Curacao,GDP growth (annual %),2022,6.90600055461097,Latin America & Caribbean ,High income,,
984,CW,Curacao,GDP growth (annual %),2021,4.18371018614259,Latin America & Caribbean ,High income,,
985,CW,Curacao,GDP growth (annual %),2020,-18.4384696124769,Latin America & Caribbean ,High income,,
986,CW,Curacao,GDP growth (annual %),2019,-3.20613230348162,Latin America & Caribbean ,High income,,
987,CW,Curacao,GDP growth (annual %),2018,-2.10411133101029,Latin America & Caribbean ,High income,,
988,CW,Curacao,GDP growth (annual %),2017,-1.2762081008495,Latin America & Caribbean ,High income,,
989,CW,Curacao,GDP growth (annual %),2016,-1.06770848655277,Latin America & Caribbean ,High income,,
990,CY,Cyprus,GDP growth (annual %),2025,3.77325347982725,Europe & Central Asia,High income,33.3736,35.1676
991,CY,Cyprus,GDP growth (annual %),2024,3.94076934447787,Europe & Central Asia,High income,33.3736,35.1676
992,CY,Cyprus,GDP growth (annual %),2023,3.62045368236082,Europe & Central Asia,High income,33.3736,35.1676
993,CY,Cyprus,GDP growth (annual %),2022,8.73854684881674,Europe & Central Asia,High income,33.3736,35.1676
994,CY,Cyprus,GDP growth (annual %),2021,11.3975590801512,Europe & Central Asia,High income,33.3736,35.1676
995,CY,Cyprus,GDP growth (annual %),2020,-3.22063018637567,Europe & Central Asia,High income,33.3736,35.1676
996,CY,Cyprus,GDP growth (annual %),2019,5.87559583386607,Europe & Central Asia,High income,33.3736,35.1676
997,CY,Cyprus,GDP growth (annual %),2018,6.27166360056404,Europe & Central Asia,High income,33.3736,35.1676
998,CY,Cyprus,GDP growth (annual %),2017,5.75083236554525,Europe & Central Asia,High income,33.3736,35.1676
999,CY,Cyprus,GDP growth (annual %),2016,6.57359080924678,Europe & Central Asia,High income,33.3736,35.1676
1000,CZ,Czechia,GDP growth (annual %),2025,2.58046673293437,Europe & Central Asia,High income,14.4205,50.0878
1001,CZ,Czechia,GDP growth (annual %),2024,1.25131096245923,Europe & Central Asia,High income,14.4205,50.0878
1002,CZ,Czechia,GDP growth (annual %),2023,0.0475803308973752,Europe & Central Asia,High income,14.4205,50.0878
1003,CZ,Czechia,GDP growth (annual %),2022,2.8471706583814,Europe & Central Asia,High income,14.4205,50.0878
1004,CZ,Czechia,GDP growth (annual %),2021,4.02901832055149,Europe & Central Asia,High income,14.4205,50.0878
1005,CZ,Czechia,GDP growth (annual %),2020,-5.30487955463876,Europe & Central Asia,High income,14.4205,50.0878
1006,CZ,Czechia,GDP growth (annual %),2019,3.56577658128261,Europe & Central Asia,High income,14.4205,50.0878
1007,CZ,Czechia,GDP growth (annual %),2018,2.83030588267866,Europe & Central Asia,High income,14.4205,50.0878
1008,CZ,Czechia,GDP growth (annual %),2017,5.17356529967881,Europe & Central Asia,High income,14.4205,50.0878
1009,CZ,Czechia,GDP growth (annual %),2016,2.58087013921376,Europe & Central Asia,High income,14.4205,50.0878
1010,DK,Denmark,GDP growth (annual %),2025,2.92843280014236,Europe & Central Asia,High income,12.5681,55.6763
1011,DK,Denmark,GDP growth (annual %),2024,3.47783593140312,Europe & Central Asia,High income,12.5681,55.6763
1012,DK,Denmark,GDP growth (annual %),2023,0.604587766175584,Europe & Central Asia,High income,12.5681,55.6763
1013,DK,Denmark,GDP growth (annual %),2022,0.443832614908331,Europe & Central Asia,High income,12.5681,55.6763
1014,DK,Denmark,GDP growth (annual %),2021,6.50025445756295,Europe & Central Asia,High income,12.5681,55.6763
1015,DK,Denmark,GDP growth (annual %),2020,-1.78010601831291,Europe & Central Asia,High income,12.5681,55.6763
1016,DK,Denmark,GDP growth (annual %),2019,1.71140093932736,Europe & Central Asia,High income,12.5681,55.6763
1017,DK,Denmark,GDP growth (annual %),2018,1.8600074900921,Europe & Central Asia,High income,12.5681,55.6763
1018,DK,Denmark,GDP growth (annual %),2017,3.05647723922718,Europe & Central Asia,High income,12.5681,55.6763
1019,DK,Denmark,GDP growth (annual %),2016,3.07304549209093,Europe & Central Asia,High income,12.5681,55.6763
1020,DJ,Djibouti,GDP growth (annual %),2025,6.4954610524268,"Middle East, North Africa, Afghanistan & Pakistan",Lower middle income,43.1425,11.5806
1021,DJ,Djibouti,GDP growth (annual %),2024,6.98048467276334,"Middle East, North Africa, Afghanistan & Pakistan",Lower middle income,43.1425,11.5806
1022,DJ,Djibouti,GDP growth (annual %),2023,6.80733529403308,"Middle East, North Africa, Afghanistan & Pakistan",Lower middle income,43.1425,11.5806
1023,DJ,Djibouti,GDP growth (annual %),2022,5.16653702854374,"Middle East, North Africa, Afghanistan & Pakistan",Lower middle income,43.1425,11.5806
1024,DJ,Djibouti,GDP growth (annual %),2021,4.40715667561153,"Middle East, North Africa, Afghanistan & Pakistan",Lower middle income,43.1425,11.5806
1025,DJ,Djibouti,GDP growth (annual %),2020,1.2021151728969,"Middle East, North Africa, Afghanistan & Pakistan",Lower middle income,43.1425,11.5806
1026,DJ,Djibouti,GDP growth (annual %),2019,5.54508081154978,"Middle East, North Africa, Afghanistan & Pakistan",Lower middle income,43.1425,11.5806
1027,DJ,Djibouti,GDP growth (annual %),2018,4.77433934943193,"Middle East, North Africa, Afghanistan & Pakistan",Lower middle income,43.1425,11.5806
1028,DJ,Djibouti,GDP growth (annual %),2017,5.458091517212,"Middle East, North Africa, Afghanistan & Pakistan",Lower middle income,43.1425,11.5806
1029,DJ,Djibouti,GDP growth (annual %),2016,7.1234323372872,"Middle East, North Africa, Afghanistan & Pakistan",Lower middle income,43.1425,11.5806
1030,DM,Dominica,GDP growth (annual %),2025,3.05243763087539,Latin America & Caribbean ,Upper middle income,-61.39,15.2976
1031,DM,Dominica,GDP growth (annual %),2024,2.052738472526,Latin America & Caribbean ,Upper middle income,-61.39,15.2976
1032,DM,Dominica,GDP growth (annual %),2023,3.65221012208734,Latin America & Caribbean ,Upper middle income,-61.39,15.2976
1033,DM,Dominica,GDP growth (annual %),2022,10.3968076616121,Latin America & Caribbean ,Upper middle income,-61.39,15.2976
1034,DM,Dominica,GDP growth (annual %),2021,5.37983838954712,Latin America & Caribbean ,Upper middle income,-61.39,15.2976
1035,DM,Dominica,GDP growth (annual %),2020,-15.7064024545862,Latin America & Caribbean ,Upper middle income,-61.39,15.2976
1036,DM,Dominica,GDP growth (annual %),2019,3.94809757938053,Latin America & Caribbean ,Upper middle income,-61.39,15.2976
1037,DM,Dominica,GDP growth (annual %),2018,2.964010610466,Latin America & Caribbean ,Upper middle income,-61.39,15.2976
1038,DM,Dominica,GDP growth (annual %),2017,-7.5443637547282,Latin America & Caribbean ,Upper middle income,-61.39,15.2976
1039,DM,Dominica,GDP growth (annual %),2016,1.44724556489263,Latin America & Caribbean ,Upper middle income,-61.39,15.2976
1040,DO,Dominican Republic,GDP growth (annual %),2025,2.11739113534632,Latin America & Caribbean ,Upper middle income,-69.8908,18.479
1041,DO,Dominican Republic,GDP growth (annual %),2024,4.95352204492849,Latin America & Caribbean ,Upper middle income,-69.8908,18.479
1042,DO,Dominican Republic,GDP growth (annual %),2023,2.19229848237939,Latin America & Caribbean ,Upper middle income,-69.8908,18.479
1043,DO,Dominican Republic,GDP growth (annual %),2022,5.23795652902595,Latin America & Caribbean ,Upper middle income,-69.8908,18.479
1044,DO,Dominican Republic,GDP growth (annual %),2021,14.0124289062207,Latin America & Caribbean ,Upper middle income,-69.8908,18.479
1045,DO,Dominican Republic,GDP growth (annual %),2020,-7.92905234231061,Latin America & Caribbean ,Upper middle income,-69.8908,18.479
1046,DO,Dominican Republic,GDP growth (annual %),2019,4.8940301149584,Latin America & Caribbean ,Upper middle income,-69.8908,18.479
1047,DO,Dominican Republic,GDP growth (annual %),2018,7.09751640210159,Latin America & Caribbean ,Upper middle income,-69.8908,18.479
1048,DO,Dominican Republic,GDP growth (annual %),2017,3.93386176401576,Latin America & Caribbean ,Upper middle income,-69.8908,18.479
1049,DO,Dominican Republic,GDP growth (annual %),2016,6.71974078681295,Latin America & Caribbean ,Upper middle income,-69.8908,18.479
1050,EC,Ecuador,GDP growth (annual %),2025,3.72594857272087,Latin America & Caribbean ,Upper middle income,-78.5243,-0.229498
1051,EC,Ecuador,GDP growth (annual %),2024,-1.94409022506859,Latin America & Caribbean ,Upper middle income,-78.5243,-0.229498
1052,EC,Ecuador,GDP growth (annual %),2023,1.8328406107788,Latin America & Caribbean ,Upper middle income,-78.5243,-0.229498
1053,EC,Ecuador,GDP growth (annual %),2022,5.86842354862311,Latin America & Caribbean ,Upper middle income,-78.5243,-0.229498
1054,EC,Ecuador,GDP growth (annual %),2021,9.42189269033631,Latin America & Caribbean ,Upper middle income,-78.5243,-0.229498
1055,EC,Ecuador,GDP growth (annual %),2020,-9.24509619165865,Latin America & Caribbean ,Upper middle income,-78.5243,-0.229498
1056,EC,Ecuador,GDP growth (annual %),2019,0.1654044646003,Latin America & Caribbean ,Upper middle income,-78.5243,-0.229498
1057,EC,Ecuador,GDP growth (annual %),2018,1.04429460679607,Latin America & Caribbean ,Upper middle income,-78.5243,-0.229498
1058,EC,Ecuador,GDP growth (annual %),2017,5.97039880954841,Latin America & Caribbean ,Upper middle income,-78.5243,-0.229498
1059,EC,Ecuador,GDP growth (annual %),2016,-0.687954245877947,Latin America & Caribbean ,Upper middle income,-78.5243,-0.229498
1060,EG,"Egypt, Arab Rep.",GDP growth (annual %),2025,4.39201068570188,"Middle East, North Africa, Afghanistan & Pakistan",Lower middle income,31.2461,30.0982
1061,EG,"Egypt, Arab Rep.",GDP growth (annual %),2024,2.3991692678251,"Middle East, North Africa, Afghanistan & Pakistan",Lower middle income,31.2461,30.0982
1062,EG,"Egypt, Arab Rep.",GDP growth (annual %),2023,3.76028052279247,"Middle East, North Africa, Afghanistan & Pakistan",Lower middle income,31.2461,30.0982
1063,EG,"Egypt, Arab Rep.",GDP growth (annual %),2022,6.58784560870467,"Middle East, North Africa, Afghanistan & Pakistan",Lower middle income,31.2461,30.0982
1064,EG,"Egypt, Arab Rep.",GDP growth (annual %),2021,3.29064601193245,"Middle East, North Africa, Afghanistan & Pakistan",Lower middle income,31.2461,30.0982
1065,EG,"Egypt, Arab Rep.",GDP growth (annual %),2020,3.55016483883115,"Middle East, North Africa, Afghanistan & Pakistan",Lower middle income,31.2461,30.0982
1066,EG,"Egypt, Arab Rep.",GDP growth (annual %),2019,5.55209307084222,"Middle East, North Africa, Afghanistan & Pakistan",Lower middle income,31.2461,30.0982
1067,EG,"Egypt, Arab Rep.",GDP growth (annual %),2018,5.33110861887155,"Middle East, North Africa, Afghanistan & Pakistan",Lower middle income,31.2461,30.0982
1068,EG,"Egypt, Arab Rep.",GDP growth (annual %),2017,4.18122099961562,"Middle East, North Africa, Afghanistan & Pakistan",Lower middle income,31.2461,30.0982
1069,EG,"Egypt, Arab Rep.",GDP growth (annual %),2016,4.34664345601914,"Middle East, North Africa, Afghanistan & Pakistan",Lower middle income,31.2461,30.0982
1070,SV,El Salvador,GDP growth (annual %),2025,3.90594189242583,Latin America & Caribbean ,Upper middle income,-89.2073,13.7034
1071,SV,El Salvador,GDP growth (annual %),2024,2.5904637107794,Latin America & Caribbean ,Upper middle income,-89.2073,13.7034
1072,SV,El Salvador,GDP growth (annual %),2023,3.35508721646165,Latin America & Caribbean ,Upper middle income,-89.2073,13.7034
1073,SV,El Salvador,GDP growth (annual %),2022,2.9546041089332,Latin America & Caribbean ,Upper middle income,-89.2073,13.7034
1074,SV,El Salvador,GDP growth (annual %),2021,11.9047617015957,Latin America & Caribbean ,Upper middle income,-89.2073,13.7034
1075,SV,El Salvador,GDP growth (annual %),2020,-7.893101359867,Latin America & Caribbean ,Upper middle income,-89.2073,13.7034
1076,SV,El Salvador,GDP growth (annual %),2019,2.43747159065784,Latin America & Caribbean ,Upper middle income,-89.2073,13.7034
1077,SV,El Salvador,GDP growth (annual %),2018,2.4124442237792,Latin America & Caribbean ,Upper middle income,-89.2073,13.7034
1078,SV,El Salvador,GDP growth (annual %),2017,2.24761908134138,Latin America & Caribbean ,Upper middle income,-89.2073,13.7034
1079,SV,El Salvador,GDP growth (annual %),2016,2.53906241135864,Latin America & Caribbean ,Upper middle income,-89.2073,13.7034
1080,GQ,Equatorial Guinea,GDP growth (annual %),2025,-5.84678505700693,Sub-Saharan Africa ,Upper middle income,8.7741,3.7523
1081,GQ,Equatorial Guinea,GDP growth (annual %),2024,0.39622552095193,Sub-Saharan Africa ,Upper middle income,8.7741,3.7523
1082,GQ,Equatorial Guinea,GDP growth (annual %),2023,-7.4250553172124,Sub-Saharan Africa ,Upper middle income,8.7741,3.7523
1083,GQ,Equatorial Guinea,GDP growth (annual %),2022,3.22350831658598,Sub-Saharan Africa ,Upper middle income,8.7741,3.7523
1084,GQ,Equatorial Guinea,GDP growth (annual %),2021,0.860269956382069,Sub-Saharan Africa ,Upper middle income,8.7741,3.7523
1085,GQ,Equatorial Guinea,GDP growth (annual %),2020,-4.79108083383294,Sub-Saharan Africa ,Upper middle income,8.7741,3.7523
1086,GQ,Equatorial Guinea,GDP growth (annual %),2019,-5.48182537893445,Sub-Saharan Africa ,Upper middle income,8.7741,3.7523
1087,GQ,Equatorial Guinea,GDP growth (annual %),2018,-6.23654406734575,Sub-Saharan Africa ,Upper middle income,8.7741,3.7523
1088,GQ,Equatorial Guinea,GDP growth (annual %),2017,-5.66750850486686,Sub-Saharan Africa ,Upper middle income,8.7741,3.7523
1089,GQ,Equatorial Guinea,GDP growth (annual %),2016,-8.81641723219757,Sub-Saharan Africa ,Upper middle income,8.7741,3.7523
1090,ER,Eritrea,GDP growth (annual %),2025,,Sub-Saharan Africa ,Low income,38.9183,15.3315
1091,ER,Eritrea,GDP growth (annual %),2024,,Sub-Saharan Africa ,Low income,38.9183,15.3315
1092,ER,Eritrea,GDP growth (annual %),2023,,Sub-Saharan Africa ,Low income,38.9183,15.3315
1093,ER,Eritrea,GDP growth (annual %),2022,,Sub-Saharan Africa ,Low income,38.9183,15.3315
1094,ER,Eritrea,GDP growth (annual %),2021,,Sub-Saharan Africa ,Low income,38.9183,15.3315
1095,ER,Eritrea,GDP growth (annual %),2020,,Sub-Saharan Africa ,Low income,38.9183,15.3315
1096,ER,Eritrea,GDP growth (annual %),2019,,Sub-Saharan Africa ,Low income,38.9183,15.3315
1097,ER,Eritrea,GDP growth (annual %),2018,,Sub-Saharan Africa ,Low income,38.9183,15.3315
1098,ER,Eritrea,GDP growth (annual %),2017,,Sub-Saharan Africa ,Low income,38.9183,15.3315
1099,ER,Eritrea,GDP growth (annual %),2016,,Sub-Saharan Africa ,Low income,38.9183,15.3315
1100,EE,Estonia,GDP growth (annual %),2025,0.584308464789387,Europe & Central Asia,High income,24.7586,59.4392
1101,EE,Estonia,GDP growth (annual %),2024,-0.0900428648493801,Europe & Central Asia,High income,24.7586,59.4392
1102,EE,Estonia,GDP growth (annual %),2023,-2.74421914571231,Europe & Central Asia,High income,24.7586,59.4392
1103,EE,Estonia,GDP growth (annual %),2022,-1.22616966587796,Europe & Central Asia,High income,24.7586,59.4392
1104,EE,Estonia,GDP growth (annual %),2021,8.25488044580031,Europe & Central Asia,High income,24.7586,59.4392
1105,EE,Estonia,GDP growth (annual %),2020,-2.88380751483778,Europe & Central Asia,High income,24.7586,59.4392
1106,EE,Estonia,GDP growth (annual %),2019,3.72664943466884,Europe & Central Asia,High income,24.7586,59.4392
1107,EE,Estonia,GDP growth (annual %),2018,3.69969756161726,Europe & Central Asia,High income,24.7586,59.4392
1108,EE,Estonia,GDP growth (annual %),2017,5.63467248963991,Europe & Central Asia,High income,24.7586,59.4392
1109,EE,Estonia,GDP growth (annual %),2016,3.09301920751959,Europe & Central Asia,High income,24.7586,59.4392
1110,SZ,Eswatini,GDP growth (annual %),2025,4.1939175580556,Sub-Saharan Africa ,Lower middle income,31.4659,-26.5225
1111,SZ,Eswatini,GDP growth (annual %),2024,3.03162462475916,Sub-Saharan Africa ,Lower middle income,31.4659,-26.5225
1112,SZ,Eswatini,GDP growth (annual %),2023,3.53257662836211,Sub-Saharan Africa ,Lower middle income,31.4659,-26.5225
1113,SZ,Eswatini,GDP growth (annual %),2022,0.386070835562705,Sub-Saharan Africa ,Lower middle income,31.4659,-26.5225
1114,SZ,Eswatini,GDP growth (annual %),2021,4.23621913615419,Sub-Saharan Africa ,Lower middle income,31.4659,-26.5225
1115,SZ,Eswatini,GDP growth (annual %),2020,-2.95183453409287,Sub-Saharan Africa ,Lower middle income,31.4659,-26.5225
1116,SZ,Eswatini,GDP growth (annual %),2019,6.43186888691574,Sub-Saharan Africa ,Lower middle income,31.4659,-26.5225
1117,SZ,Eswatini,GDP growth (annual %),2018,0.0653956557843571,Sub-Saharan Africa ,Lower middle income,31.4659,-26.5225
1118,SZ,Eswatini,GDP growth (annual %),2017,3.52095345987983,Sub-Saharan Africa ,Lower middle income,31.4659,-26.5225
1119,SZ,Eswatini,GDP growth (annual %),2016,2.94916821059911,Sub-Saharan Africa ,Lower middle income,31.4659,-26.5225
1120,ET,Ethiopia,GDP growth (annual %),2025,9.7715182202934,Sub-Saharan Africa ,Low income,38.7468,9.02274
1121,ET,Ethiopia,GDP growth (annual %),2024,7.61277447616879,Sub-Saharan Africa ,Low income,38.7468,9.02274
1122,ET,Ethiopia,GDP growth (annual %),2023,6.59424599054353,Sub-Saharan Africa ,Low income,38.7468,9.02274
1123,ET,Ethiopia,GDP growth (annual %),2022,5.32175988485454,Sub-Saharan Africa ,Low income,38.7468,9.02274
1124,ET,Ethiopia,GDP growth (annual %),2021,5.64153069324176,Sub-Saharan Africa ,Low income,38.7468,9.02274
1125,ET,Ethiopia,GDP growth (annual %),2020,6.05953089248577,Sub-Saharan Africa ,Low income,38.7468,9.02274
1126,ET,Ethiopia,GDP growth (annual %),2019,8.36408573111346,Sub-Saharan Africa ,Low income,38.7468,9.02274
1127,ET,Ethiopia,GDP growth (annual %),2018,6.81614778557282,Sub-Saharan Africa ,Low income,38.7468,9.02274
1128,ET,Ethiopia,GDP growth (annual %),2017,9.56418965754014,Sub-Saharan Africa ,Low income,38.7468,9.02274
1129,ET,Ethiopia,GDP growth (annual %),2016,9.43348265981905,Sub-Saharan Africa ,Low income,38.7468,9.02274
1130,FO,Faroe Islands,GDP growth (annual %),2025,,Europe & Central Asia,High income,-6.91181,61.8926
1131,FO,Faroe Islands,GDP growth (annual %),2024,0.843716851362103,Europe & Central Asia,High income,-6.91181,61.8926
1132,FO,Faroe Islands,GDP growth (annual %),2023,3.15873872329266,Europe & Central Asia,High income,-6.91181,61.8926
1133,FO,Faroe Islands,GDP growth (annual %),2022,3.86099981669155,Europe & Central Asia,High income,-6.91181,61.8926
1134,FO,Faroe Islands,GDP growth (annual %),2021,5.06636291600633,Europe & Central Asia,High income,-6.91181,61.8926
1135,FO,Faroe Islands,GDP growth (annual %),2020,-1.63732118017028,Europe & Central Asia,High income,-6.91181,61.8926
1136,FO,Faroe Islands,GDP growth (annual %),2019,4.53851028676189,Europe & Central Asia,High income,-6.91181,61.8926
1137,FO,Faroe Islands,GDP growth (annual %),2018,2.76370952267429,Europe & Central Asia,High income,-6.91181,61.8926
1138,FO,Faroe Islands,GDP growth (annual %),2017,3.51201367488443,Europe & Central Asia,High income,-6.91181,61.8926
1139,FO,Faroe Islands,GDP growth (annual %),2016,1.38644795938293,Europe & Central Asia,High income,-6.91181,61.8926
1140,FJ,Fiji,GDP growth (annual %),2025,3.19546862124029,East Asia & Pacific,Upper middle income,178.399,-18.1149
1141,FJ,Fiji,GDP growth (annual %),2024,3.53085896076352,East Asia & Pacific,Upper middle income,178.399,-18.1149
1142,FJ,Fiji,GDP growth (annual %),2023,9.44245856738313,East Asia & Pacific,Upper middle income,178.399,-18.1149
1143,FJ,Fiji,GDP growth (annual %),2022,17.7451269773594,East Asia & Pacific,Upper middle income,178.399,-18.1149
1144,FJ,Fiji,GDP growth (annual %),2021,-4.3459619989752,East Asia & Pacific,Upper middle income,178.399,-18.1149
1145,FJ,Fiji,GDP growth (annual %),2020,-17.1835352599354,East Asia & Pacific,Upper middle income,178.399,-18.1149
1146,FJ,Fiji,GDP growth (annual %),2019,-0.581946590349759,East Asia & Pacific,Upper middle income,178.399,-18.1149
1147,FJ,Fiji,GDP growth (annual %),2018,3.812350939512,East Asia & Pacific,Upper middle income,178.399,-18.1149
1148,FJ,Fiji,GDP growth (annual %),2017,5.35336434979577,East Asia & Pacific,Upper middle income,178.399,-18.1149
1149,FJ,Fiji,GDP growth (annual %),2016,2.44565202449249,East Asia & Pacific,Upper middle income,178.399,-18.1149
1150,FI,Finland,GDP growth (annual %),2025,0.173444509584499,Europe & Central Asia,High income,24.9525,60.1608
1151,FI,Finland,GDP growth (annual %),2024,0.374566568538427,Europe & Central Asia,High income,24.9525,60.1608
1152,FI,Finland,GDP growth (annual %),2023,-1.28973484453397,Europe & Central Asia,High income,24.9525,60.1608
1153,FI,Finland,GDP growth (annual %),2022,0.763041912763526,Europe & Central Asia,High income,24.9525,60.1608
1154,FI,Finland,GDP growth (annual %),2021,2.67634641498897,Europe & Central Asia,High income,24.9525,60.1608
1155,FI,Finland,GDP growth (annual %),2020,-2.49103605535707,Europe & Central Asia,High income,24.9525,60.1608
1156,FI,Finland,GDP growth (annual %),2019,1.34973845741737,Europe & Central Asia,High income,24.9525,60.1608
1157,FI,Finland,GDP growth (annual %),2018,1.19297759742292,Europe & Central Asia,High income,24.9525,60.1608
1158,FI,Finland,GDP growth (annual %),2017,3.30337003591039,Europe & Central Asia,High income,24.9525,60.1608
1159,FI,Finland,GDP growth (annual %),2016,2.57193414898754,Europe & Central Asia,High income,24.9525,60.1608
1160,FR,France,GDP growth (annual %),2025,0.840949955479587,Europe & Central Asia,High income,2.35097,48.8566
1161,FR,France,GDP growth (annual %),2024,1.19046798275883,Europe & Central Asia,High income,2.35097,48.8566
1162,FR,France,GDP growth (annual %),2023,1.43921494437743,Europe & Central Asia,High income,2.35097,48.8566
1163,FR,France,GDP growth (annual %),2022,2.71676264185913,Europe & Central Asia,High income,2.35097,48.8566
1164,FR,France,GDP growth (annual %),2021,6.88233783360239,Europe & Central Asia,High income,2.35097,48.8566
1165,FR,France,GDP growth (annual %),2020,-7.44064589948231,Europe & Central Asia,High income,2.35097,48.8566
1166,FR,France,GDP growth (annual %),2019,2.02744646419237,Europe & Central Asia,High income,2.35097,48.8566
1167,FR,France,GDP growth (annual %),2018,1.64590872395887,Europe & Central Asia,High income,2.35097,48.8566
1168,FR,France,GDP growth (annual %),2017,2.08361485997399,Europe & Central Asia,High income,2.35097,48.8566
1169,FR,France,GDP growth (annual %),2016,0.860031075424033,Europe & Central Asia,High income,2.35097,48.8566
1170,PF,French Polynesia,GDP growth (annual %),2025,,East Asia & Pacific,High income,-149.57,-17.535
1171,PF,French Polynesia,GDP growth (annual %),2024,1.12638897730247,East Asia & Pacific,High income,-149.57,-17.535
1172,PF,French Polynesia,GDP growth (annual %),2023,2.77284077155413,East Asia & Pacific,High income,-149.57,-17.535
1173,PF,French Polynesia,GDP growth (annual %),2022,2.9373470716322,East Asia & Pacific,High income,-149.57,-17.535
1174,PF,French Polynesia,GDP growth (annual %),2021,3.36590242421546,East Asia & Pacific,High income,-149.57,-17.535
1175,PF,French Polynesia,GDP growth (annual %),2020,-10.5738138632489,East Asia & Pacific,High income,-149.57,-17.535
1176,PF,French Polynesia,GDP growth (annual %),2019,2.68946658143334,East Asia & Pacific,High income,-149.57,-17.535
1177,PF,French Polynesia,GDP growth (annual %),2018,1.80687498305207,East Asia & Pacific,High income,-149.57,-17.535
1178,PF,French Polynesia,GDP growth (annual %),2017,4.29263363103487,East Asia & Pacific,High income,-149.57,-17.535
1179,PF,French Polynesia,GDP growth (annual %),2016,2.30219823670438,East Asia & Pacific,High income,-149.57,-17.535
1180,GA,Gabon,GDP growth (annual %),2025,2.47287961498321,Sub-Saharan Africa ,Upper middle income,9.45162,0.38832
1181,GA,Gabon,GDP growth (annual %),2024,3.39403899521831,Sub-Saharan Africa ,Upper middle income,9.45162,0.38832
1182,GA,Gabon,GDP growth (annual %),2023,2.43893665041031,Sub-Saharan Africa ,Upper middle income,9.45162,0.38832
1183,GA,Gabon,GDP growth (annual %),2022,3.03761449525692,Sub-Saharan Africa ,Upper middle income,9.45162,0.38832
1184,GA,Gabon,GDP growth (annual %),2021,1.46795731508091,Sub-Saharan Africa ,Upper middle income,9.45162,0.38832
1185,GA,Gabon,GDP growth (annual %),2020,-1.8377610635094,Sub-Saharan Africa ,Upper middle income,9.45162,0.38832
1186,GA,Gabon,GDP growth (annual %),2019,3.92080879452831,Sub-Saharan Africa ,Upper middle income,9.45162,0.38832
1187,GA,Gabon,GDP growth (annual %),2018,0.83791658082157,Sub-Saharan Africa ,Upper middle income,9.45162,0.38832
1188,GA,Gabon,GDP growth (annual %),2017,0.472642030911146,Sub-Saharan Africa ,Upper middle income,9.45162,0.38832
1189,GA,Gabon,GDP growth (annual %),2016,2.09144220829562,Sub-Saharan Africa ,Upper middle income,9.45162,0.38832
1190,GM,"Gambia, The",GDP growth (annual %),2025,5.89309208233146,Sub-Saharan Africa ,Low income,-16.5885,13.4495
1191,GM,"Gambia, The",GDP growth (annual %),2024,5.55126065805138,Sub-Saharan Africa ,Low income,-16.5885,13.4495
1192,GM,"Gambia, The",GDP growth (annual %),2023,5.91679576551141,Sub-Saharan Africa ,Low income,-16.5885,13.4495
1193,GM,"Gambia, The",GDP growth (annual %),2022,5.49299823010114,Sub-Saharan Africa ,Low income,-16.5885,13.4495
1194,GM,"Gambia, The",GDP growth (annual %),2021,5.25596878816744,Sub-Saharan Africa ,Low income,-16.5885,13.4495
1195,GM,"Gambia, The",GDP growth (annual %),2020,0.591487287873974,Sub-Saharan Africa ,Low income,-16.5885,13.4495
1196,GM,"Gambia, The",GDP growth (annual %),2019,6.22205315994859,Sub-Saharan Africa ,Low income,-16.5885,13.4495
1197,GM,"Gambia, The",GDP growth (annual %),2018,7.23489033258579,Sub-Saharan Africa ,Low income,-16.5885,13.4495
1198,GM,"Gambia, The",GDP growth (annual %),2017,4.8226112492757,Sub-Saharan Africa ,Low income,-16.5885,13.4495
1199,GM,"Gambia, The",GDP growth (annual %),2016,1.94335965478776,Sub-Saharan Africa ,Low income,-16.5885,13.4495
1200,GE,Georgia,GDP growth (annual %),2025,7.46161504152039,Europe & Central Asia,Upper middle income,44.793,41.71
1201,GE,Georgia,GDP growth (annual %),2024,9.67979379712661,Europe & Central Asia,Upper middle income,44.793,41.71
1202,GE,Georgia,GDP growth (annual %),2023,7.83220126555726,Europe & Central Asia,Upper middle income,44.793,41.71
1203,GE,Georgia,GDP growth (annual %),2022,10.9585321385624,Europe & Central Asia,Upper middle income,44.793,41.71
1204,GE,Georgia,GDP growth (annual %),2021,10.6442336580969,Europe & Central Asia,Upper middle income,44.793,41.71
1205,GE,Georgia,GDP growth (annual %),2020,-6.2904717853839,Europe & Central Asia,Upper middle income,44.793,41.71
1206,GE,Georgia,GDP growth (annual %),2019,5.38071926589951,Europe & Central Asia,Upper middle income,44.793,41.71
1207,GE,Georgia,GDP growth (annual %),2018,6.062036412677,Europe & Central Asia,Upper middle income,44.793,41.71
1208,GE,Georgia,GDP growth (annual %),2017,5.15990261658827,Europe & Central Asia,Upper middle income,44.793,41.71
1209,GE,Georgia,GDP growth (annual %),2016,3.45021517996871,Europe & Central Asia,Upper middle income,44.793,41.71
1210,DE,Germany,GDP growth (annual %),2025,0.239578342117881,Europe & Central Asia,High income,13.4115,52.5235
1211,DE,Germany,GDP growth (annual %),2024,-0.495851897260366,Europe & Central Asia,High income,13.4115,52.5235
1212,DE,Germany,GDP growth (annual %),2023,-0.869647578573321,Europe & Central Asia,High income,13.4115,52.5235
1213,DE,Germany,GDP growth (annual %),2022,1.8092581243061,Europe & Central Asia,High income,13.4115,52.5235
1214,DE,Germany,GDP growth (annual %),2021,3.90999994204108,Europe & Central Asia,High income,13.4115,52.5235
1215,DE,Germany,GDP growth (annual %),2020,-4.13191443239947,Europe & Central Asia,High income,13.4115,52.5235
1216,DE,Germany,GDP growth (annual %),2019,0.977734697038784,Europe & Central Asia,High income,13.4115,52.5235
1217,DE,Germany,GDP growth (annual %),2018,1.13569604599849,Europe & Central Asia,High income,13.4115,52.5235
1218,DE,Germany,GDP growth (annual %),2017,2.797906720551,Europe & Central Asia,High income,13.4115,52.5235
1219,DE,Germany,GDP growth (annual %),2016,2.22222216259371,Europe & Central Asia,High income,13.4115,52.5235
1220,GH,Ghana,GDP growth (annual %),2025,5.95441714756899,Sub-Saharan Africa ,Lower middle income,-0.20795,5.57045
1221,GH,Ghana,GDP growth (annual %),2024,5.84746854280382,Sub-Saharan Africa ,Lower middle income,-0.20795,5.57045
1222,GH,Ghana,GDP growth (annual %),2023,3.14009100080186,Sub-Saharan Africa ,Lower middle income,-0.20795,5.57045
1223,GH,Ghana,GDP growth (annual %),2022,3.80484978178042,Sub-Saharan Africa ,Lower middle income,-0.20795,5.57045
1224,GH,Ghana,GDP growth (annual %),2021,5.07646643533542,Sub-Saharan Africa ,Lower middle income,-0.20795,5.57045
1225,GH,Ghana,GDP growth (annual %),2020,0.513941670628171,Sub-Saharan Africa ,Lower middle income,-0.20795,5.57045
1226,GH,Ghana,GDP growth (annual %),2019,6.5077747939152,Sub-Saharan Africa ,Lower middle income,-0.20795,5.57045
1227,GH,Ghana,GDP growth (annual %),2018,6.20007768127284,Sub-Saharan Africa ,Lower middle income,-0.20795,5.57045
1228,GH,Ghana,GDP growth (annual %),2017,8.12889488100956,Sub-Saharan Africa ,Lower middle income,-0.20795,5.57045
1229,GH,Ghana,GDP growth (annual %),2016,3.37346574966936,Sub-Saharan Africa ,Lower middle income,-0.20795,5.57045
1230,GI,Gibraltar,GDP growth (annual %),2025,,Europe & Central Asia,High income,,
1231,GI,Gibraltar,GDP growth (annual %),2024,,Europe & Central Asia,High income,,
1232,GI,Gibraltar,GDP growth (annual %),2023,,Europe & Central Asia,High income,,
1233,GI,Gibraltar,GDP growth (annual %),2022,,Europe & Central Asia,High income,,
1234,GI,Gibraltar,GDP growth (annual %),2021,,Europe & Central Asia,High income,,
1235,GI,Gibraltar,GDP growth (annual %),2020,,Europe & Central Asia,High income,,
1236,GI,Gibraltar,GDP growth (annual %),2019,,Europe & Central Asia,High income,,
1237,GI,Gibraltar,GDP growth (annual %),2018,,Europe & Central Asia,High income,,
1238,GI,Gibraltar,GDP growth (annual %),2017,,Europe & Central Asia,High income,,
1239,GI,Gibraltar,GDP growth (annual %),2016,,Europe & Central Asia,High income,,
1240,GR,Greece,GDP growth (annual %),2025,2.07306882481713,Europe & Central Asia,High income,23.7166,37.9792
1241,GR,Greece,GDP growth (annual %),2024,2.0865743380603,Europe & Central Asia,High income,23.7166,37.9792
1242,GR,Greece,GDP growth (annual %),2023,2.13591131996631,Europe & Central Asia,High income,23.7166,37.9792
1243,GR,Greece,GDP growth (annual %),2022,5.52198580589408,Europe & Central Asia,High income,23.7166,37.9792
1244,GR,Greece,GDP growth (annual %),2021,8.65449786002131,Europe & Central Asia,High income,23.7166,37.9792
1245,GR,Greece,GDP growth (annual %),2020,-9.19623149726978,Europe & Central Asia,High income,23.7166,37.9792
1246,GR,Greece,GDP growth (annual %),2019,2.27718065334808,Europe & Central Asia,High income,23.7166,37.9792
1247,GR,Greece,GDP growth (annual %),2018,2.06467207892409,Europe & Central Asia,High income,23.7166,37.9792
1248,GR,Greece,GDP growth (annual %),2017,1.47312472702352,Europe & Central Asia,High income,23.7166,37.9792
1249,GR,Greece,GDP growth (annual %),2016,-0.0317947678412054,Europe & Central Asia,High income,23.7166,37.9792
1250,GL,Greenland,GDP growth (annual %),2025,,Europe & Central Asia,High income,-51.7214,64.1836
1251,GL,Greenland,GDP growth (annual %),2024,,Europe & Central Asia,High income,-51.7214,64.1836
1252,GL,Greenland,GDP growth (annual %),2023,0.865961986998158,Europe & Central Asia,High income,-51.7214,64.1836
1253,GL,Greenland,GDP growth (annual %),2022,2.00455580865604,Europe & Central Asia,High income,-51.7214,64.1836
1254,GL,Greenland,GDP growth (annual %),2021,1.63409410992996,Europe & Central Asia,High income,-51.7214,64.1836
1255,GL,Greenland,GDP growth (annual %),2020,0.250789762104304,Europe & Central Asia,High income,-51.7214,64.1836
1256,GL,Greenland,GDP growth (annual %),2019,2.83217756798683,Europe & Central Asia,High income,-51.7214,64.1836
1257,GL,Greenland,GDP growth (annual %),2018,0.62306542854094,Europe & Central Asia,High income,-51.7214,64.1836
1258,GL,Greenland,GDP growth (annual %),2017,0.0527281828800312,Europe & Central Asia,High income,-51.7214,64.1836
1259,GL,Greenland,GDP growth (annual %),2016,4.68195410972302,Europe & Central Asia,High income,-51.7214,64.1836
1260,GD,Grenada,GDP growth (annual %),2025,4.41201,Latin America & Caribbean ,Upper middle income,-61.7449,12.0653
1261,GD,Grenada,GDP growth (annual %),2024,2.3996478454327,Latin America & Caribbean ,Upper middle income,-61.7449,12.0653
1262,GD,Grenada,GDP growth (annual %),2023,4.52657497450693,Latin America & Caribbean ,Upper middle income,-61.7449,12.0653
1263,GD,Grenada,GDP growth (annual %),2022,7.31023806981959,Latin America & Caribbean ,Upper middle income,-61.7449,12.0653
1264,GD,Grenada,GDP growth (annual %),2021,4.6977240232674,Latin America & Caribbean ,Upper middle income,-61.7449,12.0653
1265,GD,Grenada,GDP growth (annual %),2020,-13.7566222572107,Latin America & Caribbean ,Upper middle income,-61.7449,12.0653
1266,GD,Grenada,GDP growth (annual %),2019,0.676511738873756,Latin America & Caribbean ,Upper middle income,-61.7449,12.0653
1267,GD,Grenada,GDP growth (annual %),2018,4.36144039364797,Latin America & Caribbean ,Upper middle income,-61.7449,12.0653
1268,GD,Grenada,GDP growth (annual %),2017,4.43867566948151,Latin America & Caribbean ,Upper middle income,-61.7449,12.0653
1269,GD,Grenada,GDP growth (annual %),2016,3.7396039558691,Latin America & Caribbean ,Upper middle income,-61.7449,12.0653
1270,GU,Guam,GDP growth (annual %),2025,,East Asia & Pacific,High income,144.794,13.4443
1271,GU,Guam,GDP growth (annual %),2024,,East Asia & Pacific,High income,144.794,13.4443
1272,GU,Guam,GDP growth (annual %),2023,,East Asia & Pacific,High income,144.794,13.4443
1273,GU,Guam,GDP growth (annual %),2022,5.09986426216793,East Asia & Pacific,High income,144.794,13.4443
1274,GU,Guam,GDP growth (annual %),2021,2.0581832574708,East Asia & Pacific,High income,144.794,13.4443
1275,GU,Guam,GDP growth (annual %),2020,-10.5188595714539,East Asia & Pacific,High income,144.794,13.4443
1276,GU,Guam,GDP growth (annual %),2019,2.52360203340596,East Asia & Pacific,High income,144.794,13.4443
1277,GU,Guam,GDP growth (annual %),2018,-0.828231904933389,East Asia & Pacific,High income,144.794,13.4443
1278,GU,Guam,GDP growth (annual %),2017,0.890099909173486,East Asia & Pacific,High income,144.794,13.4443
1279,GU,Guam,GDP growth (annual %),2016,0.18198362147406,East Asia & Pacific,High income,144.794,13.4443
1280,GT,Guatemala,GDP growth (annual %),2025,4.28003207921405,Latin America & Caribbean ,Upper middle income,-90.5328,14.6248
1281,GT,Guatemala,GDP growth (annual %),2024,3.71558453779777,Latin America & Caribbean ,Upper middle income,-90.5328,14.6248
1282,GT,Guatemala,GDP growth (annual %),2023,3.52430434049013,Latin America & Caribbean ,Upper middle income,-90.5328,14.6248
1283,GT,Guatemala,GDP growth (annual %),2022,4.15492196609047,Latin America & Caribbean ,Upper middle income,-90.5328,14.6248
1284,GT,Guatemala,GDP growth (annual %),2021,8.04170398855833,Latin America & Caribbean ,Upper middle income,-90.5328,14.6248
1285,GT,Guatemala,GDP growth (annual %),2020,-1.78555117570465,Latin America & Caribbean ,Upper middle income,-90.5328,14.6248
1286,GT,Guatemala,GDP growth (annual %),2019,4.01789830861587,Latin America & Caribbean ,Upper middle income,-90.5328,14.6248
1287,GT,Guatemala,GDP growth (annual %),2018,3.40687328176345,Latin America & Caribbean ,Upper middle income,-90.5328,14.6248
1288,GT,Guatemala,GDP growth (annual %),2017,3.0798512212244,Latin America & Caribbean ,Upper middle income,-90.5328,14.6248
1289,GT,Guatemala,GDP growth (annual %),2016,2.6778031930216,Latin America & Caribbean ,Upper middle income,-90.5328,14.6248
1290,GN,Guinea,GDP growth (annual %),2025,7.44709668357611,Sub-Saharan Africa ,Lower middle income,-13.7,9.51667
1291,GN,Guinea,GDP growth (annual %),2024,5.35004659049265,Sub-Saharan Africa ,Lower middle income,-13.7,9.51667
1292,GN,Guinea,GDP growth (annual %),2023,5.54172668627702,Sub-Saharan Africa ,Lower middle income,-13.7,9.51667
1293,GN,Guinea,GDP growth (annual %),2022,3.97240784200721,Sub-Saharan Africa ,Lower middle income,-13.7,9.51667
1294,GN,Guinea,GDP growth (annual %),2021,5.5823328114905,Sub-Saharan Africa ,Lower middle income,-13.7,9.51667
1295,GN,Guinea,GDP growth (annual %),2020,4.70459096113575,Sub-Saharan Africa ,Lower middle income,-13.7,9.51667
1296,GN,Guinea,GDP growth (annual %),2019,5.61691446889876,Sub-Saharan Africa ,Lower middle income,-13.7,9.51667
1297,GN,Guinea,GDP growth (annual %),2018,6.35849192736715,Sub-Saharan Africa ,Lower middle income,-13.7,9.51667
1298,GN,Guinea,GDP growth (annual %),2017,10.3000053427355,Sub-Saharan Africa ,Lower middle income,-13.7,9.51667
1299,GN,Guinea,GDP growth (annual %),2016,10.82062719659,Sub-Saharan Africa ,Lower middle income,-13.7,9.51667
1300,GW,Guinea-Bissau,GDP growth (annual %),2025,5.81813762310792,Sub-Saharan Africa ,Low income,-15.1804,11.8037
1301,GW,Guinea-Bissau,GDP growth (annual %),2024,4.40920107183611,Sub-Saharan Africa ,Low income,-15.1804,11.8037
1302,GW,Guinea-Bissau,GDP growth (annual %),2023,4.63052364601562,Sub-Saharan Africa ,Low income,-15.1804,11.8037
1303,GW,Guinea-Bissau,GDP growth (annual %),2022,5.45776090019501,Sub-Saharan Africa ,Low income,-15.1804,11.8037
1304,GW,Guinea-Bissau,GDP growth (annual %),2021,5.0173096003907,Sub-Saharan Africa ,Low income,-15.1804,11.8037
1305,GW,Guinea-Bissau,GDP growth (annual %),2020,2.89149979806913,Sub-Saharan Africa ,Low income,-15.1804,11.8037
1306,GW,Guinea-Bissau,GDP growth (annual %),2019,5.32749571119344,Sub-Saharan Africa ,Low income,-15.1804,11.8037
1307,GW,Guinea-Bissau,GDP growth (annual %),2018,3.76145359637003,Sub-Saharan Africa ,Low income,-15.1804,11.8037
1308,GW,Guinea-Bissau,GDP growth (annual %),2017,4.66367943913264,Sub-Saharan Africa ,Low income,-15.1804,11.8037
1309,GW,Guinea-Bissau,GDP growth (annual %),2016,5.4326782650304,Sub-Saharan Africa ,Low income,-15.1804,11.8037
1310,GY,Guyana,GDP growth (annual %),2025,19.3360097091818,Latin America & Caribbean ,High income,-58.1548,6.80461
1311,GY,Guyana,GDP growth (annual %),2024,43.8192726391966,Latin America & Caribbean ,High income,-58.1548,6.80461
1312,GY,Guyana,GDP growth (annual %),2023,33.795011115873,Latin America & Caribbean ,High income,-58.1548,6.80461
1313,GY,Guyana,GDP growth (annual %),2022,63.3346343654855,Latin America & Caribbean ,High income,-58.1548,6.80461
1314,GY,Guyana,GDP growth (annual %),2021,20.0599975568418,Latin America & Caribbean ,High income,-58.1548,6.80461
1315,GY,Guyana,GDP growth (annual %),2020,43.479651716849,Latin America & Caribbean ,High income,-58.1548,6.80461
1316,GY,Guyana,GDP growth (annual %),2019,5.35284003535665,Latin America & Caribbean ,High income,-58.1548,6.80461
1317,GY,Guyana,GDP growth (annual %),2018,4.44091288475967,Latin America & Caribbean ,High income,-58.1548,6.80461
1318,GY,Guyana,GDP growth (annual %),2017,3.73449154571284,Latin America & Caribbean ,High income,-58.1548,6.80461
1319,GY,Guyana,GDP growth (annual %),2016,3.80745626378814,Latin America & Caribbean ,High income,-58.1548,6.80461
1320,HT,Haiti,GDP growth (annual %),2025,-2.71291075761471,Latin America & Caribbean ,Lower middle income,-72.3288,18.5392
1321,HT,Haiti,GDP growth (annual %),2024,-4.18495104762965,Latin America & Caribbean ,Lower middle income,-72.3288,18.5392
1322,HT,Haiti,GDP growth (annual %),2023,-1.86388420254838,Latin America & Caribbean ,Lower middle income,-72.3288,18.5392
1323,HT,Haiti,GDP growth (annual %),2022,-1.68198396897978,Latin America & Caribbean ,Lower middle income,-72.3288,18.5392
1324,HT,Haiti,GDP growth (annual %),2021,-1.79823988931486,Latin America & Caribbean ,Lower middle income,-72.3288,18.5392
1325,HT,Haiti,GDP growth (annual %),2020,-3.30550546965893,Latin America & Caribbean ,Lower middle income,-72.3288,18.5392
1326,HT,Haiti,GDP growth (annual %),2019,-1.72309699839232,Latin America & Caribbean ,Lower middle income,-72.3288,18.5392
1327,HT,Haiti,GDP growth (annual %),2018,1.66781095484656,Latin America & Caribbean ,Lower middle income,-72.3288,18.5392
1328,HT,Haiti,GDP growth (annual %),2017,2.51027134544685,Latin America & Caribbean ,Lower middle income,-72.3288,18.5392
1329,HT,Haiti,GDP growth (annual %),2016,1.81246807847532,Latin America & Caribbean ,Lower middle income,-72.3288,18.5392
1330,HN,Honduras,GDP growth (annual %),2025,3.75143102801252,Latin America & Caribbean ,Lower middle income,-87.4667,15.1333
1331,HN,Honduras,GDP growth (annual %),2024,3.63240745450875,Latin America & Caribbean ,Lower middle income,-87.4667,15.1333
1332,HN,Honduras,GDP growth (annual %),2023,3.57584760454412,Latin America & Caribbean ,Lower middle income,-87.4667,15.1333
1333,HN,Honduras,GDP growth (annual %),2022,4.14356194013767,Latin America & Caribbean ,Lower middle income,-87.4667,15.1333
1334,HN,Honduras,GDP growth (annual %),2021,12.5652843771279,Latin America & Caribbean ,Lower middle income,-87.4667,15.1333
1335,HN,Honduras,GDP growth (annual %),2020,-8.96508223267296,Latin America & Caribbean ,Lower middle income,-87.4667,15.1333
1336,HN,Honduras,GDP growth (annual %),2019,2.55963434592314,Latin America & Caribbean ,Lower middle income,-87.4667,15.1333
1337,HN,Honduras,GDP growth (annual %),2018,3.84499476966735,Latin America & Caribbean ,Lower middle income,-87.4667,15.1333
1338,HN,Honduras,GDP growth (annual %),2017,4.84291391050387,Latin America & Caribbean ,Lower middle income,-87.4667,15.1333
1339,HN,Honduras,GDP growth (annual %),2016,3.89297219726413,Latin America & Caribbean ,Lower middle income,-87.4667,15.1333
1340,HK,"Hong Kong SAR, China",GDP growth (annual %),2025,3.48764886355949,East Asia & Pacific,High income,114.109,22.3964
1341,HK,"Hong Kong SAR, China",GDP growth (annual %),2024,2.62936861207362,East Asia & Pacific,High income,114.109,22.3964
1342,HK,"Hong Kong SAR, China",GDP growth (annual %),2023,3.15034461759902,East Asia & Pacific,High income,114.109,22.3964
1343,HK,"Hong Kong SAR, China",GDP growth (annual %),2022,-3.68528359281325,East Asia & Pacific,High income,114.109,22.3964
1344,HK,"Hong Kong SAR, China",GDP growth (annual %),2021,6.45443038333934,East Asia & Pacific,High income,114.109,22.3964
1345,HK,"Hong Kong SAR, China",GDP growth (annual %),2020,-6.54479640529367,East Asia & Pacific,High income,114.109,22.3964
1346,HK,"Hong Kong SAR, China",GDP growth (annual %),2019,-1.67242865968056,East Asia & Pacific,High income,114.109,22.3964
1347,HK,"Hong Kong SAR, China",GDP growth (annual %),2018,2.84690922660509,East Asia & Pacific,High income,114.109,22.3964
1348,HK,"Hong Kong SAR, China",GDP growth (annual %),2017,3.79610937243891,East Asia & Pacific,High income,114.109,22.3964
1349,HK,"Hong Kong SAR, China",GDP growth (annual %),2016,2.17544820327555,East Asia & Pacific,High income,114.109,22.3964
1350,HU,Hungary,GDP growth (annual %),2025,0.509542309726868,Europe & Central Asia,High income,19.0408,47.4984
1351,HU,Hungary,GDP growth (annual %),2024,0.709070599066038,Europe & Central Asia,High income,19.0408,47.4984
1352,HU,Hungary,GDP growth (annual %),2023,-0.817107370513455,Europe & Central Asia,High income,19.0408,47.4984
1353,HU,Hungary,GDP growth (annual %),2022,4.15238057779229,Europe & Central Asia,High income,19.0408,47.4984
1354,HU,Hungary,GDP growth (annual %),2021,7.22291580811137,Europe & Central Asia,High income,19.0408,47.4984
1355,HU,Hungary,GDP growth (annual %),2020,-4.33872540024058,Europe & Central Asia,High income,19.0408,47.4984
1356,HU,Hungary,GDP growth (annual %),2019,5.07718495088933,Europe & Central Asia,High income,19.0408,47.4984
1357,HU,Hungary,GDP growth (annual %),2018,5.60613813768876,Europe & Central Asia,High income,19.0408,47.4984
1358,HU,Hungary,GDP growth (annual %),2017,4.12418389451805,Europe & Central Asia,High income,19.0408,47.4984
1359,HU,Hungary,GDP growth (annual %),2016,2.43864141309342,Europe & Central Asia,High income,19.0408,47.4984
1360,IS,Iceland,GDP growth (annual %),2025,1.27946207863934,Europe & Central Asia,High income,-21.8952,64.1353
1361,IS,Iceland,GDP growth (annual %),2024,-1.2828764442695,Europe & Central Asia,High income,-21.8952,64.1353
1362,IS,Iceland,GDP growth (annual %),2023,5.0322597376242,Europe & Central Asia,High income,-21.8952,64.1353
1363,IS,Iceland,GDP growth (annual %),2022,8.85729897856851,Europe & Central Asia,High income,-21.8952,64.1353
1364,IS,Iceland,GDP growth (annual %),2021,5.18057190719905,Europe & Central Asia,High income,-21.8952,64.1353
1365,IS,Iceland,GDP growth (annual %),2020,-6.64587810456635,Europe & Central Asia,High income,-21.8952,64.1353
1366,IS,Iceland,GDP growth (annual %),2019,1.13821227336888,Europe & Central Asia,High income,-21.8952,64.1353
1367,IS,Iceland,GDP growth (annual %),2018,4.66077036232377,Europe & Central Asia,High income,-21.8952,64.1353
1368,IS,Iceland,GDP growth (annual %),2017,3.48506704155555,Europe & Central Asia,High income,-21.8952,64.1353
1369,IS,Iceland,GDP growth (annual %),2016,6.21808764670307,Europe & Central Asia,High income,-21.8952,64.1353
1370,IN,India,GDP growth (annual %),2025,7.56666179284244,South Asia,Lower middle income,77.225,28.6353
1371,IN,India,GDP growth (annual %),2024,7.09927893176518,South Asia,Lower middle income,77.225,28.6353
1372,IN,India,GDP growth (annual %),2023,7.210224629335,South Asia,Lower middle income,77.225,28.6353
1373,IN,India,GDP growth (annual %),2022,7.6093649776932,South Asia,Lower middle income,77.225,28.6353
1374,IN,India,GDP growth (annual %),2021,9.68959249191741,South Asia,Lower middle income,77.225,28.6353
1375,IN,India,GDP growth (annual %),2020,-5.77772470687303,South Asia,Lower middle income,77.225,28.6353
1376,IN,India,GDP growth (annual %),2019,3.87143694070524,South Asia,Lower middle income,77.225,28.6353
1377,IN,India,GDP growth (annual %),2018,6.45385134495295,South Asia,Lower middle income,77.225,28.6353
1378,IN,India,GDP growth (annual %),2017,6.79538341902422,South Asia,Lower middle income,77.225,28.6353
1379,IN,India,GDP growth (annual %),2016,8.25630550176662,South Asia,Lower middle income,77.225,28.6353
1380,ID,Indonesia,GDP growth (annual %),2025,5.10808904438025,East Asia & Pacific,Upper middle income,106.83,-6.19752
1381,ID,Indonesia,GDP growth (annual %),2024,5.03257477088519,East Asia & Pacific,Upper middle income,106.83,-6.19752
1382,ID,Indonesia,GDP growth (annual %),2023,5.04883117855516,East Asia & Pacific,Upper middle income,106.83,-6.19752
1383,ID,Indonesia,GDP growth (annual %),2022,5.30719722664799,East Asia & Pacific,Upper middle income,106.83,-6.19752
1384,ID,Indonesia,GDP growth (annual %),2021,3.70288562827751,East Asia & Pacific,Upper middle income,106.83,-6.19752
1385,ID,Indonesia,GDP growth (annual %),2020,-2.06551182934165,East Asia & Pacific,Upper middle income,106.83,-6.19752
1386,ID,Indonesia,GDP growth (annual %),2019,5.01928768046282,East Asia & Pacific,Upper middle income,106.83,-6.19752
1387,ID,Indonesia,GDP growth (annual %),2018,5.17429153955024,East Asia & Pacific,Upper middle income,106.83,-6.19752
1388,ID,Indonesia,GDP growth (annual %),2017,5.06978590134916,East Asia & Pacific,Upper middle income,106.83,-6.19752
1389,ID,Indonesia,GDP growth (annual %),2016,5.03306918280177,East Asia & Pacific,Upper middle income,106.83,-6.19752
1390,IR,"Iran, Islamic Rep.",GDP growth (annual %),2025,-2.82597163290347,"Middle East, North Africa, Afghanistan & Pakistan",Upper middle income,51.4447,35.6878
1391,IR,"Iran, Islamic Rep.",GDP growth (annual %),2024,3.66312057949303,"Middle East, North Africa, Afghanistan & Pakistan",Upper middle income,51.4447,35.6878
1392,IR,"Iran, Islamic Rep.",GDP growth (annual %),2023,5.33235116079808,"Middle East, North Africa, Afghanistan & Pakistan",Upper middle income,51.4447,35.6878
1393,IR,"Iran, Islamic Rep.",GDP growth (annual %),2022,4.35281087521344,"Middle East, North Africa, Afghanistan & Pakistan",Upper middle income,51.4447,35.6878
1394,IR,"Iran, Islamic Rep.",GDP growth (annual %),2021,4.13089685034471,"Middle East, North Africa, Afghanistan & Pakistan",Upper middle income,51.4447,35.6878
1395,IR,"Iran, Islamic Rep.",GDP growth (annual %),2020,4.44180865358672,"Middle East, North Africa, Afghanistan & Pakistan",Upper middle income,51.4447,35.6878
1396,IR,"Iran, Islamic Rep.",GDP growth (annual %),2019,-2.36143538770575,"Middle East, North Africa, Afghanistan & Pakistan",Upper middle income,51.4447,35.6878
1397,IR,"Iran, Islamic Rep.",GDP growth (annual %),2018,-3.74796015711334,"Middle East, North Africa, Afghanistan & Pakistan",Upper middle income,51.4447,35.6878
1398,IR,"Iran, Islamic Rep.",GDP growth (annual %),2017,3.02685468694025,"Middle East, North Africa, Afghanistan & Pakistan",Upper middle income,51.4447,35.6878
1399,IR,"Iran, Islamic Rep.",GDP growth (annual %),2016,8.8150866425182,"Middle East, North Africa, Afghanistan & Pakistan",Upper middle income,51.4447,35.6878
1400,IQ,Iraq,GDP growth (annual %),2025,-2.15574219066178,"Middle East, North Africa, Afghanistan & Pakistan",Upper middle income,44.394,33.3302
1401,IQ,Iraq,GDP growth (annual %),2024,-1.54525198319173,"Middle East, North Africa, Afghanistan & Pakistan",Upper middle income,44.394,33.3302
1402,IQ,Iraq,GDP growth (annual %),2023,0.517705525140073,"Middle East, North Africa, Afghanistan & Pakistan",Upper middle income,44.394,33.3302
1403,IQ,Iraq,GDP growth (annual %),2022,7.95904804990212,"Middle East, North Africa, Afghanistan & Pakistan",Upper middle income,44.394,33.3302
1404,IQ,Iraq,GDP growth (annual %),2021,1.5021807095434,"Middle East, North Africa, Afghanistan & Pakistan",Upper middle income,44.394,33.3302
1405,IQ,Iraq,GDP growth (annual %),2020,-12.0367930960454,"Middle East, North Africa, Afghanistan & Pakistan",Upper middle income,44.394,33.3302
1406,IQ,Iraq,GDP growth (annual %),2019,5.5137905789381,"Middle East, North Africa, Afghanistan & Pakistan",Upper middle income,44.394,33.3302
1407,IQ,Iraq,GDP growth (annual %),2018,2.63385099105624,"Middle East, North Africa, Afghanistan & Pakistan",Upper middle income,44.394,33.3302
1408,IQ,Iraq,GDP growth (annual %),2017,-1.81975035118309,"Middle East, North Africa, Afghanistan & Pakistan",Upper middle income,44.394,33.3302
1409,IQ,Iraq,GDP growth (annual %),2016,13.7873730187089,"Middle East, North Africa, Afghanistan & Pakistan",Upper middle income,44.394,33.3302
1410,IE,Ireland,GDP growth (annual %),2025,12.3375990291434,Europe & Central Asia,High income,-6.26749,53.3441
1411,IE,Ireland,GDP growth (annual %),2024,2.59946721553708,Europe & Central Asia,High income,-6.26749,53.3441
1412,IE,Ireland,GDP growth (annual %),2023,-2.53637409313261,Europe & Central Asia,High income,-6.26749,53.3441
1413,IE,Ireland,GDP growth (annual %),2022,7.51113888415304,Europe & Central Asia,High income,-6.26749,53.3441
1414,IE,Ireland,GDP growth (annual %),2021,16.2581881158197,Europe & Central Asia,High income,-6.26749,53.3441
1415,IE,Ireland,GDP growth (annual %),2020,7.15369505735335,Europe & Central Asia,High income,-6.26749,53.3441
1416,IE,Ireland,GDP growth (annual %),2019,4.97288003766816,Europe & Central Asia,High income,-6.26749,53.3441
1417,IE,Ireland,GDP growth (annual %),2018,7.68865937437435,Europe & Central Asia,High income,-6.26749,53.3441
1418,IE,Ireland,GDP growth (annual %),2017,10.1088576065965,Europe & Central Asia,High income,-6.26749,53.3441
1419,IE,Ireland,GDP growth (annual %),2016,1.22271661130947,Europe & Central Asia,High income,-6.26749,53.3441
1420,IM,Isle of Man,GDP growth (annual %),2025,,Europe & Central Asia,High income,-4.47928,54.1509
1421,IM,Isle of Man,GDP growth (annual %),2024,,Europe & Central Asia,High income,-4.47928,54.1509
1422,IM,Isle of Man,GDP growth (annual %),2023,-2.03524496955581,Europe & Central Asia,High income,-4.47928,54.1509
1423,IM,Isle of Man,GDP growth (annual %),2022,-4.16847722466753,Europe & Central Asia,High income,-4.47928,54.1509
1424,IM,Isle of Man,GDP growth (annual %),2021,3.83783632334639,Europe & Central Asia,High income,-4.47928,54.1509
1425,IM,Isle of Man,GDP growth (annual %),2020,-8.83681697473475,Europe & Central Asia,High income,-4.47928,54.1509
1426,IM,Isle of Man,GDP growth (annual %),2019,0.254877847398262,Europe & Central Asia,High income,-4.47928,54.1509
1427,IM,Isle of Man,GDP growth (annual %),2018,2.2133975392251,Europe & Central Asia,High income,-4.47928,54.1509
1428,IM,Isle of Man,GDP growth (annual %),2017,2.83775807093689,Europe & Central Asia,High income,-4.47928,54.1509
1429,IM,Isle of Man,GDP growth (annual %),2016,6.95230284899407,Europe & Central Asia,High income,-4.47928,54.1509
1430,IL,Israel,GDP growth (annual %),2025,2.93114966387968,"Middle East, North Africa, Afghanistan & Pakistan",High income,35.2035,31.7717
1431,IL,Israel,GDP growth (annual %),2024,0.953618469238535,"Middle East, North Africa, Afghanistan & Pakistan",High income,35.2035,31.7717
1432,IL,Israel,GDP growth (annual %),2023,2.06272504731618,"Middle East, North Africa, Afghanistan & Pakistan",High income,35.2035,31.7717
1433,IL,Israel,GDP growth (annual %),2022,6.36407234798706,"Middle East, North Africa, Afghanistan & Pakistan",High income,35.2035,31.7717
1434,IL,Israel,GDP growth (annual %),2021,9.33534690236249,"Middle East, North Africa, Afghanistan & Pakistan",High income,35.2035,31.7717
1435,IL,Israel,GDP growth (annual %),2020,-1.80206927953466,"Middle East, North Africa, Afghanistan & Pakistan",High income,35.2035,31.7717
1436,IL,Israel,GDP growth (annual %),2019,3.57898762923605,"Middle East, North Africa, Afghanistan & Pakistan",High income,35.2035,31.7717
1437,IL,Israel,GDP growth (annual %),2018,4.05349952888294,"Middle East, North Africa, Afghanistan & Pakistan",High income,35.2035,31.7717
1438,IL,Israel,GDP growth (annual %),2017,4.34394518932547,"Middle East, North Africa, Afghanistan & Pakistan",High income,35.2035,31.7717
1439,IL,Israel,GDP growth (annual %),2016,4.53601939236572,"Middle East, North Africa, Afghanistan & Pakistan",High income,35.2035,31.7717
1440,IT,Italy,GDP growth (annual %),2025,0.539583636778445,Europe & Central Asia,High income,12.4823,41.8955
1441,IT,Italy,GDP growth (annual %),2024,0.783039135276795,Europe & Central Asia,High income,12.4823,41.8955
1442,IT,Italy,GDP growth (annual %),2023,0.922796543670316,Europe & Central Asia,High income,12.4823,41.8955
1443,IT,Italy,GDP growth (annual %),2022,4.82117669913565,Europe & Central Asia,High income,12.4823,41.8955
1444,IT,Italy,GDP growth (annual %),2021,8.93106210800055,Europe & Central Asia,High income,12.4823,41.8955
1445,IT,Italy,GDP growth (annual %),2020,-8.86822122185345,Europe & Central Asia,High income,12.4823,41.8955
1446,IT,Italy,GDP growth (annual %),2019,0.429162533780342,Europe & Central Asia,High income,12.4823,41.8955
1447,IT,Italy,GDP growth (annual %),2018,0.826646712344115,Europe & Central Asia,High income,12.4823,41.8955
1448,IT,Italy,GDP growth (annual %),2017,1.60369995294101,Europe & Central Asia,High income,12.4823,41.8955
1449,IT,Italy,GDP growth (annual %),2016,1.23622108511661,Europe & Central Asia,High income,12.4823,41.8955
1450,JM,Jamaica,GDP growth (annual %),2025,0.0816454877745656,Latin America & Caribbean ,Upper middle income,-76.792,17.9927
1451,JM,Jamaica,GDP growth (annual %),2024,-0.535039063867487,Latin America & Caribbean ,Upper middle income,-76.792,17.9927
1452,JM,Jamaica,GDP growth (annual %),2023,2.74634433906714,Latin America & Caribbean ,Upper middle income,-76.792,17.9927
1453,JM,Jamaica,GDP growth (annual %),2022,6.43930323656186,Latin America & Caribbean ,Upper middle income,-76.792,17.9927
1454,JM,Jamaica,GDP growth (annual %),2021,5.70467978309095,Latin America & Caribbean ,Upper middle income,-76.792,17.9927
1455,JM,Jamaica,GDP growth (annual %),2020,-8.30441923583135,Latin America & Caribbean ,Upper middle income,-76.792,17.9927
1456,JM,Jamaica,GDP growth (annual %),2019,1.80943147301357,Latin America & Caribbean ,Upper middle income,-76.792,17.9927
1457,JM,Jamaica,GDP growth (annual %),2018,2.51584458612513,Latin America & Caribbean ,Upper middle income,-76.792,17.9927
1458,JM,Jamaica,GDP growth (annual %),2017,2.29303371291363,Latin America & Caribbean ,Upper middle income,-76.792,17.9927
1459,JM,Jamaica,GDP growth (annual %),2016,2.76043761369557,Latin America & Caribbean ,Upper middle income,-76.792,17.9927
1460,JP,Japan,GDP growth (annual %),2025,1.19311288444599,East Asia & Pacific,High income,139.77,35.67
1461,JP,Japan,GDP growth (annual %),2024,-0.240084236041696,East Asia & Pacific,High income,139.77,35.67
1462,JP,Japan,GDP growth (annual %),2023,0.720785304749811,East Asia & Pacific,High income,139.77,35.67
1463,JP,Japan,GDP growth (annual %),2022,1.33164750653741,East Asia & Pacific,High income,139.77,35.67
1464,JP,Japan,GDP growth (annual %),2021,3.56419531474475,East Asia & Pacific,High income,139.77,35.67
1465,JP,Japan,GDP growth (annual %),2020,-4.28327942675573,East Asia & Pacific,High income,139.77,35.67
1466,JP,Japan,GDP growth (annual %),2019,-0.308496921143259,East Asia & Pacific,High income,139.77,35.67
1467,JP,Japan,GDP growth (annual %),2018,0.834143845965585,East Asia & Pacific,High income,139.77,35.67
1468,JP,Japan,GDP growth (annual %),2017,1.62345062245441,East Asia & Pacific,High income,139.77,35.67
1469,JP,Japan,GDP growth (annual %),2016,0.704986495111257,East Asia & Pacific,High income,139.77,35.67
1470,JO,Jordan,GDP growth (annual %),2025,2.82660839845745,"Middle East, North Africa, Afghanistan & Pakistan",Upper middle income,35.9263,31.9497
1471,JO,Jordan,GDP growth (annual %),2024,2.55605891810194,"Middle East, North Africa, Afghanistan & Pakistan",Upper middle income,35.9263,31.9497
1472,JO,Jordan,GDP growth (annual %),2023,3.12900102017251,"Middle East, North Africa, Afghanistan & Pakistan",Upper middle income,35.9263,31.9497
1473,JO,Jordan,GDP growth (annual %),2022,2.7468615450031,"Middle East, North Africa, Afghanistan & Pakistan",Upper middle income,35.9263,31.9497
1474,JO,Jordan,GDP growth (annual %),2021,3.75201276755828,"Middle East, North Africa, Afghanistan & Pakistan",Upper middle income,35.9263,31.9497
1475,JO,Jordan,GDP growth (annual %),2020,-1.15257534158022,"Middle East, North Africa, Afghanistan & Pakistan",Upper middle income,35.9263,31.9497
1476,JO,Jordan,GDP growth (annual %),2019,1.85633006592765,"Middle East, North Africa, Afghanistan & Pakistan",Upper middle income,35.9263,31.9497
1477,JO,Jordan,GDP growth (annual %),2018,1.85383415616927,"Middle East, North Africa, Afghanistan & Pakistan",Upper middle income,35.9263,31.9497
1478,JO,Jordan,GDP growth (annual %),2017,2.50770398070352,"Middle East, North Africa, Afghanistan & Pakistan",Upper middle income,35.9263,31.9497
1479,JO,Jordan,GDP growth (annual %),2016,2.11166806967252,"Middle East, North Africa, Afghanistan & Pakistan",Upper middle income,35.9263,31.9497
1480,KZ,Kazakhstan,GDP growth (annual %),2025,6.5,Europe & Central Asia,Upper middle income,71.4382,51.1879
1481,KZ,Kazakhstan,GDP growth (annual %),2024,4.99999999996936,Europe & Central Asia,Upper middle income,71.4382,51.1879
1482,KZ,Kazakhstan,GDP growth (annual %),2023,5.09999999973641,Europe & Central Asia,Upper middle income,71.4382,51.1879
1483,KZ,Kazakhstan,GDP growth (annual %),2022,3.19999999970734,Europe & Central Asia,Upper middle income,71.4382,51.1879
1484,KZ,Kazakhstan,GDP growth (annual %),2021,4.29999999729456,Europe & Central Asia,Upper middle income,71.4382,51.1879
1485,KZ,Kazakhstan,GDP growth (annual %),2020,-2.49999999628,Europe & Central Asia,Upper middle income,71.4382,51.1879
1486,KZ,Kazakhstan,GDP growth (annual %),2019,4.50000000091883,Europe & Central Asia,Upper middle income,71.4382,51.1879
1487,KZ,Kazakhstan,GDP growth (annual %),2018,4.09999999309841,Europe & Central Asia,Upper middle income,71.4382,51.1879
1488,KZ,Kazakhstan,GDP growth (annual %),2017,4.10000000257358,Europe & Central Asia,Upper middle income,71.4382,51.1879
1489,KZ,Kazakhstan,GDP growth (annual %),2016,1.09999999910173,Europe & Central Asia,Upper middle income,71.4382,51.1879
1490,KE,Kenya,GDP growth (annual %),2025,4.63261093844984,Sub-Saharan Africa ,Lower middle income,36.8126,-1.27975
1491,KE,Kenya,GDP growth (annual %),2024,4.66019594571891,Sub-Saharan Africa ,Lower middle income,36.8126,-1.27975
1492,KE,Kenya,GDP growth (annual %),2023,5.71999241214208,Sub-Saharan Africa ,Lower middle income,36.8126,-1.27975
1493,KE,Kenya,GDP growth (annual %),2022,4.85998104287999,Sub-Saharan Africa ,Lower middle income,36.8126,-1.27975
1494,KE,Kenya,GDP growth (annual %),2021,7.59048947333467,Sub-Saharan Africa ,Lower middle income,36.8126,-1.27975
1495,KE,Kenya,GDP growth (annual %),2020,-0.272766327438816,Sub-Saharan Africa ,Lower middle income,36.8126,-1.27975
1496,KE,Kenya,GDP growth (annual %),2019,5.11415885767801,Sub-Saharan Africa ,Lower middle income,36.8126,-1.27975
1497,KE,Kenya,GDP growth (annual %),2018,5.64794640709219,Sub-Saharan Africa ,Lower middle income,36.8126,-1.27975
1498,KE,Kenya,GDP growth (annual %),2017,3.83795817364721,Sub-Saharan Africa ,Lower middle income,36.8126,-1.27975
1499,KE,Kenya,GDP growth (annual %),2016,4.21351706814744,Sub-Saharan Africa ,Lower middle income,36.8126,-1.27975
1500,KI,Kiribati,GDP growth (annual %),2025,4.22163588390501,East Asia & Pacific,Lower middle income,172.979,1.32905
1501,KI,Kiribati,GDP growth (annual %),2024,4.69613259668509,East Asia & Pacific,Lower middle income,172.979,1.32905
1502,KI,Kiribati,GDP growth (annual %),2023,3.13390313390313,East Asia & Pacific,Lower middle income,172.979,1.32905
1503,KI,Kiribati,GDP growth (annual %),2022,5.08982035928143,East Asia & Pacific,Lower middle income,172.979,1.32905
1504,KI,Kiribati,GDP growth (annual %),2021,8.44155844155846,East Asia & Pacific,Lower middle income,172.979,1.32905
1505,KI,Kiribati,GDP growth (annual %),2020,-1.28205128205127,East Asia & Pacific,Lower middle income,172.979,1.32905
1506,KI,Kiribati,GDP growth (annual %),2019,3.31125827814569,East Asia & Pacific,Lower middle income,172.979,1.32905
1507,KI,Kiribati,GDP growth (annual %),2018,3.42465753424656,East Asia & Pacific,Lower middle income,172.979,1.32905
1508,KI,Kiribati,GDP growth (annual %),2017,3.71200171622053,East Asia & Pacific,Lower middle income,172.979,1.32905
1509,KI,Kiribati,GDP growth (annual %),2016,7.08803465778669,East Asia & Pacific,Lower middle income,172.979,1.32905
1510,KP,"Korea, Dem. People's Rep.",GDP growth (annual %),2025,,East Asia & Pacific,Low income,125.754,39.0319
1511,KP,"Korea, Dem. People's Rep.",GDP growth (annual %),2024,,East Asia & Pacific,Low income,125.754,39.0319
1512,KP,"Korea, Dem. People's Rep.",GDP growth (annual %),2023,,East Asia & Pacific,Low income,125.754,39.0319
1513,KP,"Korea, Dem. People's Rep.",GDP growth (annual %),2022,,East Asia & Pacific,Low income,125.754,39.0319
1514,KP,"Korea, Dem. People's Rep.",GDP growth (annual %),2021,,East Asia & Pacific,Low income,125.754,39.0319
1515,KP,"Korea, Dem. People's Rep.",GDP growth (annual %),2020,,East Asia & Pacific,Low income,125.754,39.0319
1516,KP,"Korea, Dem. People's Rep.",GDP growth (annual %),2019,,East Asia & Pacific,Low income,125.754,39.0319
1517,KP,"Korea, Dem. People's Rep.",GDP growth (annual %),2018,,East Asia & Pacific,Low income,125.754,39.0319
1518,KP,"Korea, Dem. People's Rep.",GDP growth (annual %),2017,,East Asia & Pacific,Low income,125.754,39.0319
1519,KP,"Korea, Dem. People's Rep.",GDP growth (annual %),2016,,East Asia & Pacific,Low income,125.754,39.0319
1520,KR,"Korea, Rep.",GDP growth (annual %),2025,1.00701840291242,East Asia & Pacific,High income,126.957,37.5323
1521,KR,"Korea, Rep.",GDP growth (annual %),2024,2.00361101838986,East Asia & Pacific,High income,126.957,37.5323
1522,KR,"Korea, Rep.",GDP growth (annual %),2023,1.58301467403629,East Asia & Pacific,High income,126.957,37.5323
1523,KR,"Korea, Rep.",GDP growth (annual %),2022,2.72756456708991,East Asia & Pacific,High income,126.957,37.5323
1524,KR,"Korea, Rep.",GDP growth (annual %),2021,4.61296795454287,East Asia & Pacific,High income,126.957,37.5323
1525,KR,"Korea, Rep.",GDP growth (annual %),2020,-0.700242317542106,East Asia & Pacific,High income,126.957,37.5323
1526,KR,"Korea, Rep.",GDP growth (annual %),2019,2.31380210595475,East Asia & Pacific,High income,126.957,37.5323
1527,KR,"Korea, Rep.",GDP growth (annual %),2018,3.17611568177327,East Asia & Pacific,High income,126.957,37.5323
1528,KR,"Korea, Rep.",GDP growth (annual %),2017,3.433191763972,East Asia & Pacific,High income,126.957,37.5323
1529,KR,"Korea, Rep.",GDP growth (annual %),2016,3.17152748983935,East Asia & Pacific,High income,126.957,37.5323
1530,XK,Kosovo,GDP growth (annual %),2025,3.59217142544483,Europe & Central Asia,Upper middle income,20.926,42.565
1531,XK,Kosovo,GDP growth (annual %),2024,4.5730971681166,Europe & Central Asia,Upper middle income,20.926,42.565
1532,XK,Kosovo,GDP growth (annual %),2023,4.06762701436438,Europe & Central Asia,Upper middle income,20.926,42.565
1533,XK,Kosovo,GDP growth (annual %),2022,4.27849895827543,Europe & Central Asia,Upper middle income,20.926,42.565
1534,XK,Kosovo,GDP growth (annual %),2021,10.7456560819583,Europe & Central Asia,Upper middle income,20.926,42.565
1535,XK,Kosovo,GDP growth (annual %),2020,-5.34027547826166,Europe & Central Asia,Upper middle income,20.926,42.565
1536,XK,Kosovo,GDP growth (annual %),2019,4.75680057007834,Europe & Central Asia,Upper middle income,20.926,42.565
1537,XK,Kosovo,GDP growth (annual %),2018,3.40663227056285,Europe & Central Asia,Upper middle income,20.926,42.565
1538,XK,Kosovo,GDP growth (annual %),2017,4.82565565298054,Europe & Central Asia,Upper middle income,20.926,42.565
1539,XK,Kosovo,GDP growth (annual %),2016,5.57177504731632,Europe & Central Asia,Upper middle income,20.926,42.565
1540,KW,Kuwait,GDP growth (annual %),2025,2.731825804492,"Middle East, North Africa, Afghanistan & Pakistan",High income,47.9824,29.3721
1541,KW,Kuwait,GDP growth (annual %),2024,-1.47401818168846,"Middle East, North Africa, Afghanistan & Pakistan",High income,47.9824,29.3721
1542,KW,Kuwait,GDP growth (annual %),2023,-1.64087799968877,"Middle East, North Africa, Afghanistan & Pakistan",High income,47.9824,29.3721
1543,KW,Kuwait,GDP growth (annual %),2022,6.75866711966617,"Middle East, North Africa, Afghanistan & Pakistan",High income,47.9824,29.3721
1544,KW,Kuwait,GDP growth (annual %),2021,1.67213054307859,"Middle East, North Africa, Afghanistan & Pakistan",High income,47.9824,29.3721
1545,KW,Kuwait,GDP growth (annual %),2020,-4.81731593381585,"Middle East, North Africa, Afghanistan & Pakistan",High income,47.9824,29.3721
1546,KW,Kuwait,GDP growth (annual %),2019,2.26381706595791,"Middle East, North Africa, Afghanistan & Pakistan",High income,47.9824,29.3721
1547,KW,Kuwait,GDP growth (annual %),2018,2.74333045031415,"Middle East, North Africa, Afghanistan & Pakistan",High income,47.9824,29.3721
1548,KW,Kuwait,GDP growth (annual %),2017,-4.71222270495362,"Middle East, North Africa, Afghanistan & Pakistan",High income,47.9824,29.3721
1549,KW,Kuwait,GDP growth (annual %),2016,2.92607584256388,"Middle East, North Africa, Afghanistan & Pakistan",High income,47.9824,29.3721
1550,KG,Kyrgyz Republic,GDP growth (annual %),2025,11.0960203357132,Europe & Central Asia,Lower middle income,74.6057,42.8851
1551,KG,Kyrgyz Republic,GDP growth (annual %),2024,11.5397119406559,Europe & Central Asia,Lower middle income,74.6057,42.8851
1552,KG,Kyrgyz Republic,GDP growth (annual %),2023,9.0132928339342,Europe & Central Asia,Lower middle income,74.6057,42.8851
1553,KG,Kyrgyz Republic,GDP growth (annual %),2022,8.96750520041391,Europe & Central Asia,Lower middle income,74.6057,42.8851
1554,KG,Kyrgyz Republic,GDP growth (annual %),2021,5.50700762671923,Europe & Central Asia,Lower middle income,74.6057,42.8851
1555,KG,Kyrgyz Republic,GDP growth (annual %),2020,-7.14897757727955,Europe & Central Asia,Lower middle income,74.6057,42.8851
1556,KG,Kyrgyz Republic,GDP growth (annual %),2019,4.60062565707598,Europe & Central Asia,Lower middle income,74.6057,42.8851
1557,KG,Kyrgyz Republic,GDP growth (annual %),2018,3.75791013557165,Europe & Central Asia,Lower middle income,74.6057,42.8851
1558,KG,Kyrgyz Republic,GDP growth (annual %),2017,4.73993722377884,Europe & Central Asia,Lower middle income,74.6057,42.8851
1559,KG,Kyrgyz Republic,GDP growth (annual %),2016,4.33585592190116,Europe & Central Asia,Lower middle income,74.6057,42.8851
1560,LA,Lao PDR,GDP growth (annual %),2025,4.53760564766725,East Asia & Pacific,Lower middle income,102.177,18.5826
1561,LA,Lao PDR,GDP growth (annual %),2024,4.13019264438475,East Asia & Pacific,Lower middle income,102.177,18.5826
1562,LA,Lao PDR,GDP growth (annual %),2023,3.74568140158232,East Asia & Pacific,Lower middle income,102.177,18.5826
1563,LA,Lao PDR,GDP growth (annual %),2022,2.70742652643155,East Asia & Pacific,Lower middle income,102.177,18.5826
1564,LA,Lao PDR,GDP growth (annual %),2021,2.52835100486102,East Asia & Pacific,Lower middle income,102.177,18.5826
1565,LA,Lao PDR,GDP growth (annual %),2020,0.503031829018681,East Asia & Pacific,Lower middle income,102.177,18.5826
1566,LA,Lao PDR,GDP growth (annual %),2019,5.4577350924848,East Asia & Pacific,Lower middle income,102.177,18.5826
1567,LA,Lao PDR,GDP growth (annual %),2018,6.24796000755872,East Asia & Pacific,Lower middle income,102.177,18.5826
1568,LA,Lao PDR,GDP growth (annual %),2017,6.8925308726989,East Asia & Pacific,Lower middle income,102.177,18.5826
1569,LA,Lao PDR,GDP growth (annual %),2016,7.02283625501138,East Asia & Pacific,Lower middle income,102.177,18.5826
1570,LV,Latvia,GDP growth (annual %),2025,2.13786855731288,Europe & Central Asia,High income,24.1048,56.9465
1571,LV,Latvia,GDP growth (annual %),2024,-0.0370556648288982,Europe & Central Asia,High income,24.1048,56.9465
1572,LV,Latvia,GDP growth (annual %),2023,-0.941606068823631,Europe & Central Asia,High income,24.1048,56.9465
1573,LV,Latvia,GDP growth (annual %),2022,1.90853419029801,Europe & Central Asia,High income,24.1048,56.9465
1574,LV,Latvia,GDP growth (annual %),2021,6.94254173062592,Europe & Central Asia,High income,24.1048,56.9465
1575,LV,Latvia,GDP growth (annual %),2020,-3.46922750780554,Europe & Central Asia,High income,24.1048,56.9465
1576,LV,Latvia,GDP growth (annual %),2019,0.675372771884227,Europe & Central Asia,High income,24.1048,56.9465
1577,LV,Latvia,GDP growth (annual %),2018,4.30971286294503,Europe & Central Asia,High income,24.1048,56.9465
1578,LV,Latvia,GDP growth (annual %),2017,3.39894872623931,Europe & Central Asia,High income,24.1048,56.9465
1579,LV,Latvia,GDP growth (annual %),2016,2.55168601974034,Europe & Central Asia,High income,24.1048,56.9465
1580,LB,Lebanon,GDP growth (annual %),2025,,"Middle East, North Africa, Afghanistan & Pakistan",Lower middle income,35.5134,33.8872
1581,LB,Lebanon,GDP growth (annual %),2024,-7.07989192861814,"Middle East, North Africa, Afghanistan & Pakistan",Lower middle income,35.5134,33.8872
1582,LB,Lebanon,GDP growth (annual %),2023,-0.760584470257314,"Middle East, North Africa, Afghanistan & Pakistan",Lower middle income,35.5134,33.8872
1583,LB,Lebanon,GDP growth (annual %),2022,-0.621678970663112,"Middle East, North Africa, Afghanistan & Pakistan",Lower middle income,35.5134,33.8872
1584,LB,Lebanon,GDP growth (annual %),2021,-7.00123862514116,"Middle East, North Africa, Afghanistan & Pakistan",Lower middle income,35.5134,33.8872
1585,LB,Lebanon,GDP growth (annual %),2020,-21.3998996914321,"Middle East, North Africa, Afghanistan & Pakistan",Lower middle income,35.5134,33.8872
1586,LB,Lebanon,GDP growth (annual %),2019,-6.91492472851026,"Middle East, North Africa, Afghanistan & Pakistan",Lower middle income,35.5134,33.8872
1587,LB,Lebanon,GDP growth (annual %),2018,-1.88470575631651,"Middle East, North Africa, Afghanistan & Pakistan",Lower middle income,35.5134,33.8872
1588,LB,Lebanon,GDP growth (annual %),2017,0.903028464073813,"Middle East, North Africa, Afghanistan & Pakistan",Lower middle income,35.5134,33.8872
1589,LB,Lebanon,GDP growth (annual %),2016,1.55454940856943,"Middle East, North Africa, Afghanistan & Pakistan",Lower middle income,35.5134,33.8872
1590,LS,Lesotho,GDP growth (annual %),2025,1.98256080770996,Sub-Saharan Africa ,Lower middle income,27.7167,-29.5208
1591,LS,Lesotho,GDP growth (annual %),2024,5.22503380336101,Sub-Saharan Africa ,Lower middle income,27.7167,-29.5208
1592,LS,Lesotho,GDP growth (annual %),2023,1.69433177608774,Sub-Saharan Africa ,Lower middle income,27.7167,-29.5208
1593,LS,Lesotho,GDP growth (annual %),2022,2.38778020186284,Sub-Saharan Africa ,Lower middle income,27.7167,-29.5208
1594,LS,Lesotho,GDP growth (annual %),2021,2.26670961833291,Sub-Saharan Africa ,Lower middle income,27.7167,-29.5208
1595,LS,Lesotho,GDP growth (annual %),2020,-8.15595785459911,Sub-Saharan Africa ,Lower middle income,27.7167,-29.5208
1596,LS,Lesotho,GDP growth (annual %),2019,-1.41799383085205,Sub-Saharan Africa ,Lower middle income,27.7167,-29.5208
1597,LS,Lesotho,GDP growth (annual %),2018,-1.48063315848241,Sub-Saharan Africa ,Lower middle income,27.7167,-29.5208
1598,LS,Lesotho,GDP growth (annual %),2017,-3.13817493733471,Sub-Saharan Africa ,Lower middle income,27.7167,-29.5208
1599,LS,Lesotho,GDP growth (annual %),2016,3.60890731687714,Sub-Saharan Africa ,Lower middle income,27.7167,-29.5208
1600,LR,Liberia,GDP growth (annual %),2025,5.01656107992214,Sub-Saharan Africa ,Low income,-10.7957,6.30039
1601,LR,Liberia,GDP growth (annual %),2024,4.02185464964835,Sub-Saharan Africa ,Low income,-10.7957,6.30039
1602,LR,Liberia,GDP growth (annual %),2023,4.68375688761311,Sub-Saharan Africa ,Low income,-10.7957,6.30039
1603,LR,Liberia,GDP growth (annual %),2022,4.80810517290655,Sub-Saharan Africa ,Low income,-10.7957,6.30039
1604,LR,Liberia,GDP growth (annual %),2021,4.98671283481617,Sub-Saharan Africa ,Low income,-10.7957,6.30039
1605,LR,Liberia,GDP growth (annual %),2020,-2.98249127649473,Sub-Saharan Africa ,Low income,-10.7957,6.30039
1606,LR,Liberia,GDP growth (annual %),2019,-2.46729763532686,Sub-Saharan Africa ,Low income,-10.7957,6.30039
1607,LR,Liberia,GDP growth (annual %),2018,1.15757512207355,Sub-Saharan Africa ,Low income,-10.7957,6.30039
1608,LR,Liberia,GDP growth (annual %),2017,2.45515592012239,Sub-Saharan Africa ,Low income,-10.7957,6.30039
1609,LR,Liberia,GDP growth (annual %),2016,-1.5549586174878,Sub-Saharan Africa ,Low income,-10.7957,6.30039
1610,LY,Libya,GDP growth (annual %),2025,13.3717080516958,"Middle East, North Africa, Afghanistan & Pakistan",Upper middle income,13.1072,32.8578
1611,LY,Libya,GDP growth (annual %),2024,1.89995052025442,"Middle East, North Africa, Afghanistan & Pakistan",Upper middle income,13.1072,32.8578
1612,LY,Libya,GDP growth (annual %),2023,10.2000497852517,"Middle East, North Africa, Afghanistan & Pakistan",Upper middle income,13.1072,32.8578
1613,LY,Libya,GDP growth (annual %),2022,-8.29981811198795,"Middle East, North Africa, Afghanistan & Pakistan",Upper middle income,13.1072,32.8578
1614,LY,Libya,GDP growth (annual %),2021,28.2996823429147,"Middle East, North Africa, Afghanistan & Pakistan",Upper middle income,13.1072,32.8578
1615,LY,Libya,GDP growth (annual %),2020,-29.4552967282824,"Middle East, North Africa, Afghanistan & Pakistan",Upper middle income,13.1072,32.8578
1616,LY,Libya,GDP growth (annual %),2019,-11.1960828853386,"Middle East, North Africa, Afghanistan & Pakistan",Upper middle income,13.1072,32.8578
1617,LY,Libya,GDP growth (annual %),2018,7.9413678529104,"Middle East, North Africa, Afghanistan & Pakistan",Upper middle income,13.1072,32.8578
1618,LY,Libya,GDP growth (annual %),2017,32.4918021862688,"Middle East, North Africa, Afghanistan & Pakistan",Upper middle income,13.1072,32.8578
1619,LY,Libya,GDP growth (annual %),2016,-1.4909411172622,"Middle East, North Africa, Afghanistan & Pakistan",Upper middle income,13.1072,32.8578
1620,LI,Liechtenstein,GDP growth (annual %),2025,,Europe & Central Asia,High income,9.52148,47.1411
1621,LI,Liechtenstein,GDP growth (annual %),2024,,Europe & Central Asia,High income,9.52148,47.1411
1622,LI,Liechtenstein,GDP growth (annual %),2023,,Europe & Central Asia,High income,9.52148,47.1411
1623,LI,Liechtenstein,GDP growth (annual %),2022,,Europe & Central Asia,High income,9.52148,47.1411
1624,LI,Liechtenstein,GDP growth (annual %),2021,,Europe & Central Asia,High income,9.52148,47.1411
1625,LI,Liechtenstein,GDP growth (annual %),2020,,Europe & Central Asia,High income,9.52148,47.1411
1626,LI,Liechtenstein,GDP growth (annual %),2019,,Europe & Central Asia,High income,9.52148,47.1411
1627,LI,Liechtenstein,GDP growth (annual %),2018,,Europe & Central Asia,High income,9.52148,47.1411
1628,LI,Liechtenstein,GDP growth (annual %),2017,,Europe & Central Asia,High income,9.52148,47.1411
1629,LI,Liechtenstein,GDP growth (annual %),2016,,Europe & Central Asia,High income,9.52148,47.1411
1630,LT,Lithuania,GDP growth (annual %),2025,2.92007656461696,Europe & Central Asia,High income,25.2799,54.6896
1631,LT,Lithuania,GDP growth (annual %),2024,3.03019543767596,Europe & Central Asia,High income,25.2799,54.6896
1632,LT,Lithuania,GDP growth (annual %),2023,0.739537398185803,Europe & Central Asia,High income,25.2799,54.6896
1633,LT,Lithuania,GDP growth (annual %),2022,2.46532013155011,Europe & Central Asia,High income,25.2799,54.6896
1634,LT,Lithuania,GDP growth (annual %),2021,6.39481772930206,Europe & Central Asia,High income,25.2799,54.6896
1635,LT,Lithuania,GDP growth (annual %),2020,0.0428158336981426,Europe & Central Asia,High income,25.2799,54.6896
1636,LT,Lithuania,GDP growth (annual %),2019,4.67735183530451,Europe & Central Asia,High income,25.2799,54.6896
1637,LT,Lithuania,GDP growth (annual %),2018,4.91836780106811,Europe & Central Asia,High income,25.2799,54.6896
1638,LT,Lithuania,GDP growth (annual %),2017,4.61224310312809,Europe & Central Asia,High income,25.2799,54.6896
1639,LT,Lithuania,GDP growth (annual %),2016,2.67192215053329,Europe & Central Asia,High income,25.2799,54.6896
1640,LU,Luxembourg,GDP growth (annual %),2025,0.63787818818335,Europe & Central Asia,High income,6.1296,49.61
1641,LU,Luxembourg,GDP growth (annual %),2024,0.358614003982225,Europe & Central Asia,High income,6.1296,49.61
1642,LU,Luxembourg,GDP growth (annual %),2023,0.0994370594039111,Europe & Central Asia,High income,6.1296,49.61
1643,LU,Luxembourg,GDP growth (annual %),2022,-1.09741256293819,Europe & Central Asia,High income,6.1296,49.61
1644,LU,Luxembourg,GDP growth (annual %),2021,6.92973270801744,Europe & Central Asia,High income,6.1296,49.61
1645,LU,Luxembourg,GDP growth (annual %),2020,-0.510051634039826,Europe & Central Asia,High income,6.1296,49.61
1646,LU,Luxembourg,GDP growth (annual %),2019,2.74932091920692,Europe & Central Asia,High income,6.1296,49.61
1647,LU,Luxembourg,GDP growth (annual %),2018,1.61129891211624,Europe & Central Asia,High income,6.1296,49.61
1648,LU,Luxembourg,GDP growth (annual %),2017,1.31711942298405,Europe & Central Asia,High income,6.1296,49.61
1649,LU,Luxembourg,GDP growth (annual %),2016,4.97819047122638,Europe & Central Asia,High income,6.1296,49.61
1650,MO,"Macao SAR, China",GDP growth (annual %),2025,4.67106705680436,East Asia & Pacific,High income,113.55,22.1667
1651,MO,"Macao SAR, China",GDP growth (annual %),2024,7.84960207010525,East Asia & Pacific,High income,113.55,22.1667
1652,MO,"Macao SAR, China",GDP growth (annual %),2023,75.3084184293413,East Asia & Pacific,High income,113.55,22.1667
1653,MO,"Macao SAR, China",GDP growth (annual %),2022,-18.956941494497,East Asia & Pacific,High income,113.55,22.1667
1654,MO,"Macao SAR, China",GDP growth (annual %),2021,22.4622020023362,East Asia & Pacific,High income,113.55,22.1667
1655,MO,"Macao SAR, China",GDP growth (annual %),2020,-54.4020925789353,East Asia & Pacific,High income,113.55,22.1667
1656,MO,"Macao SAR, China",GDP growth (annual %),2019,-2.4609094006739,East Asia & Pacific,High income,113.55,22.1667
1657,MO,"Macao SAR, China",GDP growth (annual %),2018,6.35917030567686,East Asia & Pacific,High income,113.55,22.1667
1658,MO,"Macao SAR, China",GDP growth (annual %),2017,9.91855844513513,East Asia & Pacific,High income,113.55,22.1667
1659,MO,"Macao SAR, China",GDP growth (annual %),2016,-0.701510212552961,East Asia & Pacific,High income,113.55,22.1667
1660,MG,Madagascar,GDP growth (annual %),2025,3.002568866856,Sub-Saharan Africa ,Low income,45.7167,-20.4667
1661,MG,Madagascar,GDP growth (annual %),2024,4.32283728087992,Sub-Saharan Africa ,Low income,45.7167,-20.4667
1662,MG,Madagascar,GDP growth (annual %),2023,4.23086580696344,Sub-Saharan Africa ,Low income,45.7167,-20.4667
1663,MG,Madagascar,GDP growth (annual %),2022,4.13753534956307,Sub-Saharan Africa ,Low income,45.7167,-20.4667
1664,MG,Madagascar,GDP growth (annual %),2021,4.65068343174309,Sub-Saharan Africa ,Low income,45.7167,-20.4667
1665,MG,Madagascar,GDP growth (annual %),2020,-7.13767162064489,Sub-Saharan Africa ,Low income,45.7167,-20.4667
1666,MG,Madagascar,GDP growth (annual %),2019,4.41123212909589,Sub-Saharan Africa ,Low income,45.7167,-20.4667
1667,MG,Madagascar,GDP growth (annual %),2018,3.19435651744398,Sub-Saharan Africa ,Low income,45.7167,-20.4667
1668,MG,Madagascar,GDP growth (annual %),2017,3.93330759462793,Sub-Saharan Africa ,Low income,45.7167,-20.4667
1669,MG,Madagascar,GDP growth (annual %),2016,3.99314606199499,Sub-Saharan Africa ,Low income,45.7167,-20.4667
1670,MW,Malawi,GDP growth (annual %),2025,1.88518707821663,Sub-Saharan Africa ,Low income,33.7703,-13.9899
1671,MW,Malawi,GDP growth (annual %),2024,1.6734340852915,Sub-Saharan Africa ,Low income,33.7703,-13.9899
1672,MW,Malawi,GDP growth (annual %),2023,1.94575281675984,Sub-Saharan Africa ,Low income,33.7703,-13.9899
1673,MW,Malawi,GDP growth (annual %),2022,0.921115069005936,Sub-Saharan Africa ,Low income,33.7703,-13.9899
1674,MW,Malawi,GDP growth (annual %),2021,4.55829212016083,Sub-Saharan Africa ,Low income,33.7703,-13.9899
1675,MW,Malawi,GDP growth (annual %),2020,0.793596429787286,Sub-Saharan Africa ,Low income,33.7703,-13.9899
1676,MW,Malawi,GDP growth (annual %),2019,5.71682519194337,Sub-Saharan Africa ,Low income,33.7703,-13.9899
1677,MW,Malawi,GDP growth (annual %),2018,4.35356471619211,Sub-Saharan Africa ,Low income,33.7703,-13.9899
1678,MW,Malawi,GDP growth (annual %),2017,4.00000000089172,Sub-Saharan Africa ,Low income,33.7703,-13.9899
1679,MW,Malawi,GDP growth (annual %),2016,2.49999999914311,Sub-Saharan Africa ,Low income,33.7703,-13.9899
1680,MY,Malaysia,GDP growth (annual %),2025,5.17127082911057,East Asia & Pacific,Upper middle income,101.684,3.12433
1681,MY,Malaysia,GDP growth (annual %),2024,5.10545921024041,East Asia & Pacific,Upper middle income,101.684,3.12433
1682,MY,Malaysia,GDP growth (annual %),2023,3.5370638041057,East Asia & Pacific,Upper middle income,101.684,3.12433
1683,MY,Malaysia,GDP growth (annual %),2022,9.03173723044451,East Asia & Pacific,Upper middle income,101.684,3.12433
1684,MY,Malaysia,GDP growth (annual %),2021,3.31534954399166,East Asia & Pacific,Upper middle income,101.684,3.12433
1685,MY,Malaysia,GDP growth (annual %),2020,-5.45684658426701,East Asia & Pacific,Upper middle income,101.684,3.12433
1686,MY,Malaysia,GDP growth (annual %),2019,4.41318742129586,East Asia & Pacific,Upper middle income,101.684,3.12433
1687,MY,Malaysia,GDP growth (annual %),2018,4.84308697634881,East Asia & Pacific,Upper middle income,101.684,3.12433
1688,MY,Malaysia,GDP growth (annual %),2017,5.81272240983328,East Asia & Pacific,Upper middle income,101.684,3.12433
1689,MY,Malaysia,GDP growth (annual %),2016,4.44978139761541,East Asia & Pacific,Upper middle income,101.684,3.12433
1690,MV,Maldives,GDP growth (annual %),2025,6.31092335003081,South Asia,Upper middle income,73.5109,4.1742
1691,MV,Maldives,GDP growth (annual %),2024,3.49440422654285,South Asia,Upper middle income,73.5109,4.1742
1692,MV,Maldives,GDP growth (annual %),2023,4.94286301229583,South Asia,Upper middle income,73.5109,4.1742
1693,MV,Maldives,GDP growth (annual %),2022,13.8260895184139,South Asia,Upper middle income,73.5109,4.1742
1694,MV,Maldives,GDP growth (annual %),2021,37.507870124321,South Asia,Upper middle income,73.5109,4.1742
1695,MV,Maldives,GDP growth (annual %),2020,-32.9088287752921,South Asia,Upper middle income,73.5109,4.1742
1696,MV,Maldives,GDP growth (annual %),2019,6.92305989050099,South Asia,Upper middle income,73.5109,4.1742
1697,MV,Maldives,GDP growth (annual %),2018,8.5689555834747,South Asia,Upper middle income,73.5109,4.1742
1698,MV,Maldives,GDP growth (annual %),2017,7.07442863215275,South Asia,Upper middle income,73.5109,4.1742
1699,MV,Maldives,GDP growth (annual %),2016,6.37528306716864,South Asia,Upper middle income,73.5109,4.1742
1700,ML,Mali,GDP growth (annual %),2025,5.59946842896643,Sub-Saharan Africa ,Low income,-7.50034,13.5667
1701,ML,Mali,GDP growth (annual %),2024,5.01653579205785,Sub-Saharan Africa ,Low income,-7.50034,13.5667
1702,ML,Mali,GDP growth (annual %),2023,4.76394100040932,Sub-Saharan Africa ,Low income,-7.50034,13.5667
1703,ML,Mali,GDP growth (annual %),2022,3.70319027585386,Sub-Saharan Africa ,Low income,-7.50034,13.5667
1704,ML,Mali,GDP growth (annual %),2021,3.10094124463507,Sub-Saharan Africa ,Low income,-7.50034,13.5667
1705,ML,Mali,GDP growth (annual %),2020,-1.16910834857605,Sub-Saharan Africa ,Low income,-7.50034,13.5667
1706,ML,Mali,GDP growth (annual %),2019,4.99999911699705,Sub-Saharan Africa ,Low income,-7.50034,13.5667
1707,ML,Mali,GDP growth (annual %),2018,4.86784999935264,Sub-Saharan Africa ,Low income,-7.50034,13.5667
1708,ML,Mali,GDP growth (annual %),2017,5.37554769647939,Sub-Saharan Africa ,Low income,-7.50034,13.5667
1709,ML,Mali,GDP growth (annual %),2016,6.00506308559498,Sub-Saharan Africa ,Low income,-7.50034,13.5667
1710,MT,Malta,GDP growth (annual %),2025,3.96156139018959,"Middle East, North Africa, Afghanistan & Pakistan",High income,14.5189,35.9042
1711,MT,Malta,GDP growth (annual %),2024,6.21275996991034,"Middle East, North Africa, Afghanistan & Pakistan",High income,14.5189,35.9042
1712,MT,Malta,GDP growth (annual %),2023,10.6340558017004,"Middle East, North Africa, Afghanistan & Pakistan",High income,14.5189,35.9042
1713,MT,Malta,GDP growth (annual %),2022,2.59276776884379,"Middle East, North Africa, Afghanistan & Pakistan",High income,14.5189,35.9042
1714,MT,Malta,GDP growth (annual %),2021,13.3509818925498,"Middle East, North Africa, Afghanistan & Pakistan",High income,14.5189,35.9042
1715,MT,Malta,GDP growth (annual %),2020,-3.45728232537419,"Middle East, North Africa, Afghanistan & Pakistan",High income,14.5189,35.9042
1716,MT,Malta,GDP growth (annual %),2019,4.0850557312243,"Middle East, North Africa, Afghanistan & Pakistan",High income,14.5189,35.9042
1717,MT,Malta,GDP growth (annual %),2018,7.18921425536917,"Middle East, North Africa, Afghanistan & Pakistan",High income,14.5189,35.9042
1718,MT,Malta,GDP growth (annual %),2017,12.9713425287845,"Middle East, North Africa, Afghanistan & Pakistan",High income,14.5189,35.9042
1719,MT,Malta,GDP growth (annual %),2016,4.07800422216982,"Middle East, North Africa, Afghanistan & Pakistan",High income,14.5189,35.9042
1720,MH,Marshall Islands,GDP growth (annual %),2025,2.28310502283105,East Asia & Pacific,Upper middle income,171.135,7.11046
1721,MH,Marshall Islands,GDP growth (annual %),2024,3.30188679245282,East Asia & Pacific,Upper middle income,171.135,7.11046
1722,MH,Marshall Islands,GDP growth (annual %),2023,-5.39477377525279,East Asia & Pacific,Upper middle income,171.135,7.11046
1723,MH,Marshall Islands,GDP growth (annual %),2022,-0.700580183196621,East Asia & Pacific,Upper middle income,171.135,7.11046
1724,MH,Marshall Islands,GDP growth (annual %),2021,2.15939339067452,East Asia & Pacific,Upper middle income,171.135,7.11046
1725,MH,Marshall Islands,GDP growth (annual %),2020,-2.77288732394366,East Asia & Pacific,Upper middle income,171.135,7.11046
1726,MH,Marshall Islands,GDP growth (annual %),2019,10.4521147301896,East Asia & Pacific,Upper middle income,171.135,7.11046
1727,MH,Marshall Islands,GDP growth (annual %),2018,5.48717948717949,East Asia & Pacific,Upper middle income,171.135,7.11046
1728,MH,Marshall Islands,GDP growth (annual %),2017,3.55815188528943,East Asia & Pacific,Upper middle income,171.135,7.11046
1729,MH,Marshall Islands,GDP growth (annual %),2016,2.5040827436037,East Asia & Pacific,Upper middle income,171.135,7.11046
1730,MR,Mauritania,GDP growth (annual %),2025,4.02891976567948,Sub-Saharan Africa ,Lower middle income,-15.9824,18.2367
1731,MR,Mauritania,GDP growth (annual %),2024,6.3076021190402,Sub-Saharan Africa ,Lower middle income,-15.9824,18.2367
1732,MR,Mauritania,GDP growth (annual %),2023,6.80949002457973,Sub-Saharan Africa ,Lower middle income,-15.9824,18.2367
1733,MR,Mauritania,GDP growth (annual %),2022,6.7960049994761,Sub-Saharan Africa ,Lower middle income,-15.9824,18.2367
1734,MR,Mauritania,GDP growth (annual %),2021,0.7427154981402,Sub-Saharan Africa ,Lower middle income,-15.9824,18.2367
1735,MR,Mauritania,GDP growth (annual %),2020,-0.36065738652286,Sub-Saharan Africa ,Lower middle income,-15.9824,18.2367
1736,MR,Mauritania,GDP growth (annual %),2019,3.14100489264639,Sub-Saharan Africa ,Lower middle income,-15.9824,18.2367
1737,MR,Mauritania,GDP growth (annual %),2018,4.77217363890155,Sub-Saharan Africa ,Lower middle income,-15.9824,18.2367
1738,MR,Mauritania,GDP growth (annual %),2017,6.27054569386574,Sub-Saharan Africa ,Lower middle income,-15.9824,18.2367
1739,MR,Mauritania,GDP growth (annual %),2016,1.26090922448303,Sub-Saharan Africa ,Lower middle income,-15.9824,18.2367
1740,MU,Mauritius,GDP growth (annual %),2025,3.15157395305867,Sub-Saharan Africa ,Upper middle income,57.4977,-20.1605
1741,MU,Mauritius,GDP growth (annual %),2024,4.94844235250574,Sub-Saharan Africa ,Upper middle income,57.4977,-20.1605
1742,MU,Mauritius,GDP growth (annual %),2023,4.69918189687444,Sub-Saharan Africa ,Upper middle income,57.4977,-20.1605
1743,MU,Mauritius,GDP growth (annual %),2022,8.3424438025047,Sub-Saharan Africa ,Upper middle income,57.4977,-20.1605
1744,MU,Mauritius,GDP growth (annual %),2021,3.33809084057279,Sub-Saharan Africa ,Upper middle income,57.4977,-20.1605
1745,MU,Mauritius,GDP growth (annual %),2020,-14.1974358137792,Sub-Saharan Africa ,Upper middle income,57.4977,-20.1605
1746,MU,Mauritius,GDP growth (annual %),2019,2.86394938684734,Sub-Saharan Africa ,Upper middle income,57.4977,-20.1605
1747,MU,Mauritius,GDP growth (annual %),2018,4.11669369456492,Sub-Saharan Africa ,Upper middle income,57.4977,-20.1605
1748,MU,Mauritius,GDP growth (annual %),2017,3.95441730960265,Sub-Saharan Africa ,Upper middle income,57.4977,-20.1605
1749,MU,Mauritius,GDP growth (annual %),2016,3.88576121076034,Sub-Saharan Africa ,Upper middle income,57.4977,-20.1605
1750,MX,Mexico,GDP growth (annual %),2025,0.561683456144578,Latin America & Caribbean ,Upper middle income,-99.1276,19.427
1751,MX,Mexico,GDP growth (annual %),2024,1.35057631384696,Latin America & Caribbean ,Upper middle income,-99.1276,19.427
1752,MX,Mexico,GDP growth (annual %),2023,3.1067964131456,Latin America & Caribbean ,Upper middle income,-99.1276,19.427
1753,MX,Mexico,GDP growth (annual %),2022,3.70975708309098,Latin America & Caribbean ,Upper middle income,-99.1276,19.427
1754,MX,Mexico,GDP growth (annual %),2021,6.04848347173572,Latin America & Caribbean ,Upper middle income,-99.1276,19.427
1755,MX,Mexico,GDP growth (annual %),2020,-8.35403459379062,Latin America & Caribbean ,Upper middle income,-99.1276,19.427
1756,MX,Mexico,GDP growth (annual %),2019,-0.392690513290532,Latin America & Caribbean ,Upper middle income,-99.1276,19.427
1757,MX,Mexico,GDP growth (annual %),2018,1.97208211101069,Latin America & Caribbean ,Upper middle income,-99.1276,19.427
1758,MX,Mexico,GDP growth (annual %),2017,1.87172854648381,Latin America & Caribbean ,Upper middle income,-99.1276,19.427
1759,MX,Mexico,GDP growth (annual %),2016,1.7724932254128,Latin America & Caribbean ,Upper middle income,-99.1276,19.427
1760,FM,"Micronesia, Fed. Sts.",GDP growth (annual %),2025,1.0626071425539,East Asia & Pacific,Upper middle income,158.185,6.91771
1761,FM,"Micronesia, Fed. Sts.",GDP growth (annual %),2024,2.30132923576443,East Asia & Pacific,Upper middle income,158.185,6.91771
1762,FM,"Micronesia, Fed. Sts.",GDP growth (annual %),2023,1.13097800090873,East Asia & Pacific,Upper middle income,158.185,6.91771
1763,FM,"Micronesia, Fed. Sts.",GDP growth (annual %),2022,-3.11412501063803,East Asia & Pacific,Upper middle income,158.185,6.91771
1764,FM,"Micronesia, Fed. Sts.",GDP growth (annual %),2021,3.09969928290539,East Asia & Pacific,Upper middle income,158.185,6.91771
1765,FM,"Micronesia, Fed. Sts.",GDP growth (annual %),2020,-2.05703124999999,East Asia & Pacific,Upper middle income,158.185,6.91771
1766,FM,"Micronesia, Fed. Sts.",GDP growth (annual %),2019,3.64372469635627,East Asia & Pacific,Upper middle income,158.185,6.91771
1767,FM,"Micronesia, Fed. Sts.",GDP growth (annual %),2018,0.406504065040664,East Asia & Pacific,Upper middle income,158.185,6.91771
1768,FM,"Micronesia, Fed. Sts.",GDP growth (annual %),2017,2.07468879668049,East Asia & Pacific,Upper middle income,158.185,6.91771
1769,FM,"Micronesia, Fed. Sts.",GDP growth (annual %),2016,1.26050420168067,East Asia & Pacific,Upper middle income,158.185,6.91771
1770,MD,Moldova,GDP growth (annual %),2025,2.41649734575068,Europe & Central Asia,Upper middle income,28.8497,47.0167
1771,MD,Moldova,GDP growth (annual %),2024,0.270670455512573,Europe & Central Asia,Upper middle income,28.8497,47.0167
1772,MD,Moldova,GDP growth (annual %),2023,1.18802067937429,Europe & Central Asia,Upper middle income,28.8497,47.0167
1773,MD,Moldova,GDP growth (annual %),2022,-4.64785101037361,Europe & Central Asia,Upper middle income,28.8497,47.0167
1774,MD,Moldova,GDP growth (annual %),2021,13.9299997889786,Europe & Central Asia,Upper middle income,28.8497,47.0167
1775,MD,Moldova,GDP growth (annual %),2020,-8.27597831976949,Europe & Central Asia,Upper middle income,28.8497,47.0167
1776,MD,Moldova,GDP growth (annual %),2019,3.5523140853476,Europe & Central Asia,Upper middle income,28.8497,47.0167
1777,MD,Moldova,GDP growth (annual %),2018,4.07559546585034,Europe & Central Asia,Upper middle income,28.8497,47.0167
1778,MD,Moldova,GDP growth (annual %),2017,4.17561205106279,Europe & Central Asia,Upper middle income,28.8497,47.0167
1779,MD,Moldova,GDP growth (annual %),2016,4.64601436259409,Europe & Central Asia,Upper middle income,28.8497,47.0167
1780,MC,Monaco,GDP growth (annual %),2025,,Europe & Central Asia,High income,7.41891,43.7325
1781,MC,Monaco,GDP growth (annual %),2024,8.51053758860212,Europe & Central Asia,High income,7.41891,43.7325
1782,MC,Monaco,GDP growth (annual %),2023,5.44395088840088,Europe & Central Asia,High income,7.41891,43.7325
1783,MC,Monaco,GDP growth (annual %),2022,11.2662955198601,Europe & Central Asia,High income,7.41891,43.7325
1784,MC,Monaco,GDP growth (annual %),2021,22.2322155851208,Europe & Central Asia,High income,7.41891,43.7325
1785,MC,Monaco,GDP growth (annual %),2020,-13.2391048292108,Europe & Central Asia,High income,7.41891,43.7325
1786,MC,Monaco,GDP growth (annual %),2019,7.12088951975396,Europe & Central Asia,High income,7.41891,43.7325
1787,MC,Monaco,GDP growth (annual %),2018,5.69790121192926,Europe & Central Asia,High income,7.41891,43.7325
1788,MC,Monaco,GDP growth (annual %),2017,-3.20618323813213,Europe & Central Asia,High income,7.41891,43.7325
1789,MC,Monaco,GDP growth (annual %),2016,3.00844358752744,Europe & Central Asia,High income,7.41891,43.7325
1790,MN,Mongolia,GDP growth (annual %),2025,6.84391415938607,East Asia & Pacific,Upper middle income,106.937,47.9129
1791,MN,Mongolia,GDP growth (annual %),2024,5.12204539122661,East Asia & Pacific,Upper middle income,106.937,47.9129
1792,MN,Mongolia,GDP growth (annual %),2023,7.4221127615025,East Asia & Pacific,Upper middle income,106.937,47.9129
1793,MN,Mongolia,GDP growth (annual %),2022,5.0327096366527,East Asia & Pacific,Upper middle income,106.937,47.9129
1794,MN,Mongolia,GDP growth (annual %),2021,1.63676957736662,East Asia & Pacific,Upper middle income,106.937,47.9129
1795,MN,Mongolia,GDP growth (annual %),2020,-4.55775197583431,East Asia & Pacific,Upper middle income,106.937,47.9129
1796,MN,Mongolia,GDP growth (annual %),2019,5.60224422064255,East Asia & Pacific,Upper middle income,106.937,47.9129
1797,MN,Mongolia,GDP growth (annual %),2018,7.74488062024881,East Asia & Pacific,Upper middle income,106.937,47.9129
1798,MN,Mongolia,GDP growth (annual %),2017,5.63687638694772,East Asia & Pacific,Upper middle income,106.937,47.9129
1799,MN,Mongolia,GDP growth (annual %),2016,1.48978448679577,East Asia & Pacific,Upper middle income,106.937,47.9129
1800,ME,Montenegro,GDP growth (annual %),2025,2.74455354258522,Europe & Central Asia,Upper middle income,19.2595,42.4602
1801,ME,Montenegro,GDP growth (annual %),2024,3.16409886329913,Europe & Central Asia,Upper middle income,19.2595,42.4602
1802,ME,Montenegro,GDP growth (annual %),2023,6.47836283518564,Europe & Central Asia,Upper middle income,19.2595,42.4602
1803,ME,Montenegro,GDP growth (annual %),2022,7.73954689516201,Europe & Central Asia,Upper middle income,19.2595,42.4602
1804,ME,Montenegro,GDP growth (annual %),2021,13.0462607426359,Europe & Central Asia,Upper middle income,19.2595,42.4602
1805,ME,Montenegro,GDP growth (annual %),2020,-14.9926187023533,Europe & Central Asia,Upper middle income,19.2595,42.4602
1806,ME,Montenegro,GDP growth (annual %),2019,4.39391565821528,Europe & Central Asia,Upper middle income,19.2595,42.4602
1807,ME,Montenegro,GDP growth (annual %),2018,4.73292113433965,Europe & Central Asia,Upper middle income,19.2595,42.4602
1808,ME,Montenegro,GDP growth (annual %),2017,3.21668504736274,Europe & Central Asia,Upper middle income,19.2595,42.4602
1809,ME,Montenegro,GDP growth (annual %),2016,3.4393056210999,Europe & Central Asia,Upper middle income,19.2595,42.4602
1810,MA,Morocco,GDP growth (annual %),2025,4.59524349182247,"Middle East, North Africa, Afghanistan & Pakistan",Lower middle income,-6.8704,33.9905
1811,MA,Morocco,GDP growth (annual %),2024,3.79336515978963,"Middle East, North Africa, Afghanistan & Pakistan",Lower middle income,-6.8704,33.9905
1812,MA,Morocco,GDP growth (annual %),2023,3.65564411017931,"Middle East, North Africa, Afghanistan & Pakistan",Lower middle income,-6.8704,33.9905
1813,MA,Morocco,GDP growth (annual %),2022,1.81269242194809,"Middle East, North Africa, Afghanistan & Pakistan",Lower middle income,-6.8704,33.9905
1814,MA,Morocco,GDP growth (annual %),2021,8.15473889823681,"Middle East, North Africa, Afghanistan & Pakistan",Lower middle income,-6.8704,33.9905
1815,MA,Morocco,GDP growth (annual %),2020,-7.17820744246774,"Middle East, North Africa, Afghanistan & Pakistan",Lower middle income,-6.8704,33.9905
1816,MA,Morocco,GDP growth (annual %),2019,2.89097476137077,"Middle East, North Africa, Afghanistan & Pakistan",Lower middle income,-6.8704,33.9905
1817,MA,Morocco,GDP growth (annual %),2018,3.06564133025955,"Middle East, North Africa, Afghanistan & Pakistan",Lower middle income,-6.8704,33.9905
1818,MA,Morocco,GDP growth (annual %),2017,5.05789816173446,"Middle East, North Africa, Afghanistan & Pakistan",Lower middle income,-6.8704,33.9905
1819,MA,Morocco,GDP growth (annual %),2016,0.52118550608968,"Middle East, North Africa, Afghanistan & Pakistan",Lower middle income,-6.8704,33.9905
1820,MZ,Mozambique,GDP growth (annual %),2025,-0.523485382072337,Sub-Saharan Africa ,Low income,32.5713,-25.9664
1821,MZ,Mozambique,GDP growth (annual %),2024,2.14892499135355,Sub-Saharan Africa ,Low income,32.5713,-25.9664
1822,MZ,Mozambique,GDP growth (annual %),2023,5.50384456650241,Sub-Saharan Africa ,Low income,32.5713,-25.9664
1823,MZ,Mozambique,GDP growth (annual %),2022,4.3693080193804,Sub-Saharan Africa ,Low income,32.5713,-25.9664
1824,MZ,Mozambique,GDP growth (annual %),2021,2.37743572761507,Sub-Saharan Africa ,Low income,32.5713,-25.9664
1825,MZ,Mozambique,GDP growth (annual %),2020,-1.21952250011192,Sub-Saharan Africa ,Low income,32.5713,-25.9664
1826,MZ,Mozambique,GDP growth (annual %),2019,2.31781394821475,Sub-Saharan Africa ,Low income,32.5713,-25.9664
1827,MZ,Mozambique,GDP growth (annual %),2018,3.48493202422782,Sub-Saharan Africa ,Low income,32.5713,-25.9664
1828,MZ,Mozambique,GDP growth (annual %),2017,2.63820737310658,Sub-Saharan Africa ,Low income,32.5713,-25.9664
1829,MZ,Mozambique,GDP growth (annual %),2016,4.69699024225795,Sub-Saharan Africa ,Low income,32.5713,-25.9664
1830,MM,Myanmar,GDP growth (annual %),2025,-2.01184475795665,East Asia & Pacific,Lower middle income,95.9562,21.914
1831,MM,Myanmar,GDP growth (annual %),2024,-0.97204641363362,East Asia & Pacific,Lower middle income,95.9562,21.914
1832,MM,Myanmar,GDP growth (annual %),2023,0.958446625126115,East Asia & Pacific,Lower middle income,95.9562,21.914
1833,MM,Myanmar,GDP growth (annual %),2022,4.0374934360085,East Asia & Pacific,Lower middle income,95.9562,21.914
1834,MM,Myanmar,GDP growth (annual %),2021,-12.0163724829177,East Asia & Pacific,Lower middle income,95.9562,21.914
1835,MM,Myanmar,GDP growth (annual %),2020,-9.04834717984643,East Asia & Pacific,Lower middle income,95.9562,21.914
1836,MM,Myanmar,GDP growth (annual %),2019,6.57911006765414,East Asia & Pacific,Lower middle income,95.9562,21.914
1837,MM,Myanmar,GDP growth (annual %),2018,6.26886221471075,East Asia & Pacific,Lower middle income,95.9562,21.914
1838,MM,Myanmar,GDP growth (annual %),2017,6.13610824360305,East Asia & Pacific,Lower middle income,95.9562,21.914
1839,MM,Myanmar,GDP growth (annual %),2016,5.86247291518572,East Asia & Pacific,Lower middle income,95.9562,21.914
1840,NA,Namibia,GDP growth (annual %),2025,1.73018153842335,Sub-Saharan Africa ,Lower middle income,17.0931,-22.5648
1841,NA,Namibia,GDP growth (annual %),2024,3.77851723267591,Sub-Saharan Africa ,Lower middle income,17.0931,-22.5648
1842,NA,Namibia,GDP growth (annual %),2023,4.32498048866805,Sub-Saharan Africa ,Lower middle income,17.0931,-22.5648
1843,NA,Namibia,GDP growth (annual %),2022,5.3987247803654,Sub-Saharan Africa ,Lower middle income,17.0931,-22.5648
1844,NA,Namibia,GDP growth (annual %),2021,3.60382919248703,Sub-Saharan Africa ,Lower middle income,17.0931,-22.5648
1845,NA,Namibia,GDP growth (annual %),2020,-8.10140201443319,Sub-Saharan Africa ,Lower middle income,17.0931,-22.5648
1846,NA,Namibia,GDP growth (annual %),2019,-0.839152163419357,Sub-Saharan Africa ,Lower middle income,17.0931,-22.5648
1847,NA,Namibia,GDP growth (annual %),2018,1.05993949860752,Sub-Saharan Africa ,Lower middle income,17.0931,-22.5648
1848,NA,Namibia,GDP growth (annual %),2017,-1.02724808856709,Sub-Saharan Africa ,Lower middle income,17.0931,-22.5648
1849,NA,Namibia,GDP growth (annual %),2016,0.0337944502063294,Sub-Saharan Africa ,Lower middle income,17.0931,-22.5648
1850,NR,Naoero,GDP growth (annual %),2025,2.14285714285656,East Asia & Pacific,High income,166.920867,-0.5477
1851,NR,Naoero,GDP growth (annual %),2024,1.44927536231899,East Asia & Pacific,High income,166.920867,-0.5477
1852,NR,Naoero,GDP growth (annual %),2023,-0.719424460431725,East Asia & Pacific,High income,166.920867,-0.5477
1853,NR,Naoero,GDP growth (annual %),2022,0.0,East Asia & Pacific,High income,166.920867,-0.5477
1854,NR,Naoero,GDP growth (annual %),2021,7.75193798449692,East Asia & Pacific,High income,166.920867,-0.5477
1855,NR,Naoero,GDP growth (annual %),2020,1.57480314960559,East Asia & Pacific,High income,166.920867,-0.5477
1856,NR,Naoero,GDP growth (annual %),2019,8.5470085470084,East Asia & Pacific,High income,166.920867,-0.5477
1857,NR,Naoero,GDP growth (annual %),2018,-0.847457627118729,East Asia & Pacific,High income,166.920867,-0.5477
1858,NR,Naoero,GDP growth (annual %),2017,-6.34920634920609,East Asia & Pacific,High income,166.920867,-0.5477
1859,NR,Naoero,GDP growth (annual %),2016,4.13223140495909,East Asia & Pacific,High income,166.920867,-0.5477
1860,NP,Nepal,GDP growth (annual %),2025,4.43073194983359,South Asia,Lower middle income,85.3157,27.6939
1861,NP,Nepal,GDP growth (annual %),2024,3.67787459697703,South Asia,Lower middle income,85.3157,27.6939
1862,NP,Nepal,GDP growth (annual %),2023,1.98254843461849,South Asia,Lower middle income,85.3157,27.6939
1863,NP,Nepal,GDP growth (annual %),2022,5.6313145568451,South Asia,Lower middle income,85.3157,27.6939
1864,NP,Nepal,GDP growth (annual %),2021,4.838149614115,South Asia,Lower middle income,85.3157,27.6939
1865,NP,Nepal,GDP growth (annual %),2020,-2.3696206292072,South Asia,Lower middle income,85.3157,27.6939
1866,NP,Nepal,GDP growth (annual %),2019,6.65705543110468,South Asia,Lower middle income,85.3157,27.6939
1867,NP,Nepal,GDP growth (annual %),2018,7.62237610397933,South Asia,Lower middle income,85.3157,27.6939
1868,NP,Nepal,GDP growth (annual %),2017,8.97727935643466,South Asia,Lower middle income,85.3157,27.6939
1869,NP,Nepal,GDP growth (annual %),2016,0.433113719381524,South Asia,Lower middle income,85.3157,27.6939
1870,NL,Netherlands,GDP growth (annual %),2025,1.78463214703797,Europe & Central Asia,High income,4.89095,52.3738
1871,NL,Netherlands,GDP growth (annual %),2024,1.07383137319854,Europe & Central Asia,High income,4.89095,52.3738
1872,NL,Netherlands,GDP growth (annual %),2023,-0.598061017580278,Europe & Central Asia,High income,4.89095,52.3738
1873,NL,Netherlands,GDP growth (annual %),2022,5.00723453395074,Europe & Central Asia,High income,4.89095,52.3738
1874,NL,Netherlands,GDP growth (annual %),2021,6.27683593745216,Europe & Central Asia,High income,4.89095,52.3738
1875,NL,Netherlands,GDP growth (annual %),2020,-3.86799714191608,Europe & Central Asia,High income,4.89095,52.3738
1876,NL,Netherlands,GDP growth (annual %),2019,2.3001616053659,Europe & Central Asia,High income,4.89095,52.3738
1877,NL,Netherlands,GDP growth (annual %),2018,2.25873158164956,Europe & Central Asia,High income,4.89095,52.3738
1878,NL,Netherlands,GDP growth (annual %),2017,2.78150834679987,Europe & Central Asia,High income,4.89095,52.3738
1879,NL,Netherlands,GDP growth (annual %),2016,2.42428065449427,Europe & Central Asia,High income,4.89095,52.3738
1880,NC,New Caledonia,GDP growth (annual %),2025,,East Asia & Pacific,High income,166.464,-22.2677
1881,NC,New Caledonia,GDP growth (annual %),2024,-13.4999999989747,East Asia & Pacific,High income,166.464,-22.2677
1882,NC,New Caledonia,GDP growth (annual %),2023,2.79999999603682,East Asia & Pacific,High income,166.464,-22.2677
1883,NC,New Caledonia,GDP growth (annual %),2022,3.50000000289097,East Asia & Pacific,High income,166.464,-22.2677
1884,NC,New Caledonia,GDP growth (annual %),2021,-2.0999999972552,East Asia & Pacific,High income,166.464,-22.2677
1885,NC,New Caledonia,GDP growth (annual %),2020,-2.40000000692145,East Asia & Pacific,High income,166.464,-22.2677
1886,NC,New Caledonia,GDP growth (annual %),2019,-1.39999999506659,East Asia & Pacific,High income,166.464,-22.2677
1887,NC,New Caledonia,GDP growth (annual %),2018,0.400000000000006,East Asia & Pacific,High income,166.464,-22.2677
1888,NC,New Caledonia,GDP growth (annual %),2017,,East Asia & Pacific,High income,166.464,-22.2677
1889,NC,New Caledonia,GDP growth (annual %),2016,,East Asia & Pacific,High income,166.464,-22.2677
1890,NZ,New Zealand,GDP growth (annual %),2025,0.462871830681081,East Asia & Pacific,High income,174.776,-41.2865
1891,NZ,New Zealand,GDP growth (annual %),2024,-0.868722371893952,East Asia & Pacific,High income,174.776,-41.2865
1892,NZ,New Zealand,GDP growth (annual %),2023,1.81389453412019,East Asia & Pacific,High income,174.776,-41.2865
1893,NZ,New Zealand,GDP growth (annual %),2022,3.34521847792682,East Asia & Pacific,High income,174.776,-41.2865
1894,NZ,New Zealand,GDP growth (annual %),2021,4.29916005216614,East Asia & Pacific,High income,174.776,-41.2865
1895,NZ,New Zealand,GDP growth (annual %),2020,-0.240916114758988,East Asia & Pacific,High income,174.776,-41.2865
1896,NZ,New Zealand,GDP growth (annual %),2019,2.32371708441623,East Asia & Pacific,High income,174.776,-41.2865
1897,NZ,New Zealand,GDP growth (annual %),2018,3.32219666491432,East Asia & Pacific,High income,174.776,-41.2865
1898,NZ,New Zealand,GDP growth (annual %),2017,3.31568621648204,East Asia & Pacific,High income,174.776,-41.2865
1899,NZ,New Zealand,GDP growth (annual %),2016,3.7435247472109,East Asia & Pacific,High income,174.776,-41.2865
1900,NI,Nicaragua,GDP growth (annual %),2025,4.92352556770889,Latin America & Caribbean ,Lower middle income,-86.2734,12.1475
1901,NI,Nicaragua,GDP growth (annual %),2024,3.58094495324541,Latin America & Caribbean ,Lower middle income,-86.2734,12.1475
1902,NI,Nicaragua,GDP growth (annual %),2023,4.42779393186883,Latin America & Caribbean ,Lower middle income,-86.2734,12.1475
1903,NI,Nicaragua,GDP growth (annual %),2022,3.55027477135765,Latin America & Caribbean ,Lower middle income,-86.2734,12.1475
1904,NI,Nicaragua,GDP growth (annual %),2021,10.4543887816515,Latin America & Caribbean ,Lower middle income,-86.2734,12.1475
1905,NI,Nicaragua,GDP growth (annual %),2020,-2.23654176262323,Latin America & Caribbean ,Lower middle income,-86.2734,12.1475
1906,NI,Nicaragua,GDP growth (annual %),2019,-2.89686986728901,Latin America & Caribbean ,Lower middle income,-86.2734,12.1475
1907,NI,Nicaragua,GDP growth (annual %),2018,-3.3633566598573,Latin America & Caribbean ,Lower middle income,-86.2734,12.1475
1908,NI,Nicaragua,GDP growth (annual %),2017,4.63120757580209,Latin America & Caribbean ,Lower middle income,-86.2734,12.1475
1909,NI,Nicaragua,GDP growth (annual %),2016,4.56314739524967,Latin America & Caribbean ,Lower middle income,-86.2734,12.1475
1910,NE,Niger,GDP growth (annual %),2025,7.00782960149,Sub-Saharan Africa ,Low income,2.1073,13.514
1911,NE,Niger,GDP growth (annual %),2024,8.32327058280728,Sub-Saharan Africa ,Low income,2.1073,13.514
1912,NE,Niger,GDP growth (annual %),2023,2.63516980401258,Sub-Saharan Africa ,Low income,2.1073,13.514
1913,NE,Niger,GDP growth (annual %),2022,12.2215497467041,Sub-Saharan Africa ,Low income,2.1073,13.514
1914,NE,Niger,GDP growth (annual %),2021,1.11520063869706,Sub-Saharan Africa ,Low income,2.1073,13.514
1915,NE,Niger,GDP growth (annual %),2020,4.45481803846413,Sub-Saharan Africa ,Low income,2.1073,13.514
1916,NE,Niger,GDP growth (annual %),2019,6.07881528959186,Sub-Saharan Africa ,Low income,2.1073,13.514
1917,NE,Niger,GDP growth (annual %),2018,6.89458420864513,Sub-Saharan Africa ,Low income,2.1073,13.514
1918,NE,Niger,GDP growth (annual %),2017,5.53198531271451,Sub-Saharan Africa ,Low income,2.1073,13.514
1919,NE,Niger,GDP growth (annual %),2016,4.28137558478143,Sub-Saharan Africa ,Low income,2.1073,13.514
1920,NG,Nigeria,GDP growth (annual %),2025,4.01336180700973,Sub-Saharan Africa ,Lower middle income,7.48906,9.05804
1921,NG,Nigeria,GDP growth (annual %),2024,4.07106650147703,Sub-Saharan Africa ,Lower middle income,7.48906,9.05804
1922,NG,Nigeria,GDP growth (annual %),2023,3.31590368111438,Sub-Saharan Africa ,Lower middle income,7.48906,9.05804
1923,NG,Nigeria,GDP growth (annual %),2022,4.31882949157136,Sub-Saharan Africa ,Lower middle income,7.48906,9.05804
1924,NG,Nigeria,GDP growth (annual %),2021,1.109252540249,Sub-Saharan Africa ,Lower middle income,7.48906,9.05804
1925,NG,Nigeria,GDP growth (annual %),2020,-6.36889840468527,Sub-Saharan Africa ,Lower middle income,7.48906,9.05804
1926,NG,Nigeria,GDP growth (annual %),2019,2.20842927835211,Sub-Saharan Africa ,Lower middle income,7.48906,9.05804
1927,NG,Nigeria,GDP growth (annual %),2018,1.92275734199798,Sub-Saharan Africa ,Lower middle income,7.48906,9.05804
1928,NG,Nigeria,GDP growth (annual %),2017,0.805886619091581,Sub-Saharan Africa ,Lower middle income,7.48906,9.05804
1929,NG,Nigeria,GDP growth (annual %),2016,-1.61686894903467,Sub-Saharan Africa ,Lower middle income,7.48906,9.05804
1930,MK,North Macedonia,GDP growth (annual %),2025,3.48706619829503,Europe & Central Asia,Upper middle income,21.4361,42.0024
1931,MK,North Macedonia,GDP growth (annual %),2024,2.99373536567732,Europe & Central Asia,Upper middle income,21.4361,42.0024
1932,MK,North Macedonia,GDP growth (annual %),2023,2.554965253403,Europe & Central Asia,Upper middle income,21.4361,42.0024
1933,MK,North Macedonia,GDP growth (annual %),2022,2.75888415332967,Europe & Central Asia,Upper middle income,21.4361,42.0024
1934,MK,North Macedonia,GDP growth (annual %),2021,4.51067949038222,Europe & Central Asia,Upper middle income,21.4361,42.0024
1935,MK,North Macedonia,GDP growth (annual %),2020,-4.68845000956652,Europe & Central Asia,Upper middle income,21.4361,42.0024
1936,MK,North Macedonia,GDP growth (annual %),2019,3.91041953840173,Europe & Central Asia,Upper middle income,21.4361,42.0024
1937,MK,North Macedonia,GDP growth (annual %),2018,2.88059670964267,Europe & Central Asia,Upper middle income,21.4361,42.0024
1938,MK,North Macedonia,GDP growth (annual %),2017,1.08177273813243,Europe & Central Asia,Upper middle income,21.4361,42.0024
1939,MK,North Macedonia,GDP growth (annual %),2016,2.84820519363306,Europe & Central Asia,Upper middle income,21.4361,42.0024
1940,MP,Northern Mariana Islands,GDP growth (annual %),2025,,East Asia & Pacific,High income,145.765,15.1935
1941,MP,Northern Mariana Islands,GDP growth (annual %),2024,,East Asia & Pacific,High income,145.765,15.1935
1942,MP,Northern Mariana Islands,GDP growth (annual %),2023,,East Asia & Pacific,High income,145.765,15.1935
1943,MP,Northern Mariana Islands,GDP growth (annual %),2022,16.6427546628408,East Asia & Pacific,High income,145.765,15.1935
1944,MP,Northern Mariana Islands,GDP growth (annual %),2021,4.96987951807229,East Asia & Pacific,High income,145.765,15.1935
1945,MP,Northern Mariana Islands,GDP growth (annual %),2020,-29.0598290598291,East Asia & Pacific,High income,145.765,15.1935
1946,MP,Northern Mariana Islands,GDP growth (annual %),2019,-11.4474929044465,East Asia & Pacific,High income,145.765,15.1935
1947,MP,Northern Mariana Islands,GDP growth (annual %),2018,-19.4973343488195,East Asia & Pacific,High income,145.765,15.1935
1948,MP,Northern Mariana Islands,GDP growth (annual %),2017,23.1707317073171,East Asia & Pacific,High income,145.765,15.1935
1949,MP,Northern Mariana Islands,GDP growth (annual %),2016,29.2121212121212,East Asia & Pacific,High income,145.765,15.1935
1950,NO,Norway,GDP growth (annual %),2025,1.08528185031417,Europe & Central Asia,High income,10.7387,59.9138
1951,NO,Norway,GDP growth (annual %),2024,1.42372134524737,Europe & Central Asia,High income,10.7387,59.9138
1952,NO,Norway,GDP growth (annual %),2023,0.352695581319765,Europe & Central Asia,High income,10.7387,59.9138
1953,NO,Norway,GDP growth (annual %),2022,4.08039770659241,Europe & Central Asia,High income,10.7387,59.9138
1954,NO,Norway,GDP growth (annual %),2021,4.14314688769197,Europe & Central Asia,High income,10.7387,59.9138
1955,NO,Norway,GDP growth (annual %),2020,-1.36055723261586,Europe & Central Asia,High income,10.7387,59.9138
1956,NO,Norway,GDP growth (annual %),2019,1.46970781954143,Europe & Central Asia,High income,10.7387,59.9138
1957,NO,Norway,GDP growth (annual %),2018,1.1103912365576,Europe & Central Asia,High income,10.7387,59.9138
1958,NO,Norway,GDP growth (annual %),2017,2.66964474273466,Europe & Central Asia,High income,10.7387,59.9138
1959,NO,Norway,GDP growth (annual %),2016,1.29158732771135,Europe & Central Asia,High income,10.7387,59.9138
1960,OM,Oman,GDP growth (annual %),2025,2.39787382295398,"Middle East, North Africa, Afghanistan & Pakistan",High income,58.5874,23.6105
1961,OM,Oman,GDP growth (annual %),2024,1.63163231397978,"Middle East, North Africa, Afghanistan & Pakistan",High income,58.5874,23.6105
1962,OM,Oman,GDP growth (annual %),2023,1.41401383200161,"Middle East, North Africa, Afghanistan & Pakistan",High income,58.5874,23.6105
1963,OM,Oman,GDP growth (annual %),2022,7.98570728354278,"Middle East, North Africa, Afghanistan & Pakistan",High income,58.5874,23.6105
1964,OM,Oman,GDP growth (annual %),2021,2.5821749892893,"Middle East, North Africa, Afghanistan & Pakistan",High income,58.5874,23.6105
1965,OM,Oman,GDP growth (annual %),2020,-3.37972052697999,"Middle East, North Africa, Afghanistan & Pakistan",High income,58.5874,23.6105
1966,OM,Oman,GDP growth (annual %),2019,-1.12863801728058,"Middle East, North Africa, Afghanistan & Pakistan",High income,58.5874,23.6105
1967,OM,Oman,GDP growth (annual %),2018,1.28710391543288,"Middle East, North Africa, Afghanistan & Pakistan",High income,58.5874,23.6105
1968,OM,Oman,GDP growth (annual %),2017,0.304057565922449,"Middle East, North Africa, Afghanistan & Pakistan",High income,58.5874,23.6105
1969,OM,Oman,GDP growth (annual %),2016,5.04642394571691,"Middle East, North Africa, Afghanistan & Pakistan",High income,58.5874,23.6105
1970,PK,Pakistan,GDP growth (annual %),2025,3.69842668749033,"Middle East, North Africa, Afghanistan & Pakistan",Lower middle income,72.8,30.5167
1971,PK,Pakistan,GDP growth (annual %),2024,3.08176295579301,"Middle East, North Africa, Afghanistan & Pakistan",Lower middle income,72.8,30.5167
1972,PK,Pakistan,GDP growth (annual %),2023,-0.414935997088406,"Middle East, North Africa, Afghanistan & Pakistan",Lower middle income,72.8,30.5167
1973,PK,Pakistan,GDP growth (annual %),2022,4.7781068690358,"Middle East, North Africa, Afghanistan & Pakistan",Lower middle income,72.8,30.5167
1974,PK,Pakistan,GDP growth (annual %),2021,6.51388575852702,"Middle East, North Africa, Afghanistan & Pakistan",Lower middle income,72.8,30.5167
1975,PK,Pakistan,GDP growth (annual %),2020,-1.27408744338709,"Middle East, North Africa, Afghanistan & Pakistan",Lower middle income,72.8,30.5167
1976,PK,Pakistan,GDP growth (annual %),2019,2.49763692943365,"Middle East, North Africa, Afghanistan & Pakistan",Lower middle income,72.8,30.5167
1977,PK,Pakistan,GDP growth (annual %),2018,6.15170261099519,"Middle East, North Africa, Afghanistan & Pakistan",Lower middle income,72.8,30.5167
1978,PK,Pakistan,GDP growth (annual %),2017,4.43262590683975,"Middle East, North Africa, Afghanistan & Pakistan",Lower middle income,72.8,30.5167
1979,PK,Pakistan,GDP growth (annual %),2016,6.57383828511043,"Middle East, North Africa, Afghanistan & Pakistan",Lower middle income,72.8,30.5167
1980,PW,Palau,GDP growth (annual %),2025,6.28637654202731,East Asia & Pacific,High income,134.479,7.34194
1981,PW,Palau,GDP growth (annual %),2024,12.0059720184866,East Asia & Pacific,High income,134.479,7.34194
1982,PW,Palau,GDP growth (annual %),2023,1.22284844405733,East Asia & Pacific,High income,134.479,7.34194
1983,PW,Palau,GDP growth (annual %),2022,-0.462879543823192,East Asia & Pacific,High income,134.479,7.34194
1984,PW,Palau,GDP growth (annual %),2021,-11.9146400192064,East Asia & Pacific,High income,134.479,7.34194
1985,PW,Palau,GDP growth (annual %),2020,-6.00740723664144,East Asia & Pacific,High income,134.479,7.34194
1986,PW,Palau,GDP growth (annual %),2019,0.300684343692609,East Asia & Pacific,High income,134.479,7.34194
1987,PW,Palau,GDP growth (annual %),2018,-0.417625859260369,East Asia & Pacific,High income,134.479,7.34194
1988,PW,Palau,GDP growth (annual %),2017,-3.42143170174889,East Asia & Pacific,High income,134.479,7.34194
1989,PW,Palau,GDP growth (annual %),2016,1.66650688235592,East Asia & Pacific,High income,134.479,7.34194
1990,PA,Panama,GDP growth (annual %),2025,4.35030460627731,Latin America & Caribbean ,High income,-79.5188,8.99427
1991,PA,Panama,GDP growth (annual %),2024,2.74784148771307,Latin America & Caribbean ,High income,-79.5188,8.99427
1992,PA,Panama,GDP growth (annual %),2023,7.16634016390665,Latin America & Caribbean ,High income,-79.5188,8.99427
1993,PA,Panama,GDP growth (annual %),2022,11.0386022908773,Latin America & Caribbean ,High income,-79.5188,8.99427
1994,PA,Panama,GDP growth (annual %),2021,16.4669992022652,Latin America & Caribbean ,High income,-79.5188,8.99427
1995,PA,Panama,GDP growth (annual %),2020,-17.8211174074602,Latin America & Caribbean ,High income,-79.5188,8.99427
1996,PA,Panama,GDP growth (annual %),2019,3.10295395631086,Latin America & Caribbean ,High income,-79.5188,8.99427
1997,PA,Panama,GDP growth (annual %),2018,3.91824253321265,Latin America & Caribbean ,High income,-79.5188,8.99427
1998,PA,Panama,GDP growth (annual %),2017,5.7440594635578,Latin America & Caribbean ,High income,-79.5188,8.99427
1999,PA,Panama,GDP growth (annual %),2016,4.57196707937275,Latin America & Caribbean ,High income,-79.5188,8.99427
2000,PG,Papua New Guinea,GDP growth (annual %),2025,5.63792052319458,East Asia & Pacific,Lower middle income,147.194,-9.47357
2001,PG,Papua New Guinea,GDP growth (annual %),2024,3.88795324667848,East Asia & Pacific,Lower middle income,147.194,-9.47357
2002,PG,Papua New Guinea,GDP growth (annual %),2023,3.81046308333708,East Asia & Pacific,Lower middle income,147.194,-9.47357
2003,PG,Papua New Guinea,GDP growth (annual %),2022,5.70701964996525,East Asia & Pacific,Lower middle income,147.194,-9.47357
2004,PG,Papua New Guinea,GDP growth (annual %),2021,-0.510612607034361,East Asia & Pacific,Lower middle income,147.194,-9.47357
2005,PG,Papua New Guinea,GDP growth (annual %),2020,-3.16743204434815,East Asia & Pacific,Lower middle income,147.194,-9.47357
2006,PG,Papua New Guinea,GDP growth (annual %),2019,4.48051456942582,East Asia & Pacific,Lower middle income,147.194,-9.47357
2007,PG,Papua New Guinea,GDP growth (annual %),2018,-0.279252284959952,East Asia & Pacific,Lower middle income,147.194,-9.47357
2008,PG,Papua New Guinea,GDP growth (annual %),2017,3.53461081750459,East Asia & Pacific,Lower middle income,147.194,-9.47357
2009,PG,Papua New Guinea,GDP growth (annual %),2016,5.48957315278187,East Asia & Pacific,Lower middle income,147.194,-9.47357
2010,PY,Paraguay,GDP growth (annual %),2025,6.64262511156879,Latin America & Caribbean ,Upper middle income,-57.6362,-25.3005
2011,PY,Paraguay,GDP growth (annual %),2024,4.66914577981763,Latin America & Caribbean ,Upper middle income,-57.6362,-25.3005
2012,PY,Paraguay,GDP growth (annual %),2023,5.28584584975323,Latin America & Caribbean ,Upper middle income,-57.6362,-25.3005
2013,PY,Paraguay,GDP growth (annual %),2022,-0.0280771723899278,Latin America & Caribbean ,Upper middle income,-57.6362,-25.3005
2014,PY,Paraguay,GDP growth (annual %),2021,3.99461510731535,Latin America & Caribbean ,Upper middle income,-57.6362,-25.3005
2015,PY,Paraguay,GDP growth (annual %),2020,-0.819785390971916,Latin America & Caribbean ,Upper middle income,-57.6362,-25.3005
2016,PY,Paraguay,GDP growth (annual %),2019,-0.40185510068001,Latin America & Caribbean ,Upper middle income,-57.6362,-25.3005
2017,PY,Paraguay,GDP growth (annual %),2018,3.20425034076639,Latin America & Caribbean ,Upper middle income,-57.6362,-25.3005
2018,PY,Paraguay,GDP growth (annual %),2017,4.81007885554041,Latin America & Caribbean ,Upper middle income,-57.6362,-25.3005
2019,PY,Paraguay,GDP growth (annual %),2016,4.26802583314583,Latin America & Caribbean ,Upper middle income,-57.6362,-25.3005
2020,PE,Peru,GDP growth (annual %),2025,3.43056395124466,Latin America & Caribbean ,Upper middle income,-77.0465,-12.0931
2021,PE,Peru,GDP growth (annual %),2024,3.5152749274832,Latin America & Caribbean ,Upper middle income,-77.0465,-12.0931
2022,PE,Peru,GDP growth (annual %),2023,-0.350699814345759,Latin America & Caribbean ,Upper middle income,-77.0465,-12.0931
2023,PE,Peru,GDP growth (annual %),2022,2.81819976419922,Latin America & Caribbean ,Upper middle income,-77.0465,-12.0931
2024,PE,Peru,GDP growth (annual %),2021,13.4166456126513,Latin America & Caribbean ,Upper middle income,-77.0465,-12.0931
2025,PE,Peru,GDP growth (annual %),2020,-10.9333065010382,Latin America & Caribbean ,Upper middle income,-77.0465,-12.0931
2026,PE,Peru,GDP growth (annual %),2019,2.24063176875049,Latin America & Caribbean ,Upper middle income,-77.0465,-12.0931
2027,PE,Peru,GDP growth (annual %),2018,3.969351341365,Latin America & Caribbean ,Upper middle income,-77.0465,-12.0931
2028,PE,Peru,GDP growth (annual %),2017,2.51883544233135,Latin America & Caribbean ,Upper middle income,-77.0465,-12.0931
2029,PE,Peru,GDP growth (annual %),2016,3.95331871520767,Latin America & Caribbean ,Upper middle income,-77.0465,-12.0931
2030,PH,Philippines,GDP growth (annual %),2025,4.40240158710621,East Asia & Pacific,Upper middle income,121.035,14.5515
2031,PH,Philippines,GDP growth (annual %),2024,5.71474526128652,East Asia & Pacific,Upper middle income,121.035,14.5515
2032,PH,Philippines,GDP growth (annual %),2023,5.51894967856043,East Asia & Pacific,Upper middle income,121.035,14.5515
2033,PH,Philippines,GDP growth (annual %),2022,7.58098212785563,East Asia & Pacific,Upper middle income,121.035,14.5515
2034,PH,Philippines,GDP growth (annual %),2021,5.71473313185116,East Asia & Pacific,Upper middle income,121.035,14.5515
2035,PH,Philippines,GDP growth (annual %),2020,-9.51829474045297,East Asia & Pacific,Upper middle income,121.035,14.5515
2036,PH,Philippines,GDP growth (annual %),2019,6.11852566221303,East Asia & Pacific,Upper middle income,121.035,14.5515
2037,PH,Philippines,GDP growth (annual %),2018,6.34148557153473,East Asia & Pacific,Upper middle income,121.035,14.5515
2038,PH,Philippines,GDP growth (annual %),2017,6.9309883258402,East Asia & Pacific,Upper middle income,121.035,14.5515
2039,PH,Philippines,GDP growth (annual %),2016,7.14945675000752,East Asia & Pacific,Upper middle income,121.035,14.5515
2040,PL,Poland,GDP growth (annual %),2025,3.5727250346774,Europe & Central Asia,High income,21.02,52.26
2041,PL,Poland,GDP growth (annual %),2024,3.02841630700273,Europe & Central Asia,High income,21.02,52.26
2042,PL,Poland,GDP growth (annual %),2023,0.249610834017872,Europe & Central Asia,High income,21.02,52.26
2043,PL,Poland,GDP growth (annual %),2022,5.25545697386036,Europe & Central Asia,High income,21.02,52.26
2044,PL,Poland,GDP growth (annual %),2021,6.92718266052501,Europe & Central Asia,High income,21.02,52.26
2045,PL,Poland,GDP growth (annual %),2020,-2.03556882399977,Europe & Central Asia,High income,21.02,52.26
2046,PL,Poland,GDP growth (annual %),2019,4.58045817256199,Europe & Central Asia,High income,21.02,52.26
2047,PL,Poland,GDP growth (annual %),2018,6.2458584723942,Europe & Central Asia,High income,21.02,52.26
2048,PL,Poland,GDP growth (annual %),2017,5.15245773325907,Europe & Central Asia,High income,21.02,52.26
2049,PL,Poland,GDP growth (annual %),2016,3.03117767594847,Europe & Central Asia,High income,21.02,52.26
2050,PT,Portugal,GDP growth (annual %),2025,1.86448007464475,Europe & Central Asia,High income,-9.13552,38.7072
2051,PT,Portugal,GDP growth (annual %),2024,2.21459232301109,Europe & Central Asia,High income,-9.13552,38.7072
2052,PT,Portugal,GDP growth (annual %),2023,3.09998745904281,Europe & Central Asia,High income,-9.13552,38.7072
2053,PT,Portugal,GDP growth (annual %),2022,6.98584137580278,Europe & Central Asia,High income,-9.13552,38.7072
2054,PT,Portugal,GDP growth (annual %),2021,5.55875672070374,Europe & Central Asia,High income,-9.13552,38.7072
2055,PT,Portugal,GDP growth (annual %),2020,-8.20463159324387,Europe & Central Asia,High income,-9.13552,38.7072
2056,PT,Portugal,GDP growth (annual %),2019,2.74568432648596,Europe & Central Asia,High income,-9.13552,38.7072
2057,PT,Portugal,GDP growth (annual %),2018,2.94628343449202,Europe & Central Asia,High income,-9.13552,38.7072
2058,PT,Portugal,GDP growth (annual %),2017,3.31472008175986,Europe & Central Asia,High income,-9.13552,38.7072
2059,PT,Portugal,GDP growth (annual %),2016,2.00414129666575,Europe & Central Asia,High income,-9.13552,38.7072
2060,PR,Puerto Rico (US),GDP growth (annual %),2025,0.317670046196895,Latin America & Caribbean ,High income,-66,18.23
2061,PR,Puerto Rico (US),GDP growth (annual %),2024,3.17707554784896,Latin America & Caribbean ,High income,-66,18.23
2062,PR,Puerto Rico (US),GDP growth (annual %),2023,0.731492105366186,Latin America & Caribbean ,High income,-66,18.23
2063,PR,Puerto Rico (US),GDP growth (annual %),2022,2.95709565499587,Latin America & Caribbean ,High income,-66,18.23
2064,PR,Puerto Rico (US),GDP growth (annual %),2021,0.385222719529239,Latin America & Caribbean ,High income,-66,18.23
2065,PR,Puerto Rico (US),GDP growth (annual %),2020,-4.1808743093346,Latin America & Caribbean ,High income,-66,18.23
2066,PR,Puerto Rico (US),GDP growth (annual %),2019,1.67546379498209,Latin America & Caribbean ,High income,-66,18.23
2067,PR,Puerto Rico (US),GDP growth (annual %),2018,-4.36142703162535,Latin America & Caribbean ,High income,-66,18.23
2068,PR,Puerto Rico (US),GDP growth (annual %),2017,-2.88521838398481,Latin America & Caribbean ,High income,-66,18.23
2069,PR,Puerto Rico (US),GDP growth (annual %),2016,-1.26369434781117,Latin America & Caribbean ,High income,-66,18.23
2070,QA,Qatar,GDP growth (annual %),2025,2.90166036660493,"Middle East, North Africa, Afghanistan & Pakistan",High income,51.5082,25.2948
2071,QA,Qatar,GDP growth (annual %),2024,3.10963283242745,"Middle East, North Africa, Afghanistan & Pakistan",High income,51.5082,25.2948
2072,QA,Qatar,GDP growth (annual %),2023,1.18715991623776,"Middle East, North Africa, Afghanistan & Pakistan",High income,51.5082,25.2948
2073,QA,Qatar,GDP growth (annual %),2022,4.18500970982862,"Middle East, North Africa, Afghanistan & Pakistan",High income,51.5082,25.2948
2074,QA,Qatar,GDP growth (annual %),2021,1.62684671918775,"Middle East, North Africa, Afghanistan & Pakistan",High income,51.5082,25.2948
2075,QA,Qatar,GDP growth (annual %),2020,-3.5576039896784,"Middle East, North Africa, Afghanistan & Pakistan",High income,51.5082,25.2948
2076,QA,Qatar,GDP growth (annual %),2019,0.688240954592672,"Middle East, North Africa, Afghanistan & Pakistan",High income,51.5082,25.2948
2077,QA,Qatar,GDP growth (annual %),2018,1.23487220191065,"Middle East, North Africa, Afghanistan & Pakistan",High income,51.5082,25.2948
2078,QA,Qatar,GDP growth (annual %),2017,-1.49760470227838,"Middle East, North Africa, Afghanistan & Pakistan",High income,51.5082,25.2948
2079,QA,Qatar,GDP growth (annual %),2016,3.06419188430156,"Middle East, North Africa, Afghanistan & Pakistan",High income,51.5082,25.2948
2080,RO,Romania,GDP growth (annual %),2025,0.677829835052762,Europe & Central Asia,High income,26.0979,44.4479
2081,RO,Romania,GDP growth (annual %),2024,0.916003764382594,Europe & Central Asia,High income,26.0979,44.4479
2082,RO,Romania,GDP growth (annual %),2023,2.25773416555121,Europe & Central Asia,High income,26.0979,44.4479
2083,RO,Romania,GDP growth (annual %),2022,4.18771305104109,Europe & Central Asia,High income,26.0979,44.4479
2084,RO,Romania,GDP growth (annual %),2021,5.58735072538869,Europe & Central Asia,High income,26.0979,44.4479
2085,RO,Romania,GDP growth (annual %),2020,-3.59802546034757,Europe & Central Asia,High income,26.0979,44.4479
2086,RO,Romania,GDP growth (annual %),2019,3.96028958497598,Europe & Central Asia,High income,26.0979,44.4479
2087,RO,Romania,GDP growth (annual %),2018,5.39452228185675,Europe & Central Asia,High income,26.0979,44.4479
2088,RO,Romania,GDP growth (annual %),2017,8.19547826641261,Europe & Central Asia,High income,26.0979,44.4479
2089,RO,Romania,GDP growth (annual %),2016,2.85993252302089,Europe & Central Asia,High income,26.0979,44.4479
2090,RU,Russian Federation,GDP growth (annual %),2025,1.00117656925738,Europe & Central Asia,High income,37.6176,55.7558
2091,RU,Russian Federation,GDP growth (annual %),2024,4.92167966203073,Europe & Central Asia,High income,37.6176,55.7558
2092,RU,Russian Federation,GDP growth (annual %),2023,4.06661395813023,Europe & Central Asia,High income,37.6176,55.7558
2093,RU,Russian Federation,GDP growth (annual %),2022,-1.43537063467896,Europe & Central Asia,High income,37.6176,55.7558
2094,RU,Russian Federation,GDP growth (annual %),2021,5.866491772979,Europe & Central Asia,High income,37.6176,55.7558
2095,RU,Russian Federation,GDP growth (annual %),2020,-2.65365449695453,Europe & Central Asia,High income,37.6176,55.7558
2096,RU,Russian Federation,GDP growth (annual %),2019,2.19807571381982,Europe & Central Asia,High income,37.6176,55.7558
2097,RU,Russian Federation,GDP growth (annual %),2018,2.80634082046656,Europe & Central Asia,High income,37.6176,55.7558
2098,RU,Russian Federation,GDP growth (annual %),2017,1.82670527549192,Europe & Central Asia,High income,37.6176,55.7558
2099,RU,Russian Federation,GDP growth (annual %),2016,0.193671130698817,Europe & Central Asia,High income,37.6176,55.7558
2100,RW,Rwanda,GDP growth (annual %),2025,9.37579834182446,Sub-Saharan Africa ,Low income,30.0587,-1.95325
2101,RW,Rwanda,GDP growth (annual %),2024,7.22717103344534,Sub-Saharan Africa ,Low income,30.0587,-1.95325
2102,RW,Rwanda,GDP growth (annual %),2023,8.55964292914153,Sub-Saharan Africa ,Low income,30.0587,-1.95325
2103,RW,Rwanda,GDP growth (annual %),2022,9.82497394651698,Sub-Saharan Africa ,Low income,30.0587,-1.95325
2104,RW,Rwanda,GDP growth (annual %),2021,8.41140448646523,Sub-Saharan Africa ,Low income,30.0587,-1.95325
2105,RW,Rwanda,GDP growth (annual %),2020,-2.77710485515125,Sub-Saharan Africa ,Low income,30.0587,-1.95325
2106,RW,Rwanda,GDP growth (annual %),2019,9.28613387454543,Sub-Saharan Africa ,Low income,30.0587,-1.95325
2107,RW,Rwanda,GDP growth (annual %),2018,8.07084254621641,Sub-Saharan Africa ,Low income,30.0587,-1.95325
2108,RW,Rwanda,GDP growth (annual %),2017,4.70393439751061,Sub-Saharan Africa ,Low income,30.0587,-1.95325
2109,RW,Rwanda,GDP growth (annual %),2016,5.65874584202778,Sub-Saharan Africa ,Low income,30.0587,-1.95325
2110,WS,Samoa,GDP growth (annual %),2025,4.20440659006225,East Asia & Pacific,Upper middle income,-171.752,-13.8314
2111,WS,Samoa,GDP growth (annual %),2024,4.7483863916535,East Asia & Pacific,Upper middle income,-171.752,-13.8314
2112,WS,Samoa,GDP growth (annual %),2023,15.233606465518,East Asia & Pacific,Upper middle income,-171.752,-13.8314
2113,WS,Samoa,GDP growth (annual %),2022,2.26705310780669,East Asia & Pacific,Upper middle income,-171.752,-13.8314
2114,WS,Samoa,GDP growth (annual %),2021,-5.04350589708287,East Asia & Pacific,Upper middle income,-171.752,-13.8314
2115,WS,Samoa,GDP growth (annual %),2020,-3.10864485863991,East Asia & Pacific,Upper middle income,-171.752,-13.8314
2116,WS,Samoa,GDP growth (annual %),2019,4.45185891688691,East Asia & Pacific,Upper middle income,-171.752,-13.8314
2117,WS,Samoa,GDP growth (annual %),2018,-0.609647103380141,East Asia & Pacific,Upper middle income,-171.752,-13.8314
2118,WS,Samoa,GDP growth (annual %),2017,1.40628239971301,East Asia & Pacific,Upper middle income,-171.752,-13.8314
2119,WS,Samoa,GDP growth (annual %),2016,7.9838628784713,East Asia & Pacific,Upper middle income,-171.752,-13.8314
2120,SM,San Marino,GDP growth (annual %),2025,,Europe & Central Asia,High income,12.4486,43.9322
2121,SM,San Marino,GDP growth (annual %),2024,,Europe & Central Asia,High income,12.4486,43.9322
2122,SM,San Marino,GDP growth (annual %),2023,0.401932371532837,Europe & Central Asia,High income,12.4486,43.9322
2123,SM,San Marino,GDP growth (annual %),2022,7.89844678230362,Europe & Central Asia,High income,12.4486,43.9322
2124,SM,San Marino,GDP growth (annual %),2021,13.8977857594089,Europe & Central Asia,High income,12.4486,43.9322
2125,SM,San Marino,GDP growth (annual %),2020,-6.64791226034481,Europe & Central Asia,High income,12.4486,43.9322
2126,SM,San Marino,GDP growth (annual %),2019,2.06569082920953,Europe & Central Asia,High income,12.4486,43.9322
2127,SM,San Marino,GDP growth (annual %),2018,1.49390399796074,Europe & Central Asia,High income,12.4486,43.9322
2128,SM,San Marino,GDP growth (annual %),2017,0.258259899709444,Europe & Central Asia,High income,12.4486,43.9322
2129,SM,San Marino,GDP growth (annual %),2016,2.34441211810459,Europe & Central Asia,High income,12.4486,43.9322
2130,ST,Sao Tome and Principe,GDP growth (annual %),2025,1.02847453097097,Sub-Saharan Africa ,Lower middle income,6.6071,0.20618
2131,ST,Sao Tome and Principe,GDP growth (annual %),2024,1.47888850952698,Sub-Saharan Africa ,Lower middle income,6.6071,0.20618
2132,ST,Sao Tome and Principe,GDP growth (annual %),2023,0.372252775001456,Sub-Saharan Africa ,Lower middle income,6.6071,0.20618
2133,ST,Sao Tome and Principe,GDP growth (annual %),2022,0.168698492216564,Sub-Saharan Africa ,Lower middle income,6.6071,0.20618
2134,ST,Sao Tome and Principe,GDP growth (annual %),2021,1.89929891337832,Sub-Saharan Africa ,Lower middle income,6.6071,0.20618
2135,ST,Sao Tome and Principe,GDP growth (annual %),2020,2.62485949543812,Sub-Saharan Africa ,Lower middle income,6.6071,0.20618
2136,ST,Sao Tome and Principe,GDP growth (annual %),2019,2.01431672129407,Sub-Saharan Africa ,Lower middle income,6.6071,0.20618
2137,ST,Sao Tome and Principe,GDP growth (annual %),2018,4.37812808264972,Sub-Saharan Africa ,Lower middle income,6.6071,0.20618
2138,ST,Sao Tome and Principe,GDP growth (annual %),2017,4.11297966281954,Sub-Saharan Africa ,Lower middle income,6.6071,0.20618
2139,ST,Sao Tome and Principe,GDP growth (annual %),2016,5.17682468684113,Sub-Saharan Africa ,Lower middle income,6.6071,0.20618
2140,SA,Saudi Arabia,GDP growth (annual %),2025,4.50246560191663,"Middle East, North Africa, Afghanistan & Pakistan",High income,46.6977,24.6748
2141,SA,Saudi Arabia,GDP growth (annual %),2024,2.64893068308965,"Middle East, North Africa, Afghanistan & Pakistan",High income,46.6977,24.6748
2142,SA,Saudi Arabia,GDP growth (annual %),2023,0.542592439393161,"Middle East, North Africa, Afghanistan & Pakistan",High income,46.6977,24.6748
2143,SA,Saudi Arabia,GDP growth (annual %),2022,12.0005874752929,"Middle East, North Africa, Afghanistan & Pakistan",High income,46.6977,24.6748
2144,SA,Saudi Arabia,GDP growth (annual %),2021,6.51959698325419,"Middle East, North Africa, Afghanistan & Pakistan",High income,46.6977,24.6748
2145,SA,Saudi Arabia,GDP growth (annual %),2020,-3.80478901996312,"Middle East, North Africa, Afghanistan & Pakistan",High income,46.6977,24.6748
2146,SA,Saudi Arabia,GDP growth (annual %),2019,1.65158925617395,"Middle East, North Africa, Afghanistan & Pakistan",High income,46.6977,24.6748
2147,SA,Saudi Arabia,GDP growth (annual %),2018,3.2269508901591,"Middle East, North Africa, Afghanistan & Pakistan",High income,46.6977,24.6748
2148,SA,Saudi Arabia,GDP growth (annual %),2017,1.18210705878283,"Middle East, North Africa, Afghanistan & Pakistan",High income,46.6977,24.6748
2149,SA,Saudi Arabia,GDP growth (annual %),2016,1.70404739202878,"Middle East, North Africa, Afghanistan & Pakistan",High income,46.6977,24.6748
2150,SN,Senegal,GDP growth (annual %),2025,6.68227744849194,Sub-Saharan Africa ,Lower middle income,-17.4734,14.7247
2151,SN,Senegal,GDP growth (annual %),2024,6.46220577412338,Sub-Saharan Africa ,Lower middle income,-17.4734,14.7247
2152,SN,Senegal,GDP growth (annual %),2023,4.25743083300657,Sub-Saharan Africa ,Lower middle income,-17.4734,14.7247
2153,SN,Senegal,GDP growth (annual %),2022,3.85043193752725,Sub-Saharan Africa ,Lower middle income,-17.4734,14.7247
2154,SN,Senegal,GDP growth (annual %),2021,6.5440010991951,Sub-Saharan Africa ,Lower middle income,-17.4734,14.7247
2155,SN,Senegal,GDP growth (annual %),2020,1.34207377285524,Sub-Saharan Africa ,Lower middle income,-17.4734,14.7247
2156,SN,Senegal,GDP growth (annual %),2019,4.6136280976221,Sub-Saharan Africa ,Lower middle income,-17.4734,14.7247
2157,SN,Senegal,GDP growth (annual %),2018,6.20924103388887,Sub-Saharan Africa ,Lower middle income,-17.4734,14.7247
2158,SN,Senegal,GDP growth (annual %),2017,7.40748618589598,Sub-Saharan Africa ,Lower middle income,-17.4734,14.7247
2159,SN,Senegal,GDP growth (annual %),2016,6.35606857208136,Sub-Saharan Africa ,Lower middle income,-17.4734,14.7247
2160,RS,Serbia,GDP growth (annual %),2025,2.03039196235113,Europe & Central Asia,Upper middle income,20.4656,44.8024
2161,RS,Serbia,GDP growth (annual %),2024,3.94992622592932,Europe & Central Asia,Upper middle income,20.4656,44.8024
2162,RS,Serbia,GDP growth (annual %),2023,3.74793303561771,Europe & Central Asia,Upper middle income,20.4656,44.8024
2163,RS,Serbia,GDP growth (annual %),2022,2.70347705543654,Europe & Central Asia,Upper middle income,20.4656,44.8024
2164,RS,Serbia,GDP growth (annual %),2021,7.94905650472278,Europe & Central Asia,Upper middle income,20.4656,44.8024
2165,RS,Serbia,GDP growth (annual %),2020,-0.950023991851594,Europe & Central Asia,Upper middle income,20.4656,44.8024
2166,RS,Serbia,GDP growth (annual %),2019,4.75020793899014,Europe & Central Asia,Upper middle income,20.4656,44.8024
2167,RS,Serbia,GDP growth (annual %),2018,4.64935035491007,Europe & Central Asia,Upper middle income,20.4656,44.8024
2168,RS,Serbia,GDP growth (annual %),2017,2.3634031250553,Europe & Central Asia,Upper middle income,20.4656,44.8024
2169,RS,Serbia,GDP growth (annual %),2016,2.97519807160826,Europe & Central Asia,Upper middle income,20.4656,44.8024
2170,SC,Seychelles,GDP growth (annual %),2025,5.79795669973812,Sub-Saharan Africa ,High income,55.4466,-4.6309
2171,SC,Seychelles,GDP growth (annual %),2024,3.34667429007052,Sub-Saharan Africa ,High income,55.4466,-4.6309
2172,SC,Seychelles,GDP growth (annual %),2023,5.17980996672414,Sub-Saharan Africa ,High income,55.4466,-4.6309
2173,SC,Seychelles,GDP growth (annual %),2022,9.88048366355446,Sub-Saharan Africa ,High income,55.4466,-4.6309
2174,SC,Seychelles,GDP growth (annual %),2021,0.552281631207279,Sub-Saharan Africa ,High income,55.4466,-4.6309
2175,SC,Seychelles,GDP growth (annual %),2020,-11.7398608281732,Sub-Saharan Africa ,High income,55.4466,-4.6309
2176,SC,Seychelles,GDP growth (annual %),2019,5.5142920737342,Sub-Saharan Africa ,High income,55.4466,-4.6309
2177,SC,Seychelles,GDP growth (annual %),2018,4.93947272254312,Sub-Saharan Africa ,High income,55.4466,-4.6309
2178,SC,Seychelles,GDP growth (annual %),2017,6.95416218794271,Sub-Saharan Africa ,High income,55.4466,-4.6309
2179,SC,Seychelles,GDP growth (annual %),2016,12.1175272453913,Sub-Saharan Africa ,High income,55.4466,-4.6309
2180,SL,Sierra Leone,GDP growth (annual %),2025,4.60865077581276,Sub-Saharan Africa ,Low income,-13.2134,8.4821
2181,SL,Sierra Leone,GDP growth (annual %),2024,4.29322334404611,Sub-Saharan Africa ,Low income,-13.2134,8.4821
2182,SL,Sierra Leone,GDP growth (annual %),2023,5.7100218981806,Sub-Saharan Africa ,Low income,-13.2134,8.4821
2183,SL,Sierra Leone,GDP growth (annual %),2022,5.3135546141915,Sub-Saharan Africa ,Low income,-13.2134,8.4821
2184,SL,Sierra Leone,GDP growth (annual %),2021,5.8968527047094,Sub-Saharan Africa ,Low income,-13.2134,8.4821
2185,SL,Sierra Leone,GDP growth (annual %),2020,-1.2533490322766,Sub-Saharan Africa ,Low income,-13.2134,8.4821
2186,SL,Sierra Leone,GDP growth (annual %),2019,5.50270937378153,Sub-Saharan Africa ,Low income,-13.2134,8.4821
2187,SL,Sierra Leone,GDP growth (annual %),2018,2.8938564123677,Sub-Saharan Africa ,Low income,-13.2134,8.4821
2188,SL,Sierra Leone,GDP growth (annual %),2017,3.20786087715987,Sub-Saharan Africa ,Low income,-13.2134,8.4821
2189,SL,Sierra Leone,GDP growth (annual %),2016,6.43743652764257,Sub-Saharan Africa ,Low income,-13.2134,8.4821
2190,SG,Singapore,GDP growth (annual %),2025,5.02588199508003,East Asia & Pacific,High income,103.85,1.28941
2191,SG,Singapore,GDP growth (annual %),2024,5.3435120192366,East Asia & Pacific,High income,103.85,1.28941
2192,SG,Singapore,GDP growth (annual %),2023,1.45026775889565,East Asia & Pacific,High income,103.85,1.28941
2193,SG,Singapore,GDP growth (annual %),2022,4.01027884472296,East Asia & Pacific,High income,103.85,1.28941
2194,SG,Singapore,GDP growth (annual %),2021,10.1410845197192,East Asia & Pacific,High income,103.85,1.28941
2195,SG,Singapore,GDP growth (annual %),2020,-3.61084281729929,East Asia & Pacific,High income,103.85,1.28941
2196,SG,Singapore,GDP growth (annual %),2019,1.15877947300108,East Asia & Pacific,High income,103.85,1.28941
2197,SG,Singapore,GDP growth (annual %),2018,3.18660848474074,East Asia & Pacific,High income,103.85,1.28941
2198,SG,Singapore,GDP growth (annual %),2017,4.32679370770501,East Asia & Pacific,High income,103.85,1.28941
2199,SG,Singapore,GDP growth (annual %),2016,3.91095306322606,East Asia & Pacific,High income,103.85,1.28941
2200,SX,Sint Maarten (Dutch part),GDP growth (annual %),2025,3.40000000000001,Latin America & Caribbean ,High income,,
2201,SX,Sint Maarten (Dutch part),GDP growth (annual %),2024,3.00000089532888,Latin America & Caribbean ,High income,,
2202,SX,Sint Maarten (Dutch part),GDP growth (annual %),2023,3.79999769985537,Latin America & Caribbean ,High income,,
2203,SX,Sint Maarten (Dutch part),GDP growth (annual %),2022,13.9000012614164,Latin America & Caribbean ,High income,,
2204,SX,Sint Maarten (Dutch part),GDP growth (annual %),2021,4.57759677933345,Latin America & Caribbean ,High income,,
2205,SX,Sint Maarten (Dutch part),GDP growth (annual %),2020,-13.3167887221567,Latin America & Caribbean ,High income,,
2206,SX,Sint Maarten (Dutch part),GDP growth (annual %),2019,10.9650009352392,Latin America & Caribbean ,High income,,
2207,SX,Sint Maarten (Dutch part),GDP growth (annual %),2018,-6.85698299227944,Latin America & Caribbean ,High income,,
2208,SX,Sint Maarten (Dutch part),GDP growth (annual %),2017,-7.53521399882428,Latin America & Caribbean ,High income,,
2209,SX,Sint Maarten (Dutch part),GDP growth (annual %),2016,0.96775836306881,Latin America & Caribbean ,High income,,
2210,SK,Slovak Republic,GDP growth (annual %),2025,0.807418690144758,Europe & Central Asia,High income,17.1073,48.1484
2211,SK,Slovak Republic,GDP growth (annual %),2024,1.93867445549446,Europe & Central Asia,High income,17.1073,48.1484
2212,SK,Slovak Republic,GDP growth (annual %),2023,2.11263633214959,Europe & Central Asia,High income,17.1073,48.1484
2213,SK,Slovak Republic,GDP growth (annual %),2022,0.544591632137454,Europe & Central Asia,High income,17.1073,48.1484
2214,SK,Slovak Republic,GDP growth (annual %),2021,5.6558588065555,Europe & Central Asia,High income,17.1073,48.1484
2215,SK,Slovak Republic,GDP growth (annual %),2020,-2.58551241733207,Europe & Central Asia,High income,17.1073,48.1484
2216,SK,Slovak Republic,GDP growth (annual %),2019,2.27589910019393,Europe & Central Asia,High income,17.1073,48.1484
2217,SK,Slovak Republic,GDP growth (annual %),2018,4.06211981896483,Europe & Central Asia,High income,17.1073,48.1484
2218,SK,Slovak Republic,GDP growth (annual %),2017,2.87473327453695,Europe & Central Asia,High income,17.1073,48.1484
2219,SK,Slovak Republic,GDP growth (annual %),2016,1.94781841524558,Europe & Central Asia,High income,17.1073,48.1484
2220,SI,Slovenia,GDP growth (annual %),2025,1.05992996255246,Europe & Central Asia,High income,14.5044,46.0546
2221,SI,Slovenia,GDP growth (annual %),2024,1.73139722479493,Europe & Central Asia,High income,14.5044,46.0546
2222,SI,Slovenia,GDP growth (annual %),2023,2.3758326648385,Europe & Central Asia,High income,14.5044,46.0546
2223,SI,Slovenia,GDP growth (annual %),2022,2.66850555542486,Europe & Central Asia,High income,14.5044,46.0546
2224,SI,Slovenia,GDP growth (annual %),2021,8.41686457725321,Europe & Central Asia,High income,14.5044,46.0546
2225,SI,Slovenia,GDP growth (annual %),2020,-4.08500094942896,Europe & Central Asia,High income,14.5044,46.0546
2226,SI,Slovenia,GDP growth (annual %),2019,3.50525332381912,Europe & Central Asia,High income,14.5044,46.0546
2227,SI,Slovenia,GDP growth (annual %),2018,4.37908347331195,Europe & Central Asia,High income,14.5044,46.0546
2228,SI,Slovenia,GDP growth (annual %),2017,5.17440215579958,Europe & Central Asia,High income,14.5044,46.0546
2229,SI,Slovenia,GDP growth (annual %),2016,3.03441486663654,Europe & Central Asia,High income,14.5044,46.0546
2230,SB,Solomon Islands,GDP growth (annual %),2025,3.61715088072386,East Asia & Pacific,Lower middle income,159.949,-9.42676
2231,SB,Solomon Islands,GDP growth (annual %),2024,2.99755987604104,East Asia & Pacific,Lower middle income,159.949,-9.42676
2232,SB,Solomon Islands,GDP growth (annual %),2023,2.84111851154807,East Asia & Pacific,Lower middle income,159.949,-9.42676
2233,SB,Solomon Islands,GDP growth (annual %),2022,-2.58448361755723,East Asia & Pacific,Lower middle income,159.949,-9.42676
2234,SB,Solomon Islands,GDP growth (annual %),2021,-0.227975292792024,East Asia & Pacific,Lower middle income,159.949,-9.42676
2235,SB,Solomon Islands,GDP growth (annual %),2020,-3.38125925839405,East Asia & Pacific,Lower middle income,159.949,-9.42676
2236,SB,Solomon Islands,GDP growth (annual %),2019,1.74925244485951,East Asia & Pacific,Lower middle income,159.949,-9.42676
2237,SB,Solomon Islands,GDP growth (annual %),2018,2.74585244829055,East Asia & Pacific,Lower middle income,159.949,-9.42676
2238,SB,Solomon Islands,GDP growth (annual %),2017,3.07546176144591,East Asia & Pacific,Lower middle income,159.949,-9.42676
2239,SB,Solomon Islands,GDP growth (annual %),2016,5.55494348257992,East Asia & Pacific,Lower middle income,159.949,-9.42676
2240,SO,"Somalia, Fed. Rep.",GDP growth (annual %),2025,2.99114404482197,Sub-Saharan Africa ,Low income,45.3254,2.07515
2241,SO,"Somalia, Fed. Rep.",GDP growth (annual %),2024,4.11139335779471,Sub-Saharan Africa ,Low income,45.3254,2.07515
2242,SO,"Somalia, Fed. Rep.",GDP growth (annual %),2023,4.17524257571303,Sub-Saharan Africa ,Low income,45.3254,2.07515
2243,SO,"Somalia, Fed. Rep.",GDP growth (annual %),2022,2.71821202053759,Sub-Saharan Africa ,Low income,45.3254,2.07515
2244,SO,"Somalia, Fed. Rep.",GDP growth (annual %),2021,3.44719850031242,Sub-Saharan Africa ,Low income,45.3254,2.07515
2245,SO,"Somalia, Fed. Rep.",GDP growth (annual %),2020,-2.76455696202532,Sub-Saharan Africa ,Low income,45.3254,2.07515
2246,SO,"Somalia, Fed. Rep.",GDP growth (annual %),2019,2.80033312513012,Sub-Saharan Africa ,Low income,45.3254,2.07515
2247,SO,"Somalia, Fed. Rep.",GDP growth (annual %),2018,2.05431507261069,Sub-Saharan Africa ,Low income,45.3254,2.07515
2248,SO,"Somalia, Fed. Rep.",GDP growth (annual %),2017,14.7357956045195,Sub-Saharan Africa ,Low income,45.3254,2.07515
2249,SO,"Somalia, Fed. Rep.",GDP growth (annual %),2016,7.03487260042162,Sub-Saharan Africa ,Low income,45.3254,2.07515
2250,ZA,South Africa,GDP growth (annual %),2025,1.11462608103956,Sub-Saharan Africa ,Upper middle income,28.1871,-25.746
2251,ZA,South Africa,GDP growth (annual %),2024,0.534843531905139,Sub-Saharan Africa ,Upper middle income,28.1871,-25.746
2252,ZA,South Africa,GDP growth (annual %),2023,0.80610455095804,Sub-Saharan Africa ,Upper middle income,28.1871,-25.746
2253,ZA,South Africa,GDP growth (annual %),2022,2.05813661692193,Sub-Saharan Africa ,Upper middle income,28.1871,-25.746
2254,ZA,South Africa,GDP growth (annual %),2021,4.85864865060148,Sub-Saharan Africa ,Upper middle income,28.1871,-25.746
2255,ZA,South Africa,GDP growth (annual %),2020,-6.1689177146757,Sub-Saharan Africa ,Upper middle income,28.1871,-25.746
2256,ZA,South Africa,GDP growth (annual %),2019,0.25993557687633,Sub-Saharan Africa ,Upper middle income,28.1871,-25.746
2257,ZA,South Africa,GDP growth (annual %),2018,1.55678384721676,Sub-Saharan Africa ,Upper middle income,28.1871,-25.746
2258,ZA,South Africa,GDP growth (annual %),2017,1.15794695181735,Sub-Saharan Africa ,Upper middle income,28.1871,-25.746
2259,ZA,South Africa,GDP growth (annual %),2016,0.664552307858116,Sub-Saharan Africa ,Upper middle income,28.1871,-25.746
2260,SS,South Sudan,GDP growth (annual %),2025,,Sub-Saharan Africa ,Low income,31.6,4.85
2261,SS,South Sudan,GDP growth (annual %),2024,,Sub-Saharan Africa ,Low income,31.6,4.85
2262,SS,South Sudan,GDP growth (annual %),2023,,Sub-Saharan Africa ,Low income,31.6,4.85
2263,SS,South Sudan,GDP growth (annual %),2022,,Sub-Saharan Africa ,Low income,31.6,4.85
2264,SS,South Sudan,GDP growth (annual %),2021,,Sub-Saharan Africa ,Low income,31.6,4.85
2265,SS,South Sudan,GDP growth (annual %),2020,,Sub-Saharan Africa ,Low income,31.6,4.85
2266,SS,South Sudan,GDP growth (annual %),2019,,Sub-Saharan Africa ,Low income,31.6,4.85
2267,SS,South Sudan,GDP growth (annual %),2018,,Sub-Saharan Africa ,Low income,31.6,4.85
2268,SS,South Sudan,GDP growth (annual %),2017,,Sub-Saharan Africa ,Low income,31.6,4.85
2269,SS,South Sudan,GDP growth (annual %),2016,,Sub-Saharan Africa ,Low income,31.6,4.85
2270,ES,Spain,GDP growth (annual %),2025,2.82495400578509,Europe & Central Asia,High income,-3.70327,40.4167
2271,ES,Spain,GDP growth (annual %),2024,3.45525405630191,Europe & Central Asia,High income,-3.70327,40.4167
2272,ES,Spain,GDP growth (annual %),2023,2.46085796805582,Europe & Central Asia,High income,-3.70327,40.4167
2273,ES,Spain,GDP growth (annual %),2022,6.37031712129601,Europe & Central Asia,High income,-3.70327,40.4167
2274,ES,Spain,GDP growth (annual %),2021,6.68314420473001,Europe & Central Asia,High income,-3.70327,40.4167
2275,ES,Spain,GDP growth (annual %),2020,-10.9400706350371,Europe & Central Asia,High income,-3.70327,40.4167
2276,ES,Spain,GDP growth (annual %),2019,1.96117850841711,Europe & Central Asia,High income,-3.70327,40.4167
2277,ES,Spain,GDP growth (annual %),2018,2.39541124478878,Europe & Central Asia,High income,-3.70327,40.4167
2278,ES,Spain,GDP growth (annual %),2017,2.89604207865007,Europe & Central Asia,High income,-3.70327,40.4167
2279,ES,Spain,GDP growth (annual %),2016,2.91515598595787,Europe & Central Asia,High income,-3.70327,40.4167
2280,LK,Sri Lanka,GDP growth (annual %),2025,4.9534339114043,South Asia,Upper middle income,79.8528,6.92148
2281,LK,Sri Lanka,GDP growth (annual %),2024,4.99241614398109,South Asia,Upper middle income,79.8528,6.92148
2282,LK,Sri Lanka,GDP growth (annual %),2023,-2.0289296690344,South Asia,Upper middle income,79.8528,6.92148
2283,LK,Sri Lanka,GDP growth (annual %),2022,-7.34919311146656,South Asia,Upper middle income,79.8528,6.92148
2284,LK,Sri Lanka,GDP growth (annual %),2021,4.2074764950026,South Asia,Upper middle income,79.8528,6.92148
2285,LK,Sri Lanka,GDP growth (annual %),2020,-4.62451503712715,South Asia,Upper middle income,79.8528,6.92148
2286,LK,Sri Lanka,GDP growth (annual %),2019,-0.220483886824823,South Asia,Upper middle income,79.8528,6.92148
2287,LK,Sri Lanka,GDP growth (annual %),2018,2.31008425504933,South Asia,Upper middle income,79.8528,6.92148
2288,LK,Sri Lanka,GDP growth (annual %),2017,6.46068127080994,South Asia,Upper middle income,79.8528,6.92148
2289,LK,Sri Lanka,GDP growth (annual %),2016,5.05362488993089,South Asia,Upper middle income,79.8528,6.92148
2290,KN,St. Kitts and Nevis,GDP growth (annual %),2025,2.68858456990016,Latin America & Caribbean ,High income,-62.7309,17.3
2291,KN,St. Kitts and Nevis,GDP growth (annual %),2024,0.312226855858171,Latin America & Caribbean ,High income,-62.7309,17.3
2292,KN,St. Kitts and Nevis,GDP growth (annual %),2023,3.02127526129283,Latin America & Caribbean ,High income,-62.7309,17.3
2293,KN,St. Kitts and Nevis,GDP growth (annual %),2022,10.4804941546807,Latin America & Caribbean ,High income,-62.7309,17.3
2294,KN,St. Kitts and Nevis,GDP growth (annual %),2021,0.367606879216311,Latin America & Caribbean ,High income,-62.7309,17.3
2295,KN,St. Kitts and Nevis,GDP growth (annual %),2020,-15.3018891740649,Latin America & Caribbean ,High income,-62.7309,17.3
2296,KN,St. Kitts and Nevis,GDP growth (annual %),2019,2.93824658056356,Latin America & Caribbean ,High income,-62.7309,17.3
2297,KN,St. Kitts and Nevis,GDP growth (annual %),2018,2.00352549800972,Latin America & Caribbean ,High income,-62.7309,17.3
2298,KN,St. Kitts and Nevis,GDP growth (annual %),2017,0.220941147299996,Latin America & Caribbean ,High income,-62.7309,17.3
2299,KN,St. Kitts and Nevis,GDP growth (annual %),2016,3.93270319273282,Latin America & Caribbean ,High income,-62.7309,17.3
2300,LC,St. Lucia,GDP growth (annual %),2025,-0.57407528214496,Latin America & Caribbean ,Upper middle income,-60.9832,14
2301,LC,St. Lucia,GDP growth (annual %),2024,4.76890217855616,Latin America & Caribbean ,Upper middle income,-60.9832,14
2302,LC,St. Lucia,GDP growth (annual %),2023,3.90774802925928,Latin America & Caribbean ,Upper middle income,-60.9832,14
2303,LC,St. Lucia,GDP growth (annual %),2022,19.3456795355342,Latin America & Caribbean ,Upper middle income,-60.9832,14
2304,LC,St. Lucia,GDP growth (annual %),2021,11.1466993240856,Latin America & Caribbean ,Upper middle income,-60.9832,14
2305,LC,St. Lucia,GDP growth (annual %),2020,-22.9005138634176,Latin America & Caribbean ,Upper middle income,-60.9832,14
2306,LC,St. Lucia,GDP growth (annual %),2019,-1.0293678947917,Latin America & Caribbean ,Upper middle income,-60.9832,14
2307,LC,St. Lucia,GDP growth (annual %),2018,2.88677902171601,Latin America & Caribbean ,Upper middle income,-60.9832,14
2308,LC,St. Lucia,GDP growth (annual %),2017,3.37982617272246,Latin America & Caribbean ,Upper middle income,-60.9832,14
2309,LC,St. Lucia,GDP growth (annual %),2016,3.42787214525211,Latin America & Caribbean ,Upper middle income,-60.9832,14
2310,MF,St. Martin (French part),GDP growth (annual %),2025,,Latin America & Caribbean ,High income,,
2311,MF,St. Martin (French part),GDP growth (annual %),2024,,Latin America & Caribbean ,High income,,
2312,MF,St. Martin (French part),GDP growth (annual %),2023,,Latin America & Caribbean ,High income,,
2313,MF,St. Martin (French part),GDP growth (annual %),2022,,Latin America & Caribbean ,High income,,
2314,MF,St. Martin (French part),GDP growth (annual %),2021,4.89999967133534,Latin America & Caribbean ,High income,,
2315,MF,St. Martin (French part),GDP growth (annual %),2020,-12.500002246731,Latin America & Caribbean ,High income,,
2316,MF,St. Martin (French part),GDP growth (annual %),2019,6.50000363700821,Latin America & Caribbean ,High income,,
2317,MF,St. Martin (French part),GDP growth (annual %),2018,-7.99999506898229,Latin America & Caribbean ,High income,,
2318,MF,St. Martin (French part),GDP growth (annual %),2017,-8.00000324038295,Latin America & Caribbean ,High income,,
2319,MF,St. Martin (French part),GDP growth (annual %),2016,5.0,Latin America & Caribbean ,High income,,
2320,VC,St. Vincent and the Grenadines,GDP growth (annual %),2025,3.3921670546227,Latin America & Caribbean ,Upper middle income,-61.2653,13.2035
2321,VC,St. Vincent and the Grenadines,GDP growth (annual %),2024,4.06183490050209,Latin America & Caribbean ,Upper middle income,-61.2653,13.2035
2322,VC,St. Vincent and the Grenadines,GDP growth (annual %),2023,5.32636472098717,Latin America & Caribbean ,Upper middle income,-61.2653,13.2035
2323,VC,St. Vincent and the Grenadines,GDP growth (annual %),2022,3.1108330034352,Latin America & Caribbean ,Upper middle income,-61.2653,13.2035
2324,VC,St. Vincent and the Grenadines,GDP growth (annual %),2021,2.09340124465459,Latin America & Caribbean ,Upper middle income,-61.2653,13.2035
2325,VC,St. Vincent and the Grenadines,GDP growth (annual %),2020,-4.26892434422649,Latin America & Caribbean ,Upper middle income,-61.2653,13.2035
2326,VC,St. Vincent and the Grenadines,GDP growth (annual %),2019,0.668428481084234,Latin America & Caribbean ,Upper middle income,-61.2653,13.2035
2327,VC,St. Vincent and the Grenadines,GDP growth (annual %),2018,3.1756114423991,Latin America & Caribbean ,Upper middle income,-61.2653,13.2035
2328,VC,St. Vincent and the Grenadines,GDP growth (annual %),2017,1.54810173239956,Latin America & Caribbean ,Upper middle income,-61.2653,13.2035
2329,VC,St. Vincent and the Grenadines,GDP growth (annual %),2016,4.1496810046981,Latin America & Caribbean ,Upper middle income,-61.2653,13.2035
2330,SD,Sudan,GDP growth (annual %),2025,3.06427942935869,Sub-Saharan Africa ,Low income,32.5363,15.5932
2331,SD,Sudan,GDP growth (annual %),2024,-13.9643378424022,Sub-Saharan Africa ,Low income,32.5363,15.5932
2332,SD,Sudan,GDP growth (annual %),2023,-29.4332716274387,Sub-Saharan Africa ,Low income,32.5363,15.5932
2333,SD,Sudan,GDP growth (annual %),2022,-0.957816591119183,Sub-Saharan Africa ,Low income,32.5363,15.5932
2334,SD,Sudan,GDP growth (annual %),2021,-1.8685204827207,Sub-Saharan Africa ,Low income,32.5363,15.5932
2335,SD,Sudan,GDP growth (annual %),2020,-3.62980082410752,Sub-Saharan Africa ,Low income,32.5363,15.5932
2336,SD,Sudan,GDP growth (annual %),2019,-2.17825104530091,Sub-Saharan Africa ,Low income,32.5363,15.5932
2337,SD,Sudan,GDP growth (annual %),2018,-2.6809305497999,Sub-Saharan Africa ,Low income,32.5363,15.5932
2338,SD,Sudan,GDP growth (annual %),2017,0.70925628476644,Sub-Saharan Africa ,Low income,32.5363,15.5932
2339,SD,Sudan,GDP growth (annual %),2016,3.46764218409288,Sub-Saharan Africa ,Low income,32.5363,15.5932
2340,SR,Suriname,GDP growth (annual %),2025,1.79169153226913,Latin America & Caribbean ,Upper middle income,-55.1679,5.8232
2341,SR,Suriname,GDP growth (annual %),2024,1.72095749127065,Latin America & Caribbean ,Upper middle income,-55.1679,5.8232
2342,SR,Suriname,GDP growth (annual %),2023,2.41659215006946,Latin America & Caribbean ,Upper middle income,-55.1679,5.8232
2343,SR,Suriname,GDP growth (annual %),2022,2.40622235601218,Latin America & Caribbean ,Upper middle income,-55.1679,5.8232
2344,SR,Suriname,GDP growth (annual %),2021,-2.43538583612838,Latin America & Caribbean ,Upper middle income,-55.1679,5.8232
2345,SR,Suriname,GDP growth (annual %),2020,-15.9751917148622,Latin America & Caribbean ,Upper middle income,-55.1679,5.8232
2346,SR,Suriname,GDP growth (annual %),2019,1.16758977233877,Latin America & Caribbean ,Upper middle income,-55.1679,5.8232
2347,SR,Suriname,GDP growth (annual %),2018,4.94827108468886,Latin America & Caribbean ,Upper middle income,-55.1679,5.8232
2348,SR,Suriname,GDP growth (annual %),2017,1.56603782534897,Latin America & Caribbean ,Upper middle income,-55.1679,5.8232
2349,SR,Suriname,GDP growth (annual %),2016,-4.91166050905851,Latin America & Caribbean ,Upper middle income,-55.1679,5.8232
2350,SE,Sweden,GDP growth (annual %),2025,1.54316373266217,Europe & Central Asia,High income,18.0645,59.3327
2351,SE,Sweden,GDP growth (annual %),2024,1.01779633304398,Europe & Central Asia,High income,18.0645,59.3327
2352,SE,Sweden,GDP growth (annual %),2023,-0.204061304891439,Europe & Central Asia,High income,18.0645,59.3327
2353,SE,Sweden,GDP growth (annual %),2022,1.25543620445816,Europe & Central Asia,High income,18.0645,59.3327
2354,SE,Sweden,GDP growth (annual %),2021,5.2258643028773,Europe & Central Asia,High income,18.0645,59.3327
2355,SE,Sweden,GDP growth (annual %),2020,-1.93379704032216,Europe & Central Asia,High income,18.0645,59.3327
2356,SE,Sweden,GDP growth (annual %),2019,2.60823012869524,Europe & Central Asia,High income,18.0645,59.3327
2357,SE,Sweden,GDP growth (annual %),2018,1.7702553546772,Europe & Central Asia,High income,18.0645,59.3327
2358,SE,Sweden,GDP growth (annual %),2017,1.88282184966646,Europe & Central Asia,High income,18.0645,59.3327
2359,SE,Sweden,GDP growth (annual %),2016,2.13117914731151,Europe & Central Asia,High income,18.0645,59.3327
2360,CH,Switzerland,GDP growth (annual %),2025,1.30007790958307,Europe & Central Asia,High income,7.44821,46.948
2361,CH,Switzerland,GDP growth (annual %),2024,1.39033363875791,Europe & Central Asia,High income,7.44821,46.948
2362,CH,Switzerland,GDP growth (annual %),2023,0.825560934124624,Europe & Central Asia,High income,7.44821,46.948
2363,CH,Switzerland,GDP growth (annual %),2022,3.53430286842426,Europe & Central Asia,High income,7.44821,46.948
2364,CH,Switzerland,GDP growth (annual %),2021,6.17622836050151,Europe & Central Asia,High income,7.44821,46.948
2365,CH,Switzerland,GDP growth (annual %),2020,-2.2552579425106,Europe & Central Asia,High income,7.44821,46.948
2366,CH,Switzerland,GDP growth (annual %),2019,1.11532187197474,Europe & Central Asia,High income,7.44821,46.948
2367,CH,Switzerland,GDP growth (annual %),2018,3.32743256101493,Europe & Central Asia,High income,7.44821,46.948
2368,CH,Switzerland,GDP growth (annual %),2017,1.42034612231261,Europe & Central Asia,High income,7.44821,46.948
2369,CH,Switzerland,GDP growth (annual %),2016,1.91159094214852,Europe & Central Asia,High income,7.44821,46.948
2370,SY,Syrian Arab Republic,GDP growth (annual %),2025,,"Middle East, North Africa, Afghanistan & Pakistan",Low income,36.3119,33.5146
2371,SY,Syrian Arab Republic,GDP growth (annual %),2024,,"Middle East, North Africa, Afghanistan & Pakistan",Low income,36.3119,33.5146
2372,SY,Syrian Arab Republic,GDP growth (annual %),2023,,"Middle East, North Africa, Afghanistan & Pakistan",Low income,36.3119,33.5146
2373,SY,Syrian Arab Republic,GDP growth (annual %),2022,-0.20247264200475,"Middle East, North Africa, Afghanistan & Pakistan",Low income,36.3119,33.5146
2374,SY,Syrian Arab Republic,GDP growth (annual %),2021,1.7896919997567,"Middle East, North Africa, Afghanistan & Pakistan",Low income,36.3119,33.5146
2375,SY,Syrian Arab Republic,GDP growth (annual %),2020,0.954914586675713,"Middle East, North Africa, Afghanistan & Pakistan",Low income,36.3119,33.5146
2376,SY,Syrian Arab Republic,GDP growth (annual %),2019,1.22072818348491,"Middle East, North Africa, Afghanistan & Pakistan",Low income,36.3119,33.5146
2377,SY,Syrian Arab Republic,GDP growth (annual %),2018,1.39323324059961,"Middle East, North Africa, Afghanistan & Pakistan",Low income,36.3119,33.5146
2378,SY,Syrian Arab Republic,GDP growth (annual %),2017,-0.723346297115341,"Middle East, North Africa, Afghanistan & Pakistan",Low income,36.3119,33.5146
2379,SY,Syrian Arab Republic,GDP growth (annual %),2016,-6.40568496867387,"Middle East, North Africa, Afghanistan & Pakistan",Low income,36.3119,33.5146
2380,TJ,Tajikistan,GDP growth (annual %),2025,8.40000053390075,Europe & Central Asia,Lower middle income,68.7864,38.5878
2381,TJ,Tajikistan,GDP growth (annual %),2024,8.39999980983981,Europe & Central Asia,Lower middle income,68.7864,38.5878
2382,TJ,Tajikistan,GDP growth (annual %),2023,8.29999921651935,Europe & Central Asia,Lower middle income,68.7864,38.5878
2383,TJ,Tajikistan,GDP growth (annual %),2022,8.00000033846364,Europe & Central Asia,Lower middle income,68.7864,38.5878
2384,TJ,Tajikistan,GDP growth (annual %),2021,9.39999955037523,Europe & Central Asia,Lower middle income,68.7864,38.5878
2385,TJ,Tajikistan,GDP growth (annual %),2020,4.40000111553493,Europe & Central Asia,Lower middle income,68.7864,38.5878
2386,TJ,Tajikistan,GDP growth (annual %),2019,7.40000016310556,Europe & Central Asia,Lower middle income,68.7864,38.5878
2387,TJ,Tajikistan,GDP growth (annual %),2018,7.5999988895536,Europe & Central Asia,Lower middle income,68.7864,38.5878
2388,TJ,Tajikistan,GDP growth (annual %),2017,7.10000041864309,Europe & Central Asia,Lower middle income,68.7864,38.5878
2389,TJ,Tajikistan,GDP growth (annual %),2016,6.89999999999999,Europe & Central Asia,Lower middle income,68.7864,38.5878
2390,TZ,Tanzania,GDP growth (annual %),2025,5.85286828692739,Sub-Saharan Africa ,Lower middle income,35.7382,-6.17486
2391,TZ,Tanzania,GDP growth (annual %),2024,5.5263138305945,Sub-Saharan Africa ,Lower middle income,35.7382,-6.17486
2392,TZ,Tanzania,GDP growth (annual %),2023,5.06952353203394,Sub-Saharan Africa ,Lower middle income,35.7382,-6.17486
2393,TZ,Tanzania,GDP growth (annual %),2022,4.56600576430955,Sub-Saharan Africa ,Lower middle income,35.7382,-6.17486
2394,TZ,Tanzania,GDP growth (annual %),2021,4.32138429480482,Sub-Saharan Africa ,Lower middle income,35.7382,-6.17486
2395,TZ,Tanzania,GDP growth (annual %),2020,1.99196460647855,Sub-Saharan Africa ,Lower middle income,35.7382,-6.17486
2396,TZ,Tanzania,GDP growth (annual %),2019,5.79999999996723,Sub-Saharan Africa ,Lower middle income,35.7382,-6.17486
2397,TZ,Tanzania,GDP growth (annual %),2018,5.50267599384966,Sub-Saharan Africa ,Lower middle income,35.7382,-6.17486
2398,TZ,Tanzania,GDP growth (annual %),2017,6.72726996832438,Sub-Saharan Africa ,Lower middle income,35.7382,-6.17486
2399,TZ,Tanzania,GDP growth (annual %),2016,6.86711619644551,Sub-Saharan Africa ,Lower middle income,35.7382,-6.17486
2400,TH,Thailand,GDP growth (annual %),2025,2.44247444990198,East Asia & Pacific,Upper middle income,100.521,13.7308
2401,TH,Thailand,GDP growth (annual %),2024,2.94859986593323,East Asia & Pacific,Upper middle income,100.521,13.7308
2402,TH,Thailand,GDP growth (annual %),2023,2.24883437970568,East Asia & Pacific,Upper middle income,100.521,13.7308
2403,TH,Thailand,GDP growth (annual %),2022,2.63784213566305,East Asia & Pacific,Upper middle income,100.521,13.7308
2404,TH,Thailand,GDP growth (annual %),2021,1.55858232076893,East Asia & Pacific,Upper middle income,100.521,13.7308
2405,TH,Thailand,GDP growth (annual %),2020,-6.09306312966953,East Asia & Pacific,Upper middle income,100.521,13.7308
2406,TH,Thailand,GDP growth (annual %),2019,2.11455779628278,East Asia & Pacific,Upper middle income,100.521,13.7308
2407,TH,Thailand,GDP growth (annual %),2018,4.22287028746071,East Asia & Pacific,Upper middle income,100.521,13.7308
2408,TH,Thailand,GDP growth (annual %),2017,4.1776810321001,East Asia & Pacific,Upper middle income,100.521,13.7308
2409,TH,Thailand,GDP growth (annual %),2016,3.43515771692182,East Asia & Pacific,Upper middle income,100.521,13.7308
2410,TL,Timor-Leste,GDP growth (annual %),2025,6.97538939119629,East Asia & Pacific,Lower middle income,125.567,-8.56667
2411,TL,Timor-Leste,GDP growth (annual %),2024,-9.10069289810397,East Asia & Pacific,Lower middle income,125.567,-8.56667
2412,TL,Timor-Leste,GDP growth (annual %),2023,-18.1359049134472,East Asia & Pacific,Lower middle income,125.567,-8.56667
2413,TL,Timor-Leste,GDP growth (annual %),2022,-20.5224802314812,East Asia & Pacific,Lower middle income,125.567,-8.56667
2414,TL,Timor-Leste,GDP growth (annual %),2021,5.36980119392668,East Asia & Pacific,Lower middle income,125.567,-8.56667
2415,TL,Timor-Leste,GDP growth (annual %),2020,31.7257416721413,East Asia & Pacific,Lower middle income,125.567,-8.56667
2416,TL,Timor-Leste,GDP growth (annual %),2019,24.2128840085001,East Asia & Pacific,Lower middle income,125.567,-8.56667
2417,TL,Timor-Leste,GDP growth (annual %),2018,-0.466502170658785,East Asia & Pacific,Lower middle income,125.567,-8.56667
2418,TL,Timor-Leste,GDP growth (annual %),2017,-3.18241522489195,East Asia & Pacific,Lower middle income,125.567,-8.56667
2419,TL,Timor-Leste,GDP growth (annual %),2016,3.00993062553351,East Asia & Pacific,Lower middle income,125.567,-8.56667
2420,TG,Togo,GDP growth (annual %),2025,6.31032671625633,Sub-Saharan Africa ,Lower middle income,1.2255,6.1228
2421,TG,Togo,GDP growth (annual %),2024,6.52651376797853,Sub-Saharan Africa ,Lower middle income,1.2255,6.1228
2422,TG,Togo,GDP growth (annual %),2023,6.19762969378132,Sub-Saharan Africa ,Lower middle income,1.2255,6.1228
2423,TG,Togo,GDP growth (annual %),2022,6.29443692019429,Sub-Saharan Africa ,Lower middle income,1.2255,6.1228
2424,TG,Togo,GDP growth (annual %),2021,5.13562929064506,Sub-Saharan Africa ,Lower middle income,1.2255,6.1228
2425,TG,Togo,GDP growth (annual %),2020,2.15900131150536,Sub-Saharan Africa ,Lower middle income,1.2255,6.1228
2426,TG,Togo,GDP growth (annual %),2019,4.91949260488683,Sub-Saharan Africa ,Lower middle income,1.2255,6.1228
2427,TG,Togo,GDP growth (annual %),2018,4.79518333086139,Sub-Saharan Africa ,Lower middle income,1.2255,6.1228
2428,TG,Togo,GDP growth (annual %),2017,4.00791259566937,Sub-Saharan Africa ,Lower middle income,1.2255,6.1228
2429,TG,Togo,GDP growth (annual %),2016,4.21490387414525,Sub-Saharan Africa ,Lower middle income,1.2255,6.1228
2430,TO,Tonga,GDP growth (annual %),2025,2.79999999999998,East Asia & Pacific,Upper middle income,-175.216,-21.136
2431,TO,Tonga,GDP growth (annual %),2024,1.71653807667747,East Asia & Pacific,Upper middle income,-175.216,-21.136
2432,TO,Tonga,GDP growth (annual %),2023,2.79014715494606,East Asia & Pacific,Upper middle income,-175.216,-21.136
2433,TO,Tonga,GDP growth (annual %),2022,-2.12854876486114,East Asia & Pacific,Upper middle income,-175.216,-21.136
2434,TO,Tonga,GDP growth (annual %),2021,-0.934919892094683,East Asia & Pacific,Upper middle income,-175.216,-21.136
2435,TO,Tonga,GDP growth (annual %),2020,1.80618715298932,East Asia & Pacific,Upper middle income,-175.216,-21.136
2436,TO,Tonga,GDP growth (annual %),2019,-0.285210784299821,East Asia & Pacific,Upper middle income,-175.216,-21.136
2437,TO,Tonga,GDP growth (annual %),2018,0.527828083180253,East Asia & Pacific,Upper middle income,-175.216,-21.136
2438,TO,Tonga,GDP growth (annual %),2017,3.20231976224244,East Asia & Pacific,Upper middle income,-175.216,-21.136
2439,TO,Tonga,GDP growth (annual %),2016,6.59869879417958,East Asia & Pacific,Upper middle income,-175.216,-21.136
2440,TT,Trinidad and Tobago,GDP growth (annual %),2025,-0.787768572727643,Latin America & Caribbean ,High income,-61.4789,10.6596
2441,TT,Trinidad and Tobago,GDP growth (annual %),2024,2.50920813979569,Latin America & Caribbean ,High income,-61.4789,10.6596
2442,TT,Trinidad and Tobago,GDP growth (annual %),2023,1.46645947294053,Latin America & Caribbean ,High income,-61.4789,10.6596
2443,TT,Trinidad and Tobago,GDP growth (annual %),2022,0.86126082651883,Latin America & Caribbean ,High income,-61.4789,10.6596
2444,TT,Trinidad and Tobago,GDP growth (annual %),2021,-0.716740625909793,Latin America & Caribbean ,High income,-61.4789,10.6596
2445,TT,Trinidad and Tobago,GDP growth (annual %),2020,-8.78879817831519,Latin America & Caribbean ,High income,-61.4789,10.6596
2446,TT,Trinidad and Tobago,GDP growth (annual %),2019,0.467734528855885,Latin America & Caribbean ,High income,-61.4789,10.6596
2447,TT,Trinidad and Tobago,GDP growth (annual %),2018,-0.945449700943314,Latin America & Caribbean ,High income,-61.4789,10.6596
2448,TT,Trinidad and Tobago,GDP growth (annual %),2017,-4.87274946918724,Latin America & Caribbean ,High income,-61.4789,10.6596
2449,TT,Trinidad and Tobago,GDP growth (annual %),2016,-7.53636305379372,Latin America & Caribbean ,High income,-61.4789,10.6596
2450,TN,Tunisia,GDP growth (annual %),2025,2.49311010666248,"Middle East, North Africa, Afghanistan & Pakistan",Lower middle income,10.21,36.7899
2451,TN,Tunisia,GDP growth (annual %),2024,1.61444564976986,"Middle East, North Africa, Afghanistan & Pakistan",Lower middle income,10.21,36.7899
2452,TN,Tunisia,GDP growth (annual %),2023,0.184015548469745,"Middle East, North Africa, Afghanistan & Pakistan",Lower middle income,10.21,36.7899
2453,TN,Tunisia,GDP growth (annual %),2022,2.75228761004381,"Middle East, North Africa, Afghanistan & Pakistan",Lower middle income,10.21,36.7899
2454,TN,Tunisia,GDP growth (annual %),2021,4.73603648206102,"Middle East, North Africa, Afghanistan & Pakistan",Lower middle income,10.21,36.7899
2455,TN,Tunisia,GDP growth (annual %),2020,-8.97512622934723,"Middle East, North Africa, Afghanistan & Pakistan",Lower middle income,10.21,36.7899
2456,TN,Tunisia,GDP growth (annual %),2019,1.55009304966742,"Middle East, North Africa, Afghanistan & Pakistan",Lower middle income,10.21,36.7899
2457,TN,Tunisia,GDP growth (annual %),2018,2.60696965356362,"Middle East, North Africa, Afghanistan & Pakistan",Lower middle income,10.21,36.7899
2458,TN,Tunisia,GDP growth (annual %),2017,2.25261437620587,"Middle East, North Africa, Afghanistan & Pakistan",Lower middle income,10.21,36.7899
2459,TN,Tunisia,GDP growth (annual %),2016,1.117231963992,"Middle East, North Africa, Afghanistan & Pakistan",Lower middle income,10.21,36.7899
2460,TR,Turkiye,GDP growth (annual %),2025,3.60462514082589,Europe & Central Asia,Upper middle income,32.3606,39.7153
2461,TR,Turkiye,GDP growth (annual %),2024,3.3276230893799,Europe & Central Asia,Upper middle income,32.3606,39.7153
2462,TR,Turkiye,GDP growth (annual %),2023,5.04512369812289,Europe & Central Asia,Upper middle income,32.3606,39.7153
2463,TR,Turkiye,GDP growth (annual %),2022,5.44122511322401,Europe & Central Asia,Upper middle income,32.3606,39.7153
2464,TR,Turkiye,GDP growth (annual %),2021,11.811094450607,Europe & Central Asia,Upper middle income,32.3606,39.7153
2465,TR,Turkiye,GDP growth (annual %),2020,1.80306247087255,Europe & Central Asia,Upper middle income,32.3606,39.7153
2466,TR,Turkiye,GDP growth (annual %),2019,1.30162365464503,Europe & Central Asia,Upper middle income,32.3606,39.7153
2467,TR,Turkiye,GDP growth (annual %),2018,3.46815306092219,Europe & Central Asia,Upper middle income,32.3606,39.7153
2468,TR,Turkiye,GDP growth (annual %),2017,7.82585730002594,Europe & Central Asia,Upper middle income,32.3606,39.7153
2469,TR,Turkiye,GDP growth (annual %),2016,3.32366508200445,Europe & Central Asia,Upper middle income,32.3606,39.7153
2470,TM,Turkmenistan,GDP growth (annual %),2025,6.30000003697894,Europe & Central Asia,Upper middle income,58.3794,37.9509
2471,TM,Turkmenistan,GDP growth (annual %),2024,6.28235647996578,Europe & Central Asia,Upper middle income,58.3794,37.9509
2472,TM,Turkmenistan,GDP growth (annual %),2023,6.31879850268643,Europe & Central Asia,Upper middle income,58.3794,37.9509
2473,TM,Turkmenistan,GDP growth (annual %),2022,6.23491365071671,Europe & Central Asia,Upper middle income,58.3794,37.9509
2474,TM,Turkmenistan,GDP growth (annual %),2021,6.15115785574542,Europe & Central Asia,Upper middle income,58.3794,37.9509
2475,TM,Turkmenistan,GDP growth (annual %),2020,5.87065623130427,Europe & Central Asia,Upper middle income,58.3794,37.9509
2476,TM,Turkmenistan,GDP growth (annual %),2019,6.33169567608873,Europe & Central Asia,Upper middle income,58.3794,37.9509
2477,TM,Turkmenistan,GDP growth (annual %),2018,6.20602363832646,Europe & Central Asia,Upper middle income,58.3794,37.9509
2478,TM,Turkmenistan,GDP growth (annual %),2017,6.45138358820188,Europe & Central Asia,Upper middle income,58.3794,37.9509
2479,TM,Turkmenistan,GDP growth (annual %),2016,6.22909997062793,Europe & Central Asia,Upper middle income,58.3794,37.9509
2480,TC,Turks and Caicos Islands,GDP growth (annual %),2025,,Latin America & Caribbean ,High income,-71.141389,21.4602778
2481,TC,Turks and Caicos Islands,GDP growth (annual %),2024,5.63682517443362,Latin America & Caribbean ,High income,-71.141389,21.4602778
2482,TC,Turks and Caicos Islands,GDP growth (annual %),2023,13.7311481139228,Latin America & Caribbean ,High income,-71.141389,21.4602778
2483,TC,Turks and Caicos Islands,GDP growth (annual %),2022,14.0871234168153,Latin America & Caribbean ,High income,-71.141389,21.4602778
2484,TC,Turks and Caicos Islands,GDP growth (annual %),2021,29.6293781722414,Latin America & Caribbean ,High income,-71.141389,21.4602778
2485,TC,Turks and Caicos Islands,GDP growth (annual %),2020,-33.8170973434652,Latin America & Caribbean ,High income,-71.141389,21.4602778
2486,TC,Turks and Caicos Islands,GDP growth (annual %),2019,4.98170549382992,Latin America & Caribbean ,High income,-71.141389,21.4602778
2487,TC,Turks and Caicos Islands,GDP growth (annual %),2018,6.75264845178367,Latin America & Caribbean ,High income,-71.141389,21.4602778
2488,TC,Turks and Caicos Islands,GDP growth (annual %),2017,74.5879880544188,Latin America & Caribbean ,High income,-71.141389,21.4602778
2489,TC,Turks and Caicos Islands,GDP growth (annual %),2016,7.25118627570265,Latin America & Caribbean ,High income,-71.141389,21.4602778
2490,TV,Tuvalu,GDP growth (annual %),2025,1.63934426229508,East Asia & Pacific,Upper middle income,179.089567,-8.6314877
2491,TV,Tuvalu,GDP growth (annual %),2024,3.38983050847457,East Asia & Pacific,Upper middle income,179.089567,-8.6314877
2492,TV,Tuvalu,GDP growth (annual %),2023,3.50877192982458,East Asia & Pacific,Upper middle income,179.089567,-8.6314877
2493,TV,Tuvalu,GDP growth (annual %),2022,-10.9375,East Asia & Pacific,Upper middle income,179.089567,-8.6314877
2494,TV,Tuvalu,GDP growth (annual %),2021,0.0,East Asia & Pacific,Upper middle income,179.089567,-8.6314877
2495,TV,Tuvalu,GDP growth (annual %),2020,-3.03030303030303,East Asia & Pacific,Upper middle income,179.089567,-8.6314877
2496,TV,Tuvalu,GDP growth (annual %),2019,13.4465048163198,East Asia & Pacific,Upper middle income,179.089567,-8.6314877
2497,TV,Tuvalu,GDP growth (annual %),2018,1.38668386152332,East Asia & Pacific,Upper middle income,179.089567,-8.6314877
2498,TV,Tuvalu,GDP growth (annual %),2017,3.26802914033142,East Asia & Pacific,Upper middle income,179.089567,-8.6314877
2499,TV,Tuvalu,GDP growth (annual %),2016,4.77650497336539,East Asia & Pacific,Upper middle income,179.089567,-8.6314877
2500,UG,Uganda,GDP growth (annual %),2025,6.33181157677313,Sub-Saharan Africa ,Low income,32.5729,0.314269
2501,UG,Uganda,GDP growth (annual %),2024,6.05558075875589,Sub-Saharan Africa ,Low income,32.5729,0.314269
2502,UG,Uganda,GDP growth (annual %),2023,5.33697295511469,Sub-Saharan Africa ,Low income,32.5729,0.314269
2503,UG,Uganda,GDP growth (annual %),2022,4.58802192181773,Sub-Saharan Africa ,Low income,32.5729,0.314269
2504,UG,Uganda,GDP growth (annual %),2021,3.53658034070898,Sub-Saharan Africa ,Low income,32.5729,0.314269
2505,UG,Uganda,GDP growth (annual %),2020,2.95130642218098,Sub-Saharan Africa ,Low income,32.5729,0.314269
2506,UG,Uganda,GDP growth (annual %),2019,6.43874503276439,Sub-Saharan Africa ,Low income,32.5729,0.314269
2507,UG,Uganda,GDP growth (annual %),2018,6.30392378262997,Sub-Saharan Africa ,Low income,32.5729,0.314269
2508,UG,Uganda,GDP growth (annual %),2017,3.13140551723596,Sub-Saharan Africa ,Low income,32.5729,0.314269
2509,UG,Uganda,GDP growth (annual %),2016,4.78100029254482,Sub-Saharan Africa ,Low income,32.5729,0.314269
2510,UA,Ukraine,GDP growth (annual %),2025,1.82152376756284,Europe & Central Asia,Upper middle income,30.5038,50.4536
2511,UA,Ukraine,GDP growth (annual %),2024,3.24811808426423,Europe & Central Asia,Upper middle income,30.5038,50.4536
2512,UA,Ukraine,GDP growth (annual %),2023,5.53473354963334,Europe & Central Asia,Upper middle income,30.5038,50.4536
2513,UA,Ukraine,GDP growth (annual %),2022,-28.7585842155085,Europe & Central Asia,Upper middle income,30.5038,50.4536
2514,UA,Ukraine,GDP growth (annual %),2021,3.44562065945944,Europe & Central Asia,Upper middle income,30.5038,50.4536
2515,UA,Ukraine,GDP growth (annual %),2020,-3.75281793983162,Europe & Central Asia,Upper middle income,30.5038,50.4536
2516,UA,Ukraine,GDP growth (annual %),2019,3.19950386354134,Europe & Central Asia,Upper middle income,30.5038,50.4536
2517,UA,Ukraine,GDP growth (annual %),2018,3.48836234022659,Europe & Central Asia,Upper middle income,30.5038,50.4536
2518,UA,Ukraine,GDP growth (annual %),2017,2.35997228099491,Europe & Central Asia,Upper middle income,30.5038,50.4536
2519,UA,Ukraine,GDP growth (annual %),2016,2.44098194492067,Europe & Central Asia,Upper middle income,30.5038,50.4536
2520,AE,United Arab Emirates,GDP growth (annual %),2025,,"Middle East, North Africa, Afghanistan & Pakistan",High income,54.3705,24.4764
2521,AE,United Arab Emirates,GDP growth (annual %),2024,3.99181200361831,"Middle East, North Africa, Afghanistan & Pakistan",High income,54.3705,24.4764
2522,AE,United Arab Emirates,GDP growth (annual %),2023,4.30113648499413,"Middle East, North Africa, Afghanistan & Pakistan",High income,54.3705,24.4764
2523,AE,United Arab Emirates,GDP growth (annual %),2022,7.51452414254605,"Middle East, North Africa, Afghanistan & Pakistan",High income,54.3705,24.4764
2524,AE,United Arab Emirates,GDP growth (annual %),2021,4.55280140106356,"Middle East, North Africa, Afghanistan & Pakistan",High income,54.3705,24.4764
2525,AE,United Arab Emirates,GDP growth (annual %),2020,-8.69343363776639,"Middle East, North Africa, Afghanistan & Pakistan",High income,54.3705,24.4764
2526,AE,United Arab Emirates,GDP growth (annual %),2019,1.27129120536284,"Middle East, North Africa, Afghanistan & Pakistan",High income,54.3705,24.4764
2527,AE,United Arab Emirates,GDP growth (annual %),2018,1.53720634021511,"Middle East, North Africa, Afghanistan & Pakistan",High income,54.3705,24.4764
2528,AE,United Arab Emirates,GDP growth (annual %),2017,-1.06137114472548,"Middle East, North Africa, Afghanistan & Pakistan",High income,54.3705,24.4764
2529,AE,United Arab Emirates,GDP growth (annual %),2016,5.65790147196586,"Middle East, North Africa, Afghanistan & Pakistan",High income,54.3705,24.4764
2530,GB,United Kingdom,GDP growth (annual %),2025,1.38844207858726,Europe & Central Asia,High income,-0.126236,51.5002
2531,GB,United Kingdom,GDP growth (annual %),2024,1.08027716858781,Europe & Central Asia,High income,-0.126236,51.5002
2532,GB,United Kingdom,GDP growth (annual %),2023,0.271650048355255,Europe & Central Asia,High income,-0.126236,51.5002
2533,GB,United Kingdom,GDP growth (annual %),2022,5.14970388522993,Europe & Central Asia,High income,-0.126236,51.5002
2534,GB,United Kingdom,GDP growth (annual %),2021,8.5431118453255,Europe & Central Asia,High income,-0.126236,51.5002
2535,GB,United Kingdom,GDP growth (annual %),2020,-10.047896637362,Europe & Central Asia,High income,-0.126236,51.5002
2536,GB,United Kingdom,GDP growth (annual %),2019,1.25629899760824,Europe & Central Asia,High income,-0.126236,51.5002
2537,GB,United Kingdom,GDP growth (annual %),2018,1.55133095078786,Europe & Central Asia,High income,-0.126236,51.5002
2538,GB,United Kingdom,GDP growth (annual %),2017,3.02322219840339,Europe & Central Asia,High income,-0.126236,51.5002
2539,GB,United Kingdom,GDP growth (annual %),2016,2.20652020635357,Europe & Central Asia,High income,-0.126236,51.5002
2540,US,United States,GDP growth (annual %),2025,2.16138195623856,North America,High income,-77.032,38.8895
2541,US,United States,GDP growth (annual %),2024,2.79318715363841,North America,High income,-77.032,38.8895
2542,US,United States,GDP growth (annual %),2023,2.93436322440155,North America,High income,-77.032,38.8895
2543,US,United States,GDP growth (annual %),2022,2.52421385073222,North America,High income,-77.032,38.8895
2544,US,United States,GDP growth (annual %),2021,6.15202247867526,North America,High income,-77.032,38.8895
2545,US,United States,GDP growth (annual %),2020,-2.081375977796,North America,High income,-77.032,38.8895
2546,US,United States,GDP growth (annual %),2019,2.58382533052225,North America,High income,-77.032,38.8895
2547,US,United States,GDP growth (annual %),2018,2.96650506701943,North America,High income,-77.032,38.8895
2548,US,United States,GDP growth (annual %),2017,2.45762230126449,North America,High income,-77.032,38.8895
2549,US,United States,GDP growth (annual %),2016,1.81945147909089,North America,High income,-77.032,38.8895
2550,UY,Uruguay,GDP growth (annual %),2025,1.78471117082752,Latin America & Caribbean ,High income,-56.0675,-34.8941
2551,UY,Uruguay,GDP growth (annual %),2024,3.32575905957381,Latin America & Caribbean ,High income,-56.0675,-34.8941
2552,UY,Uruguay,GDP growth (annual %),2023,0.761749241321681,Latin America & Caribbean ,High income,-56.0675,-34.8941
2553,UY,Uruguay,GDP growth (annual %),2022,4.60623000920732,Latin America & Caribbean ,High income,-56.0675,-34.8941
2554,UY,Uruguay,GDP growth (annual %),2021,5.84427325018082,Latin America & Caribbean ,High income,-56.0675,-34.8941
2555,UY,Uruguay,GDP growth (annual %),2020,-7.35732706897301,Latin America & Caribbean ,High income,-56.0675,-34.8941
2556,UY,Uruguay,GDP growth (annual %),2019,0.928351027546341,Latin America & Caribbean ,High income,-56.0675,-34.8941
2557,UY,Uruguay,GDP growth (annual %),2018,0.164777608846705,Latin America & Caribbean ,High income,-56.0675,-34.8941
2558,UY,Uruguay,GDP growth (annual %),2017,1.74037649141989,Latin America & Caribbean ,High income,-56.0675,-34.8941
2559,UY,Uruguay,GDP growth (annual %),2016,1.68979822971775,Latin America & Caribbean ,High income,-56.0675,-34.8941
2560,UZ,Uzbekistan,GDP growth (annual %),2025,7.69962477932913,Europe & Central Asia,Lower middle income,69.269,41.3052
2561,UZ,Uzbekistan,GDP growth (annual %),2024,6.67618796188361,Europe & Central Asia,Lower middle income,69.269,41.3052
2562,UZ,Uzbekistan,GDP growth (annual %),2023,6.31603004201926,Europe & Central Asia,Lower middle income,69.269,41.3052
2563,UZ,Uzbekistan,GDP growth (annual %),2022,6.08592335737373,Europe & Central Asia,Lower middle income,69.269,41.3052
2564,UZ,Uzbekistan,GDP growth (annual %),2021,8.20448512353877,Europe & Central Asia,Lower middle income,69.269,41.3052
2565,UZ,Uzbekistan,GDP growth (annual %),2020,1.62162281640448,Europe & Central Asia,Lower middle income,69.269,41.3052
2566,UZ,Uzbekistan,GDP growth (annual %),2019,6.79331098484522,Europe & Central Asia,Lower middle income,69.269,41.3052
2567,UZ,Uzbekistan,GDP growth (annual %),2018,5.72368380757618,Europe & Central Asia,Lower middle income,69.269,41.3052
2568,UZ,Uzbekistan,GDP growth (annual %),2017,4.70027401956061,Europe & Central Asia,Lower middle income,69.269,41.3052
2569,UZ,Uzbekistan,GDP growth (annual %),2016,6.71108022628,Europe & Central Asia,Lower middle income,69.269,41.3052
2570,VU,Vanuatu,GDP growth (annual %),2025,3.05357824026483,East Asia & Pacific,Lower middle income,168.321,-17.7404
2571,VU,Vanuatu,GDP growth (annual %),2024,3.76564827114278,East Asia & Pacific,Lower middle income,168.321,-17.7404
2572,VU,Vanuatu,GDP growth (annual %),2023,5.82973013269719,East Asia & Pacific,Lower middle income,168.321,-17.7404
2573,VU,Vanuatu,GDP growth (annual %),2022,5.59195729750803,East Asia & Pacific,Lower middle income,168.321,-17.7404
2574,VU,Vanuatu,GDP growth (annual %),2021,-1.16332488626091,East Asia & Pacific,Lower middle income,168.321,-17.7404
2575,VU,Vanuatu,GDP growth (annual %),2020,-5.72530282073851,East Asia & Pacific,Lower middle income,168.321,-17.7404
2576,VU,Vanuatu,GDP growth (annual %),2019,3.27677257380314,East Asia & Pacific,Lower middle income,168.321,-17.7404
2577,VU,Vanuatu,GDP growth (annual %),2018,2.51532789491979,East Asia & Pacific,Lower middle income,168.321,-17.7404
2578,VU,Vanuatu,GDP growth (annual %),2017,4.22332192519966,East Asia & Pacific,Lower middle income,168.321,-17.7404
2579,VU,Vanuatu,GDP growth (annual %),2016,3.61980830670927,East Asia & Pacific,Lower middle income,168.321,-17.7404
2580,VE,"Venezuela, RB",GDP growth (annual %),2025,1.57068062827224,Latin America & Caribbean ,Lower middle income,-69.8371,9.08165
2581,VE,"Venezuela, RB",GDP growth (annual %),2024,5.52486187845305,Latin America & Caribbean ,Lower middle income,-69.8371,9.08165
2582,VE,"Venezuela, RB",GDP growth (annual %),2023,4.02298850574712,Latin America & Caribbean ,Lower middle income,-69.8371,9.08165
2583,VE,"Venezuela, RB",GDP growth (annual %),2022,8.07453416149069,Latin America & Caribbean ,Lower middle income,-69.8371,9.08165
2584,VE,"Venezuela, RB",GDP growth (annual %),2021,0.625000000000014,Latin America & Caribbean ,Lower middle income,-69.8371,9.08165
2585,VE,"Venezuela, RB",GDP growth (annual %),2020,-29.8245614035088,Latin America & Caribbean ,Lower middle income,-69.8371,9.08165
2586,VE,"Venezuela, RB",GDP growth (annual %),2019,-27.6190476190476,Latin America & Caribbean ,Lower middle income,-69.8371,9.08165
2587,VE,"Venezuela, RB",GDP growth (annual %),2018,-19.6428571428571,Latin America & Caribbean ,Lower middle income,-69.8371,9.08165
2588,VE,"Venezuela, RB",GDP growth (annual %),2017,-15.6989247311828,Latin America & Caribbean ,Lower middle income,-69.8371,9.08165
2589,VE,"Venezuela, RB",GDP growth (annual %),2016,-17.1122994652406,Latin America & Caribbean ,Lower middle income,-69.8371,9.08165
2590,VN,Viet Nam,GDP growth (annual %),2025,8.01882998978245,East Asia & Pacific,Upper middle income,105.825,21.0069
2591,VN,Viet Nam,GDP growth (annual %),2024,7.03955197123018,East Asia & Pacific,Upper middle income,105.825,21.0069
2592,VN,Viet Nam,GDP growth (annual %),2023,4.97865959483225,East Asia & Pacific,Upper middle income,105.825,21.0069
2593,VN,Viet Nam,GDP growth (annual %),2022,8.53750041218142,East Asia & Pacific,Upper middle income,105.825,21.0069
2594,VN,Viet Nam,GDP growth (annual %),2021,2.55372852648131,East Asia & Pacific,Upper middle income,105.825,21.0069
2595,VN,Viet Nam,GDP growth (annual %),2020,2.86541320912272,East Asia & Pacific,Upper middle income,105.825,21.0069
2596,VN,Viet Nam,GDP growth (annual %),2019,7.35926270105006,East Asia & Pacific,Upper middle income,105.825,21.0069
2597,VN,Viet Nam,GDP growth (annual %),2018,7.46500685572751,East Asia & Pacific,Upper middle income,105.825,21.0069
2598,VN,Viet Nam,GDP growth (annual %),2017,6.94019037359206,East Asia & Pacific,Upper middle income,105.825,21.0069
2599,VN,Viet Nam,GDP growth (annual %),2016,6.69000892660424,East Asia & Pacific,Upper middle income,105.825,21.0069
2600,VI,Virgin Islands (U.S.),GDP growth (annual %),2025,,Latin America & Caribbean ,High income,-64.8963,18.3358
2601,VI,Virgin Islands (U.S.),GDP growth (annual %),2024,,Latin America & Caribbean ,High income,-64.8963,18.3358
2602,VI,Virgin Islands (U.S.),GDP growth (annual %),2023,,Latin America & Caribbean ,High income,-64.8963,18.3358
2603,VI,Virgin Islands (U.S.),GDP growth (annual %),2022,-1.31123206333498,Latin America & Caribbean ,High income,-64.8963,18.3358
2604,VI,Virgin Islands (U.S.),GDP growth (annual %),2021,3.66760707873814,Latin America & Caribbean ,High income,-64.8963,18.3358
2605,VI,Virgin Islands (U.S.),GDP growth (annual %),2020,-1.61493817814787,Latin America & Caribbean ,High income,-64.8963,18.3358
2606,VI,Virgin Islands (U.S.),GDP growth (annual %),2019,2.90833549727343,Latin America & Caribbean ,High income,-64.8963,18.3358
2607,VI,Virgin Islands (U.S.),GDP growth (annual %),2018,1.87830687830687,Latin America & Caribbean ,High income,-64.8963,18.3358
2608,VI,Virgin Islands (U.S.),GDP growth (annual %),2017,-0.735294117647058,Latin America & Caribbean ,High income,-64.8963,18.3358
2609,VI,Virgin Islands (U.S.),GDP growth (annual %),2016,1.6008537886873,Latin America & Caribbean ,High income,-64.8963,18.3358
2610,PS,West Bank and Gaza,GDP growth (annual %),2025,4.34444072337577,"Middle East, North Africa, Afghanistan & Pakistan",Lower middle income,,
2611,PS,West Bank and Gaza,GDP growth (annual %),2024,-22.8573273913324,"Middle East, North Africa, Afghanistan & Pakistan",Lower middle income,,
2612,PS,West Bank and Gaza,GDP growth (annual %),2023,-0.97217780620403,"Middle East, North Africa, Afghanistan & Pakistan",Lower middle income,,
2613,PS,West Bank and Gaza,GDP growth (annual %),2022,4.08276027347105,"Middle East, North Africa, Afghanistan & Pakistan",Lower middle income,,
2614,PS,West Bank and Gaza,GDP growth (annual %),2021,7.01198227592003,"Middle East, North Africa, Afghanistan & Pakistan",Lower middle income,,
2615,PS,West Bank and Gaza,GDP growth (annual %),2020,-11.3184661065134,"Middle East, North Africa, Afghanistan & Pakistan",Lower middle income,,
2616,PS,West Bank and Gaza,GDP growth (annual %),2019,1.36268746558062,"Middle East, North Africa, Afghanistan & Pakistan",Lower middle income,,
2617,PS,West Bank and Gaza,GDP growth (annual %),2018,1.22707737782703,"Middle East, North Africa, Afghanistan & Pakistan",Lower middle income,,
2618,PS,West Bank and Gaza,GDP growth (annual %),2017,1.41936756294787,"Middle East, North Africa, Afghanistan & Pakistan",Lower middle income,,
2619,PS,West Bank and Gaza,GDP growth (annual %),2016,8.86461881995935,"Middle East, North Africa, Afghanistan & Pakistan",Lower middle income,,
2620,YE,"Yemen, Rep.",GDP growth (annual %),2025,,"Middle East, North Africa, Afghanistan & Pakistan",Low income,44.2075,15.352
2621,YE,"Yemen, Rep.",GDP growth (annual %),2024,,"Middle East, North Africa, Afghanistan & Pakistan",Low income,44.2075,15.352
2622,YE,"Yemen, Rep.",GDP growth (annual %),2023,,"Middle East, North Africa, Afghanistan & Pakistan",Low income,44.2075,15.352
2623,YE,"Yemen, Rep.",GDP growth (annual %),2022,,"Middle East, North Africa, Afghanistan & Pakistan",Low income,44.2075,15.352
2624,YE,"Yemen, Rep.",GDP growth (annual %),2021,,"Middle East, North Africa, Afghanistan & Pakistan",Low income,44.2075,15.352
2625,YE,"Yemen, Rep.",GDP growth (annual %),2020,,"Middle East, North Africa, Afghanistan & Pakistan",Low income,44.2075,15.352
2626,YE,"Yemen, Rep.",GDP growth (annual %),2019,,"Middle East, North Africa, Afghanistan & Pakistan",Low income,44.2075,15.352
2627,YE,"Yemen, Rep.",GDP growth (annual %),2018,0.752447592962554,"Middle East, North Africa, Afghanistan & Pakistan",Low income,44.2075,15.352
2628,YE,"Yemen, Rep.",GDP growth (annual %),2017,-5.07179568062152,"Middle East, North Africa, Afghanistan & Pakistan",Low income,44.2075,15.352
2629,YE,"Yemen, Rep.",GDP growth (annual %),2016,-9.37512379736752,"Middle East, North Africa, Afghanistan & Pakistan",Low income,44.2075,15.352
2630,ZM,Zambia,GDP growth (annual %),2025,3.75772836763902,Sub-Saharan Africa ,Lower middle income,28.2937,-15.3982
2631,ZM,Zambia,GDP growth (annual %),2024,3.82004825518591,Sub-Saharan Africa ,Lower middle income,28.2937,-15.3982
2632,ZM,Zambia,GDP growth (annual %),2023,5.36794285493059,Sub-Saharan Africa ,Lower middle income,28.2937,-15.3982
2633,ZM,Zambia,GDP growth (annual %),2022,5.21122360356247,Sub-Saharan Africa ,Lower middle income,28.2937,-15.3982
2634,ZM,Zambia,GDP growth (annual %),2021,6.23492204726448,Sub-Saharan Africa ,Lower middle income,28.2937,-15.3982
2635,ZM,Zambia,GDP growth (annual %),2020,-2.78505506545167,Sub-Saharan Africa ,Lower middle income,28.2937,-15.3982
2636,ZM,Zambia,GDP growth (annual %),2019,1.44130602603785,Sub-Saharan Africa ,Lower middle income,28.2937,-15.3982
2637,ZM,Zambia,GDP growth (annual %),2018,4.03449389667165,Sub-Saharan Africa ,Lower middle income,28.2937,-15.3982
2638,ZM,Zambia,GDP growth (annual %),2017,3.52586277149926,Sub-Saharan Africa ,Lower middle income,28.2937,-15.3982
2639,ZM,Zambia,GDP growth (annual %),2016,3.75510031678988,Sub-Saharan Africa ,Lower middle income,28.2937,-15.3982
2640,ZW,Zimbabwe,GDP growth (annual %),2025,8.10671343048909,Sub-Saharan Africa ,Lower middle income,31.0672,-17.8312
2641,ZW,Zimbabwe,GDP growth (annual %),2024,1.67649454921512,Sub-Saharan Africa ,Lower middle income,31.0672,-17.8312
2642,ZW,Zimbabwe,GDP growth (annual %),2023,5.3508687909833,Sub-Saharan Africa ,Lower middle income,31.0672,-17.8312
2643,ZW,Zimbabwe,GDP growth (annual %),2022,6.13926327570213,Sub-Saharan Africa ,Lower middle income,31.0672,-17.8312
2644,ZW,Zimbabwe,GDP growth (annual %),2021,8.46801676808001,Sub-Saharan Africa ,Lower middle income,31.0672,-17.8312
2645,ZW,Zimbabwe,GDP growth (annual %),2020,-7.81695060188729,Sub-Saharan Africa ,Lower middle income,31.0672,-17.8312
2646,ZW,Zimbabwe,GDP growth (annual %),2019,-6.33244976028571,Sub-Saharan Africa ,Lower middle income,31.0672,-17.8312
2647,ZW,Zimbabwe,GDP growth (annual %),2018,5.00992154297603,Sub-Saharan Africa ,Lower middle income,31.0672,-17.8312
2648,ZW,Zimbabwe,GDP growth (annual %),2017,4.73441117758482,Sub-Saharan Africa ,Lower middle income,31.0672,-17.8312
2649,ZW,Zimbabwe,GDP growth (annual %),2016,0.75579405855224,Sub-Saharan Africa ,Lower middle income,31.0672,-17.8312
2650,ZH,Africa Eastern and Southern,GDP per capita (current US$),2025,1722.38561960923,Aggregates,Aggregates,,
2651,ZH,Africa Eastern and Southern,GDP per capita (current US$),2024,1628.22728900442,Aggregates,Aggregates,,
2652,ZH,Africa Eastern and Southern,GDP per capita (current US$),2023,1571.13270407815,Aggregates,Aggregates,,
2653,ZH,Africa Eastern and Southern,GDP per capita (current US$),2022,1675.90252377611,Aggregates,Aggregates,,
2654,ZH,Africa Eastern and Southern,GDP per capita (current US$),2021,1560.89462580275,Aggregates,Aggregates,,
2655,ZH,Africa Eastern and Southern,GDP per capita (current US$),2020,1351.50316694933,Aggregates,Aggregates,,
2656,ZH,Africa Eastern and Southern,GDP per capita (current US$),2019,1508.0315245887,Aggregates,Aggregates,,
2657,ZH,Africa Eastern and Southern,GDP per capita (current US$),2018,1553.61794421394,Aggregates,Aggregates,,
2658,ZH,Africa Eastern and Southern,GDP per capita (current US$),2017,1529.92307995549,Aggregates,Aggregates,,
2659,ZH,Africa Eastern and Southern,GDP per capita (current US$),2016,1335.7431649955,Aggregates,Aggregates,,
2660,ZI,Africa Western and Central,GDP per capita (current US$),2025,1600.05837434388,Aggregates,Aggregates,,
2661,ZI,Africa Western and Central,GDP per capita (current US$),2024,1416.22841156776,Aggregates,Aggregates,,
2662,ZI,Africa Western and Central,GDP per capita (current US$),2023,1846.24681069313,Aggregates,Aggregates,,
2663,ZI,Africa Western and Central,GDP per capita (current US$),2022,2143.07209365676,Aggregates,Aggregates,,
2664,ZI,Africa Western and Central,GDP per capita (current US$),2021,2116.9382941844,Aggregates,Aggregates,,
2665,ZI,Africa Western and Central,GDP per capita (current US$),2020,2034.43793971923,Aggregates,Aggregates,,
2666,ZI,Africa Western and Central,GDP per capita (current US$),2019,2219.41255534667,Aggregates,Aggregates,,
2667,ZI,Africa Western and Central,GDP per capita (current US$),2018,1723.11446346681,Aggregates,Aggregates,,
2668,ZI,Africa Western and Central,GDP per capita (current US$),2017,1577.20349674013,Aggregates,Aggregates,,
2669,ZI,Africa Western and Central,GDP per capita (current US$),2016,1632.42497788744,Aggregates,Aggregates,,
2670,1A,Arab World,GDP per capita (current US$),2025,7544.41435641482,Aggregates,Aggregates,,
2671,1A,Arab World,GDP per capita (current US$),2024,7602.41115691284,Aggregates,Aggregates,,
2672,1A,Arab World,GDP per capita (current US$),2023,7504.35637695627,Aggregates,Aggregates,,
2673,1A,Arab World,GDP per capita (current US$),2022,7960.81158770821,Aggregates,Aggregates,,
2674,1A,Arab World,GDP per capita (current US$),2021,6708.20761928893,Aggregates,Aggregates,,
2675,1A,Arab World,GDP per capita (current US$),2020,5749.75163256627,Aggregates,Aggregates,,
2676,1A,Arab World,GDP per capita (current US$),2019,6683.67016877686,Aggregates,Aggregates,,
2677,1A,Arab World,GDP per capita (current US$),2018,6708.53121256784,Aggregates,Aggregates,,
2678,1A,Arab World,GDP per capita (current US$),2017,6105.92161804571,Aggregates,Aggregates,,
2679,1A,Arab World,GDP per capita (current US$),2016,6051.26103619544,Aggregates,Aggregates,,
2680,S3,Caribbean small states,GDP per capita (current US$),2025,20880.0606776787,Aggregates,Aggregates,,
2681,S3,Caribbean small states,GDP per capita (current US$),2024,19923.5745910977,Aggregates,Aggregates,,
2682,S3,Caribbean small states,GDP per capita (current US$),2023,17609.6827071212,Aggregates,Aggregates,,
2683,S3,Caribbean small states,GDP per capita (current US$),2022,17449.5193422186,Aggregates,Aggregates,,
2684,S3,Caribbean small states,GDP per capita (current US$),2021,13996.4475071755,Aggregates,Aggregates,,
2685,S3,Caribbean small states,GDP per capita (current US$),2020,11961.4085449634,Aggregates,Aggregates,,
2686,S3,Caribbean small states,GDP per capita (current US$),2019,13995.7626558947,Aggregates,Aggregates,,
2687,S3,Caribbean small states,GDP per capita (current US$),2018,13896.5484095788,Aggregates,Aggregates,,
2688,S3,Caribbean small states,GDP per capita (current US$),2017,13708.7525902396,Aggregates,Aggregates,,
2689,S3,Caribbean small states,GDP per capita (current US$),2016,13377.8260731233,Aggregates,Aggregates,,
2690,B8,Central Europe and the Baltics,GDP per capita (current US$),2025,27676.9389653713,Aggregates,Aggregates,,
2691,B8,Central Europe and the Baltics,GDP per capita (current US$),2024,24616.0957872816,Aggregates,Aggregates,,
2692,B8,Central Europe and the Baltics,GDP per capita (current US$),2023,22693.9504470566,Aggregates,Aggregates,,
2693,B8,Central Europe and the Baltics,GDP per capita (current US$),2022,19526.2463443821,Aggregates,Aggregates,,
2694,B8,Central Europe and the Baltics,GDP per capita (current US$),2021,19224.3287744219,Aggregates,Aggregates,,
2695,B8,Central Europe and the Baltics,GDP per capita (current US$),2020,16581.3833261524,Aggregates,Aggregates,,
2696,B8,Central Europe and the Baltics,GDP per capita (current US$),2019,16534.9661895205,Aggregates,Aggregates,,
2697,B8,Central Europe and the Baltics,GDP per capita (current US$),2018,16227.2845341706,Aggregates,Aggregates,,
2698,B8,Central Europe and the Baltics,GDP per capita (current US$),2017,14339.8488594791,Aggregates,Aggregates,,
2699,B8,Central Europe and the Baltics,GDP per capita (current US$),2016,12874.7280619541,Aggregates,Aggregates,,
2700,V2,Early-demographic dividend,GDP per capita (current US$),2025,4566.42669968306,Aggregates,Aggregates,,
2701,V2,Early-demographic dividend,GDP per capita (current US$),2024,4405.28492630999,Aggregates,Aggregates,,
2702,V2,Early-demographic dividend,GDP per capita (current US$),2023,4212.16924807645,Aggregates,Aggregates,,
2703,V2,Early-demographic dividend,GDP per capita (current US$),2022,4017.48956260692,Aggregates,Aggregates,,
2704,V2,Early-demographic dividend,GDP per capita (current US$),2021,3697.4103832017,Aggregates,Aggregates,,
2705,V2,Early-demographic dividend,GDP per capita (current US$),2020,3185.49787368673,Aggregates,Aggregates,,
2706,V2,Early-demographic dividend,GDP per capita (current US$),2019,3481.75530893525,Aggregates,Aggregates,,
2707,V2,Early-demographic dividend,GDP per capita (current US$),2018,3460.86264008666,Aggregates,Aggregates,,
2708,V2,Early-demographic dividend,GDP per capita (current US$),2017,3457.91719451195,Aggregates,Aggregates,,
2709,V2,Early-demographic dividend,GDP per capita (current US$),2016,3227.64814256759,Aggregates,Aggregates,,
2710,Z4,East Asia & Pacific,GDP per capita (current US$),2025,14077.2712026283,Aggregates,Aggregates,,
2711,Z4,East Asia & Pacific,GDP per capita (current US$),2024,13482.4788785045,Aggregates,Aggregates,,
2712,Z4,East Asia & Pacific,GDP per capita (current US$),2023,13251.5119797804,Aggregates,Aggregates,,
2713,Z4,East Asia & Pacific,GDP per capita (current US$),2022,13219.5863562213,Aggregates,Aggregates,,
2714,Z4,East Asia & Pacific,GDP per capita (current US$),2021,13416.9773441612,Aggregates,Aggregates,,
2715,Z4,East Asia & Pacific,GDP per capita (current US$),2020,11697.5156784805,Aggregates,Aggregates,,
2716,Z4,East Asia & Pacific,GDP per capita (current US$),2019,11677.4429355606,Aggregates,Aggregates,,
2717,Z4,East Asia & Pacific,GDP per capita (current US$),2018,11487.5096772887,Aggregates,Aggregates,,
2718,Z4,East Asia & Pacific,GDP per capita (current US$),2017,10612.7930790259,Aggregates,Aggregates,,
2719,Z4,East Asia & Pacific,GDP per capita (current US$),2016,10011.552668647,Aggregates,Aggregates,,
2720,4E,East Asia & Pacific (excluding high income),GDP per capita (current US$),2025,10843.4363994141,Aggregates,Aggregates,,
2721,4E,East Asia & Pacific (excluding high income),GDP per capita (current US$),2024,10391.1526101394,Aggregates,Aggregates,,
2722,4E,East Asia & Pacific (excluding high income),GDP per capita (current US$),2023,10126.4304121407,Aggregates,Aggregates,,
2723,4E,East Asia & Pacific (excluding high income),GDP per capita (current US$),2022,10107.0569545516,Aggregates,Aggregates,,
2724,4E,East Asia & Pacific (excluding high income),GDP per capita (current US$),2021,9974.57917918464,Aggregates,Aggregates,,
2725,4E,East Asia & Pacific (excluding high income),GDP per capita (current US$),2020,8391.23898302179,Aggregates,Aggregates,,
2726,4E,East Asia & Pacific (excluding high income),GDP per capita (current US$),2019,8286.45749748666,Aggregates,Aggregates,,
2727,4E,East Asia & Pacific (excluding high income),GDP per capita (current US$),2018,8046.00446277369,Aggregates,Aggregates,,
2728,4E,East Asia & Pacific (excluding high income),GDP per capita (current US$),2017,7241.98321346974,Aggregates,Aggregates,,
2729,4E,East Asia & Pacific (excluding high income),GDP per capita (current US$),2016,6683.23529656879,Aggregates,Aggregates,,
2730,T4,East Asia & Pacific (IDA & IBRD countries),GDP per capita (current US$),2025,10965.8265646099,Aggregates,Aggregates,,
2731,T4,East Asia & Pacific (IDA & IBRD countries),GDP per capita (current US$),2024,10508.2462082104,Aggregates,Aggregates,,
2732,T4,East Asia & Pacific (IDA & IBRD countries),GDP per capita (current US$),2023,10240.3474676862,Aggregates,Aggregates,,
2733,T4,East Asia & Pacific (IDA & IBRD countries),GDP per capita (current US$),2022,10220.556668162,Aggregates,Aggregates,,
2734,T4,East Asia & Pacific (IDA & IBRD countries),GDP per capita (current US$),2021,10086.4082581275,Aggregates,Aggregates,,
2735,T4,East Asia & Pacific (IDA & IBRD countries),GDP per capita (current US$),2020,8485.28948088661,Aggregates,Aggregates,,
2736,T4,East Asia & Pacific (IDA & IBRD countries),GDP per capita (current US$),2019,8379.42503514668,Aggregates,Aggregates,,
2737,T4,East Asia & Pacific (IDA & IBRD countries),GDP per capita (current US$),2018,8136.42934013947,Aggregates,Aggregates,,
2738,T4,East Asia & Pacific (IDA & IBRD countries),GDP per capita (current US$),2017,7323.57112357326,Aggregates,Aggregates,,
2739,T4,East Asia & Pacific (IDA & IBRD countries),GDP per capita (current US$),2016,6758.79473763568,Aggregates,Aggregates,,
2740,XC,Euro area,GDP per capita (current US$),2025,50214.0783015991,Aggregates,Aggregates,,
2741,XC,Euro area,GDP per capita (current US$),2024,46424.2413084574,Aggregates,Aggregates,,
2742,XC,Euro area,GDP per capita (current US$),2023,44797.6445281418,Aggregates,Aggregates,,
2743,XC,Euro area,GDP per capita (current US$),2022,41105.3462099324,Aggregates,Aggregates,,
2744,XC,Euro area,GDP per capita (current US$),2021,42432.2915720012,Aggregates,Aggregates,,
2745,XC,Euro area,GDP per capita (current US$),2020,37727.4543067337,Aggregates,Aggregates,,
2746,XC,Euro area,GDP per capita (current US$),2019,38679.6118917933,Aggregates,Aggregates,,
2747,XC,Euro area,GDP per capita (current US$),2018,39562.0814189751,Aggregates,Aggregates,,
2748,XC,Euro area,GDP per capita (current US$),2017,36691.2109171985,Aggregates,Aggregates,,
2749,XC,Euro area,GDP per capita (current US$),2016,34690.2425639991,Aggregates,Aggregates,,
2750,Z7,Europe & Central Asia,GDP per capita (current US$),2025,34603.480892464,Aggregates,Aggregates,,
2751,Z7,Europe & Central Asia,GDP per capita (current US$),2024,31630.8552937604,Aggregates,Aggregates,,
2752,Z7,Europe & Central Asia,GDP per capita (current US$),2023,30015.7640895399,Aggregates,Aggregates,,
2753,Z7,Europe & Central Asia,GDP per capita (current US$),2022,27968.286148204,Aggregates,Aggregates,,
2754,Z7,Europe & Central Asia,GDP per capita (current US$),2021,27700.9996673888,Aggregates,Aggregates,,
2755,Z7,Europe & Central Asia,GDP per capita (current US$),2020,24187.2451763556,Aggregates,Aggregates,,
2756,Z7,Europe & Central Asia,GDP per capita (current US$),2019,25045.1218961925,Aggregates,Aggregates,,
2757,Z7,Europe & Central Asia,GDP per capita (current US$),2018,25435.6875035469,Aggregates,Aggregates,,
2758,Z7,Europe & Central Asia,GDP per capita (current US$),2017,23839.7319723826,Aggregates,Aggregates,,
2759,Z7,Europe & Central Asia,GDP per capita (current US$),2016,22554.6821198127,Aggregates,Aggregates,,
2760,7E,Europe & Central Asia (excluding high income),GDP per capita (current US$),2025,11117.61379372,Aggregates,Aggregates,,
2761,7E,Europe & Central Asia (excluding high income),GDP per capita (current US$),2024,9801.70054676084,Aggregates,Aggregates,,
2762,7E,Europe & Central Asia (excluding high income),GDP per capita (current US$),2023,8609.12296290637,Aggregates,Aggregates,,
2763,7E,Europe & Central Asia (excluding high income),GDP per capita (current US$),2022,7264.37321853889,Aggregates,Aggregates,,
2764,7E,Europe & Central Asia (excluding high income),GDP per capita (current US$),2021,6632.57221034255,Aggregates,Aggregates,,
2765,7E,Europe & Central Asia (excluding high income),GDP per capita (current US$),2020,5734.46191312695,Aggregates,Aggregates,,
2766,7E,Europe & Central Asia (excluding high income),GDP per capita (current US$),2019,6036.15175345642,Aggregates,Aggregates,,
2767,7E,Europe & Central Asia (excluding high income),GDP per capita (current US$),2018,5947.15360517457,Aggregates,Aggregates,,
2768,7E,Europe & Central Asia (excluding high income),GDP per capita (current US$),2017,6129.93083517607,Aggregates,Aggregates,,
2769,7E,Europe & Central Asia (excluding high income),GDP per capita (current US$),2016,6023.54753164072,Aggregates,Aggregates,,
2770,T7,Europe & Central Asia (IDA & IBRD countries),GDP per capita (current US$),2025,15300.0702229683,Aggregates,Aggregates,,
2771,T7,Europe & Central Asia (IDA & IBRD countries),GDP per capita (current US$),2024,13364.4486876078,Aggregates,Aggregates,,
2772,T7,Europe & Central Asia (IDA & IBRD countries),GDP per capita (current US$),2023,12070.5942969794,Aggregates,Aggregates,,
2773,T7,Europe & Central Asia (IDA & IBRD countries),GDP per capita (current US$),2022,11422.1622613514,Aggregates,Aggregates,,
2774,T7,Europe & Central Asia (IDA & IBRD countries),GDP per capita (current US$),2021,9992.00521619821,Aggregates,Aggregates,,
2775,T7,Europe & Central Asia (IDA & IBRD countries),GDP per capita (current US$),2020,8455.78453528889,Aggregates,Aggregates,,
2776,T7,Europe & Central Asia (IDA & IBRD countries),GDP per capita (current US$),2019,9040.92665915657,Aggregates,Aggregates,,
2777,T7,Europe & Central Asia (IDA & IBRD countries),GDP per capita (current US$),2018,8885.56352555245,Aggregates,Aggregates,,
2778,T7,Europe & Central Asia (IDA & IBRD countries),GDP per capita (current US$),2017,8571.09823045668,Aggregates,Aggregates,,
2779,T7,Europe & Central Asia (IDA & IBRD countries),GDP per capita (current US$),2016,7679.02768410566,Aggregates,Aggregates,,
2780,EU,European Union,GDP per capita (current US$),2025,47089.1638419269,Aggregates,Aggregates,,
2781,EU,European Union,GDP per capita (current US$),2024,43313.7668203916,Aggregates,Aggregates,,
2782,EU,European Union,GDP per capita (current US$),2023,41566.8992410802,Aggregates,Aggregates,,
2783,EU,European Union,GDP per capita (current US$),2022,38066.8240398192,Aggregates,Aggregates,,
2784,EU,European Union,GDP per capita (current US$),2021,39206.9663368683,Aggregates,Aggregates,,
2785,EU,European Union,GDP per capita (current US$),2020,34694.7105012203,Aggregates,Aggregates,,
2786,EU,European Union,GDP per capita (current US$),2019,35374.1493923083,Aggregates,Aggregates,,
2787,EU,European Union,GDP per capita (current US$),2018,36076.9018014875,Aggregates,Aggregates,,
2788,EU,European Union,GDP per capita (current US$),2017,33394.5944932308,Aggregates,Aggregates,,
2789,EU,European Union,GDP per capita (current US$),2016,31456.903580129,Aggregates,Aggregates,,
2790,XE,Heavily indebted poor countries (HIPC),GDP per capita (current US$),2025,1331.89997509038,Aggregates,Aggregates,,
2791,XE,Heavily indebted poor countries (HIPC),GDP per capita (current US$),2024,1220.84577070029,Aggregates,Aggregates,,
2792,XE,Heavily indebted poor countries (HIPC),GDP per capita (current US$),2023,1157.85200500349,Aggregates,Aggregates,,
2793,XE,Heavily indebted poor countries (HIPC),GDP per capita (current US$),2022,1123.26894975331,Aggregates,Aggregates,,
2794,XE,Heavily indebted poor countries (HIPC),GDP per capita (current US$),2021,1062.58689269634,Aggregates,Aggregates,,
2795,XE,Heavily indebted poor countries (HIPC),GDP per capita (current US$),2020,963.808519118256,Aggregates,Aggregates,,
2796,XE,Heavily indebted poor countries (HIPC),GDP per capita (current US$),2019,984.553372875279,Aggregates,Aggregates,,
2797,XE,Heavily indebted poor countries (HIPC),GDP per capita (current US$),2018,986.447970381036,Aggregates,Aggregates,,
2798,XE,Heavily indebted poor countries (HIPC),GDP per capita (current US$),2017,944.105800649501,Aggregates,Aggregates,,
2799,XE,Heavily indebted poor countries (HIPC),GDP per capita (current US$),2016,895.291971418288,Aggregates,Aggregates,,
2800,XD,High income,GDP per capita (current US$),2025,53997.2579539931,Aggregates,Aggregates,,
2801,XD,High income,GDP per capita (current US$),2024,50907.2761474674,Aggregates,Aggregates,,
2802,XD,High income,GDP per capita (current US$),2023,49141.5400740302,Aggregates,Aggregates,,
2803,XD,High income,GDP per capita (current US$),2022,47056.4874992383,Aggregates,Aggregates,,
2804,XD,High income,GDP per capita (current US$),2021,45545.9474677756,Aggregates,Aggregates,,
2805,XD,High income,GDP per capita (current US$),2020,40453.9686533276,Aggregates,Aggregates,,
2806,XD,High income,GDP per capita (current US$),2019,41570.3760789982,Aggregates,Aggregates,,
2807,XD,High income,GDP per capita (current US$),2018,41295.6262218527,Aggregates,Aggregates,,
2808,XD,High income,GDP per capita (current US$),2017,38970.4660370017,Aggregates,Aggregates,,
2809,XD,High income,GDP per capita (current US$),2016,37232.2355227355,Aggregates,Aggregates,,
2810,XF,IBRD only,GDP per capita (current US$),2025,8599.35834895508,Aggregates,Aggregates,,
2811,XF,IBRD only,GDP per capita (current US$),2024,8186.57476056638,Aggregates,Aggregates,,
2812,XF,IBRD only,GDP per capita (current US$),2023,7892.13359236419,Aggregates,Aggregates,,
2813,XF,IBRD only,GDP per capita (current US$),2022,7679.78639337735,Aggregates,Aggregates,,
2814,XF,IBRD only,GDP per capita (current US$),2021,7312.40590533832,Aggregates,Aggregates,,
2815,XF,IBRD only,GDP per capita (current US$),2020,6189.46595997499,Aggregates,Aggregates,,
2816,XF,IBRD only,GDP per capita (current US$),2019,6474.8042775296,Aggregates,Aggregates,,
2817,XF,IBRD only,GDP per capita (current US$),2018,6392.20731313147,Aggregates,Aggregates,,
2818,XF,IBRD only,GDP per capita (current US$),2017,6053.47287028012,Aggregates,Aggregates,,
2819,XF,IBRD only,GDP per capita (current US$),2016,5535.21577803788,Aggregates,Aggregates,,
2820,ZT,IDA & IBRD total,GDP per capita (current US$),2025,6613.2094697403,Aggregates,Aggregates,,
2821,ZT,IDA & IBRD total,GDP per capita (current US$),2024,6304.3969997243,Aggregates,Aggregates,,
2822,ZT,IDA & IBRD total,GDP per capita (current US$),2023,6126.38809068241,Aggregates,Aggregates,,
2823,ZT,IDA & IBRD total,GDP per capita (current US$),2022,6024.32591287554,Aggregates,Aggregates,,
2824,ZT,IDA & IBRD total,GDP per capita (current US$),2021,5754.17990139813,Aggregates,Aggregates,,
2825,ZT,IDA & IBRD total,GDP per capita (current US$),2020,4923.39708871472,Aggregates,Aggregates,,
2826,ZT,IDA & IBRD total,GDP per capita (current US$),2019,5168.03480575859,Aggregates,Aggregates,,
2827,ZT,IDA & IBRD total,GDP per capita (current US$),2018,5085.0801851085,Aggregates,Aggregates,,
2828,ZT,IDA & IBRD total,GDP per capita (current US$),2017,4833.02970118676,Aggregates,Aggregates,,
2829,ZT,IDA & IBRD total,GDP per capita (current US$),2016,4450.00988856601,Aggregates,Aggregates,,
2830,XH,IDA blend,GDP per capita (current US$),2025,1841.20446420685,Aggregates,Aggregates,,
2831,XH,IDA blend,GDP per capita (current US$),2024,1658.96290902751,Aggregates,Aggregates,,
2832,XH,IDA blend,GDP per capita (current US$),2023,1922.68195677238,Aggregates,Aggregates,,
2833,XH,IDA blend,GDP per capita (current US$),2022,2241.22931753571,Aggregates,Aggregates,,
2834,XH,IDA blend,GDP per capita (current US$),2021,2148.31628647273,Aggregates,Aggregates,,
2835,XH,IDA blend,GDP per capita (current US$),2020,2014.81189013082,Aggregates,Aggregates,,
2836,XH,IDA blend,GDP per capita (current US$),2019,2210.55539131628,Aggregates,Aggregates,,
2837,XH,IDA blend,GDP per capita (current US$),2018,1873.7385939606,Aggregates,Aggregates,,
2838,XH,IDA blend,GDP per capita (current US$),2017,1808.86674135882,Aggregates,Aggregates,,
2839,XH,IDA blend,GDP per capita (current US$),2016,1810.82104602308,Aggregates,Aggregates,,
2840,XI,IDA only,GDP per capita (current US$),2025,1484.11159862857,Aggregates,Aggregates,,
2841,XI,IDA only,GDP per capita (current US$),2024,1395.67575971244,Aggregates,Aggregates,,
2842,XI,IDA only,GDP per capita (current US$),2023,1330.08005697828,Aggregates,Aggregates,,
2843,XI,IDA only,GDP per capita (current US$),2022,1333.98547158611,Aggregates,Aggregates,,
2844,XI,IDA only,GDP per capita (current US$),2021,1257.78054041357,Aggregates,Aggregates,,
2845,XI,IDA only,GDP per capita (current US$),2020,1172.52623503626,Aggregates,Aggregates,,
2846,XI,IDA only,GDP per capita (current US$),2019,1187.14057928369,Aggregates,Aggregates,,
2847,XI,IDA only,GDP per capita (current US$),2018,1159.99786764696,Aggregates,Aggregates,,
2848,XI,IDA only,GDP per capita (current US$),2017,1111.6681922431,Aggregates,Aggregates,,
2849,XI,IDA only,GDP per capita (current US$),2016,1054.71572764683,Aggregates,Aggregates,,
2850,XG,IDA total,GDP per capita (current US$),2025,1608.08422318374,Aggregates,Aggregates,,
2851,XG,IDA total,GDP per capita (current US$),2024,1487.2803211344,Aggregates,Aggregates,,
2852,XG,IDA total,GDP per capita (current US$),2023,1536.73358897841,Aggregates,Aggregates,,
2853,XG,IDA total,GDP per capita (current US$),2022,1651.01916315494,Aggregates,Aggregates,,
2854,XG,IDA total,GDP per capita (current US$),2021,1569.43031809587,Aggregates,Aggregates,,
2855,XG,IDA total,GDP per capita (current US$),2020,1467.74475406134,Aggregates,Aggregates,,
2856,XG,IDA total,GDP per capita (current US$),2019,1546.57261928545,Aggregates,Aggregates,,
2857,XG,IDA total,GDP per capita (current US$),2018,1411.20738303305,Aggregates,Aggregates,,
2858,XG,IDA total,GDP per capita (current US$),2017,1357.47789528252,Aggregates,Aggregates,,
2859,XG,IDA total,GDP per capita (current US$),2016,1321.74768141485,Aggregates,Aggregates,,
2860,V3,Late-demographic dividend,GDP per capita (current US$),2025,13677.3231696707,Aggregates,Aggregates,,
2861,V3,Late-demographic dividend,GDP per capita (current US$),2024,12874.6436381177,Aggregates,Aggregates,,
2862,V3,Late-demographic dividend,GDP per capita (current US$),2023,12427.24971376,Aggregates,Aggregates,,
2863,V3,Late-demographic dividend,GDP per capita (current US$),2022,12287.4566066286,Aggregates,Aggregates,,
2864,V3,Late-demographic dividend,GDP per capita (current US$),2021,11760.0897155889,Aggregates,Aggregates,,
2865,V3,Late-demographic dividend,GDP per capita (current US$),2020,9874.06805462328,Aggregates,Aggregates,,
2866,V3,Late-demographic dividend,GDP per capita (current US$),2019,10120.4663725773,Aggregates,Aggregates,,
2867,V3,Late-demographic dividend,GDP per capita (current US$),2018,9966.8758096194,Aggregates,Aggregates,,
2868,V3,Late-demographic dividend,GDP per capita (current US$),2017,9138.44151395876,Aggregates,Aggregates,,
2869,V3,Late-demographic dividend,GDP per capita (current US$),2016,8297.33628667142,Aggregates,Aggregates,,
2870,ZJ,Latin America & Caribbean,GDP per capita (current US$),2025,11095.2176548294,Aggregates,Aggregates,,
2871,ZJ,Latin America & Caribbean,GDP per capita (current US$),2024,10705.1067802788,Aggregates,Aggregates,,
2872,ZJ,Latin America & Caribbean,GDP per capita (current US$),2023,10507.6138782353,Aggregates,Aggregates,,
2873,ZJ,Latin America & Caribbean,GDP per capita (current US$),2022,9412.05924553392,Aggregates,Aggregates,,
2874,ZJ,Latin America & Caribbean,GDP per capita (current US$),2021,8292.15210222359,Aggregates,Aggregates,,
2875,ZJ,Latin America & Caribbean,GDP per capita (current US$),2020,7169.39235876452,Aggregates,Aggregates,,
2876,ZJ,Latin America & Caribbean,GDP per capita (current US$),2019,8539.95940708219,Aggregates,Aggregates,,
2877,ZJ,Latin America & Caribbean,GDP per capita (current US$),2018,8778.55673829884,Aggregates,Aggregates,,
2878,ZJ,Latin America & Caribbean,GDP per capita (current US$),2017,9065.82390216762,Aggregates,Aggregates,,
2879,ZJ,Latin America & Caribbean,GDP per capita (current US$),2016,8241.51169070648,Aggregates,Aggregates,,
2880,XJ,Latin America & Caribbean (excluding high income),GDP per capita (current US$),2025,10407.4817975955,Aggregates,Aggregates,,
2881,XJ,Latin America & Caribbean (excluding high income),GDP per capita (current US$),2024,10065.5029056612,Aggregates,Aggregates,,
2882,XJ,Latin America & Caribbean (excluding high income),GDP per capita (current US$),2023,9891.4632795533,Aggregates,Aggregates,,
2883,XJ,Latin America & Caribbean (excluding high income),GDP per capita (current US$),2022,8838.67169511547,Aggregates,Aggregates,,
2884,XJ,Latin America & Caribbean (excluding high income),GDP per capita (current US$),2021,7694.61136917625,Aggregates,Aggregates,,
2885,XJ,Latin America & Caribbean (excluding high income),GDP per capita (current US$),2020,6651.15822114273,Aggregates,Aggregates,,
2886,XJ,Latin America & Caribbean (excluding high income),GDP per capita (current US$),2019,8006.02224102566,Aggregates,Aggregates,,
2887,XJ,Latin America & Caribbean (excluding high income),GDP per capita (current US$),2018,8231.91428708974,Aggregates,Aggregates,,
2888,XJ,Latin America & Caribbean (excluding high income),GDP per capita (current US$),2017,8568.05689042807,Aggregates,Aggregates,,
2889,XJ,Latin America & Caribbean (excluding high income),GDP per capita (current US$),2016,7751.59336930245,Aggregates,Aggregates,,
2890,T2,Latin America & the Caribbean (IDA & IBRD countries),GDP per capita (current US$),2025,10822.5929247606,Aggregates,Aggregates,,
2891,T2,Latin America & the Caribbean (IDA & IBRD countries),GDP per capita (current US$),2024,10441.4685782421,Aggregates,Aggregates,,
2892,T2,Latin America & the Caribbean (IDA & IBRD countries),GDP per capita (current US$),2023,10259.5487208892,Aggregates,Aggregates,,
2893,T2,Latin America & the Caribbean (IDA & IBRD countries),GDP per capita (current US$),2022,9177.79711881332,Aggregates,Aggregates,,
2894,T2,Latin America & the Caribbean (IDA & IBRD countries),GDP per capita (current US$),2021,8076.87634033776,Aggregates,Aggregates,,
2895,T2,Latin America & the Caribbean (IDA & IBRD countries),GDP per capita (current US$),2020,6965.15053129735,Aggregates,Aggregates,,
2896,T2,Latin America & the Caribbean (IDA & IBRD countries),GDP per capita (current US$),2019,8363.2081656376,Aggregates,Aggregates,,
2897,T2,Latin America & the Caribbean (IDA & IBRD countries),GDP per capita (current US$),2018,8620.65095771156,Aggregates,Aggregates,,
2898,T2,Latin America & the Caribbean (IDA & IBRD countries),GDP per capita (current US$),2017,8918.58515585187,Aggregates,Aggregates,,
2899,T2,Latin America & the Caribbean (IDA & IBRD countries),GDP per capita (current US$),2016,8082.0851229591,Aggregates,Aggregates,,
2900,XL,Least developed countries: UN classification,GDP per capita (current US$),2025,1361.99182021439,Aggregates,Aggregates,,
2901,XL,Least developed countries: UN classification,GDP per capita (current US$),2024,1299.44368873396,Aggregates,Aggregates,,
2902,XL,Least developed countries: UN classification,GDP per capita (current US$),2023,1258.15690309732,Aggregates,Aggregates,,
2903,XL,Least developed countries: UN classification,GDP per capita (current US$),2022,1298.29338219278,Aggregates,Aggregates,,
2904,XL,Least developed countries: UN classification,GDP per capita (current US$),2021,1175.42321388464,Aggregates,Aggregates,,
2905,XL,Least developed countries: UN classification,GDP per capita (current US$),2020,1089.46260850363,Aggregates,Aggregates,,
2906,XL,Least developed countries: UN classification,GDP per capita (current US$),2019,1106.28664072321,Aggregates,Aggregates,,
2907,XL,Least developed countries: UN classification,GDP per capita (current US$),2018,1082.35070462921,Aggregates,Aggregates,,
2908,XL,Least developed countries: UN classification,GDP per capita (current US$),2017,1037.25514816682,Aggregates,Aggregates,,
2909,XL,Least developed countries: UN classification,GDP per capita (current US$),2016,968.123330592586,Aggregates,Aggregates,,
2910,XO,Low & middle income,GDP per capita (current US$),2025,6107.26169428605,Aggregates,Aggregates,,
2911,XO,Low & middle income,GDP per capita (current US$),2024,5874.03080372303,Aggregates,Aggregates,,
2912,XO,Low & middle income,GDP per capita (current US$),2023,5733.51584469729,Aggregates,Aggregates,,
2913,XO,Low & middle income,GDP per capita (current US$),2022,5626.6962378216,Aggregates,Aggregates,,
2914,XO,Low & middle income,GDP per capita (current US$),2021,5422.11312035073,Aggregates,Aggregates,,
2915,XO,Low & middle income,GDP per capita (current US$),2020,4646.47209072865,Aggregates,Aggregates,,
2916,XO,Low & middle income,GDP per capita (current US$),2019,4857.12471542798,Aggregates,Aggregates,,
2917,XO,Low & middle income,GDP per capita (current US$),2018,4773.03574184686,Aggregates,Aggregates,,
2918,XO,Low & middle income,GDP per capita (current US$),2017,4543.08689291431,Aggregates,Aggregates,,
2919,XO,Low & middle income,GDP per capita (current US$),2016,4211.54702250163,Aggregates,Aggregates,,
2920,XM,Low income,GDP per capita (current US$),2025,837.360634569252,Aggregates,Aggregates,,
2921,XM,Low income,GDP per capita (current US$),2024,808.500564579264,Aggregates,Aggregates,,
2922,XM,Low income,GDP per capita (current US$),2023,765.64916597333,Aggregates,Aggregates,,
2923,XM,Low income,GDP per capita (current US$),2022,778.915065676706,Aggregates,Aggregates,,
2924,XM,Low income,GDP per capita (current US$),2021,694.087880017057,Aggregates,Aggregates,,
2925,XM,Low income,GDP per capita (current US$),2020,645.138571127662,Aggregates,Aggregates,,
2926,XM,Low income,GDP per capita (current US$),2019,671.117139517642,Aggregates,Aggregates,,
2927,XM,Low income,GDP per capita (current US$),2018,661.14729086377,Aggregates,Aggregates,,
2928,XM,Low income,GDP per capita (current US$),2017,644.852308695691,Aggregates,Aggregates,,
2929,XM,Low income,GDP per capita (current US$),2016,633.777355522048,Aggregates,Aggregates,,
2930,XN,Lower middle income,GDP per capita (current US$),2025,2481.42751777184,Aggregates,Aggregates,,
2931,XN,Lower middle income,GDP per capita (current US$),2024,2354.1541763908,Aggregates,Aggregates,,
2932,XN,Lower middle income,GDP per capita (current US$),2023,2319.95481547486,Aggregates,Aggregates,,
2933,XN,Lower middle income,GDP per capita (current US$),2022,2347.99329840156,Aggregates,Aggregates,,
2934,XN,Lower middle income,GDP per capita (current US$),2021,2251.14460096524,Aggregates,Aggregates,,
2935,XN,Lower middle income,GDP per capita (current US$),2020,1996.97695544468,Aggregates,Aggregates,,
2936,XN,Lower middle income,GDP per capita (current US$),2019,2116.20506959362,Aggregates,Aggregates,,
2937,XN,Lower middle income,GDP per capita (current US$),2018,1986.83702598126,Aggregates,Aggregates,,
2938,XN,Lower middle income,GDP per capita (current US$),2017,1943.04862156303,Aggregates,Aggregates,,
2939,XN,Lower middle income,GDP per capita (current US$),2016,1817.03211621924,Aggregates,Aggregates,,
2940,ZQ,"Middle East, North Africa, Afghanistan & Pakistan",GDP per capita (current US$),2025,6202.19002141299,Aggregates,Aggregates,,
2941,ZQ,"Middle East, North Africa, Afghanistan & Pakistan",GDP per capita (current US$),2024,6275.43469598207,Aggregates,Aggregates,,
2942,ZQ,"Middle East, North Africa, Afghanistan & Pakistan",GDP per capita (current US$),2023,6144.70308054742,Aggregates,Aggregates,,
2943,ZQ,"Middle East, North Africa, Afghanistan & Pakistan",GDP per capita (current US$),2022,6436.74030312288,Aggregates,Aggregates,,
2944,ZQ,"Middle East, North Africa, Afghanistan & Pakistan",GDP per capita (current US$),2021,5622.19134191977,Aggregates,Aggregates,,
2945,ZQ,"Middle East, North Africa, Afghanistan & Pakistan",GDP per capita (current US$),2020,4749.14341262891,Aggregates,Aggregates,,
2946,ZQ,"Middle East, North Africa, Afghanistan & Pakistan",GDP per capita (current US$),2019,5416.06362418233,Aggregates,Aggregates,,
2947,ZQ,"Middle East, North Africa, Afghanistan & Pakistan",GDP per capita (current US$),2018,5550.31969384997,Aggregates,Aggregates,,
2948,ZQ,"Middle East, North Africa, Afghanistan & Pakistan",GDP per capita (current US$),2017,5283.42471158364,Aggregates,Aggregates,,
2949,ZQ,"Middle East, North Africa, Afghanistan & Pakistan",GDP per capita (current US$),2016,5130.21030038801,Aggregates,Aggregates,,
2950,XQ,"Middle East, North Africa, Afghanistan & Pakistan (excluding high income)",GDP per capita (current US$),2025,2829.12883889291,Aggregates,Aggregates,,
2951,XQ,"Middle East, North Africa, Afghanistan & Pakistan (excluding high income)",GDP per capita (current US$),2024,2963.06913716955,Aggregates,Aggregates,,
2952,XQ,"Middle East, North Africa, Afghanistan & Pakistan (excluding high income)",GDP per capita (current US$),2023,2872.39008505083,Aggregates,Aggregates,,
2953,XQ,"Middle East, North Africa, Afghanistan & Pakistan (excluding high income)",GDP per capita (current US$),2022,3022.54814280134,Aggregates,Aggregates,,
2954,XQ,"Middle East, North Africa, Afghanistan & Pakistan (excluding high income)",GDP per capita (current US$),2021,2760.50031198582,Aggregates,Aggregates,,
2955,XQ,"Middle East, North Africa, Afghanistan & Pakistan (excluding high income)",GDP per capita (current US$),2020,2415.26254491139,Aggregates,Aggregates,,
2956,XQ,"Middle East, North Africa, Afghanistan & Pakistan (excluding high income)",GDP per capita (current US$),2019,2701.71325265282,Aggregates,Aggregates,,
2957,XQ,"Middle East, North Africa, Afghanistan & Pakistan (excluding high income)",GDP per capita (current US$),2018,2815.3901774218,Aggregates,Aggregates,,
2958,XQ,"Middle East, North Africa, Afghanistan & Pakistan (excluding high income)",GDP per capita (current US$),2017,2865.83515636992,Aggregates,Aggregates,,
2959,XQ,"Middle East, North Africa, Afghanistan & Pakistan (excluding high income)",GDP per capita (current US$),2016,2869.01813118566,Aggregates,Aggregates,,
2960,T3,"Middle East, North Africa, Afghanistan & Pakistan (IDA & IBRD)",GDP per capita (current US$),2025,2826.65540584536,Aggregates,Aggregates,,
2961,T3,"Middle East, North Africa, Afghanistan & Pakistan (IDA & IBRD)",GDP per capita (current US$),2024,2962.60094580465,Aggregates,Aggregates,,
2962,T3,"Middle East, North Africa, Afghanistan & Pakistan (IDA & IBRD)",GDP per capita (current US$),2023,2867.14499885351,Aggregates,Aggregates,,
2963,T3,"Middle East, North Africa, Afghanistan & Pakistan (IDA & IBRD)",GDP per capita (current US$),2022,3017.03706401547,Aggregates,Aggregates,,
2964,T3,"Middle East, North Africa, Afghanistan & Pakistan (IDA & IBRD)",GDP per capita (current US$),2021,2754.03924421055,Aggregates,Aggregates,,
2965,T3,"Middle East, North Africa, Afghanistan & Pakistan (IDA & IBRD)",GDP per capita (current US$),2020,2409.54729126605,Aggregates,Aggregates,,
2966,T3,"Middle East, North Africa, Afghanistan & Pakistan (IDA & IBRD)",GDP per capita (current US$),2019,2695.09130976796,Aggregates,Aggregates,,
2967,T3,"Middle East, North Africa, Afghanistan & Pakistan (IDA & IBRD)",GDP per capita (current US$),2018,2810.24942028442,Aggregates,Aggregates,,
2968,T3,"Middle East, North Africa, Afghanistan & Pakistan (IDA & IBRD)",GDP per capita (current US$),2017,2860.68231685818,Aggregates,Aggregates,,
2969,T3,"Middle East, North Africa, Afghanistan & Pakistan (IDA & IBRD)",GDP per capita (current US$),2016,2864.53445831005,Aggregates,Aggregates,,
2970,XP,Middle income,GDP per capita (current US$),2025,6778.79773310904,Aggregates,Aggregates,,
2971,XP,Middle income,GDP per capita (current US$),2024,6507.45727213279,Aggregates,Aggregates,,
2972,XP,Middle income,GDP per capita (current US$),2023,6342.84660727863,Aggregates,Aggregates,,
2973,XP,Middle income,GDP per capita (current US$),2022,6209.92727259514,Aggregates,Aggregates,,
2974,XP,Middle income,GDP per capita (current US$),2021,5980.00050387597,Aggregates,Aggregates,,
2975,XP,Middle income,GDP per capita (current US$),2020,5110.03730012152,Aggregates,Aggregates,,
2976,XP,Middle income,GDP per capita (current US$),2019,5333.00944959533,Aggregates,Aggregates,,
2977,XP,Middle income,GDP per capita (current US$),2018,5231.9314869653,Aggregates,Aggregates,,
2978,XP,Middle income,GDP per capita (current US$),2017,4970.75305971396,Aggregates,Aggregates,,
2979,XP,Middle income,GDP per capita (current US$),2016,4598.01556540424,Aggregates,Aggregates,,
2980,XU,North America,GDP per capita (current US$),2025,86308.0717272746,Aggregates,Aggregates,,
2981,XU,North America,GDP per capita (current US$),2024,82808.120496409,Aggregates,Aggregates,,
2982,XU,North America,GDP per capita (current US$),2023,79647.6390981082,Aggregates,Aggregates,,
2983,XU,North America,GDP per capita (current US$),2022,75769.6975468613,Aggregates,Aggregates,,
2984,XU,North America,GDP per capita (current US$),2021,69532.9041926862,Aggregates,Aggregates,,
2985,XU,North America,GDP per capita (current US$),2020,62319.8671337986,Aggregates,Aggregates,,
2986,XU,North America,GDP per capita (current US$),2019,63306.810223782,Aggregates,Aggregates,,
2987,XU,North America,GDP per capita (current US$),2018,61228.2000482629,Aggregates,Aggregates,,
2988,XU,North America,GDP per capita (current US$),2017,58555.9003870103,Aggregates,Aggregates,,
2989,XU,North America,GDP per capita (current US$),2016,56416.7892083026,Aggregates,Aggregates,,
2990,XY,Not classified,GDP per capita (current US$),2025,,Aggregates,Aggregates,,
2991,XY,Not classified,GDP per capita (current US$),2024,,Aggregates,Aggregates,,
2992,XY,Not classified,GDP per capita (current US$),2023,,Aggregates,Aggregates,,
2993,XY,Not classified,GDP per capita (current US$),2022,,Aggregates,Aggregates,,
2994,XY,Not classified,GDP per capita (current US$),2021,,Aggregates,Aggregates,,
2995,XY,Not classified,GDP per capita (current US$),2020,,Aggregates,Aggregates,,
2996,XY,Not classified,GDP per capita (current US$),2019,,Aggregates,Aggregates,,
2997,XY,Not classified,GDP per capita (current US$),2018,,Aggregates,Aggregates,,
2998,XY,Not classified,GDP per capita (current US$),2017,,Aggregates,Aggregates,,
2999,XY,Not classified,GDP per capita (current US$),2016,,Aggregates,Aggregates,,
3000,OE,OECD members,GDP per capita (current US$),2025,51733.7140199057,Aggregates,Aggregates,,
3001,OE,OECD members,GDP per capita (current US$),2024,48881.8109051634,Aggregates,Aggregates,,
3002,OE,OECD members,GDP per capita (current US$),2023,47135.6137232065,Aggregates,Aggregates,,
3003,OE,OECD members,GDP per capita (current US$),2022,44455.8357743973,Aggregates,Aggregates,,
3004,OE,OECD members,GDP per capita (current US$),2021,43495.5049948213,Aggregates,Aggregates,,
3005,OE,OECD members,GDP per capita (current US$),2020,38947.5669905773,Aggregates,Aggregates,,
3006,OE,OECD members,GDP per capita (current US$),2019,39940.835037623,Aggregates,Aggregates,,
3007,OE,OECD members,GDP per capita (current US$),2018,39756.7556647363,Aggregates,Aggregates,,
3008,OE,OECD members,GDP per capita (current US$),2017,37802.8422452392,Aggregates,Aggregates,,
3009,OE,OECD members,GDP per capita (current US$),2016,36407.3771727139,Aggregates,Aggregates,,
3010,S4,Other small states,GDP per capita (current US$),2025,17540.3099815121,Aggregates,Aggregates,,
3011,S4,Other small states,GDP per capita (current US$),2024,16111.8328238083,Aggregates,Aggregates,,
3012,S4,Other small states,GDP per capita (current US$),2023,15346.6488924949,Aggregates,Aggregates,,
3013,S4,Other small states,GDP per capita (current US$),2022,14326.3081658507,Aggregates,Aggregates,,
3014,S4,Other small states,GDP per capita (current US$),2021,13718.3632503913,Aggregates,Aggregates,,
3015,S4,Other small states,GDP per capita (current US$),2020,11772.0946960495,Aggregates,Aggregates,,
3016,S4,Other small states,GDP per capita (current US$),2019,12908.1967698249,Aggregates,Aggregates,,
3017,S4,Other small states,GDP per capita (current US$),2018,13026.838449762,Aggregates,Aggregates,,
3018,S4,Other small states,GDP per capita (current US$),2017,11950.9760651787,Aggregates,Aggregates,,
3019,S4,Other small states,GDP per capita (current US$),2016,10813.3811118925,Aggregates,Aggregates,,
3020,S2,Pacific island small states,GDP per capita (current US$),2025,4719.69017777464,Aggregates,Aggregates,,
3021,S2,Pacific island small states,GDP per capita (current US$),2024,4528.48364572376,Aggregates,Aggregates,,
3022,S2,Pacific island small states,GDP per capita (current US$),2023,4199.64948077192,Aggregates,Aggregates,,
3023,S2,Pacific island small states,GDP per capita (current US$),2022,3941.90128416234,Aggregates,Aggregates,,
3024,S2,Pacific island small states,GDP per capita (current US$),2021,3646.98862815783,Aggregates,Aggregates,,
3025,S2,Pacific island small states,GDP per capita (current US$),2020,3632.52907231285,Aggregates,Aggregates,,
3026,S2,Pacific island small states,GDP per capita (current US$),2019,4185.0758997627,Aggregates,Aggregates,,
3027,S2,Pacific island small states,GDP per capita (current US$),2018,4295.18182253285,Aggregates,Aggregates,,
3028,S2,Pacific island small states,GDP per capita (current US$),2017,4147.00368611764,Aggregates,Aggregates,,
3029,S2,Pacific island small states,GDP per capita (current US$),2016,3898.87961923979,Aggregates,Aggregates,,
3030,V4,Post-demographic dividend,GDP per capita (current US$),2025,59490.0240628251,Aggregates,Aggregates,,
3031,V4,Post-demographic dividend,GDP per capita (current US$),2024,56385.0585145595,Aggregates,Aggregates,,
3032,V4,Post-demographic dividend,GDP per capita (current US$),2023,54507.2154710128,Aggregates,Aggregates,,
3033,V4,Post-demographic dividend,GDP per capita (current US$),2022,51597.0182783268,Aggregates,Aggregates,,
3034,V4,Post-demographic dividend,GDP per capita (current US$),2021,50433.5519322417,Aggregates,Aggregates,,
3035,V4,Post-demographic dividend,GDP per capita (current US$),2020,45174.5036479433,Aggregates,Aggregates,,
3036,V4,Post-demographic dividend,GDP per capita (current US$),2019,46125.7453007656,Aggregates,Aggregates,,
3037,V4,Post-demographic dividend,GDP per capita (current US$),2018,45787.7299792029,Aggregates,Aggregates,,
3038,V4,Post-demographic dividend,GDP per capita (current US$),2017,43356.99969696,Aggregates,Aggregates,,
3039,V4,Post-demographic dividend,GDP per capita (current US$),2016,41720.329677393,Aggregates,Aggregates,,
3040,V1,Pre-demographic dividend,GDP per capita (current US$),2025,1470.05803145865,Aggregates,Aggregates,,
3041,V1,Pre-demographic dividend,GDP per capita (current US$),2024,1372.7115352549,Aggregates,Aggregates,,
3042,V1,Pre-demographic dividend,GDP per capita (current US$),2023,1559.36615928619,Aggregates,Aggregates,,
3043,V1,Pre-demographic dividend,GDP per capita (current US$),2022,1769.1914721872,Aggregates,Aggregates,,
3044,V1,Pre-demographic dividend,GDP per capita (current US$),2021,1594.39804852433,Aggregates,Aggregates,,
3045,V1,Pre-demographic dividend,GDP per capita (current US$),2020,1497.18872625076,Aggregates,Aggregates,,
3046,V1,Pre-demographic dividend,GDP per capita (current US$),2019,1682.64777483043,Aggregates,Aggregates,,
3047,V1,Pre-demographic dividend,GDP per capita (current US$),2018,1452.10811367974,Aggregates,Aggregates,,
3048,V1,Pre-demographic dividend,GDP per capita (current US$),2017,1341.55710823713,Aggregates,Aggregates,,
3049,V1,Pre-demographic dividend,GDP per capita (current US$),2016,1318.65578321566,Aggregates,Aggregates,,
3050,S1,Small states,GDP per capita (current US$),2025,16577.8450757077,Aggregates,Aggregates,,
3051,S1,Small states,GDP per capita (current US$),2024,15409.264856078,Aggregates,Aggregates,,
3052,S1,Small states,GDP per capita (current US$),2023,14360.785757405,Aggregates,Aggregates,,
3053,S1,Small states,GDP per capita (current US$),2022,13644.5029834497,Aggregates,Aggregates,,
3054,S1,Small states,GDP per capita (current US$),2021,12435.8612830054,Aggregates,Aggregates,,
3055,S1,Small states,GDP per capita (current US$),2020,10730.4939107969,Aggregates,Aggregates,,
3056,S1,Small states,GDP per capita (current US$),2019,11997.3036529705,Aggregates,Aggregates,,
3057,S1,Small states,GDP per capita (current US$),2018,12064.6886372837,Aggregates,Aggregates,,
3058,S1,Small states,GDP per capita (current US$),2017,11319.4921033734,Aggregates,Aggregates,,
3059,S1,Small states,GDP per capita (current US$),2016,10492.0492970632,Aggregates,Aggregates,,
3060,8S,South Asia,GDP per capita (current US$),2025,2705.28227429085,Aggregates,Aggregates,,
3061,8S,South Asia,GDP per capita (current US$),2024,2601.82209529365,Aggregates,Aggregates,,
3062,8S,South Asia,GDP per capita (current US$),2023,2449.857142451,Aggregates,Aggregates,,
3063,8S,South Asia,GDP per capita (current US$),2022,2326.72890585805,Aggregates,Aggregates,,
3064,8S,South Asia,GDP per capita (current US$),2021,2273.72055805692,Aggregates,Aggregates,,
3065,8S,South Asia,GDP per capita (current US$),2020,1957.20343709781,Aggregates,Aggregates,,
3066,8S,South Asia,GDP per capita (current US$),2019,2067.05975680251,Aggregates,Aggregates,,
3067,8S,South Asia,GDP per capita (current US$),2018,1988.36633317988,Aggregates,Aggregates,,
3068,8S,South Asia,GDP per capita (current US$),2017,1956.06707563972,Aggregates,Aggregates,,
3069,8S,South Asia,GDP per capita (current US$),2016,1722.90703396273,Aggregates,Aggregates,,
3070,T5,South Asia (IDA & IBRD),GDP per capita (current US$),2025,2705.28227429085,Aggregates,Aggregates,,
3071,T5,South Asia (IDA & IBRD),GDP per capita (current US$),2024,2601.82209529365,Aggregates,Aggregates,,
3072,T5,South Asia (IDA & IBRD),GDP per capita (current US$),2023,2449.857142451,Aggregates,Aggregates,,
3073,T5,South Asia (IDA & IBRD),GDP per capita (current US$),2022,2326.72890585805,Aggregates,Aggregates,,
3074,T5,South Asia (IDA & IBRD),GDP per capita (current US$),2021,2273.72055805692,Aggregates,Aggregates,,
3075,T5,South Asia (IDA & IBRD),GDP per capita (current US$),2020,1957.20343709781,Aggregates,Aggregates,,
3076,T5,South Asia (IDA & IBRD),GDP per capita (current US$),2019,2067.05975680251,Aggregates,Aggregates,,
3077,T5,South Asia (IDA & IBRD),GDP per capita (current US$),2018,1988.36633317988,Aggregates,Aggregates,,
3078,T5,South Asia (IDA & IBRD),GDP per capita (current US$),2017,1956.06707563972,Aggregates,Aggregates,,
3079,T5,South Asia (IDA & IBRD),GDP per capita (current US$),2016,1722.90703396273,Aggregates,Aggregates,,
3080,ZG,Sub-Saharan Africa,GDP per capita (current US$),2025,1673.07077574497,Aggregates,Aggregates,,
3081,ZG,Sub-Saharan Africa,GDP per capita (current US$),2024,1542.65844261619,Aggregates,Aggregates,,
3082,ZG,Sub-Saharan Africa,GDP per capita (current US$),2023,1682.2261488119,Aggregates,Aggregates,,
3083,ZG,Sub-Saharan Africa,GDP per capita (current US$),2022,1864.70686111925,Aggregates,Aggregates,,
3084,ZG,Sub-Saharan Africa,GDP per capita (current US$),2021,1785.98118191144,Aggregates,Aggregates,,
3085,ZG,Sub-Saharan Africa,GDP per capita (current US$),2020,1628.43873346869,Aggregates,Aggregates,,
3086,ZG,Sub-Saharan Africa,GDP per capita (current US$),2019,1797.04121765415,Aggregates,Aggregates,,
3087,ZG,Sub-Saharan Africa,GDP per capita (current US$),2018,1622.59575329634,Aggregates,Aggregates,,
3088,ZG,Sub-Saharan Africa,GDP per capita (current US$),2017,1549.18831908585,Aggregates,Aggregates,,
3089,ZG,Sub-Saharan Africa,GDP per capita (current US$),2016,1456.65211115929,Aggregates,Aggregates,,
3090,ZF,Sub-Saharan Africa (excluding high income),GDP per capita (current US$),2025,1671.41989803328,Aggregates,Aggregates,,
3091,ZF,Sub-Saharan Africa (excluding high income),GDP per capita (current US$),2024,1541.07573422834,Aggregates,Aggregates,,
3092,ZF,Sub-Saharan Africa (excluding high income),GDP per capita (current US$),2023,1680.66097936273,Aggregates,Aggregates,,
3093,ZF,Sub-Saharan Africa (excluding high income),GDP per capita (current US$),2022,1863.26040059117,Aggregates,Aggregates,,
3094,ZF,Sub-Saharan Africa (excluding high income),GDP per capita (current US$),2021,1784.88774854725,Aggregates,Aggregates,,
3095,ZF,Sub-Saharan Africa (excluding high income),GDP per capita (current US$),2020,1627.39235037313,Aggregates,Aggregates,,
3096,ZF,Sub-Saharan Africa (excluding high income),GDP per capita (current US$),2019,1795.55378673641,Aggregates,Aggregates,,
3097,ZF,Sub-Saharan Africa (excluding high income),GDP per capita (current US$),2018,1621.1285196776,Aggregates,Aggregates,,
3098,ZF,Sub-Saharan Africa (excluding high income),GDP per capita (current US$),2017,1547.77467837023,Aggregates,Aggregates,,
3099,ZF,Sub-Saharan Africa (excluding high income),GDP per capita (current US$),2016,1455.29231657117,Aggregates,Aggregates,,
3100,T6,Sub-Saharan Africa (IDA & IBRD countries),GDP per capita (current US$),2025,1673.07077574497,Aggregates,Aggregates,,
3101,T6,Sub-Saharan Africa (IDA & IBRD countries),GDP per capita (current US$),2024,1542.65844261619,Aggregates,Aggregates,,
3102,T6,Sub-Saharan Africa (IDA & IBRD countries),GDP per capita (current US$),2023,1682.2261488119,Aggregates,Aggregates,,
3103,T6,Sub-Saharan Africa (IDA & IBRD countries),GDP per capita (current US$),2022,1864.70686111924,Aggregates,Aggregates,,
3104,T6,Sub-Saharan Africa (IDA & IBRD countries),GDP per capita (current US$),2021,1785.98118191144,Aggregates,Aggregates,,
3105,T6,Sub-Saharan Africa (IDA & IBRD countries),GDP per capita (current US$),2020,1628.43873346869,Aggregates,Aggregates,,
3106,T6,Sub-Saharan Africa (IDA & IBRD countries),GDP per capita (current US$),2019,1797.04121765415,Aggregates,Aggregates,,
3107,T6,Sub-Saharan Africa (IDA & IBRD countries),GDP per capita (current US$),2018,1622.59575329634,Aggregates,Aggregates,,
3108,T6,Sub-Saharan Africa (IDA & IBRD countries),GDP per capita (current US$),2017,1549.18831908585,Aggregates,Aggregates,,
3109,T6,Sub-Saharan Africa (IDA & IBRD countries),GDP per capita (current US$),2016,1456.65211115929,Aggregates,Aggregates,,
3110,XT,Upper middle income,GDP per capita (current US$),2025,10890.0974812565,Aggregates,Aggregates,,
3111,XT,Upper middle income,GDP per capita (current US$),2024,10443.3480457159,Aggregates,Aggregates,,
3112,XT,Upper middle income,GDP per capita (current US$),2023,10118.6217728148,Aggregates,Aggregates,,
3113,XT,Upper middle income,GDP per capita (current US$),2022,9796.27244734764,Aggregates,Aggregates,,
3114,XT,Upper middle income,GDP per capita (current US$),2021,9409.61235165342,Aggregates,Aggregates,,
3115,XT,Upper middle income,GDP per capita (current US$),2020,7949.25683610967,Aggregates,Aggregates,,
3116,XT,Upper middle income,GDP per capita (current US$),2019,8244.30681174043,Aggregates,Aggregates,,
3117,XT,Upper middle income,GDP per capita (current US$),2018,8149.60205746059,Aggregates,Aggregates,,
3118,XT,Upper middle income,GDP per capita (current US$),2017,7676.40394987858,Aggregates,Aggregates,,
3119,XT,Upper middle income,GDP per capita (current US$),2016,7068.00587843387,Aggregates,Aggregates,,
3120,1W,World,GDP per capita (current US$),2025,14405.8484595528,Aggregates,Aggregates,,
3121,1W,World,GDP per capita (current US$),2024,13717.0909956338,Aggregates,Aggregates,,
3122,1W,World,GDP per capita (current US$),2023,13313.8575826001,Aggregates,Aggregates,,
3123,1W,World,GDP per capita (current US$),2022,12876.2377124072,Aggregates,Aggregates,,
3124,1W,World,GDP per capita (current US$),2021,12472.9074157191,Aggregates,Aggregates,,
3125,1W,World,GDP per capita (current US$),2020,10999.4917581781,Aggregates,Aggregates,,
3126,1W,World,GDP per capita (current US$),2019,11417.5958587724,Aggregates,Aggregates,,
3127,1W,World,GDP per capita (current US$),2018,11344.728168656,Aggregates,Aggregates,,
3128,1W,World,GDP per capita (current US$),2017,10784.3950896297,Aggregates,Aggregates,,
3129,1W,World,GDP per capita (current US$),2016,10239.4656645738,Aggregates,Aggregates,,
3130,AF,Afghanistan,GDP per capita (current US$),2025,,"Middle East, North Africa, Afghanistan & Pakistan",Low income,69.1761,34.5228
3131,AF,Afghanistan,GDP per capita (current US$),2024,416.871146273728,"Middle East, North Africa, Afghanistan & Pakistan",Low income,69.1761,34.5228
3132,AF,Afghanistan,GDP per capita (current US$),2023,413.757894705303,"Middle East, North Africa, Afghanistan & Pakistan",Low income,69.1761,34.5228
3133,AF,Afghanistan,GDP per capita (current US$),2022,357.261152798144,"Middle East, North Africa, Afghanistan & Pakistan",Low income,69.1761,34.5228
3134,AF,Afghanistan,GDP per capita (current US$),2021,356.496214115892,"Middle East, North Africa, Afghanistan & Pakistan",Low income,69.1761,34.5228
3135,AF,Afghanistan,GDP per capita (current US$),2020,510.787063366811,"Middle East, North Africa, Afghanistan & Pakistan",Low income,69.1761,34.5228
3136,AF,Afghanistan,GDP per capita (current US$),2019,496.6025042585,"Middle East, North Africa, Afghanistan & Pakistan",Low income,69.1761,34.5228
3137,AF,Afghanistan,GDP per capita (current US$),2018,491.337221382603,"Middle East, North Africa, Afghanistan & Pakistan",Low income,69.1761,34.5228
3138,AF,Afghanistan,GDP per capita (current US$),2017,525.469770891619,"Middle East, North Africa, Afghanistan & Pakistan",Low income,69.1761,34.5228
3139,AF,Afghanistan,GDP per capita (current US$),2016,522.082215583898,"Middle East, North Africa, Afghanistan & Pakistan",Low income,69.1761,34.5228
3140,AL,Albania,GDP per capita (current US$),2025,12998.147869552,Europe & Central Asia,Upper middle income,19.8172,41.3317
3141,AL,Albania,GDP per capita (current US$),2024,11374.0085781236,Europe & Central Asia,Upper middle income,19.8172,41.3317
3142,AL,Albania,GDP per capita (current US$),2023,9740.7023414631,Europe & Central Asia,Upper middle income,19.8172,41.3317
3143,AL,Albania,GDP per capita (current US$),2022,7756.96188744253,Europe & Central Asia,Upper middle income,19.8172,41.3317
3144,AL,Albania,GDP per capita (current US$),2021,7242.45513146613,Europe & Central Asia,Upper middle income,19.8172,41.3317
3145,AL,Albania,GDP per capita (current US$),2020,6027.91350716348,Europe & Central Asia,Upper middle income,19.8172,41.3317
3146,AL,Albania,GDP per capita (current US$),2019,6069.43903131027,Europe & Central Asia,Upper middle income,19.8172,41.3317
3147,AL,Albania,GDP per capita (current US$),2018,5897.65452588774,Europe & Central Asia,Upper middle income,19.8172,41.3317
3148,AL,Albania,GDP per capita (current US$),2017,5006.36012951959,Europe & Central Asia,Upper middle income,19.8172,41.3317
3149,AL,Albania,GDP per capita (current US$),2016,4457.63412207495,Europe & Central Asia,Upper middle income,19.8172,41.3317
3150,DZ,Algeria,GDP per capita (current US$),2025,6051.00322704182,"Middle East, North Africa, Afghanistan & Pakistan",Upper middle income,3.05097,36.7397
3151,DZ,Algeria,GDP per capita (current US$),2024,5752.99076651465,"Middle East, North Africa, Afghanistan & Pakistan",Upper middle income,3.05097,36.7397
3152,DZ,Algeria,GDP per capita (current US$),2023,5370.477235078,"Middle East, North Africa, Afghanistan & Pakistan",Upper middle income,3.05097,36.7397
3153,DZ,Algeria,GDP per capita (current US$),2022,4960.30334332888,"Middle East, North Africa, Afghanistan & Pakistan",Upper middle income,3.05097,36.7397
3154,DZ,Algeria,GDP per capita (current US$),2021,4160.55926736925,"Middle East, North Africa, Afghanistan & Pakistan",Upper middle income,3.05097,36.7397
3155,DZ,Algeria,GDP per capita (current US$),2020,3743.5419522929,"Middle East, North Africa, Afghanistan & Pakistan",Upper middle income,3.05097,36.7397
3156,DZ,Algeria,GDP per capita (current US$),2019,4468.45341883656,"Middle East, North Africa, Afghanistan & Pakistan",Upper middle income,3.05097,36.7397
3157,DZ,Algeria,GDP per capita (current US$),2018,4577.21029180491,"Middle East, North Africa, Afghanistan & Pakistan",Upper middle income,3.05097,36.7397
3158,DZ,Algeria,GDP per capita (current US$),2017,4554.66753957828,"Middle East, North Africa, Afghanistan & Pakistan",Upper middle income,3.05097,36.7397
3159,DZ,Algeria,GDP per capita (current US$),2016,4424.98529027556,"Middle East, North Africa, Afghanistan & Pakistan",Upper middle income,3.05097,36.7397
3160,AS,American Samoa,GDP per capita (current US$),2025,,East Asia & Pacific,High income,-170.691,-14.2846
3161,AS,American Samoa,GDP per capita (current US$),2024,,East Asia & Pacific,High income,-170.691,-14.2846
3162,AS,American Samoa,GDP per capita (current US$),2023,,East Asia & Pacific,High income,-170.691,-14.2846
3163,AS,American Samoa,GDP per capita (current US$),2022,18017.4589383973,East Asia & Pacific,High income,-170.691,-14.2846
3164,AS,American Samoa,GDP per capita (current US$),2021,15236.1604875571,East Asia & Pacific,High income,-170.691,-14.2846
3165,AS,American Samoa,GDP per capita (current US$),2020,14489.2586563775,East Asia & Pacific,High income,-170.691,-14.2846
3166,AS,American Samoa,GDP per capita (current US$),2019,12886.1359517218,East Asia & Pacific,High income,-170.691,-14.2846
3167,AS,American Samoa,GDP per capita (current US$),2018,12552.0546868861,East Asia & Pacific,High income,-170.691,-14.2846
3168,AS,American Samoa,GDP per capita (current US$),2017,11863.6839452565,East Asia & Pacific,High income,-170.691,-14.2846
3169,AS,American Samoa,GDP per capita (current US$),2016,12843.3342903627,East Asia & Pacific,High income,-170.691,-14.2846
3170,AD,Andorra,GDP per capita (current US$),2025,54291.5026031052,Europe & Central Asia,High income,1.5218,42.5075
3171,AD,Andorra,GDP per capita (current US$),2024,49357.437070178,Europe & Central Asia,High income,1.5218,42.5075
3172,AD,Andorra,GDP per capita (current US$),2023,46812.448450114,Europe & Central Asia,High income,1.5218,42.5075
3173,AD,Andorra,GDP per capita (current US$),2022,42414.0590111349,Europe & Central Asia,High income,1.5218,42.5075
3174,AD,Andorra,GDP per capita (current US$),2021,42425.6996761083,Europe & Central Asia,High income,1.5218,42.5075
3175,AD,Andorra,GDP per capita (current US$),2020,37361.090067211,Europe & Central Asia,High income,1.5218,42.5075
3176,AD,Andorra,GDP per capita (current US$),2019,41257.8045861543,Europe & Central Asia,High income,1.5218,42.5075
3177,AD,Andorra,GDP per capita (current US$),2018,42819.774579353,Europe & Central Asia,High income,1.5218,42.5075
3178,AD,Andorra,GDP per capita (current US$),2017,40672.9943362327,Europe & Central Asia,High income,1.5218,42.5075
3179,AD,Andorra,GDP per capita (current US$),2016,40129.8192026671,Europe & Central Asia,High income,1.5218,42.5075
3180,AO,Angola,GDP per capita (current US$),2025,3129.47662331063,Sub-Saharan Africa ,Lower middle income,13.242,-8.81155
3181,AO,Angola,GDP per capita (current US$),2024,2720.81900669715,Sub-Saharan Africa ,Lower middle income,13.242,-8.81155
3182,AO,Angola,GDP per capita (current US$),2023,2885.51349130806,Sub-Saharan Africa ,Lower middle income,13.242,-8.81155
3183,AO,Angola,GDP per capita (current US$),2022,3598.53669077341,Sub-Saharan Africa ,Lower middle income,13.242,-8.81155
3184,AO,Angola,GDP per capita (current US$),2021,2266.96834861584,Sub-Saharan Africa ,Lower middle income,13.242,-8.81155
3185,AO,Angola,GDP per capita (current US$),2020,1749.1794838482,Sub-Saharan Africa ,Lower middle income,13.242,-8.81155
3186,AO,Angola,GDP per capita (current US$),2019,2507.86807213642,Sub-Saharan Africa ,Lower middle income,13.242,-8.81155
3187,AO,Angola,GDP per capita (current US$),2018,2891.83032378747,Sub-Saharan Africa ,Lower middle income,13.242,-8.81155
3188,AO,Angola,GDP per capita (current US$),2017,2832.14997950512,Sub-Saharan Africa ,Lower middle income,13.242,-8.81155
3189,AO,Angola,GDP per capita (current US$),2016,2082.37343594705,Sub-Saharan Africa ,Lower middle income,13.242,-8.81155
3190,AG,Antigua and Barbuda,GDP per capita (current US$),2025,24819.2454680158,Latin America & Caribbean ,High income,-61.8456,17.1175
3191,AG,Antigua and Barbuda,GDP per capita (current US$),2024,23059.8330702839,Latin America & Caribbean ,High income,-61.8456,17.1175
3192,AG,Antigua and Barbuda,GDP per capita (current US$),2023,22012.2625947994,Latin America & Caribbean ,High income,-61.8456,17.1175
3193,AG,Antigua and Barbuda,GDP per capita (current US$),2022,20003.3909394099,Latin America & Caribbean ,High income,-61.8456,17.1175
3194,AG,Antigua and Barbuda,GDP per capita (current US$),2021,17348.6006987182,Latin America & Caribbean ,High income,-61.8456,17.1175
3195,AG,Antigua and Barbuda,GDP per capita (current US$),2020,15369.6082250401,Latin America & Caribbean ,High income,-61.8456,17.1175
3196,AG,Antigua and Barbuda,GDP per capita (current US$),2019,18896.3721832248,Latin America & Caribbean ,High income,-61.8456,17.1175
3197,AG,Antigua and Barbuda,GDP per capita (current US$),2018,18273.4270684912,Latin America & Caribbean ,High income,-61.8456,17.1175
3198,AG,Antigua and Barbuda,GDP per capita (current US$),2017,16965.7288273816,Latin America & Caribbean ,High income,-61.8456,17.1175
3199,AG,Antigua and Barbuda,GDP per capita (current US$),2016,16556.8551801588,Latin America & Caribbean ,High income,-61.8456,17.1175
3200,AR,Argentina,GDP per capita (current US$),2025,14898.0885943842,Latin America & Caribbean ,Upper middle income,-58.4173,-34.6118
3201,AR,Argentina,GDP per capita (current US$),2024,13969.7836603737,Latin America & Caribbean ,Upper middle income,-58.4173,-34.6118
3202,AR,Argentina,GDP per capita (current US$),2023,14261.8465667948,Latin America & Caribbean ,Upper middle income,-58.4173,-34.6118
3203,AR,Argentina,GDP per capita (current US$),2022,13962.1894087223,Latin America & Caribbean ,Upper middle income,-58.4173,-34.6118
3204,AR,Argentina,GDP per capita (current US$),2021,10738.0179223384,Latin America & Caribbean ,Upper middle income,-58.4173,-34.6118
3205,AR,Argentina,GDP per capita (current US$),2020,8535.59938004389,Latin America & Caribbean ,Upper middle income,-58.4173,-34.6118
3206,AR,Argentina,GDP per capita (current US$),2019,9955.97478680428,Latin America & Caribbean ,Upper middle income,-58.4173,-34.6118
3207,AR,Argentina,GDP per capita (current US$),2018,11752.7998922979,Latin America & Caribbean ,Upper middle income,-58.4173,-34.6118
3208,AR,Argentina,GDP per capita (current US$),2017,14532.5009308511,Latin America & Caribbean ,Upper middle income,-58.4173,-34.6118
3209,AR,Argentina,GDP per capita (current US$),2016,12699.9623137756,Latin America & Caribbean ,Upper middle income,-58.4173,-34.6118
3210,AM,Armenia,GDP per capita (current US$),2025,9474.01849300368,Europe & Central Asia,Upper middle income,44.509,40.1596
3211,AM,Armenia,GDP per capita (current US$),2024,8556.21406956719,Europe & Central Asia,Upper middle income,44.509,40.1596
3212,AM,Armenia,GDP per capita (current US$),2023,8159.08720967996,Europe & Central Asia,Upper middle income,44.509,40.1596
3213,AM,Armenia,GDP per capita (current US$),2022,6571.97445545099,Europe & Central Asia,Upper middle income,44.509,40.1596
3214,AM,Armenia,GDP per capita (current US$),2021,4685.17997128509,Europe & Central Asia,Upper middle income,44.509,40.1596
3215,AM,Armenia,GDP per capita (current US$),2020,4268.68093304583,Europe & Central Asia,Upper middle income,44.509,40.1596
3216,AM,Armenia,GDP per capita (current US$),2019,4597.22887399548,Europe & Central Asia,Upper middle income,44.509,40.1596
3217,AM,Armenia,GDP per capita (current US$),2018,4196.00562301769,Europe & Central Asia,Upper middle income,44.509,40.1596
3218,AM,Armenia,GDP per capita (current US$),2017,3869.05373867752,Europe & Central Asia,Upper middle income,44.509,40.1596
3219,AM,Armenia,GDP per capita (current US$),2016,3524.42476874707,Europe & Central Asia,Upper middle income,44.509,40.1596
3220,AW,Aruba,GDP per capita (current US$),2025,,Latin America & Caribbean ,High income,-70.0167,12.5167
3221,AW,Aruba,GDP per capita (current US$),2024,38590.5650288641,Latin America & Caribbean ,High income,-70.0167,12.5167
3222,AW,Aruba,GDP per capita (current US$),2023,34897.6183932009,Latin America & Caribbean ,High income,-70.0167,12.5167
3223,AW,Aruba,GDP per capita (current US$),2022,31000.5713798732,Latin America & Caribbean ,High income,-70.0167,12.5167
3224,AW,Aruba,GDP per capita (current US$),2021,26827.3447869986,Latin America & Caribbean ,High income,-70.0167,12.5167
3225,AW,Aruba,GDP per capita (current US$),2020,22664.3709949437,Latin America & Caribbean ,High income,-70.0167,12.5167
3226,AW,Aruba,GDP per capita (current US$),2019,30654.4851235397,Latin America & Caribbean ,High income,-70.0167,12.5167
3227,AW,Aruba,GDP per capita (current US$),2018,30082.1584226798,Latin America & Caribbean ,High income,-70.0167,12.5167
3228,AW,Aruba,GDP per capita (current US$),2017,28440.0416881491,Latin America & Caribbean ,High income,-70.0167,12.5167
3229,AW,Aruba,GDP per capita (current US$),2016,27441.5502144601,Latin America & Caribbean ,High income,-70.0167,12.5167
3230,AU,Australia,GDP per capita (current US$),2025,65129.7227990563,East Asia & Pacific,High income,149.129,-35.282
3231,AU,Australia,GDP per capita (current US$),2024,64609.9865116088,East Asia & Pacific,High income,149.129,-35.282
3232,AU,Australia,GDP per capita (current US$),2023,65058.3773146674,East Asia & Pacific,High income,149.129,-35.282
3233,AU,Australia,GDP per capita (current US$),2022,65169.5191118657,East Asia & Pacific,High income,149.129,-35.282
3234,AU,Australia,GDP per capita (current US$),2021,60758.9044397144,East Asia & Pacific,High income,149.129,-35.282
3235,AU,Australia,GDP per capita (current US$),2020,51983.4523666382,East Asia & Pacific,High income,149.129,-35.282
3236,AU,Australia,GDP per capita (current US$),2019,55194.7585097428,East Asia & Pacific,High income,149.129,-35.282
3237,AU,Australia,GDP per capita (current US$),2018,57410.1737346009,East Asia & Pacific,High income,149.129,-35.282
3238,AU,Australia,GDP per capita (current US$),2017,54117.547718609,East Asia & Pacific,High income,149.129,-35.282
3239,AU,Australia,GDP per capita (current US$),2016,50084.4440606385,East Asia & Pacific,High income,149.129,-35.282
3240,AT,Austria,GDP per capita (current US$),2025,62930.0351324599,Europe & Central Asia,High income,16.3798,48.2201
3241,AT,Austria,GDP per capita (current US$),2024,58268.8787651601,Europe & Central Asia,High income,16.3798,48.2201
3242,AT,Austria,GDP per capita (current US$),2023,56579.504175468,Europe & Central Asia,High income,16.3798,48.2201
3243,AT,Austria,GDP per capita (current US$),2022,52336.7725223758,Europe & Central Asia,High income,16.3798,48.2201
3244,AT,Austria,GDP per capita (current US$),2021,53648.6437976214,Europe & Central Asia,High income,16.3798,48.2201
3245,AT,Austria,GDP per capita (current US$),2020,48716.4098900349,Europe & Central Asia,High income,16.3798,48.2201
3246,AT,Austria,GDP per capita (current US$),2019,49885.9947355204,Europe & Central Asia,High income,16.3798,48.2201
3247,AT,Austria,GDP per capita (current US$),2018,51194.0749841299,Europe & Central Asia,High income,16.3798,48.2201
3248,AT,Austria,GDP per capita (current US$),2017,47163.7425775142,Europe & Central Asia,High income,16.3798,48.2201
3249,AT,Austria,GDP per capita (current US$),2016,45061.4993920192,Europe & Central Asia,High income,16.3798,48.2201
3250,AZ,Azerbaijan,GDP per capita (current US$),2025,7410.72281660142,Europe & Central Asia,Upper middle income,49.8932,40.3834
3251,AZ,Azerbaijan,GDP per capita (current US$),2024,7294.64276088105,Europe & Central Asia,Upper middle income,49.8932,40.3834
3252,AZ,Azerbaijan,GDP per capita (current US$),2023,7133.02838048328,Europe & Central Asia,Upper middle income,49.8932,40.3834
3253,AZ,Azerbaijan,GDP per capita (current US$),2022,7770.594223351,Europe & Central Asia,Upper middle income,49.8932,40.3834
3254,AZ,Azerbaijan,GDP per capita (current US$),2021,5408.04535175023,Europe & Central Asia,Upper middle income,49.8932,40.3834
3255,AZ,Azerbaijan,GDP per capita (current US$),2020,4229.91064904503,Europe & Central Asia,Upper middle income,49.8932,40.3834
3256,AZ,Azerbaijan,GDP per capita (current US$),2019,4805.75371765917,Europe & Central Asia,Upper middle income,49.8932,40.3834
3257,AZ,Azerbaijan,GDP per capita (current US$),2018,4739.7943123408,Europe & Central Asia,Upper middle income,49.8932,40.3834
3258,AZ,Azerbaijan,GDP per capita (current US$),2017,4147.1981423222,Europe & Central Asia,Upper middle income,49.8932,40.3834
3259,AZ,Azerbaijan,GDP per capita (current US$),2016,3880.6852276838,Europe & Central Asia,Upper middle income,49.8932,40.3834
3260,BS,"Bahamas, The",GDP per capita (current US$),2025,,Latin America & Caribbean ,High income,-77.339,25.0661
3261,BS,"Bahamas, The",GDP per capita (current US$),2024,39455.4466548546,Latin America & Caribbean ,High income,-77.339,25.0661
3262,BS,"Bahamas, The",GDP per capita (current US$),2023,38231.774484278,Latin America & Caribbean ,High income,-77.339,25.0661
3263,BS,"Bahamas, The",GDP per capita (current US$),2022,34957.1613279737,Latin America & Caribbean ,High income,-77.339,25.0661
3264,BS,"Bahamas, The",GDP per capita (current US$),2021,30367.8605757708,Latin America & Caribbean ,High income,-77.339,25.0661
3265,BS,"Bahamas, The",GDP per capita (current US$),2020,26178.7537607708,Latin America & Caribbean ,High income,-77.339,25.0661
3266,BS,"Bahamas, The",GDP per capita (current US$),2019,33640.3369861278,Latin America & Caribbean ,High income,-77.339,25.0661
3267,BS,"Bahamas, The",GDP per capita (current US$),2018,32642.3353203452,Latin America & Caribbean ,High income,-77.339,25.0661
3268,BS,"Bahamas, The",GDP per capita (current US$),2017,31875.4881749619,Latin America & Caribbean ,High income,-77.339,25.0661
3269,BS,"Bahamas, The",GDP per capita (current US$),2016,30616.5363157284,Latin America & Caribbean ,High income,-77.339,25.0661
3270,BH,Bahrain,GDP per capita (current US$),2025,30596.5794898885,"Middle East, North Africa, Afghanistan & Pakistan",High income,50.5354,26.1921
3271,BH,Bahrain,GDP per capita (current US$),2024,29717.1424605273,"Middle East, North Africa, Afghanistan & Pakistan",High income,50.5354,26.1921
3272,BH,Bahrain,GDP per capita (current US$),2023,29290.1284215098,"Middle East, North Africa, Afghanistan & Pakistan",High income,50.5354,26.1921
3273,BH,Bahrain,GDP per capita (current US$),2022,30470.5219276023,"Middle East, North Africa, Afghanistan & Pakistan",High income,50.5354,26.1921
3274,BH,Bahrain,GDP per capita (current US$),2021,27147.8083882286,"Middle East, North Africa, Afghanistan & Pakistan",High income,50.5354,26.1921
3275,BH,Bahrain,GDP per capita (current US$),2020,24342.8444554718,"Middle East, North Africa, Afghanistan & Pakistan",High income,50.5354,26.1921
3276,BH,Bahrain,GDP per capita (current US$),2019,27259.7438599327,"Middle East, North Africa, Afghanistan & Pakistan",High income,50.5354,26.1921
3277,BH,Bahrain,GDP per capita (current US$),2018,26324.4066549559,"Middle East, North Africa, Afghanistan & Pakistan",High income,50.5354,26.1921
3278,BH,Bahrain,GDP per capita (current US$),2017,24784.7693514607,"Middle East, North Africa, Afghanistan & Pakistan",High income,50.5354,26.1921
3279,BH,Bahrain,GDP per capita (current US$),2016,23800.001440631,"Middle East, North Africa, Afghanistan & Pakistan",High income,50.5354,26.1921
3280,BD,Bangladesh,GDP per capita (current US$),2025,2597.34352335275,South Asia,Lower middle income,90.4113,23.7055
3281,BD,Bangladesh,GDP per capita (current US$),2024,2593.41611680774,South Asia,Lower middle income,90.4113,23.7055
3282,BD,Bangladesh,GDP per capita (current US$),2023,2551.01773827307,South Asia,Lower middle income,90.4113,23.7055
3283,BD,Bangladesh,GDP per capita (current US$),2022,2716.48592780431,South Asia,Lower middle income,90.4113,23.7055
3284,BD,Bangladesh,GDP per capita (current US$),2021,2482.84917843357,South Asia,Lower middle income,90.4113,23.7055
3285,BD,Bangladesh,GDP per capita (current US$),2020,2248.85078828233,South Asia,Lower middle income,90.4113,23.7055
3286,BD,Bangladesh,GDP per capita (current US$),2019,2129.79896954606,South Asia,Lower middle income,90.4113,23.7055
3287,BD,Bangladesh,GDP per capita (current US$),2018,1965.24372731467,South Asia,Lower middle income,90.4113,23.7055
3288,BD,Bangladesh,GDP per capita (current US$),2017,1811.08221668646,South Asia,Lower middle income,90.4113,23.7055
3289,BD,Bangladesh,GDP per capita (current US$),2016,1649.28380858601,South Asia,Lower middle income,90.4113,23.7055
3290,BB,Barbados,GDP per capita (current US$),2025,28364.8181499736,Latin America & Caribbean ,High income,-59.6105,13.0935
3291,BB,Barbados,GDP per capita (current US$),2024,26897.2002039176,Latin America & Caribbean ,High income,-59.6105,13.0935
3292,BB,Barbados,GDP per capita (current US$),2023,25583.8722302505,Latin America & Caribbean ,High income,-59.6105,13.0935
3293,BB,Barbados,GDP per capita (current US$),2022,24393.2193483944,Latin America & Caribbean ,High income,-59.6105,13.0935
3294,BB,Barbados,GDP per capita (current US$),2021,21084.4013935998,Latin America & Caribbean ,High income,-59.6105,13.0935
3295,BB,Barbados,GDP per capita (current US$),2020,19180.9915228365,Latin America & Caribbean ,High income,-59.6105,13.0935
3296,BB,Barbados,GDP per capita (current US$),2019,21929.435611489,Latin America & Caribbean ,High income,-59.6105,13.0935
3297,BB,Barbados,GDP per capita (current US$),2018,21378.2201267496,Latin America & Caribbean ,High income,-59.6105,13.0935
3298,BB,Barbados,GDP per capita (current US$),2017,20870.7596432179,Latin America & Caribbean ,High income,-59.6105,13.0935
3299,BB,Barbados,GDP per capita (current US$),2016,20311.4094163764,Latin America & Caribbean ,High income,-59.6105,13.0935
3300,BY,Belarus,GDP per capita (current US$),2025,10279.2547190723,Europe & Central Asia,Upper middle income,27.5766,53.9678
3301,BY,Belarus,GDP per capita (current US$),2024,8605.60954569694,Europe & Central Asia,Upper middle income,27.5766,53.9678
3302,BY,Belarus,GDP per capita (current US$),2023,7896.75388295584,Europe & Central Asia,Upper middle income,27.5766,53.9678
3303,BY,Belarus,GDP per capita (current US$),2022,7994.64806074889,Europe & Central Asia,Upper middle income,27.5766,53.9678
3304,BY,Belarus,GDP per capita (current US$),2021,7489.71894713888,Europe & Central Asia,Upper middle income,27.5766,53.9678
3305,BY,Belarus,GDP per capita (current US$),2020,6542.85579976768,Europe & Central Asia,Upper middle income,27.5766,53.9678
3306,BY,Belarus,GDP per capita (current US$),2019,6837.77339645635,Europe & Central Asia,Upper middle income,27.5766,53.9678
3307,BY,Belarus,GDP per capita (current US$),2018,6360.037502312,Europe & Central Asia,Upper middle income,27.5766,53.9678
3308,BY,Belarus,GDP per capita (current US$),2017,5785.54491935194,Europe & Central Asia,Upper middle income,27.5766,53.9678
3309,BY,Belarus,GDP per capita (current US$),2016,5039.77560949445,Europe & Central Asia,Upper middle income,27.5766,53.9678
3310,BE,Belgium,GDP per capita (current US$),2025,60750.2735864647,Europe & Central Asia,High income,4.36761,50.8371
3311,BE,Belgium,GDP per capita (current US$),2024,56581.9375642531,Europe & Central Asia,High income,4.36761,50.8371
3312,BE,Belgium,GDP per capita (current US$),2023,55244.68145811,Europe & Central Asia,High income,4.36761,50.8371
3313,BE,Belgium,GDP per capita (current US$),2022,50639.0264882739,Europe & Central Asia,High income,4.36761,50.8371
3314,BE,Belgium,GDP per capita (current US$),2021,51658.238294958,Europe & Central Asia,High income,4.36761,50.8371
3315,BE,Belgium,GDP per capita (current US$),2020,45906.2875805246,Europe & Central Asia,High income,4.36761,50.8371
3316,BE,Belgium,GDP per capita (current US$),2019,46716.6227467964,Europe & Central Asia,High income,4.36761,50.8371
3317,BE,Belgium,GDP per capita (current US$),2018,47487.2100392561,Europe & Central Asia,High income,4.36761,50.8371
3318,BE,Belgium,GDP per capita (current US$),2017,44035.3239358548,Europe & Central Asia,High income,4.36761,50.8371
3319,BE,Belgium,GDP per capita (current US$),2016,41854.5498296444,Europe & Central Asia,High income,4.36761,50.8371
3320,BZ,Belize,GDP per capita (current US$),2025,7865.47937690933,Latin America & Caribbean ,Upper middle income,-88.7713,17.2534
3321,BZ,Belize,GDP per capita (current US$),2024,7681.24400583113,Latin America & Caribbean ,Upper middle income,-88.7713,17.2534
3322,BZ,Belize,GDP per capita (current US$),2023,7424.75821321022,Latin America & Caribbean ,Upper middle income,-88.7713,17.2534
3323,BZ,Belize,GDP per capita (current US$),2022,7068.21728043145,Latin America & Caribbean ,Upper middle income,-88.7713,17.2534
3324,BZ,Belize,GDP per capita (current US$),2021,6142.98930557031,Latin America & Caribbean ,Upper middle income,-88.7713,17.2534
3325,BZ,Belize,GDP per capita (current US$),2020,5238.54078175696,Latin America & Caribbean ,Upper middle income,-88.7713,17.2534
3326,BZ,Belize,GDP per capita (current US$),2019,6171.61449761423,Latin America & Caribbean ,Upper middle income,-88.7713,17.2534
3327,BZ,Belize,GDP per capita (current US$),2018,6011.99036888587,Latin America & Caribbean ,Upper middle income,-88.7713,17.2534
3328,BZ,Belize,GDP per capita (current US$),2017,6071.85451846453,Latin America & Caribbean ,Upper middle income,-88.7713,17.2534
3329,BZ,Belize,GDP per capita (current US$),2016,6140.86713919469,Latin America & Caribbean ,Upper middle income,-88.7713,17.2534
3330,BJ,Benin,GDP per capita (current US$),2025,1658.27312662991,Sub-Saharan Africa ,Lower middle income,2.6323,6.4779
3331,BJ,Benin,GDP per capita (current US$),2024,1485.38018885134,Sub-Saharan Africa ,Lower middle income,2.6323,6.4779
3332,BJ,Benin,GDP per capita (current US$),2023,1394.17784721831,Sub-Saharan Africa ,Lower middle income,2.6323,6.4779
3333,BJ,Benin,GDP per capita (current US$),2022,1266.42711031904,Sub-Saharan Africa ,Lower middle income,2.6323,6.4779
3334,BJ,Benin,GDP per capita (current US$),2021,1318.65158075198,Sub-Saharan Africa ,Lower middle income,2.6323,6.4779
3335,BJ,Benin,GDP per capita (current US$),2020,1200.19426557789,Sub-Saharan Africa ,Lower middle income,2.6323,6.4779
3336,BJ,Benin,GDP per capita (current US$),2019,1130.82135339795,Sub-Saharan Africa ,Lower middle income,2.6323,6.4779
3337,BJ,Benin,GDP per capita (current US$),2018,1151.7409703472,Sub-Saharan Africa ,Lower middle income,2.6323,6.4779
3338,BJ,Benin,GDP per capita (current US$),2017,1054.97408066814,Sub-Saharan Africa ,Lower middle income,2.6323,6.4779
3339,BJ,Benin,GDP per capita (current US$),2016,1010.5338961993,Sub-Saharan Africa ,Lower middle income,2.6323,6.4779
3340,BM,Bermuda,GDP per capita (current US$),2025,,North America,High income,-64.706,32.3293
3341,BM,Bermuda,GDP per capita (current US$),2024,142250.433195123,North America,High income,-64.706,32.3293
3342,BM,Bermuda,GDP per capita (current US$),2023,132961.760796315,North America,High income,-64.706,32.3293
3343,BM,Bermuda,GDP per capita (current US$),2022,119969.173269085,North America,High income,-64.706,32.3293
3344,BM,Bermuda,GDP per capita (current US$),2021,112765.08167306,North America,High income,-64.706,32.3293
3345,BM,Bermuda,GDP per capita (current US$),2020,106976.546239632,North America,High income,-64.706,32.3293
3346,BM,Bermuda,GDP per capita (current US$),2019,115798.040775578,North America,High income,-64.706,32.3293
3347,BM,Bermuda,GDP per capita (current US$),2018,113204.82210838,North America,High income,-64.706,32.3293
3348,BM,Bermuda,GDP per capita (current US$),2017,112339.425587467,North America,High income,-64.706,32.3293
3349,BM,Bermuda,GDP per capita (current US$),2016,108747.356144305,North America,High income,-64.706,32.3293
3350,BT,Bhutan,GDP per capita (current US$),2025,4492.78400306618,South Asia,Lower middle income,89.6177,27.5768
3351,BT,Bhutan,GDP per capita (current US$),2024,4228.05102403654,South Asia,Lower middle income,89.6177,27.5768
3352,BT,Bhutan,GDP per capita (current US$),2023,3831.32535564326,South Asia,Lower middle income,89.6177,27.5768
3353,BT,Bhutan,GDP per capita (current US$),2022,3711.32767981591,South Asia,Lower middle income,89.6177,27.5768
3354,BT,Bhutan,GDP per capita (current US$),2021,3570.61257980872,South Asia,Lower middle income,89.6177,27.5768
3355,BT,Bhutan,GDP per capita (current US$),2020,3191.66906999331,South Asia,Lower middle income,89.6177,27.5768
3356,BT,Bhutan,GDP per capita (current US$),2019,3576.87987100503,South Asia,Lower middle income,89.6177,27.5768
3357,BT,Bhutan,GDP per capita (current US$),2018,3400.20417245342,South Asia,Lower middle income,89.6177,27.5768
3358,BT,Bhutan,GDP per capita (current US$),2017,3435.28804735662,South Asia,Lower middle income,89.6177,27.5768
3359,BT,Bhutan,GDP per capita (current US$),2016,3152.30905106786,South Asia,Lower middle income,89.6177,27.5768
3360,BO,Bolivia,GDP per capita (current US$),2025,5147.81081955367,Latin America & Caribbean ,Lower middle income,-66.1936,-13.9908
3361,BO,Bolivia,GDP per capita (current US$),2024,4421.16609889999,Latin America & Caribbean ,Lower middle income,-66.1936,-13.9908
3362,BO,Bolivia,GDP per capita (current US$),2023,4274.70820547613,Latin America & Caribbean ,Lower middle income,-66.1936,-13.9908
3363,BO,Bolivia,GDP per capita (current US$),2022,4219.46113742445,Latin America & Caribbean ,Lower middle income,-66.1936,-13.9908
3364,BO,Bolivia,GDP per capita (current US$),2021,4010.76053686204,Latin America & Caribbean ,Lower middle income,-66.1936,-13.9908
3365,BO,Bolivia,GDP per capita (current US$),2020,3580.96761778303,Latin America & Caribbean ,Lower middle income,-66.1936,-13.9908
3366,BO,Bolivia,GDP per capita (current US$),2019,4203.15492855788,Latin America & Caribbean ,Lower middle income,-66.1936,-13.9908
3367,BO,Bolivia,GDP per capita (current US$),2018,4206.8552936661,Latin America & Caribbean ,Lower middle income,-66.1936,-13.9908
3368,BO,Bolivia,GDP per capita (current US$),2017,4048.40119739839,Latin America & Caribbean ,Lower middle income,-66.1936,-13.9908
3369,BO,Bolivia,GDP per capita (current US$),2016,3035.87347732132,Latin America & Caribbean ,Lower middle income,-66.1936,-13.9908
3370,BA,Bosnia and Herzegovina,GDP per capita (current US$),2025,10381.8460703874,Europe & Central Asia,Upper middle income,18.4214,43.8607
3371,BA,Bosnia and Herzegovina,GDP per capita (current US$),2024,9397.90942855997,Europe & Central Asia,Upper middle income,18.4214,43.8607
3372,BA,Bosnia and Herzegovina,GDP per capita (current US$),2023,8663.02326458629,Europe & Central Asia,Upper middle income,18.4214,43.8607
3373,BA,Bosnia and Herzegovina,GDP per capita (current US$),2022,7655.59421024383,Europe & Central Asia,Upper middle income,18.4214,43.8607
3374,BA,Bosnia and Herzegovina,GDP per capita (current US$),2021,7295.34378682258,Europe & Central Asia,Upper middle income,18.4214,43.8607
3375,BA,Bosnia and Herzegovina,GDP per capita (current US$),2020,6130.31187968266,Europe & Central Asia,Upper middle income,18.4214,43.8607
3376,BA,Bosnia and Herzegovina,GDP per capita (current US$),2019,6122.37541352353,Europe & Central Asia,Upper middle income,18.4214,43.8607
3377,BA,Bosnia and Herzegovina,GDP per capita (current US$),2018,6047.84707207392,Europe & Central Asia,Upper middle income,18.4214,43.8607
3378,BA,Bosnia and Herzegovina,GDP per capita (current US$),2017,5345.01978766473,Europe & Central Asia,Upper middle income,18.4214,43.8607
3379,BA,Bosnia and Herzegovina,GDP per capita (current US$),2016,4928.5665903114,Europe & Central Asia,Upper middle income,18.4214,43.8607
3380,BW,Botswana,GDP per capita (current US$),2025,7778.1151090571,Sub-Saharan Africa ,Upper middle income,25.9201,-24.6544
3381,BW,Botswana,GDP per capita (current US$),2024,7649.81663744354,Sub-Saharan Africa ,Upper middle income,25.9201,-24.6544
3382,BW,Botswana,GDP per capita (current US$),2023,7827.30027960734,Sub-Saharan Africa ,Upper middle income,25.9201,-24.6544
3383,BW,Botswana,GDP per capita (current US$),2022,8328.7090572666,Sub-Saharan Africa ,Upper middle income,25.9201,-24.6544
3384,BW,Botswana,GDP per capita (current US$),2021,7807.88794570471,Sub-Saharan Africa ,Upper middle income,25.9201,-24.6544
3385,BW,Botswana,GDP per capita (current US$),2020,6323.2974967659,Sub-Saharan Africa ,Upper middle income,25.9201,-24.6544
3386,BW,Botswana,GDP per capita (current US$),2019,7172.08956480028,Sub-Saharan Africa ,Upper middle income,25.9201,-24.6544
3387,BW,Botswana,GDP per capita (current US$),2018,7407.95940141786,Sub-Saharan Africa ,Upper middle income,25.9201,-24.6544
3388,BW,Botswana,GDP per capita (current US$),2017,7104.96401088027,Sub-Saharan Africa ,Upper middle income,25.9201,-24.6544
3389,BW,Botswana,GDP per capita (current US$),2016,6749.05994339013,Sub-Saharan Africa ,Upper middle income,25.9201,-24.6544
3390,BR,Brazil,GDP per capita (current US$),2025,10713.2856869511,Latin America & Caribbean ,Upper middle income,-47.9292,-15.7801
3391,BR,Brazil,GDP per capita (current US$),2024,10310.5486973693,Latin America & Caribbean ,Upper middle income,-47.9292,-15.7801
3392,BR,Brazil,GDP per capita (current US$),2023,10377.5892792557,Latin America & Caribbean ,Upper middle income,-47.9292,-15.7801
3393,BR,Brazil,GDP per capita (current US$),2022,9281.33334441234,Latin America & Caribbean ,Upper middle income,-47.9292,-15.7801
3394,BR,Brazil,GDP per capita (current US$),2021,7972.5366498646,Latin America & Caribbean ,Upper middle income,-47.9292,-15.7801
3395,BR,Brazil,GDP per capita (current US$),2020,7074.19378337644,Latin America & Caribbean ,Upper middle income,-47.9292,-15.7801
3396,BR,Brazil,GDP per capita (current US$),2019,9029.83326681073,Latin America & Caribbean ,Upper middle income,-47.9292,-15.7801
3397,BR,Brazil,GDP per capita (current US$),2018,9300.66164923219,Latin America & Caribbean ,Upper middle income,-47.9292,-15.7801
3398,BR,Brazil,GDP per capita (current US$),2017,10080.5092819305,Latin America & Caribbean ,Upper middle income,-47.9292,-15.7801
3399,BR,Brazil,GDP per capita (current US$),2016,8836.28652735657,Latin America & Caribbean ,Upper middle income,-47.9292,-15.7801
3400,VG,British Virgin Islands,GDP per capita (current US$),2025,,Latin America & Caribbean ,High income,-64.623056,18.431389
3401,VG,British Virgin Islands,GDP per capita (current US$),2024,,Latin America & Caribbean ,High income,-64.623056,18.431389
3402,VG,British Virgin Islands,GDP per capita (current US$),2023,,Latin America & Caribbean ,High income,-64.623056,18.431389
3403,VG,British Virgin Islands,GDP per capita (current US$),2022,,Latin America & Caribbean ,High income,-64.623056,18.431389
3404,VG,British Virgin Islands,GDP per capita (current US$),2021,,Latin America & Caribbean ,High income,-64.623056,18.431389
3405,VG,British Virgin Islands,GDP per capita (current US$),2020,,Latin America & Caribbean ,High income,-64.623056,18.431389
3406,VG,British Virgin Islands,GDP per capita (current US$),2019,,Latin America & Caribbean ,High income,-64.623056,18.431389
3407,VG,British Virgin Islands,GDP per capita (current US$),2018,,Latin America & Caribbean ,High income,-64.623056,18.431389
3408,VG,British Virgin Islands,GDP per capita (current US$),2017,,Latin America & Caribbean ,High income,-64.623056,18.431389
3409,VG,British Virgin Islands,GDP per capita (current US$),2016,,Latin America & Caribbean ,High income,-64.623056,18.431389
3410,BN,Brunei Darussalam,GDP per capita (current US$),2025,32234.6428368582,East Asia & Pacific,High income,114.946,4.94199
3411,BN,Brunei Darussalam,GDP per capita (current US$),2024,33153.4738913513,East Asia & Pacific,High income,114.946,4.94199
3412,BN,Brunei Darussalam,GDP per capita (current US$),2023,32890.5491812019,East Asia & Pacific,High income,114.946,4.94199
3413,BN,Brunei Darussalam,GDP per capita (current US$),2022,36632.9280952155,East Asia & Pacific,High income,114.946,4.94199
3414,BN,Brunei Darussalam,GDP per capita (current US$),2021,31006.9636289785,East Asia & Pacific,High income,114.946,4.94199
3415,BN,Brunei Darussalam,GDP per capita (current US$),2020,26834.3592233943,East Asia & Pacific,High income,114.946,4.94199
3416,BN,Brunei Darussalam,GDP per capita (current US$),2019,30426.5730656528,East Asia & Pacific,High income,114.946,4.94199
3417,BN,Brunei Darussalam,GDP per capita (current US$),2018,30988.1190267227,East Asia & Pacific,High income,114.946,4.94199
3418,BN,Brunei Darussalam,GDP per capita (current US$),2017,28024.3824580252,East Asia & Pacific,High income,114.946,4.94199
3419,BN,Brunei Darussalam,GDP per capita (current US$),2016,26663.2972950602,East Asia & Pacific,High income,114.946,4.94199
3420,BG,Bulgaria,GDP per capita (current US$),2025,20328.1667065538,Europe & Central Asia,High income,23.3238,42.7105
3421,BG,Bulgaria,GDP per capita (current US$),2024,17596.9167621233,Europe & Central Asia,High income,23.3238,42.7105
3422,BG,Bulgaria,GDP per capita (current US$),2023,15854.0192893772,Europe & Central Asia,High income,23.3238,42.7105
3423,BG,Bulgaria,GDP per capita (current US$),2022,13999.9113358453,Europe & Central Asia,High income,23.3238,42.7105
3424,BG,Bulgaria,GDP per capita (current US$),2021,12966.8085197381,Europe & Central Asia,High income,23.3238,42.7105
3425,BG,Bulgaria,GDP per capita (current US$),2020,10760.7616180234,Europe & Central Asia,High income,23.3238,42.7105
3426,BG,Bulgaria,GDP per capita (current US$),2019,10354.2500414088,Europe & Central Asia,High income,23.3238,42.7105
3427,BG,Bulgaria,GDP per capita (current US$),2018,9849.88769989118,Europe & Central Asia,High income,23.3238,42.7105
3428,BG,Bulgaria,GDP per capita (current US$),2017,8697.13373333715,Europe & Central Asia,High income,23.3238,42.7105
3429,BG,Bulgaria,GDP per capita (current US$),2016,7822.89886431732,Europe & Central Asia,High income,23.3238,42.7105
3430,BF,Burkina Faso,GDP per capita (current US$),2025,1147.57131635601,Sub-Saharan Africa ,Low income,-1.53395,12.3605
3431,BF,Burkina Faso,GDP per capita (current US$),2024,982.493100418428,Sub-Saharan Africa ,Low income,-1.53395,12.3605
3432,BF,Burkina Faso,GDP per capita (current US$),2023,873.198061670247,Sub-Saharan Africa ,Low income,-1.53395,12.3605
3433,BF,Burkina Faso,GDP per capita (current US$),2022,827.330843486661,Sub-Saharan Africa ,Low income,-1.53395,12.3605
3434,BF,Burkina Faso,GDP per capita (current US$),2021,895.535288442991,Sub-Saharan Africa ,Low income,-1.53395,12.3605
3435,BF,Burkina Faso,GDP per capita (current US$),2020,825.237038782475,Sub-Saharan Africa ,Low income,-1.53395,12.3605
3436,BF,Burkina Faso,GDP per capita (current US$),2019,764.853077774946,Sub-Saharan Africa ,Low income,-1.53395,12.3605
3437,BF,Burkina Faso,GDP per capita (current US$),2018,777.465618514048,Sub-Saharan Africa ,Low income,-1.53395,12.3605
3438,BF,Burkina Faso,GDP per capita (current US$),2017,709.091535894695,Sub-Saharan Africa ,Low income,-1.53395,12.3605
3439,BF,Burkina Faso,GDP per capita (current US$),2016,663.742364842886,Sub-Saharan Africa ,Low income,-1.53395,12.3605
3440,BI,Burundi,GDP per capita (current US$),2025,233.823013385395,Sub-Saharan Africa ,Low income,29.3639,-3.3784
3441,BI,Burundi,GDP per capita (current US$),2024,216.231928531758,Sub-Saharan Africa ,Low income,29.3639,-3.3784
3442,BI,Burundi,GDP per capita (current US$),2023,249.795164039029,Sub-Saharan Africa ,Low income,29.3639,-3.3784
3443,BI,Burundi,GDP per capita (current US$),2022,301.832255755105,Sub-Saharan Africa ,Low income,29.3639,-3.3784
3444,BI,Burundi,GDP per capita (current US$),2021,264.172844085398,Sub-Saharan Africa ,Low income,29.3639,-3.3784
3445,BI,Burundi,GDP per capita (current US$),2020,252.702452750006,Sub-Saharan Africa ,Low income,29.3639,-3.3784
3446,BI,Burundi,GDP per capita (current US$),2019,234.31061590725,Sub-Saharan Africa ,Low income,29.3639,-3.3784
3447,BI,Burundi,GDP per capita (current US$),2018,245.661678332009,Sub-Saharan Africa ,Low income,29.3639,-3.3784
3448,BI,Burundi,GDP per capita (current US$),2017,246.060725714184,Sub-Saharan Africa ,Low income,29.3639,-3.3784
3449,BI,Burundi,GDP per capita (current US$),2016,232.937812100153,Sub-Saharan Africa ,Low income,29.3639,-3.3784
3450,CV,Cabo Verde,GDP per capita (current US$),2025,5796.47207860911,Sub-Saharan Africa ,Upper middle income,-23.5087,14.9218
3451,CV,Cabo Verde,GDP per capita (current US$),2024,5170.20531932535,Sub-Saharan Africa ,Upper middle income,-23.5087,14.9218
3452,CV,Cabo Verde,GDP per capita (current US$),2023,4794.90119772843,Sub-Saharan Africa ,Upper middle income,-23.5087,14.9218
3453,CV,Cabo Verde,GDP per capita (current US$),2022,4323.31362032709,Sub-Saharan Africa ,Upper middle income,-23.5087,14.9218
3454,CV,Cabo Verde,GDP per capita (current US$),2021,3971.44409203423,Sub-Saharan Africa ,Upper middle income,-23.5087,14.9218
3455,CV,Cabo Verde,GDP per capita (current US$),2020,3539.22661248299,Sub-Saharan Africa ,Upper middle income,-23.5087,14.9218
3456,CV,Cabo Verde,GDP per capita (current US$),2019,4380.78117331128,Sub-Saharan Africa ,Upper middle income,-23.5087,14.9218
3457,CV,Cabo Verde,GDP per capita (current US$),2018,4294.96510035729,Sub-Saharan Africa ,Upper middle income,-23.5087,14.9218
3458,CV,Cabo Verde,GDP per capita (current US$),2017,3893.09571382506,Sub-Saharan Africa ,Upper middle income,-23.5087,14.9218
3459,CV,Cabo Verde,GDP per capita (current US$),2016,3608.96605234906,Sub-Saharan Africa ,Upper middle income,-23.5087,14.9218
3460,KH,Cambodia,GDP per capita (current US$),2025,2872.42926639909,East Asia & Pacific,Lower middle income,104.874,11.5556
3461,KH,Cambodia,GDP per capita (current US$),2024,2627.87969756224,East Asia & Pacific,Lower middle income,104.874,11.5556
3462,KH,Cambodia,GDP per capita (current US$),2023,2429.74853452838,East Asia & Pacific,Lower middle income,104.874,11.5556
3463,KH,Cambodia,GDP per capita (current US$),2022,2325.03050040841,East Asia & Pacific,Lower middle income,104.874,11.5556
3464,KH,Cambodia,GDP per capita (current US$),2021,2167.40324198499,East Asia & Pacific,Lower middle income,104.874,11.5556
3465,KH,Cambodia,GDP per capita (current US$),2020,2081.73914242939,East Asia & Pacific,Lower middle income,104.874,11.5556
3466,KH,Cambodia,GDP per capita (current US$),2019,2225.87705485686,East Asia & Pacific,Lower middle income,104.874,11.5556
3467,KH,Cambodia,GDP per capita (current US$),2018,2036.67377566578,East Asia & Pacific,Lower middle income,104.874,11.5556
3468,KH,Cambodia,GDP per capita (current US$),2017,1826.35391688754,East Asia & Pacific,Lower middle income,104.874,11.5556
3469,KH,Cambodia,GDP per capita (current US$),2016,1675.19555711109,East Asia & Pacific,Lower middle income,104.874,11.5556
3470,CM,Cameroon,GDP per capita (current US$),2025,1972.3815800786,Sub-Saharan Africa ,Lower middle income,11.5174,3.8721
3471,CM,Cameroon,GDP per capita (current US$),2024,1830.00833684727,Sub-Saharan Africa ,Lower middle income,11.5174,3.8721
3472,CM,Cameroon,GDP per capita (current US$),2023,1720.47510154506,Sub-Saharan Africa ,Lower middle income,11.5174,3.8721
3473,CM,Cameroon,GDP per capita (current US$),2022,1604.87726954895,Sub-Saharan Africa ,Lower middle income,11.5174,3.8721
3474,CM,Cameroon,GDP per capita (current US$),2021,1672.32657340872,Sub-Saharan Africa ,Lower middle income,11.5174,3.8721
3475,CM,Cameroon,GDP per capita (current US$),2020,1555.60370660749,Sub-Saharan Africa ,Lower middle income,11.5174,3.8721
3476,CM,Cameroon,GDP per capita (current US$),2019,1555.22660476477,Sub-Saharan Africa ,Lower middle income,11.5174,3.8721
3477,CM,Cameroon,GDP per capita (current US$),2018,1610.69641591017,Sub-Saharan Africa ,Lower middle income,11.5174,3.8721
3478,CM,Cameroon,GDP per capita (current US$),2017,1496.08951771242,Sub-Saharan Africa ,Lower middle income,11.5174,3.8721
3479,CM,Cameroon,GDP per capita (current US$),2016,1441.7201725688,Sub-Saharan Africa ,Lower middle income,11.5174,3.8721
3480,CA,Canada,GDP per capita (current US$),2025,55697.6639660837,North America,High income,-75.6919,45.4215
3481,CA,Canada,GDP per capita (current US$),2024,55015.7066917734,North America,High income,-75.6919,45.4215
3482,CA,Canada,GDP per capita (current US$),2023,54847.5370112652,North America,High income,-75.6919,45.4215
3483,CA,Canada,GDP per capita (current US$),2022,56496.9275340663,North America,High income,-75.6919,45.4215
3484,CA,Canada,GDP per capita (current US$),2021,52886.6407813788,North America,High income,-75.6919,45.4215
3485,CA,Canada,GDP per capita (current US$),2020,43537.8981198851,North America,High income,-75.6919,45.4215
3486,CA,Canada,GDP per capita (current US$),2019,46352.9695208927,North America,High income,-75.6919,45.4215
3487,CA,Canada,GDP per capita (current US$),2018,46539.2177903178,North America,High income,-75.6919,45.4215
3488,CA,Canada,GDP per capita (current US$),2017,45129.7335281051,North America,High income,-75.6919,45.4215
3489,CA,Canada,GDP per capita (current US$),2016,42314.1033623905,North America,High income,-75.6919,45.4215
3490,KY,Cayman Islands,GDP per capita (current US$),2025,,Latin America & Caribbean ,High income,-81.3857,19.3022
3491,KY,Cayman Islands,GDP per capita (current US$),2024,104292.900672109,Latin America & Caribbean ,High income,-81.3857,19.3022
3492,KY,Cayman Islands,GDP per capita (current US$),2023,100065.233841107,Latin America & Caribbean ,High income,-81.3857,19.3022
3493,KY,Cayman Islands,GDP per capita (current US$),2022,92937.8838323153,Latin America & Caribbean ,High income,-81.3857,19.3022
3494,KY,Cayman Islands,GDP per capita (current US$),2021,86449.6749037302,Latin America & Caribbean ,High income,-81.3857,19.3022
3495,KY,Cayman Islands,GDP per capita (current US$),2020,82338.7977439023,Latin America & Caribbean ,High income,-81.3857,19.3022
3496,KY,Cayman Islands,GDP per capita (current US$),2019,88254.2903677044,Latin America & Caribbean ,High income,-81.3857,19.3022
3497,KY,Cayman Islands,GDP per capita (current US$),2018,83865.5531568184,Latin America & Caribbean ,High income,-81.3857,19.3022
3498,KY,Cayman Islands,GDP per capita (current US$),2017,80053.9444506891,Latin America & Caribbean ,High income,-81.3857,19.3022
3499,KY,Cayman Islands,GDP per capita (current US$),2016,77802.2541567187,Latin America & Caribbean ,High income,-81.3857,19.3022
3500,CF,Central African Republic,GDP per capita (current US$),2025,556.131398031455,Sub-Saharan Africa ,Low income,21.6407,5.63056
3501,CF,Central African Republic,GDP per capita (current US$),2024,516.160999996036,Sub-Saharan Africa ,Low income,21.6407,5.63056
3502,CF,Central African Republic,GDP per capita (current US$),2023,495.978897288721,Sub-Saharan Africa ,Low income,21.6407,5.63056
3503,CF,Central African Republic,GDP per capita (current US$),2022,467.359825026238,Sub-Saharan Africa ,Low income,21.6407,5.63056
3504,CF,Central African Republic,GDP per capita (current US$),2021,492.263142830507,Sub-Saharan Africa ,Low income,21.6407,5.63056
3505,CF,Central African Republic,GDP per capita (current US$),2020,462.879071294011,Sub-Saharan Africa ,Low income,21.6407,5.63056
3506,CF,Central African Republic,GDP per capita (current US$),2019,449.228467602439,Sub-Saharan Africa ,Low income,21.6407,5.63056
3507,CF,Central African Republic,GDP per capita (current US$),2018,455.243962859534,Sub-Saharan Africa ,Low income,21.6407,5.63056
3508,CF,Central African Republic,GDP per capita (current US$),2017,432.324025684263,Sub-Saharan Africa ,Low income,21.6407,5.63056
3509,CF,Central African Republic,GDP per capita (current US$),2016,387.176203444318,Sub-Saharan Africa ,Low income,21.6407,5.63056
3510,TD,Chad,GDP per capita (current US$),2025,1022.33559390754,Sub-Saharan Africa ,Low income,15.0445,12.1048
3511,TD,Chad,GDP per capita (current US$),2024,980.668312111718,Sub-Saharan Africa ,Low income,15.0445,12.1048
3512,TD,Chad,GDP per capita (current US$),2023,949.991054236266,Sub-Saharan Africa ,Low income,15.0445,12.1048
3513,TD,Chad,GDP per capita (current US$),2022,966.036468278568,Sub-Saharan Africa ,Low income,15.0445,12.1048
3514,TD,Chad,GDP per capita (current US$),2021,946.358500208374,Sub-Saharan Africa ,Low income,15.0445,12.1048
3515,TD,Chad,GDP per capita (current US$),2020,866.947814890409,Sub-Saharan Africa ,Low income,15.0445,12.1048
3516,TD,Chad,GDP per capita (current US$),2019,893.336441643325,Sub-Saharan Africa ,Low income,15.0445,12.1048
3517,TD,Chad,GDP per capita (current US$),2018,948.656629871231,Sub-Saharan Africa ,Low income,15.0445,12.1048
3518,TD,Chad,GDP per capita (current US$),2017,854.46120040098,Sub-Saharan Africa ,Low income,15.0445,12.1048
3519,TD,Chad,GDP per capita (current US$),2016,861.831767630746,Sub-Saharan Africa ,Low income,15.0445,12.1048
3520,JG,Channel Islands,GDP per capita (current US$),2025,,Europe & Central Asia,High income,,
3521,JG,Channel Islands,GDP per capita (current US$),2024,,Europe & Central Asia,High income,,
3522,JG,Channel Islands,GDP per capita (current US$),2023,74585.5224096294,Europe & Central Asia,High income,,
3523,JG,Channel Islands,GDP per capita (current US$),2022,67627.1417347907,Europe & Central Asia,High income,,
3524,JG,Channel Islands,GDP per capita (current US$),2021,66915.3963925722,Europe & Central Asia,High income,,
3525,JG,Channel Islands,GDP per capita (current US$),2020,56785.9402005039,Europe & Central Asia,High income,,
3526,JG,Channel Islands,GDP per capita (current US$),2019,60564.6293993681,Europe & Central Asia,High income,,
3527,JG,Channel Islands,GDP per capita (current US$),2018,60784.8125397162,Europe & Central Asia,High income,,
3528,JG,Channel Islands,GDP per capita (current US$),2017,55806.3554257428,Europe & Central Asia,High income,,
3529,JG,Channel Islands,GDP per capita (current US$),2016,55947.579811974,Europe & Central Asia,High income,,
3530,CL,Chile,GDP per capita (current US$),2025,17994.5911957485,Latin America & Caribbean ,High income,-70.6475,-33.475
3531,CL,Chile,GDP per capita (current US$),2024,16658.9652720351,Latin America & Caribbean ,High income,-70.6475,-33.475
3532,CL,Chile,GDP per capita (current US$),2023,17081.5180740049,Latin America & Caribbean ,High income,-70.6475,-33.475
3533,CL,Chile,GDP per capita (current US$),2022,15399.1044717559,Latin America & Caribbean ,High income,-70.6475,-33.475
3534,CL,Chile,GDP per capita (current US$),2021,16216.1840860289,Latin America & Caribbean ,High income,-70.6475,-33.475
3535,CL,Chile,GDP per capita (current US$),2020,13117.9930230086,Latin America & Caribbean ,High income,-70.6475,-33.475
3536,CL,Chile,GDP per capita (current US$),2019,14496.9345640362,Latin America & Caribbean ,High income,-70.6475,-33.475
3537,CL,Chile,GDP per capita (current US$),2018,15659.4808675628,Latin America & Caribbean ,High income,-70.6475,-33.475
3538,CL,Chile,GDP per capita (current US$),2017,14879.9086227187,Latin America & Caribbean ,High income,-70.6475,-33.475
3539,CL,Chile,GDP per capita (current US$),2016,13649.8520452803,Latin America & Caribbean ,High income,-70.6475,-33.475
3540,CN,China,GDP per capita (current US$),2025,13861.970224368,East Asia & Pacific,Upper middle income,116.286,40.0495
3541,CN,China,GDP per capita (current US$),2024,13293.1162269366,East Asia & Pacific,Upper middle income,116.286,40.0495
3542,CN,China,GDP per capita (current US$),2023,12951.1782397043,East Asia & Pacific,Upper middle income,116.286,40.0495
3543,CN,China,GDP per capita (current US$),2022,12970.6056414327,East Asia & Pacific,Upper middle income,116.286,40.0495
3544,CN,China,GDP per capita (current US$),2021,12887.4357242941,East Asia & Pacific,Upper middle income,116.286,40.0495
3545,CN,China,GDP per capita (current US$),2020,10627.4637989619,East Asia & Pacific,Upper middle income,116.286,40.0495
3546,CN,China,GDP per capita (current US$),2019,10342.9009524335,East Asia & Pacific,Upper middle income,116.286,40.0495
3547,CN,China,GDP per capita (current US$),2018,10085.6638148819,East Asia & Pacific,Upper middle income,116.286,40.0495
3548,CN,China,GDP per capita (current US$),2017,8979.67652709856,East Asia & Pacific,Upper middle income,116.286,40.0495
3549,CN,China,GDP per capita (current US$),2016,8254.86859320357,East Asia & Pacific,Upper middle income,116.286,40.0495
3550,CO,Colombia,GDP per capita (current US$),2025,8561.62091854449,Latin America & Caribbean ,Upper middle income,-74.082,4.60987
3551,CO,Colombia,GDP per capita (current US$),2024,7951.08624019412,Latin America & Caribbean ,Upper middle income,-74.082,4.60987
3552,CO,Colombia,GDP per capita (current US$),2023,7012.49169137756,Latin America & Caribbean ,Upper middle income,-74.082,4.60987
3553,CO,Colombia,GDP per capita (current US$),2022,6680.44506854481,Latin America & Caribbean ,Upper middle income,-74.082,4.60987
3554,CO,Colombia,GDP per capita (current US$),2021,6222.62164397614,Latin America & Caribbean ,Upper middle income,-74.082,4.60987
3555,CO,Colombia,GDP per capita (current US$),2020,5339.68711357943,Latin America & Caribbean ,Upper middle income,-74.082,4.60987
3556,CO,Colombia,GDP per capita (current US$),2019,6472.54544924705,Latin America & Caribbean ,Upper middle income,-74.082,4.60987
3557,CO,Colombia,GDP per capita (current US$),2018,6816.96818309544,Latin America & Caribbean ,Upper middle income,-74.082,4.60987
3558,CO,Colombia,GDP per capita (current US$),2017,6479.53231292429,Latin America & Caribbean ,Upper middle income,-74.082,4.60987
3559,CO,Colombia,GDP per capita (current US$),2016,5959.84250367574,Latin America & Caribbean ,Upper middle income,-74.082,4.60987
3560,KM,Comoros,GDP per capita (current US$),2025,2055.75921566281,Sub-Saharan Africa ,Lower middle income,43.2418,-11.6986
3561,KM,Comoros,GDP per capita (current US$),2024,1857.87060684189,Sub-Saharan Africa ,Lower middle income,43.2418,-11.6986
3562,KM,Comoros,GDP per capita (current US$),2023,1723.89474946474,Sub-Saharan Africa ,Lower middle income,43.2418,-11.6986
3563,KM,Comoros,GDP per capita (current US$),2022,1533.87755393614,Sub-Saharan Africa ,Lower middle income,43.2418,-11.6986
3564,KM,Comoros,GDP per capita (current US$),2021,1587.72988658008,Sub-Saharan Africa ,Lower middle income,43.2418,-11.6986
3565,KM,Comoros,GDP per capita (current US$),2020,1527.16991011916,Sub-Saharan Africa ,Lower middle income,43.2418,-11.6986
3566,KM,Comoros,GDP per capita (current US$),2019,1519.26386436068,Sub-Saharan Africa ,Lower middle income,43.2418,-11.6986
3567,KM,Comoros,GDP per capita (current US$),2018,1540.71132257526,Sub-Saharan Africa ,Lower middle income,43.2418,-11.6986
3568,KM,Comoros,GDP per capita (current US$),2017,1423.9248027797,Sub-Saharan Africa ,Lower middle income,43.2418,-11.6986
3569,KM,Comoros,GDP per capita (current US$),2016,1365.48403444497,Sub-Saharan Africa ,Lower middle income,43.2418,-11.6986
3570,CD,"Congo, Dem. Rep.",GDP per capita (current US$),2025,806.776000708534,Sub-Saharan Africa ,Low income,15.3222,-4.325
3571,CD,"Congo, Dem. Rep.",GDP per capita (current US$),2024,692.887665085098,Sub-Saharan Africa ,Low income,15.3222,-4.325
3572,CD,"Congo, Dem. Rep.",GDP per capita (current US$),2023,660.21205238997,Sub-Saharan Africa ,Low income,15.3222,-4.325
3573,CD,"Congo, Dem. Rep.",GDP per capita (current US$),2022,687.738587554685,Sub-Saharan Africa ,Low income,15.3222,-4.325
3574,CD,"Congo, Dem. Rep.",GDP per capita (current US$),2021,595.743074403567,Sub-Saharan Africa ,Low income,15.3222,-4.325
3575,CD,"Congo, Dem. Rep.",GDP per capita (current US$),2020,486.425572682256,Sub-Saharan Africa ,Low income,15.3222,-4.325
3576,CD,"Congo, Dem. Rep.",GDP per capita (current US$),2019,504.00419142286,Sub-Saharan Africa ,Low income,15.3222,-4.325
3577,CD,"Congo, Dem. Rep.",GDP per capita (current US$),2018,518.169626875371,Sub-Saharan Africa ,Low income,15.3222,-4.325
3578,CD,"Congo, Dem. Rep.",GDP per capita (current US$),2017,431.052559128788,Sub-Saharan Africa ,Low income,15.3222,-4.325
3579,CD,"Congo, Dem. Rep.",GDP per capita (current US$),2016,459.765036590388,Sub-Saharan Africa ,Low income,15.3222,-4.325
3580,CG,"Congo, Rep.",GDP per capita (current US$),2025,2514.73393584747,Sub-Saharan Africa ,Lower middle income,15.2662,-4.2767
3581,CG,"Congo, Rep.",GDP per capita (current US$),2024,2482.2489948456,Sub-Saharan Africa ,Lower middle income,15.2662,-4.2767
3582,CG,"Congo, Rep.",GDP per capita (current US$),2023,2477.97845544866,Sub-Saharan Africa ,Lower middle income,15.2662,-4.2767
3583,CG,"Congo, Rep.",GDP per capita (current US$),2022,2620.83804267402,Sub-Saharan Africa ,Lower middle income,15.2662,-4.2767
3584,CG,"Congo, Rep.",GDP per capita (current US$),2021,2516.16255145432,Sub-Saharan Africa ,Lower middle income,15.2662,-4.2767
3585,CG,"Congo, Rep.",GDP per capita (current US$),2020,1993.586671931,Sub-Saharan Africa ,Lower middle income,15.2662,-4.2767
3586,CG,"Congo, Rep.",GDP per capita (current US$),2019,2488.42466724916,Sub-Saharan Africa ,Lower middle income,15.2662,-4.2767
3587,CG,"Congo, Rep.",GDP per capita (current US$),2018,2694.43413191427,Sub-Saharan Africa ,Lower middle income,15.2662,-4.2767
3588,CG,"Congo, Rep.",GDP per capita (current US$),2017,2211.63309874797,Sub-Saharan Africa ,Lower middle income,15.2662,-4.2767
3589,CG,"Congo, Rep.",GDP per capita (current US$),2016,2093.10728558843,Sub-Saharan Africa ,Lower middle income,15.2662,-4.2767
3590,CR,Costa Rica,GDP per capita (current US$),2025,19970.0989059622,Latin America & Caribbean ,High income,-84.0089,9.63701
3591,CR,Costa Rica,GDP per capita (current US$),2024,18853.2828705886,Latin America & Caribbean ,High income,-84.0089,9.63701
3592,CR,Costa Rica,GDP per capita (current US$),2023,17140.771430122,Latin America & Caribbean ,High income,-84.0089,9.63701
3593,CR,Costa Rica,GDP per capita (current US$),2022,13971.7649991294,Latin America & Caribbean ,High income,-84.0089,9.63701
3594,CR,Costa Rica,GDP per capita (current US$),2021,12962.2716075659,Latin America & Caribbean ,High income,-84.0089,9.63701
3595,CR,Costa Rica,GDP per capita (current US$),2020,12475.6852076814,Latin America & Caribbean ,High income,-84.0089,9.63701
3596,CR,Costa Rica,GDP per capita (current US$),2019,12951.8588421841,Latin America & Caribbean ,High income,-84.0089,9.63701
3597,CR,Costa Rica,GDP per capita (current US$),2018,12620.0207321581,Latin America & Caribbean ,High income,-84.0089,9.63701
3598,CR,Costa Rica,GDP per capita (current US$),2017,12317.0902779911,Latin America & Caribbean ,High income,-84.0089,9.63701
3599,CR,Costa Rica,GDP per capita (current US$),2016,12091.0301560892,Latin America & Caribbean ,High income,-84.0089,9.63701
3600,CI,Cote d'Ivoire,GDP per capita (current US$),2025,3050.10202257321,Sub-Saharan Africa ,Lower middle income,-4.0305,5.332
3601,CI,Cote d'Ivoire,GDP per capita (current US$),2024,2727.8935220697,Sub-Saharan Africa ,Lower middle income,-4.0305,5.332
3602,CI,Cote d'Ivoire,GDP per capita (current US$),2023,2591.9659048119,Sub-Saharan Africa ,Lower middle income,-4.0305,5.332
3603,CI,Cote d'Ivoire,GDP per capita (current US$),2022,2333.37128301259,Sub-Saharan Africa ,Lower middle income,-4.0305,5.332
3604,CI,Cote d'Ivoire,GDP per capita (current US$),2021,2455.98127641148,Sub-Saharan Africa ,Lower middle income,-4.0305,5.332
3605,CI,Cote d'Ivoire,GDP per capita (current US$),2020,2179.72934832935,Sub-Saharan Africa ,Lower middle income,-4.0305,5.332
3606,CI,Cote d'Ivoire,GDP per capita (current US$),2019,2141.76836170115,Sub-Saharan Africa ,Lower middle income,-4.0305,5.332
3607,CI,Cote d'Ivoire,GDP per capita (current US$),2018,2130.86619381144,Sub-Saharan Africa ,Lower middle income,-4.0305,5.332
3608,CI,Cote d'Ivoire,GDP per capita (current US$),2017,1964.29930338343,Sub-Saharan Africa ,Lower middle income,-4.0305,5.332
3609,CI,Cote d'Ivoire,GDP per capita (current US$),2016,1862.59597081287,Sub-Saharan Africa ,Lower middle income,-4.0305,5.332
3610,HR,Croatia,GDP per capita (current US$),2025,27103.9116109268,Europe & Central Asia,High income,15.9614,45.8069
3611,HR,Croatia,GDP per capita (current US$),2024,24049.9441746337,Europe & Central Asia,High income,15.9614,45.8069
3612,HR,Croatia,GDP per capita (current US$),2023,22183.4982258492,Europe & Central Asia,High income,15.9614,45.8069
3613,HR,Croatia,GDP per capita (current US$),2022,18465.531473659,Europe & Central Asia,High income,15.9614,45.8069
3614,HR,Croatia,GDP per capita (current US$),2021,17788.7601163765,Europe & Central Asia,High income,15.9614,45.8069
3615,HR,Croatia,GDP per capita (current US$),2020,14807.5559227544,Europe & Central Asia,High income,15.9614,45.8069
3616,HR,Croatia,GDP per capita (current US$),2019,15563.7354996625,Europe & Central Asia,High income,15.9614,45.8069
3617,HR,Croatia,GDP per capita (current US$),2018,15460.4560798984,Europe & Central Asia,High income,15.9614,45.8069
3618,HR,Croatia,GDP per capita (current US$),2017,13901.6498657787,Europe & Central Asia,High income,15.9614,45.8069
3619,HR,Croatia,GDP per capita (current US$),2016,12820.1872746645,Europe & Central Asia,High income,15.9614,45.8069
3620,CU,Cuba,GDP per capita (current US$),2025,,Latin America & Caribbean ,Upper middle income,-82.3667,23.1333
3621,CU,Cuba,GDP per capita (current US$),2024,,Latin America & Caribbean ,Upper middle income,-82.3667,23.1333
3622,CU,Cuba,GDP per capita (current US$),2023,,Latin America & Caribbean ,Upper middle income,-82.3667,23.1333
3623,CU,Cuba,GDP per capita (current US$),2022,,Latin America & Caribbean ,Upper middle income,-82.3667,23.1333
3624,CU,Cuba,GDP per capita (current US$),2021,,Latin America & Caribbean ,Upper middle income,-82.3667,23.1333
3625,CU,Cuba,GDP per capita (current US$),2020,9605.27914559614,Latin America & Caribbean ,Upper middle income,-82.3667,23.1333
3626,CU,Cuba,GDP per capita (current US$),2019,9232.26115935183,Latin America & Caribbean ,Upper middle income,-82.3667,23.1333
3627,CU,Cuba,GDP per capita (current US$),2018,8911.46205998726,Latin America & Caribbean ,Upper middle income,-82.3667,23.1333
3628,CU,Cuba,GDP per capita (current US$),2017,8610.60829605429,Latin America & Caribbean ,Upper middle income,-82.3667,23.1333
3629,CU,Cuba,GDP per capita (current US$),2016,8110.55874283616,Latin America & Caribbean ,Upper middle income,-82.3667,23.1333
3630,CW,Curacao,GDP per capita (current US$),2025,,Latin America & Caribbean ,High income,,
3631,CW,Curacao,GDP per capita (current US$),2024,22832.895498987,Latin America & Caribbean ,High income,,
3632,CW,Curacao,GDP per capita (current US$),2023,21217.8109173312,Latin America & Caribbean ,High income,,
3633,CW,Curacao,GDP per capita (current US$),2022,20057.1404960105,Latin America & Caribbean ,High income,,
3634,CW,Curacao,GDP per capita (current US$),2021,17795.5826483092,Latin America & Caribbean ,High income,,
3635,CW,Curacao,GDP per capita (current US$),2020,16299.8134688605,Latin America & Caribbean ,High income,,
3636,CW,Curacao,GDP per capita (current US$),2019,19220.6866958303,Latin America & Caribbean ,High income,,
3637,CW,Curacao,GDP per capita (current US$),2018,19119.1243941688,Latin America & Caribbean ,High income,,
3638,CW,Curacao,GDP per capita (current US$),2017,18938.2440469703,Latin America & Caribbean ,High income,,
3639,CW,Curacao,GDP per capita (current US$),2016,18944.0961493998,Latin America & Caribbean ,High income,,
3640,CY,Cyprus,GDP per capita (current US$),2025,41783.08984375,Europe & Central Asia,High income,33.3736,35.1676
3641,CY,Cyprus,GDP per capita (current US$),2024,38674.3125,Europe & Central Asia,High income,33.3736,35.1676
3642,CY,Cyprus,GDP per capita (current US$),2023,36623.70703125,Europe & Central Asia,High income,33.3736,35.1676
3643,CY,Cyprus,GDP per capita (current US$),2022,33231.05078125,Europe & Central Asia,High income,33.3736,35.1676
3644,CY,Cyprus,GDP per capita (current US$),2021,32937.8359375,Europe & Central Asia,High income,33.3736,35.1676
3645,CY,Cyprus,GDP per capita (current US$),2020,28130.330078125,Europe & Central Asia,High income,33.3736,35.1676
3646,CY,Cyprus,GDP per capita (current US$),2019,29227.16796875,Europe & Central Asia,High income,33.3736,35.1676
3647,CY,Cyprus,GDP per capita (current US$),2018,29120.38671875,Europe & Central Asia,High income,33.3736,35.1676
3648,CY,Cyprus,GDP per capita (current US$),2017,26247.46484375,Europe & Central Asia,High income,33.3736,35.1676
3649,CY,Cyprus,GDP per capita (current US$),2016,24280.044921875,Europe & Central Asia,High income,33.3736,35.1676
3650,CZ,Czechia,GDP per capita (current US$),2025,35917.2724081665,Europe & Central Asia,High income,14.4205,50.0878
3651,CZ,Czechia,GDP per capita (current US$),2024,31827.7552539413,Europe & Central Asia,High income,14.4205,50.0878
3652,CZ,Czechia,GDP per capita (current US$),2023,31761.5944102491,Europe & Central Asia,High income,14.4205,50.0878
3653,CZ,Czechia,GDP per capita (current US$),2022,28282.2236715857,Europe & Central Asia,High income,14.4205,50.0878
3654,CZ,Czechia,GDP per capita (current US$),2021,27696.4619527544,Europe & Central Asia,High income,14.4205,50.0878
3655,CZ,Czechia,GDP per capita (current US$),2020,23472.8915454417,Europe & Central Asia,High income,14.4205,50.0878
3656,CZ,Czechia,GDP per capita (current US$),2019,24062.7190013343,Europe & Central Asia,High income,14.4205,50.0878
3657,CZ,Czechia,GDP per capita (current US$),2018,23705.9329811299,Europe & Central Asia,High income,14.4205,50.0878
3658,CZ,Czechia,GDP per capita (current US$),2017,20913.197632212,Europe & Central Asia,High income,14.4205,50.0878
3659,CZ,Czechia,GDP per capita (current US$),2016,18753.9686718096,Europe & Central Asia,High income,14.4205,50.0878
3660,DK,Denmark,GDP per capita (current US$),2025,76970.1535217919,Europe & Central Asia,High income,12.5681,55.6763
3661,DK,Denmark,GDP per capita (current US$),2024,71026.4832271897,Europe & Central Asia,High income,12.5681,55.6763
3662,DK,Denmark,GDP per capita (current US$),2023,68043.5466971243,Europe & Central Asia,High income,12.5681,55.6763
3663,DK,Denmark,GDP per capita (current US$),2022,67781.0940939514,Europe & Central Asia,High income,12.5681,55.6763
3664,DK,Denmark,GDP per capita (current US$),2021,69340.7334922138,Europe & Central Asia,High income,12.5681,55.6763
3665,DK,Denmark,GDP per capita (current US$),2020,60985.4885601514,Europe & Central Asia,High income,12.5681,55.6763
3666,DK,Denmark,GDP per capita (current US$),2019,59404.2663247723,Europe & Central Asia,High income,12.5681,55.6763
3667,DK,Denmark,GDP per capita (current US$),2018,61324.7665045565,Europe & Central Asia,High income,12.5681,55.6763
3668,DK,Denmark,GDP per capita (current US$),2017,57521.5514992225,Europe & Central Asia,High income,12.5681,55.6763
3669,DK,Denmark,GDP per capita (current US$),2016,54500.9260410217,Europe & Central Asia,High income,12.5681,55.6763
3670,DJ,Djibouti,GDP per capita (current US$),2025,3905.604954681,"Middle East, North Africa, Afghanistan & Pakistan",Lower middle income,43.1425,11.5806
3671,DJ,Djibouti,GDP per capita (current US$),2024,3552.72335079222,"Middle East, North Africa, Afghanistan & Pakistan",Lower middle income,43.1425,11.5806
3672,DJ,Djibouti,GDP per capita (current US$),2023,3381.29779710722,"Middle East, North Africa, Afghanistan & Pakistan",Lower middle income,43.1425,11.5806
3673,DJ,Djibouti,GDP per capita (current US$),2022,3133.25779772463,"Middle East, North Africa, Afghanistan & Pakistan",Lower middle income,43.1425,11.5806
3674,DJ,Djibouti,GDP per capita (current US$),2021,3025.91126413549,"Middle East, North Africa, Afghanistan & Pakistan",Lower middle income,43.1425,11.5806
3675,DJ,Djibouti,GDP per capita (current US$),2020,2844.88810647853,"Middle East, North Africa, Afghanistan & Pakistan",Lower middle income,43.1425,11.5806
3676,DJ,Djibouti,GDP per capita (current US$),2019,2837.16902340932,"Middle East, North Africa, Afghanistan & Pakistan",Lower middle income,43.1425,11.5806
3677,DJ,Djibouti,GDP per capita (current US$),2018,2718.08338799203,"Middle East, North Africa, Afghanistan & Pakistan",Lower middle income,43.1425,11.5806
3678,DJ,Djibouti,GDP per capita (current US$),2017,2618.95521147369,"Middle East, North Africa, Afghanistan & Pakistan",Lower middle income,43.1425,11.5806
3679,DJ,Djibouti,GDP per capita (current US$),2016,2510.4300076241,"Middle East, North Africa, Afghanistan & Pakistan",Lower middle income,43.1425,11.5806
3680,DM,Dominica,GDP per capita (current US$),2025,10989.0431185083,Latin America & Caribbean ,Upper middle income,-61.39,15.2976
3681,DM,Dominica,GDP per capita (current US$),2024,10405.2787777582,Latin America & Caribbean ,Upper middle income,-61.39,15.2976
3682,DM,Dominica,GDP per capita (current US$),2023,9912.96212766668,Latin America & Caribbean ,Upper middle income,-61.39,15.2976
3683,DM,Dominica,GDP per capita (current US$),2022,9323.66089490562,Latin America & Caribbean ,Upper middle income,-61.39,15.2976
3684,DM,Dominica,GDP per capita (current US$),2021,8376.40414141113,Latin America & Caribbean ,Upper middle income,-61.39,15.2976
3685,DM,Dominica,GDP per capita (current US$),2020,7827.74842680426,Latin America & Caribbean ,Upper middle income,-61.39,15.2976
3686,DM,Dominica,GDP per capita (current US$),2019,9491.14995962374,Latin America & Caribbean ,Upper middle income,-61.39,15.2976
3687,DM,Dominica,GDP per capita (current US$),2018,9215.3085405645,Latin America & Caribbean ,Upper middle income,-61.39,15.2976
3688,DM,Dominica,GDP per capita (current US$),2017,8224.64896571414,Latin America & Caribbean ,Upper middle income,-61.39,15.2976
3689,DM,Dominica,GDP per capita (current US$),2016,8802.56172041363,Latin America & Caribbean ,Upper middle income,-61.39,15.2976
3690,DO,Dominican Republic,GDP per capita (current US$),2025,11059.2081531834,Latin America & Caribbean ,Upper middle income,-69.8908,18.479
3691,DO,Dominican Republic,GDP per capita (current US$),2024,10875.6618443092,Latin America & Caribbean ,Upper middle income,-69.8908,18.479
3692,DO,Dominican Republic,GDP per capita (current US$),2023,10630.431743829,Latin America & Caribbean ,Upper middle income,-69.8908,18.479
3693,DO,Dominican Republic,GDP per capita (current US$),2022,10104.2464008585,Latin America & Caribbean ,Upper middle income,-69.8908,18.479
3694,DO,Dominican Republic,GDP per capita (current US$),2021,8527.0754858205,Latin America & Caribbean ,Upper middle income,-69.8908,18.479
3695,DO,Dominican Republic,GDP per capita (current US$),2020,7135.22273255899,Latin America & Caribbean ,Upper middle income,-69.8908,18.479
3696,DO,Dominican Republic,GDP per capita (current US$),2019,8183.01623600375,Latin America & Caribbean ,Upper middle income,-69.8908,18.479
3697,DO,Dominican Republic,GDP per capita (current US$),2018,7882.98221584944,Latin America & Caribbean ,Upper middle income,-69.8908,18.479
3698,DO,Dominican Republic,GDP per capita (current US$),2017,7412.71571571512,Latin America & Caribbean ,Upper middle income,-69.8908,18.479
3699,DO,Dominican Republic,GDP per capita (current US$),2016,7160.44200982307,Latin America & Caribbean ,Upper middle income,-69.8908,18.479
3700,EC,Ecuador,GDP per capita (current US$),2025,7125.27618527738,Latin America & Caribbean ,Upper middle income,-78.5243,-0.229498
3701,EC,Ecuador,GDP per capita (current US$),2024,6826.5294137822,Latin America & Caribbean ,Upper middle income,-78.5243,-0.229498
3702,EC,Ecuador,GDP per capita (current US$),2023,6718.1447938811,Latin America & Caribbean ,Upper middle income,-78.5243,-0.229498
3703,EC,Ecuador,GDP per capita (current US$),2022,6515.58528418336,Latin America & Caribbean ,Upper middle income,-78.5243,-0.229498
3704,EC,Ecuador,GDP per capita (current US$),2021,6061.32350181711,Latin America & Caribbean ,Upper middle income,-78.5243,-0.229498
3705,EC,Ecuador,GDP per capita (current US$),2020,5463.64515348598,Latin America & Caribbean ,Upper middle income,-78.5243,-0.229498
3706,EC,Ecuador,GDP per capita (current US$),2019,6205.05765246766,Latin America & Caribbean ,Upper middle income,-78.5243,-0.229498
3707,EC,Ecuador,GDP per capita (current US$),2018,6303.91886658338,Latin America & Caribbean ,Upper middle income,-78.5243,-0.229498
3708,EC,Ecuador,GDP per capita (current US$),2017,6233.32244797718,Latin America & Caribbean ,Upper middle income,-78.5243,-0.229498
3709,EC,Ecuador,GDP per capita (current US$),2016,5917.63771271481,Latin America & Caribbean ,Upper middle income,-78.5243,-0.229498
3710,EG,"Egypt, Arab Rep.",GDP per capita (current US$),2025,3085.80712036204,"Middle East, North Africa, Afghanistan & Pakistan",Lower middle income,31.2461,30.0982
3711,EG,"Egypt, Arab Rep.",GDP per capita (current US$),2024,3338.47371043679,"Middle East, North Africa, Afghanistan & Pakistan",Lower middle income,31.2461,30.0982
3712,EG,"Egypt, Arab Rep.",GDP per capita (current US$),2023,3456.78965212363,"Middle East, North Africa, Afghanistan & Pakistan",Lower middle income,31.2461,30.0982
3713,EG,"Egypt, Arab Rep.",GDP per capita (current US$),2022,4233.30783744856,"Middle East, North Africa, Afghanistan & Pakistan",Lower middle income,31.2461,30.0982
3714,EG,"Egypt, Arab Rep.",GDP per capita (current US$),2021,3827.35415374308,"Middle East, North Africa, Afghanistan & Pakistan",Lower middle income,31.2461,30.0982
3715,EG,"Egypt, Arab Rep.",GDP per capita (current US$),2020,3511.11381026379,"Middle East, North Africa, Afghanistan & Pakistan",Lower middle income,31.2461,30.0982
3716,EG,"Egypt, Arab Rep.",GDP per capita (current US$),2019,2962.98892023003,"Middle East, North Africa, Afghanistan & Pakistan",Lower middle income,31.2461,30.0982
3717,EG,"Egypt, Arab Rep.",GDP per capita (current US$),2018,2484.70315630508,"Middle East, North Africa, Afghanistan & Pakistan",Lower middle income,31.2461,30.0982
3718,EG,"Egypt, Arab Rep.",GDP per capita (current US$),2017,2395.10333299491,"Middle East, North Africa, Afghanistan & Pakistan",Lower middle income,31.2461,30.0982
3719,EG,"Egypt, Arab Rep.",GDP per capita (current US$),2016,3270.6287768197,"Middle East, North Africa, Afghanistan & Pakistan",Lower middle income,31.2461,30.0982
3720,SV,El Salvador,GDP per capita (current US$),2025,5766.72574029107,Latin America & Caribbean ,Upper middle income,-89.2073,13.7034
3721,SV,El Salvador,GDP per capita (current US$),2024,5503.10317151907,Latin America & Caribbean ,Upper middle income,-89.2073,13.7034
3722,SV,El Salvador,GDP per capita (current US$),2023,5319.7195268688,Latin America & Caribbean ,Upper middle income,-89.2073,13.7034
3723,SV,El Salvador,GDP per capita (current US$),2022,5074.60050994225,Latin America & Caribbean ,Upper middle income,-89.2073,13.7034
3724,SV,El Salvador,GDP per capita (current US$),2021,4642.60743101342,Latin America & Caribbean ,Upper middle income,-89.2073,13.7034
3725,SV,El Salvador,GDP per capita (current US$),2020,3997.19279583709,Latin America & Caribbean ,Upper middle income,-89.2073,13.7034
3726,SV,El Salvador,GDP per capita (current US$),2019,4320.11671534627,Latin America & Caribbean ,Upper middle income,-89.2073,13.7034
3727,SV,El Salvador,GDP per capita (current US$),2018,4183.54620971358,Latin America & Caribbean ,Upper middle income,-89.2073,13.7034
3728,SV,El Salvador,GDP per capita (current US$),2017,4020.12671373919,Latin America & Caribbean ,Upper middle income,-89.2073,13.7034
3729,SV,El Salvador,GDP per capita (current US$),2016,3901.34014965811,Latin America & Caribbean ,Upper middle income,-89.2073,13.7034
3730,GQ,Equatorial Guinea,GDP per capita (current US$),2025,6615.25245207167,Sub-Saharan Africa ,Upper middle income,8.7741,3.7523
3731,GQ,Equatorial Guinea,GDP per capita (current US$),2024,7003.58055684906,Sub-Saharan Africa ,Upper middle income,8.7741,3.7523
3732,GQ,Equatorial Guinea,GDP per capita (current US$),2023,6788.35271638376,Sub-Saharan Africa ,Upper middle income,8.7741,3.7523
3733,GQ,Equatorial Guinea,GDP per capita (current US$),2022,7589.29964909381,Sub-Saharan Africa ,Upper middle income,8.7741,3.7523
3734,GQ,Equatorial Guinea,GDP per capita (current US$),2021,6945.63069794539,Sub-Saharan Africa ,Upper middle income,8.7741,3.7523
3735,GQ,Equatorial Guinea,GDP per capita (current US$),2020,5764.05502912947,Sub-Saharan Africa ,Upper middle income,8.7741,3.7523
3736,GQ,Equatorial Guinea,GDP per capita (current US$),2019,6804.14923073888,Sub-Saharan Africa ,Upper middle income,8.7741,3.7523
3737,GQ,Equatorial Guinea,GDP per capita (current US$),2018,8102.47084834031,Sub-Saharan Africa ,Upper middle income,8.7741,3.7523
3738,GQ,Equatorial Guinea,GDP per capita (current US$),2017,7809.10465655488,Sub-Saharan Africa ,Upper middle income,8.7741,3.7523
3739,GQ,Equatorial Guinea,GDP per capita (current US$),2016,7453.19797948517,Sub-Saharan Africa ,Upper middle income,8.7741,3.7523
3740,ER,Eritrea,GDP per capita (current US$),2025,,Sub-Saharan Africa ,Low income,38.9183,15.3315
3741,ER,Eritrea,GDP per capita (current US$),2024,,Sub-Saharan Africa ,Low income,38.9183,15.3315
3742,ER,Eritrea,GDP per capita (current US$),2023,,Sub-Saharan Africa ,Low income,38.9183,15.3315
3743,ER,Eritrea,GDP per capita (current US$),2022,,Sub-Saharan Africa ,Low income,38.9183,15.3315
3744,ER,Eritrea,GDP per capita (current US$),2021,,Sub-Saharan Africa ,Low income,38.9183,15.3315
3745,ER,Eritrea,GDP per capita (current US$),2020,,Sub-Saharan Africa ,Low income,38.9183,15.3315
3746,ER,Eritrea,GDP per capita (current US$),2019,,Sub-Saharan Africa ,Low income,38.9183,15.3315
3747,ER,Eritrea,GDP per capita (current US$),2018,,Sub-Saharan Africa ,Low income,38.9183,15.3315
3748,ER,Eritrea,GDP per capita (current US$),2017,,Sub-Saharan Africa ,Low income,38.9183,15.3315
3749,ER,Eritrea,GDP per capita (current US$),2016,,Sub-Saharan Africa ,Low income,38.9183,15.3315
3750,EE,Estonia,GDP per capita (current US$),2025,34417.6320815138,Europe & Central Asia,High income,24.7586,59.4392
3751,EE,Estonia,GDP per capita (current US$),2024,31428.3547816104,Europe & Central Asia,High income,24.7586,59.4392
3752,EE,Estonia,GDP per capita (current US$),2023,30264.0064885057,Europe & Central Asia,High income,24.7586,59.4392
3753,EE,Estonia,GDP per capita (current US$),2022,28340.3826549406,Europe & Central Asia,High income,24.7586,59.4392
3754,EE,Estonia,GDP per capita (current US$),2021,27951.1659277744,Europe & Central Asia,High income,24.7586,59.4392
3755,EE,Estonia,GDP per capita (current US$),2020,23933.9939421065,Europe & Central Asia,High income,24.7586,59.4392
3756,EE,Estonia,GDP per capita (current US$),2019,24021.2501413306,Europe & Central Asia,High income,24.7586,59.4392
3757,EE,Estonia,GDP per capita (current US$),2018,23618.1361254581,Europe & Central Asia,High income,24.7586,59.4392
3758,EE,Estonia,GDP per capita (current US$),2017,20851.5223496861,Europe & Central Asia,High income,24.7586,59.4392
3759,EE,Estonia,GDP per capita (current US$),2016,18666.3736521706,Europe & Central Asia,High income,24.7586,59.4392
3760,SZ,Eswatini,GDP per capita (current US$),2025,4108.25221093363,Sub-Saharan Africa ,Lower middle income,31.4659,-26.5225
3761,SZ,Eswatini,GDP per capita (current US$),2024,3909.55892378182,Sub-Saharan Africa ,Lower middle income,31.4659,-26.5225
3762,SZ,Eswatini,GDP per capita (current US$),2023,3755.52111232464,Sub-Saharan Africa ,Lower middle income,31.4659,-26.5225
3763,SZ,Eswatini,GDP per capita (current US$),2022,3894.1620089869,Sub-Saharan Africa ,Lower middle income,31.4659,-26.5225
3764,SZ,Eswatini,GDP per capita (current US$),2021,3984.00229174306,Sub-Saharan Africa ,Lower middle income,31.4659,-26.5225
3765,SZ,Eswatini,GDP per capita (current US$),2020,3466.56936278145,Sub-Saharan Africa ,Lower middle income,31.4659,-26.5225
3766,SZ,Eswatini,GDP per capita (current US$),2019,3913.14577547336,Sub-Saharan Africa ,Lower middle income,31.4659,-26.5225
3767,SZ,Eswatini,GDP per capita (current US$),2018,3972.65450620357,Sub-Saharan Africa ,Lower middle income,31.4659,-26.5225
3768,SZ,Eswatini,GDP per capita (current US$),2017,3853.09956569679,Sub-Saharan Africa ,Lower middle income,31.4659,-26.5225
3769,SZ,Eswatini,GDP per capita (current US$),2016,3238.17611961364,Sub-Saharan Africa ,Lower middle income,31.4659,-26.5225
3770,ET,Ethiopia,GDP per capita (current US$),2025,932.729352775179,Sub-Saharan Africa ,Low income,38.7468,9.02274
3771,ET,Ethiopia,GDP per capita (current US$),2024,1133.88279681256,Sub-Saharan Africa ,Low income,38.7468,9.02274
3772,ET,Ethiopia,GDP per capita (current US$),2023,1055.81091593061,Sub-Saharan Africa ,Low income,38.7468,9.02274
3773,ET,Ethiopia,GDP per capita (current US$),2022,982.103161502198,Sub-Saharan Africa ,Low income,38.7468,9.02274
3774,ET,Ethiopia,GDP per capita (current US$),2021,893.009835441784,Sub-Saharan Africa ,Low income,38.7468,9.02274
3775,ET,Ethiopia,GDP per capita (current US$),2020,829.790982552951,Sub-Saharan Africa ,Low income,38.7468,9.02274
3776,ET,Ethiopia,GDP per capita (current US$),2019,793.473247218996,Sub-Saharan Africa ,Low income,38.7468,9.02274
3777,ET,Ethiopia,GDP per capita (current US$),2018,739.702022272086,Sub-Saharan Africa ,Low income,38.7468,9.02274
3778,ET,Ethiopia,GDP per capita (current US$),2017,696.348429076216,Sub-Saharan Africa ,Low income,38.7468,9.02274
3779,ET,Ethiopia,GDP per capita (current US$),2016,641.651523286233,Sub-Saharan Africa ,Low income,38.7468,9.02274
3780,FO,Faroe Islands,GDP per capita (current US$),2025,,Europe & Central Asia,High income,-6.91181,61.8926
3781,FO,Faroe Islands,GDP per capita (current US$),2024,74175.2776311377,Europe & Central Asia,High income,-6.91181,61.8926
3782,FO,Faroe Islands,GDP per capita (current US$),2023,72486.6910957957,Europe & Central Asia,High income,-6.91181,61.8926
3783,FO,Faroe Islands,GDP per capita (current US$),2022,67069.3987440509,Europe & Central Asia,High income,-6.91181,61.8926
3784,FO,Faroe Islands,GDP per capita (current US$),2021,69421.6981686515,Europe & Central Asia,High income,-6.91181,61.8926
3785,FO,Faroe Islands,GDP per capita (current US$),2020,62247.9273907098,Europe & Central Asia,High income,-6.91181,61.8926
3786,FO,Faroe Islands,GDP per capita (current US$),2019,63070.7228080361,Europe & Central Asia,High income,-6.91181,61.8926
3787,FO,Faroe Islands,GDP per capita (current US$),2018,62525.2647698273,Europe & Central Asia,High income,-6.91181,61.8926
3788,FO,Faroe Islands,GDP per capita (current US$),2017,59388.5365965776,Europe & Central Asia,High income,-6.91181,61.8926
3789,FO,Faroe Islands,GDP per capita (current US$),2016,56876.4302363804,Europe & Central Asia,High income,-6.91181,61.8926
3790,FJ,Fiji,GDP per capita (current US$),2025,6642.00449450523,East Asia & Pacific,Upper middle income,178.399,-18.1149
3791,FJ,Fiji,GDP per capita (current US$),2024,6425.74151715712,East Asia & Pacific,Upper middle income,178.399,-18.1149
3792,FJ,Fiji,GDP per capita (current US$),2023,5926.20586394763,East Asia & Pacific,Upper middle income,178.399,-18.1149
3793,FJ,Fiji,GDP per capita (current US$),2022,5414.12092119088,East Asia & Pacific,Upper middle income,178.399,-18.1149
3794,FJ,Fiji,GDP per capita (current US$),2021,4536.73312110335,East Asia & Pacific,Upper middle income,178.399,-18.1149
3795,FJ,Fiji,GDP per capita (current US$),2020,4620.6457238014,East Asia & Pacific,Upper middle income,178.399,-18.1149
3796,FJ,Fiji,GDP per capita (current US$),2019,5842.07344577597,East Asia & Pacific,Upper middle income,178.399,-18.1149
3797,FJ,Fiji,GDP per capita (current US$),2018,6085.41979485376,East Asia & Pacific,Upper middle income,178.399,-18.1149
3798,FJ,Fiji,GDP per capita (current US$),2017,5826.84814459328,East Asia & Pacific,Upper middle income,178.399,-18.1149
3799,FJ,Fiji,GDP per capita (current US$),2016,5363.79026679243,East Asia & Pacific,Upper middle income,178.399,-18.1149
3800,FI,Finland,GDP per capita (current US$),2025,56148.580949046,Europe & Central Asia,High income,24.9525,60.1608
3801,FI,Finland,GDP per capita (current US$),2024,53155.5451165897,Europe & Central Asia,High income,24.9525,60.1608
3802,FI,Finland,GDP per capita (current US$),2023,52864.6931581216,Europe & Central Asia,High income,24.9525,60.1608
3803,FI,Finland,GDP per capita (current US$),2022,50440.560224974,Europe & Central Asia,High income,24.9525,60.1608
3804,FI,Finland,GDP per capita (current US$),2021,53099.1351400148,Europe & Central Asia,High income,24.9525,60.1608
3805,FI,Finland,GDP per capita (current US$),2020,48828.6846862799,Europe & Central Asia,High income,24.9525,60.1608
3806,FI,Finland,GDP per capita (current US$),2019,48358.1807773701,Europe & Central Asia,High income,24.9525,60.1608
3807,FI,Finland,GDP per capita (current US$),2018,49654.2497035329,Europe & Central Asia,High income,24.9525,60.1608
3808,FI,Finland,GDP per capita (current US$),2017,46085.0174739036,Europe & Central Asia,High income,24.9525,60.1608
3809,FI,Finland,GDP per capita (current US$),2016,43451.2562442158,Europe & Central Asia,High income,24.9525,60.1608
3810,FR,France,GDP per capita (current US$),2025,48985.7307807924,Europe & Central Asia,High income,2.35097,48.8566
3811,FR,France,GDP per capita (current US$),2024,46103.0840855884,Europe & Central Asia,High income,2.35097,48.8566
3812,FR,France,GDP per capita (current US$),2023,44700.1384177544,Europe & Central Asia,High income,2.35097,48.8566
3813,FR,France,GDP per capita (current US$),2022,40988.6396406579,Europe & Central Asia,High income,2.35097,48.8566
3814,FR,France,GDP per capita (current US$),2021,43725.0999521245,Europe & Central Asia,High income,2.35097,48.8566
3815,FR,France,GDP per capita (current US$),2020,39169.8606000707,Europe & Central Asia,High income,2.35097,48.8566
3816,FR,France,GDP per capita (current US$),2019,40408.2848574751,Europe & Central Asia,High income,2.35097,48.8566
3817,FR,France,GDP per capita (current US$),2018,41418.1766484844,Europe & Central Asia,High income,2.35097,48.8566
3818,FR,France,GDP per capita (current US$),2017,38687.1626407164,Europe & Central Asia,High income,2.35097,48.8566
3819,FR,France,GDP per capita (current US$),2016,37024.2157133669,Europe & Central Asia,High income,2.35097,48.8566
3820,PF,French Polynesia,GDP per capita (current US$),2025,,East Asia & Pacific,High income,-149.57,-17.535
3821,PF,French Polynesia,GDP per capita (current US$),2024,22439.8838746025,East Asia & Pacific,High income,-149.57,-17.535
3822,PF,French Polynesia,GDP per capita (current US$),2023,21832.2831795569,East Asia & Pacific,High income,-149.57,-17.535
3823,PF,French Polynesia,GDP per capita (current US$),2022,20053.9569369322,East Asia & Pacific,High income,-149.57,-17.535
3824,PF,French Polynesia,GDP per capita (current US$),2021,21426.3854449835,East Asia & Pacific,High income,-149.57,-17.535
3825,PF,French Polynesia,GDP per capita (current US$),2020,19966.4838503859,East Asia & Pacific,High income,-149.57,-17.535
3826,PF,French Polynesia,GDP per capita (current US$),2019,21582.5892046801,East Asia & Pacific,High income,-149.57,-17.535
3827,PF,French Polynesia,GDP per capita (current US$),2018,21925.616043938,East Asia & Pacific,High income,-149.57,-17.535
3828,PF,French Polynesia,GDP per capita (current US$),2017,20826.9312492172,East Asia & Pacific,High income,-149.57,-17.535
3829,PF,French Polynesia,GDP per capita (current US$),2016,19690.0775734589,East Asia & Pacific,High income,-149.57,-17.535
3830,GA,Gabon,GDP per capita (current US$),2025,8263.03321595,Sub-Saharan Africa ,Upper middle income,9.45162,0.38832
3831,GA,Gabon,GDP per capita (current US$),2024,8230.04311451151,Sub-Saharan Africa ,Upper middle income,9.45162,0.38832
3832,GA,Gabon,GDP per capita (current US$),2023,7802.82433276138,Sub-Saharan Africa ,Upper middle income,9.45162,0.38832
3833,GA,Gabon,GDP per capita (current US$),2022,8409.20741452279,Sub-Saharan Africa ,Upper middle income,9.45162,0.38832
3834,GA,Gabon,GDP per capita (current US$),2021,8181.40914134398,Sub-Saharan Africa ,Upper middle income,9.45162,0.38832
3835,GA,Gabon,GDP per capita (current US$),2020,6605.80346077904,Sub-Saharan Africa ,Upper middle income,9.45162,0.38832
3836,GA,Gabon,GDP per capita (current US$),2019,7441.1786472281,Sub-Saharan Africa ,Upper middle income,9.45162,0.38832
3837,GA,Gabon,GDP per capita (current US$),2018,7624.2775233771,Sub-Saharan Africa ,Upper middle income,9.45162,0.38832
3838,GA,Gabon,GDP per capita (current US$),2017,6921.73373135624,Sub-Saharan Africa ,Upper middle income,9.45162,0.38832
3839,GA,Gabon,GDP per capita (current US$),2016,6677.07003901644,Sub-Saharan Africa ,Upper middle income,9.45162,0.38832
3840,GM,"Gambia, The",GDP per capita (current US$),2025,919.060423427951,Sub-Saharan Africa ,Low income,-16.5885,13.4495
3841,GM,"Gambia, The",GDP per capita (current US$),2024,871.340287547821,Sub-Saharan Africa ,Low income,-16.5885,13.4495
3842,GM,"Gambia, The",GDP per capita (current US$),2023,883.024111978927,Sub-Saharan Africa ,Low income,-16.5885,13.4495
3843,GM,"Gambia, The",GDP per capita (current US$),2022,836.244875868476,Sub-Saharan Africa ,Low income,-16.5885,13.4495
3844,GM,"Gambia, The",GDP per capita (current US$),2021,781.890925169531,Sub-Saharan Africa ,Low income,-16.5885,13.4495
3845,GM,"Gambia, The",GDP per capita (current US$),2020,720.335143352133,Sub-Saharan Africa ,Low income,-16.5885,13.4495
3846,GM,"Gambia, The",GDP per capita (current US$),2019,738.186751987483,Sub-Saharan Africa ,Low income,-16.5885,13.4495
3847,GM,"Gambia, The",GDP per capita (current US$),2018,696.219806960615,Sub-Saharan Africa ,Low income,-16.5885,13.4495
3848,GM,"Gambia, The",GDP per capita (current US$),2017,642.522641296331,Sub-Saharan Africa ,Low income,-16.5885,13.4495
3849,GM,"Gambia, The",GDP per capita (current US$),2016,650.056501323611,Sub-Saharan Africa ,Low income,-16.5885,13.4495
3850,GE,Georgia,GDP per capita (current US$),2025,9691.53472415196,Europe & Central Asia,Upper middle income,44.793,41.71
3851,GE,Georgia,GDP per capita (current US$),2024,8967.67525638987,Europe & Central Asia,Upper middle income,44.793,41.71
3852,GE,Georgia,GDP per capita (current US$),2023,8283.66960652261,Europe & Central Asia,Upper middle income,44.793,41.71
3853,GE,Georgia,GDP per capita (current US$),2022,6729.84659930283,Europe & Central Asia,Upper middle income,44.793,41.71
3854,GE,Georgia,GDP per capita (current US$),2021,5083.60695484577,Europe & Central Asia,Upper middle income,44.793,41.71
3855,GE,Georgia,GDP per capita (current US$),2020,4300.85701291207,Europe & Central Asia,Upper middle income,44.793,41.71
3856,GE,Georgia,GDP per capita (current US$),2019,4741.2832715876,Europe & Central Asia,Upper middle income,44.793,41.71
3857,GE,Georgia,GDP per capita (current US$),2018,4804.0546040444,Europe & Central Asia,Upper middle income,44.793,41.71
3858,GE,Georgia,GDP per capita (current US$),2017,4418.75206546679,Europe & Central Asia,Upper middle income,44.793,41.71
3859,GE,Georgia,GDP per capita (current US$),2016,4143.40125686315,Europe & Central Asia,Upper middle income,44.793,41.71
3860,DE,Germany,GDP per capita (current US$),2025,60496.4350820414,Europe & Central Asia,High income,13.4115,52.5235
3861,DE,Germany,GDP per capita (current US$),2024,56103.7323182554,Europe & Central Asia,High income,13.4115,52.5235
3862,DE,Germany,GDP per capita (current US$),2023,54776.7668235491,Europe & Central Asia,High income,13.4115,52.5235
3863,DE,Germany,GDP per capita (current US$),2022,50506.5179638543,Europe & Central Asia,High income,13.4115,52.5235
3864,DE,Germany,GDP per capita (current US$),2021,52349.2459994422,Europe & Central Asia,High income,13.4115,52.5235
3865,DE,Germany,GDP per capita (current US$),2020,47394.8734504469,Europe & Central Asia,High income,13.4115,52.5235
3866,DE,Germany,GDP per capita (current US$),2019,47656.199739747,Europe & Central Asia,High income,13.4115,52.5235
3867,DE,Germany,GDP per capita (current US$),2018,48916.1686612154,Europe & Central Asia,High income,13.4115,52.5235
3868,DE,Germany,GDP per capita (current US$),2017,45553.9341495339,Europe & Central Asia,High income,13.4115,52.5235
3869,DE,Germany,GDP per capita (current US$),2016,42948.9381932694,Europe & Central Asia,High income,13.4115,52.5235
3870,GH,Ghana,GDP per capita (current US$),2025,3257.1588903576,Sub-Saharan Africa ,Lower middle income,-0.20795,5.57045
3871,GH,Ghana,GDP per capita (current US$),2024,2419.2518672482,Sub-Saharan Africa ,Lower middle income,-0.20795,5.57045
3872,GH,Ghana,GDP per capita (current US$),2023,2383.90410476221,Sub-Saharan Africa ,Lower middle income,-0.20795,5.57045
3873,GH,Ghana,GDP per capita (current US$),2022,2229.89122654479,Sub-Saharan Africa ,Lower middle income,-0.20795,5.57045
3874,GH,Ghana,GDP per capita (current US$),2021,2445.18662529344,Sub-Saharan Africa ,Lower middle income,-0.20795,5.57045
3875,GH,Ghana,GDP per capita (current US$),2020,2195.45481659987,Sub-Saharan Africa ,Lower middle income,-0.20795,5.57045
3876,GH,Ghana,GDP per capita (current US$),2019,2186.65822682613,Sub-Saharan Africa ,Lower middle income,-0.20795,5.57045
3877,GH,Ghana,GDP per capita (current US$),2018,2195.32166016377,Sub-Saharan Africa ,Lower middle income,-0.20795,5.57045
3878,GH,Ghana,GDP per capita (current US$),2017,2012.28662641265,Sub-Saharan Africa ,Lower middle income,-0.20795,5.57045
3879,GH,Ghana,GDP per capita (current US$),2016,1912.47991339951,Sub-Saharan Africa ,Lower middle income,-0.20795,5.57045
3880,GI,Gibraltar,GDP per capita (current US$),2025,,Europe & Central Asia,High income,,
3881,GI,Gibraltar,GDP per capita (current US$),2024,,Europe & Central Asia,High income,,
3882,GI,Gibraltar,GDP per capita (current US$),2023,,Europe & Central Asia,High income,,
3883,GI,Gibraltar,GDP per capita (current US$),2022,,Europe & Central Asia,High income,,
3884,GI,Gibraltar,GDP per capita (current US$),2021,,Europe & Central Asia,High income,,
3885,GI,Gibraltar,GDP per capita (current US$),2020,,Europe & Central Asia,High income,,
3886,GI,Gibraltar,GDP per capita (current US$),2019,,Europe & Central Asia,High income,,
3887,GI,Gibraltar,GDP per capita (current US$),2018,,Europe & Central Asia,High income,,
3888,GI,Gibraltar,GDP per capita (current US$),2017,,Europe & Central Asia,High income,,
3889,GI,Gibraltar,GDP per capita (current US$),2016,,Europe & Central Asia,High income,,
3890,GR,Greece,GDP per capita (current US$),2025,26948.0070432791,Europe & Central Asia,High income,23.7166,37.9792
3891,GR,Greece,GDP per capita (current US$),2024,24626.1481858973,Europe & Central Asia,High income,23.7166,37.9792
3892,GR,Greece,GDP per capita (current US$),2023,23343.7103964562,Europe & Central Asia,High income,23.7166,37.9792
3893,GR,Greece,GDP per capita (current US$),2022,20884.6773436263,Europe & Central Asia,High income,23.7166,37.9792
3894,GR,Greece,GDP per capita (current US$),2021,20652.89659591,Europe & Central Asia,High income,23.7166,37.9792
3895,GR,Greece,GDP per capita (current US$),2020,17886.733165236,Europe & Central Asia,High income,23.7166,37.9792
3896,GR,Greece,GDP per capita (current US$),2019,19335.3602002969,Europe & Central Asia,High income,23.7166,37.9792
3897,GR,Greece,GDP per capita (current US$),2018,19873.4015238771,Europe & Central Asia,High income,23.7166,37.9792
3898,GR,Greece,GDP per capita (current US$),2017,18631.9930129293,Europe & Central Asia,High income,23.7166,37.9792
3899,GR,Greece,GDP per capita (current US$),2016,17919.2426377048,Europe & Central Asia,High income,23.7166,37.9792
3900,GL,Greenland,GDP per capita (current US$),2025,,Europe & Central Asia,High income,-51.7214,64.1836
3901,GL,Greenland,GDP per capita (current US$),2024,,Europe & Central Asia,High income,-51.7214,64.1836
3902,GL,Greenland,GDP per capita (current US$),2023,58498.9707973609,Europe & Central Asia,High income,-51.7214,64.1836
3903,GL,Greenland,GDP per capita (current US$),2022,55635.0006491223,Europe & Central Asia,High income,-51.7214,64.1836
3904,GL,Greenland,GDP per capita (current US$),2021,58135.9939910203,Europe & Central Asia,High income,-51.7214,64.1836
3905,GL,Greenland,GDP per capita (current US$),2020,54812.6661771023,Europe & Central Asia,High income,-51.7214,64.1836
3906,GL,Greenland,GDP per capita (current US$),2019,53309.2035905065,Europe & Central Asia,High income,-51.7214,64.1836
3907,GL,Greenland,GDP per capita (current US$),2018,54545.135857765,Europe & Central Asia,High income,-51.7214,64.1836
3908,GL,Greenland,GDP per capita (current US$),2017,50765.7494665372,Europe & Central Asia,High income,-51.7214,64.1836
3909,GL,Greenland,GDP per capita (current US$),2016,48181.7453541266,Europe & Central Asia,High income,-51.7214,64.1836
3910,GD,Grenada,GDP per capita (current US$),2025,12106.8790105068,Latin America & Caribbean ,Upper middle income,-61.7449,12.0653
3911,GD,Grenada,GDP per capita (current US$),2024,11528.9220811928,Latin America & Caribbean ,Upper middle income,-61.7449,12.0653
3912,GD,Grenada,GDP per capita (current US$),2023,11414.4781691181,Latin America & Caribbean ,Upper middle income,-61.7449,12.0653
3913,GD,Grenada,GDP per capita (current US$),2022,10469.3867012856,Latin America & Caribbean ,Upper middle income,-61.7449,12.0653
3914,GD,Grenada,GDP per capita (current US$),2021,9617.28902905373,Latin America & Caribbean ,Upper middle income,-61.7449,12.0653
3915,GD,Grenada,GDP per capita (current US$),2020,8968.55890108484,Latin America & Caribbean ,Upper middle income,-61.7449,12.0653
3916,GD,Grenada,GDP per capita (current US$),2019,10462.7929159533,Latin America & Caribbean ,Upper middle income,-61.7449,12.0653
3917,GD,Grenada,GDP per capita (current US$),2018,10083.021279225,Latin America & Caribbean ,Upper middle income,-61.7449,12.0653
3918,GD,Grenada,GDP per capita (current US$),2017,9751.42661155932,Latin America & Caribbean ,Upper middle income,-61.7449,12.0653
3919,GD,Grenada,GDP per capita (current US$),2016,9221.23461079424,Latin America & Caribbean ,Upper middle income,-61.7449,12.0653
3920,GU,Guam,GDP per capita (current US$),2025,,East Asia & Pacific,High income,144.794,13.4443
3921,GU,Guam,GDP per capita (current US$),2024,,East Asia & Pacific,High income,144.794,13.4443
3922,GU,Guam,GDP per capita (current US$),2023,,East Asia & Pacific,High income,144.794,13.4443
3923,GU,Guam,GDP per capita (current US$),2022,41833.1517132825,East Asia & Pacific,High income,144.794,13.4443
3924,GU,Guam,GDP per capita (current US$),2021,38074.8793745801,East Asia & Pacific,High income,144.794,13.4443
3925,GU,Guam,GDP per capita (current US$),2020,36482.9363953675,East Asia & Pacific,High income,144.794,13.4443
3926,GU,Guam,GDP per capita (current US$),2019,39274.9431424899,East Asia & Pacific,High income,144.794,13.4443
3927,GU,Guam,GDP per capita (current US$),2018,37195.9503070464,East Asia & Pacific,High income,144.794,13.4443
3928,GU,Guam,GDP per capita (current US$),2017,36779.0078903909,East Asia & Pacific,High income,144.794,13.4443
3929,GU,Guam,GDP per capita (current US$),2016,35930.6594898711,East Asia & Pacific,High income,144.794,13.4443
3930,GT,Guatemala,GDP per capita (current US$),2025,6598.18032988711,Latin America & Caribbean ,Upper middle income,-90.5328,14.6248
3931,GT,Guatemala,GDP per capita (current US$),2024,6150.89465281457,Latin America & Caribbean ,Upper middle income,-90.5328,14.6248
3932,GT,Guatemala,GDP per capita (current US$),2023,5754.42833909847,Latin America & Caribbean ,Upper middle income,-90.5328,14.6248
3933,GT,Guatemala,GDP per capita (current US$),2022,5356.92435887895,Latin America & Caribbean ,Upper middle income,-90.5328,14.6248
3934,GT,Guatemala,GDP per capita (current US$),2021,4912.62240414681,Latin America & Caribbean ,Upper middle income,-90.5328,14.6248
3935,GT,Guatemala,GDP per capita (current US$),2020,4477.61785000665,Latin America & Caribbean ,Upper middle income,-90.5328,14.6248
3936,GT,Guatemala,GDP per capita (current US$),2019,4511.99839552697,Latin America & Caribbean ,Upper middle income,-90.5328,14.6248
3937,GT,Guatemala,GDP per capita (current US$),2018,4352.94593289707,Latin America & Caribbean ,Upper middle income,-90.5328,14.6248
3938,GT,Guatemala,GDP per capita (current US$),2017,4324.99768915601,Latin America & Caribbean ,Upper middle income,-90.5328,14.6248
3939,GT,Guatemala,GDP per capita (current US$),2016,4060.13784737643,Latin America & Caribbean ,Upper middle income,-90.5328,14.6248
3940,GN,Guinea,GDP per capita (current US$),2025,1877.2541220972,Sub-Saharan Africa ,Lower middle income,-13.7,9.51667
3941,GN,Guinea,GDP per capita (current US$),2024,1694.95375862185,Sub-Saharan Africa ,Lower middle income,-13.7,9.51667
3942,GN,Guinea,GDP per capita (current US$),2023,1555.49375806861,Sub-Saharan Africa ,Lower middle income,-13.7,9.51667
3943,GN,Guinea,GDP per capita (current US$),2022,1416.59612011764,Sub-Saharan Africa ,Lower middle income,-13.7,9.51667
3944,GN,Guinea,GDP per capita (current US$),2021,1244.96550477914,Sub-Saharan Africa ,Lower middle income,-13.7,9.51667
3945,GN,Guinea,GDP per capita (current US$),2020,1053.66097696415,Sub-Saharan Africa ,Lower middle income,-13.7,9.51667
3946,GN,Guinea,GDP per capita (current US$),2019,1031.34146480732,Sub-Saharan Africa ,Lower middle income,-13.7,9.51667
3947,GN,Guinea,GDP per capita (current US$),2018,933.273615633705,Sub-Saharan Africa ,Lower middle income,-13.7,9.51667
3948,GN,Guinea,GDP per capita (current US$),2017,833.598621691121,Sub-Saharan Africa ,Lower middle income,-13.7,9.51667
3949,GN,Guinea,GDP per capita (current US$),2016,711.996509782316,Sub-Saharan Africa ,Lower middle income,-13.7,9.51667
3950,GW,Guinea-Bissau,GDP per capita (current US$),2025,1123.76679992349,Sub-Saharan Africa ,Low income,-15.1804,11.8037
3951,GW,Guinea-Bissau,GDP per capita (current US$),2024,998.376093392688,Sub-Saharan Africa ,Low income,-15.1804,11.8037
3952,GW,Guinea-Bissau,GDP per capita (current US$),2023,964.431832665395,Sub-Saharan Africa ,Low income,-15.1804,11.8037
3953,GW,Guinea-Bissau,GDP per capita (current US$),2022,881.602654162231,Sub-Saharan Africa ,Low income,-15.1804,11.8037
3954,GW,Guinea-Bissau,GDP per capita (current US$),2021,926.54619187706,Sub-Saharan Africa ,Low income,-15.1804,11.8037
3955,GW,Guinea-Bissau,GDP per capita (current US$),2020,846.918134967613,Sub-Saharan Africa ,Low income,-15.1804,11.8037
3956,GW,Guinea-Bissau,GDP per capita (current US$),2019,811.210004050041,Sub-Saharan Africa ,Low income,-15.1804,11.8037
3957,GW,Guinea-Bissau,GDP per capita (current US$),2018,808.531613218504,Sub-Saharan Africa ,Low income,-15.1804,11.8037
3958,GW,Guinea-Bissau,GDP per capita (current US$),2017,783.123186602022,Sub-Saharan Africa ,Low income,-15.1804,11.8037
3959,GW,Guinea-Bissau,GDP per capita (current US$),2016,679.665386626818,Sub-Saharan Africa ,Low income,-15.1804,11.8037
3960,GY,Guyana,GDP per capita (current US$),2025,32413.7930757518,Latin America & Caribbean ,High income,-58.1548,6.80461
3961,GY,Guyana,GDP per capita (current US$),2024,29675.2501582835,Latin America & Caribbean ,High income,-58.1548,6.80461
3962,GY,Guyana,GDP per capita (current US$),2023,20473.7002190617,Latin America & Caribbean ,High income,-58.1548,6.80461
3963,GY,Guyana,GDP per capita (current US$),2022,17913.4928066879,Latin America & Caribbean ,High income,-58.1548,6.80461
3964,GY,Guyana,GDP per capita (current US$),2021,9860.87014834386,Latin America & Caribbean ,High income,-58.1548,6.80461
3965,GY,Guyana,GDP per capita (current US$),2020,6775.70939096303,Latin America & Caribbean ,High income,-58.1548,6.80461
3966,GY,Guyana,GDP per capita (current US$),2019,6405.82443444562,Latin America & Caribbean ,High income,-58.1548,6.80461
3967,GY,Guyana,GDP per capita (current US$),2018,6048.38697180418,Latin America & Caribbean ,High income,-58.1548,6.80461
3968,GY,Guyana,GDP per capita (current US$),2017,6178.6650437298,Latin America & Caribbean ,High income,-58.1548,6.80461
3969,GY,Guyana,GDP per capita (current US$),2016,5870.87823759835,Latin America & Caribbean ,High income,-58.1548,6.80461
3970,HT,Haiti,GDP per capita (current US$),2025,2694.18969101404,Latin America & Caribbean ,Lower middle income,-72.3288,18.5392
3971,HT,Haiti,GDP per capita (current US$),2024,2060.35591768638,Latin America & Caribbean ,Lower middle income,-72.3288,18.5392
3972,HT,Haiti,GDP per capita (current US$),2023,1681.84407667059,Latin America & Caribbean ,Lower middle income,-72.3288,18.5392
3973,HT,Haiti,GDP per capita (current US$),2022,1748.40890116803,Latin America & Caribbean ,Lower middle income,-72.3288,18.5392
3974,HT,Haiti,GDP per capita (current US$),2021,1824.6798742577,Latin America & Caribbean ,Lower middle income,-72.3288,18.5392
3975,HT,Haiti,GDP per capita (current US$),2020,1290.32538667383,Latin America & Caribbean ,Lower middle income,-72.3288,18.5392
3976,HT,Haiti,GDP per capita (current US$),2019,1352.17204191532,Latin America & Caribbean ,Lower middle income,-72.3288,18.5392
3977,HT,Haiti,GDP per capita (current US$),2018,1496.38048970156,Latin America & Caribbean ,Lower middle income,-72.3288,18.5392
3978,HT,Haiti,GDP per capita (current US$),2017,1395.23945184461,Latin America & Caribbean ,Lower middle income,-72.3288,18.5392
3979,HT,Haiti,GDP per capita (current US$),2016,1318.40268167953,Latin America & Caribbean ,Lower middle income,-72.3288,18.5392
3980,HN,Honduras,GDP per capita (current US$),2025,3598.21450440452,Latin America & Caribbean ,Lower middle income,-87.4667,15.1333
3981,HN,Honduras,GDP per capita (current US$),2024,3415.96027916712,Latin America & Caribbean ,Lower middle income,-87.4667,15.1333
3982,HN,Honduras,GDP per capita (current US$),2023,3227.45762509776,Latin America & Caribbean ,Lower middle income,-87.4667,15.1333
3983,HN,Honduras,GDP per capita (current US$),2022,3003.28996826399,Latin America & Caribbean ,Lower middle income,-87.4667,15.1333
3984,HN,Honduras,GDP per capita (current US$),2021,2735.14751503977,Latin America & Caribbean ,Lower middle income,-87.4667,15.1333
3985,HN,Honduras,GDP per capita (current US$),2020,2307.61494319511,Latin America & Caribbean ,Lower middle income,-87.4667,15.1333
3986,HN,Honduras,GDP per capita (current US$),2019,2502.32744328073,Latin America & Caribbean ,Lower middle income,-87.4667,15.1333
3987,HN,Honduras,GDP per capita (current US$),2018,2464.64241531918,Latin America & Caribbean ,Lower middle income,-87.4667,15.1333
3988,HN,Honduras,GDP per capita (current US$),2017,2413.0076562942,Latin America & Caribbean ,Lower middle income,-87.4667,15.1333
3989,HN,Honduras,GDP per capita (current US$),2016,2307.34468351082,Latin America & Caribbean ,Lower middle income,-87.4667,15.1333
3990,HK,"Hong Kong SAR, China",GDP per capita (current US$),2025,56983.0663059906,East Asia & Pacific,High income,114.109,22.3964
3991,HK,"Hong Kong SAR, China",GDP per capita (current US$),2024,54274.7547767073,East Asia & Pacific,High income,114.109,22.3964
3992,HK,"Hong Kong SAR, China",GDP per capita (current US$),2023,50525.1119312663,East Asia & Pacific,High income,114.109,22.3964
3993,HK,"Hong Kong SAR, China",GDP per capita (current US$),2022,48825.0272275805,East Asia & Pacific,High income,114.109,22.3964
3994,HK,"Hong Kong SAR, China",GDP per capita (current US$),2021,49770.5642374739,East Asia & Pacific,High income,114.109,22.3964
3995,HK,"Hong Kong SAR, China",GDP per capita (current US$),2020,46109.2299946609,East Asia & Pacific,High income,114.109,22.3964
3996,HK,"Hong Kong SAR, China",GDP per capita (current US$),2019,48359.0011950597,East Asia & Pacific,High income,114.109,22.3964
3997,HK,"Hong Kong SAR, China",GDP per capita (current US$),2018,48537.5668888343,East Asia & Pacific,High income,114.109,22.3964
3998,HK,"Hong Kong SAR, China",GDP per capita (current US$),2017,46160.429791493,East Asia & Pacific,High income,114.109,22.3964
3999,HK,"Hong Kong SAR, China",GDP per capita (current US$),2016,43734.1980702999,East Asia & Pacific,High income,114.109,22.3964
4000,HU,Hungary,GDP per capita (current US$),2025,25907.4743259406,Europe & Central Asia,High income,19.0408,47.4984
4001,HU,Hungary,GDP per capita (current US$),2024,23305.4482514359,Europe & Central Asia,High income,19.0408,47.4984
4002,HU,Hungary,GDP per capita (current US$),2023,22208.6509820466,Europe & Central Asia,High income,19.0408,47.4984
4003,HU,Hungary,GDP per capita (current US$),2022,18428.028825614,Europe & Central Asia,High income,19.0408,47.4984
4004,HU,Hungary,GDP per capita (current US$),2021,19030.628130329,Europe & Central Asia,High income,19.0408,47.4984
4005,HU,Hungary,GDP per capita (current US$),2020,16386.9308821258,Europe & Central Asia,High income,19.0408,47.4984
4006,HU,Hungary,GDP per capita (current US$),2019,17012.8598553199,Europe & Central Asia,High income,19.0408,47.4984
4007,HU,Hungary,GDP per capita (current US$),2018,16605.0570511887,Europe & Central Asia,High income,19.0408,47.4984
4008,HU,Hungary,GDP per capita (current US$),2017,14736.1668157258,Europe & Central Asia,High income,19.0408,47.4984
4009,HU,Hungary,GDP per capita (current US$),2016,13215.8605277789,Europe & Central Asia,High income,19.0408,47.4984
4010,IS,Iceland,GDP per capita (current US$),2025,98323.4849517418,Europe & Central Asia,High income,-21.8952,64.1353
4011,IS,Iceland,GDP per capita (current US$),2024,85863.1479330343,Europe & Central Asia,High income,-21.8952,64.1353
4012,IS,Iceland,GDP per capita (current US$),2023,82201.2908518078,Europe & Central Asia,High income,-21.8952,64.1353
4013,IS,Iceland,GDP per capita (current US$),2022,76376.9599334915,Europe & Central Asia,High income,-21.8952,64.1353
4014,IS,Iceland,GDP per capita (current US$),2021,70425.4064277273,Europe & Central Asia,High income,-21.8952,64.1353
4015,IS,Iceland,GDP per capita (current US$),2020,60127.9393575616,Europe & Central Asia,High income,-21.8952,64.1353
4016,IS,Iceland,GDP per capita (current US$),2019,69296.3144361601,Europe & Central Asia,High income,-21.8952,64.1353
4017,IS,Iceland,GDP per capita (current US$),2018,75633.8651351915,Europe & Central Asia,High income,-21.8952,64.1353
4018,IS,Iceland,GDP per capita (current US$),2017,72976.3729990975,Europe & Central Asia,High income,-21.8952,64.1353
4019,IS,Iceland,GDP per capita (current US$),2016,62854.0906407932,Europe & Central Asia,High income,-21.8952,64.1353
4020,IN,India,GDP per capita (current US$),2025,2702.47987141553,South Asia,Lower middle income,77.225,28.6353
4021,IN,India,GDP per capita (current US$),2024,2591.9916607122,South Asia,Lower middle income,77.225,28.6353
4022,IN,India,GDP per capita (current US$),2023,2434.44826340989,South Asia,Lower middle income,77.225,28.6353
4023,IN,India,GDP per capita (current US$),2022,2279.98145719369,South Asia,Lower middle income,77.225,28.6353
4024,IN,India,GDP per capita (current US$),2021,2239.61384367482,South Asia,Lower middle income,77.225,28.6353
4025,IN,India,GDP per capita (current US$),2020,1907.04251637669,South Asia,Lower middle income,77.225,28.6353
4026,IN,India,GDP per capita (current US$),2019,2041.42863698585,South Asia,Lower middle income,77.225,28.6353
4027,IN,India,GDP per capita (current US$),2018,1966.25455171679,South Asia,Lower middle income,77.225,28.6353
4028,IN,India,GDP per capita (current US$),2017,1950.10468280866,South Asia,Lower middle income,77.225,28.6353
4029,IN,India,GDP per capita (current US$),2016,1707.50892912243,South Asia,Lower middle income,77.225,28.6353
4030,ID,Indonesia,GDP per capita (current US$),2025,5059.62596411213,East Asia & Pacific,Upper middle income,106.83,-6.19752
4031,ID,Indonesia,GDP per capita (current US$),2024,4925.43644992666,East Asia & Pacific,Upper middle income,106.83,-6.19752
4032,ID,Indonesia,GDP per capita (current US$),2023,4876.2992959843,East Asia & Pacific,Upper middle income,106.83,-6.19752
4033,ID,Indonesia,GDP per capita (current US$),2022,4730.83484836107,East Asia & Pacific,Upper middle income,106.83,-6.19752
4034,ID,Indonesia,GDP per capita (current US$),2021,4287.17313995098,East Asia & Pacific,Upper middle income,106.83,-6.19752
4035,ID,Indonesia,GDP per capita (current US$),2020,3853.70288774146,East Asia & Pacific,Upper middle income,106.83,-6.19752
4036,ID,Indonesia,GDP per capita (current US$),2019,4106.94856160358,East Asia & Pacific,Upper middle income,106.83,-6.19752
4037,ID,Indonesia,GDP per capita (current US$),2018,3860.95353090726,East Asia & Pacific,Upper middle income,106.83,-6.19752
4038,ID,Indonesia,GDP per capita (current US$),2017,3798.88326174526,East Asia & Pacific,Upper middle income,106.83,-6.19752
4039,ID,Indonesia,GDP per capita (current US$),2016,3521.46943457574,East Asia & Pacific,Upper middle income,106.83,-6.19752
4040,IR,"Iran, Islamic Rep.",GDP per capita (current US$),2025,3924.38017821898,"Middle East, North Africa, Afghanistan & Pakistan",Upper middle income,51.4447,35.6878
4041,IR,"Iran, Islamic Rep.",GDP per capita (current US$),2024,5190.16959024821,"Middle East, North Africa, Afghanistan & Pakistan",Upper middle income,51.4447,35.6878
4042,IR,"Iran, Islamic Rep.",GDP per capita (current US$),2023,5049.29931642754,"Middle East, North Africa, Afghanistan & Pakistan",Upper middle income,51.4447,35.6878
4043,IR,"Iran, Islamic Rep.",GDP per capita (current US$),2022,4721.20437099984,"Middle East, North Africa, Afghanistan & Pakistan",Upper middle income,51.4447,35.6878
4044,IR,"Iran, Islamic Rep.",GDP per capita (current US$),2021,4605.14881318992,"Middle East, North Africa, Afghanistan & Pakistan",Upper middle income,51.4447,35.6878
4045,IR,"Iran, Islamic Rep.",GDP per capita (current US$),2020,3202.50003502169,"Middle East, North Africa, Afghanistan & Pakistan",Upper middle income,51.4447,35.6878
4046,IR,"Iran, Islamic Rep.",GDP per capita (current US$),2019,3997.4935449585,"Middle East, North Africa, Afghanistan & Pakistan",Upper middle income,51.4447,35.6878
4047,IR,"Iran, Islamic Rep.",GDP per capita (current US$),2018,4783.01067340237,"Middle East, North Africa, Afghanistan & Pakistan",Upper middle income,51.4447,35.6878
4048,IR,"Iran, Islamic Rep.",GDP per capita (current US$),2017,6000.93346404409,"Middle East, North Africa, Afghanistan & Pakistan",Upper middle income,51.4447,35.6878
4049,IR,"Iran, Islamic Rep.",GDP per capita (current US$),2016,5710.59947089104,"Middle East, North Africa, Afghanistan & Pakistan",Upper middle income,51.4447,35.6878
4050,IQ,Iraq,GDP per capita (current US$),2025,5409.67899716967,"Middle East, North Africa, Afghanistan & Pakistan",Upper middle income,44.394,33.3302
4051,IQ,Iraq,GDP per capita (current US$),2024,6073.61032342708,"Middle East, North Africa, Afghanistan & Pakistan",Upper middle income,44.394,33.3302
4052,IQ,Iraq,GDP per capita (current US$),2023,5965.31835077761,"Middle East, North Africa, Afghanistan & Pakistan",Upper middle income,44.394,33.3302
4053,IQ,Iraq,GDP per capita (current US$),2022,6520.73154560584,"Middle East, North Africa, Afghanistan & Pakistan",Upper middle income,44.394,33.3302
4054,IQ,Iraq,GDP per capita (current US$),2021,4868.49431080783,"Middle East, North Africa, Afghanistan & Pakistan",Upper middle income,44.394,33.3302
4055,IQ,Iraq,GDP per capita (current US$),2020,4295.18945121228,"Middle East, North Africa, Afghanistan & Pakistan",Upper middle income,44.394,33.3302
4056,IQ,Iraq,GDP per capita (current US$),2019,5671.8568632942,"Middle East, North Africa, Afghanistan & Pakistan",Upper middle income,44.394,33.3302
4057,IQ,Iraq,GDP per capita (current US$),2018,5646.68932074742,"Middle East, North Africa, Afghanistan & Pakistan",Upper middle income,44.394,33.3302
4058,IQ,Iraq,GDP per capita (current US$),2017,4759.2846435467,"Middle East, North Africa, Afghanistan & Pakistan",Upper middle income,44.394,33.3302
4059,IQ,Iraq,GDP per capita (current US$),2016,4334.42096404188,"Middle East, North Africa, Afghanistan & Pakistan",Upper middle income,44.394,33.3302
4060,IE,Ireland,GDP per capita (current US$),2025,131592.462547877,Europe & Central Asia,High income,-6.26749,53.3441
4061,IE,Ireland,GDP per capita (current US$),2024,112894.953240805,Europe & Central Asia,High income,-6.26749,53.3441
4062,IE,Ireland,GDP per capita (current US$),2023,106818.917130804,Europe & Central Asia,High income,-6.26749,53.3441
4063,IE,Ireland,GDP per capita (current US$),2022,105190.685952731,Europe & Central Asia,High income,-6.26749,53.3441
4064,IE,Ireland,GDP per capita (current US$),2021,103783.446284479,Europe & Central Asia,High income,-6.26749,53.3441
4065,IE,Ireland,GDP per capita (current US$),2020,86514.0706108754,Europe & Central Asia,High income,-6.26749,53.3441
4066,IE,Ireland,GDP per capita (current US$),2019,81827.6688873996,Europe & Central Asia,High income,-6.26749,53.3441
4067,IE,Ireland,GDP per capita (current US$),2018,80804.1123164826,Europe & Central Asia,High income,-6.26749,53.3441
4068,IE,Ireland,GDP per capita (current US$),2017,72161.4047531385,Europe & Central Asia,High income,-6.26749,53.3441
4069,IE,Ireland,GDP per capita (current US$),2016,64129.5571542383,Europe & Central Asia,High income,-6.26749,53.3441
4070,IM,Isle of Man,GDP per capita (current US$),2025,,Europe & Central Asia,High income,-4.47928,54.1509
4071,IM,Isle of Man,GDP per capita (current US$),2024,,Europe & Central Asia,High income,-4.47928,54.1509
4072,IM,Isle of Man,GDP per capita (current US$),2023,90015.2074234398,Europe & Central Asia,High income,-4.47928,54.1509
4073,IM,Isle of Man,GDP per capita (current US$),2022,88328.548125887,Europe & Central Asia,High income,-4.47928,54.1509
4074,IM,Isle of Man,GDP per capita (current US$),2021,94299.969348965,Europe & Central Asia,High income,-4.47928,54.1509
4075,IM,Isle of Man,GDP per capita (current US$),2020,79513.5330346598,Europe & Central Asia,High income,-4.47928,54.1509
4076,IM,Isle of Man,GDP per capita (current US$),2019,87127.5517977404,Europe & Central Asia,High income,-4.47928,54.1509
4077,IM,Isle of Man,GDP per capita (current US$),2018,89393.8244248812,Europe & Central Asia,High income,-4.47928,54.1509
4078,IM,Isle of Man,GDP per capita (current US$),2017,83481.3038489014,Europe & Central Asia,High income,-4.47928,54.1509
4079,IM,Isle of Man,GDP per capita (current US$),2016,82025.9454509241,Europe & Central Asia,High income,-4.47928,54.1509
4080,IL,Israel,GDP per capita (current US$),2025,60336.8477964194,"Middle East, North Africa, Afghanistan & Pakistan",High income,35.2035,31.7717
4081,IL,Israel,GDP per capita (current US$),2024,54216.5218142787,"Middle East, North Africa, Afghanistan & Pakistan",High income,35.2035,31.7717
4082,IL,Israel,GDP per capita (current US$),2023,52126.4489280033,"Middle East, North Africa, Afghanistan & Pakistan",High income,35.2035,31.7717
4083,IL,Israel,GDP per capita (current US$),2022,54947.2091250715,"Middle East, North Africa, Afghanistan & Pakistan",High income,35.2035,31.7717
4084,IL,Israel,GDP per capita (current US$),2021,52258.4693499398,"Middle East, North Africa, Afghanistan & Pakistan",High income,35.2035,31.7717
4085,IL,Israel,GDP per capita (current US$),2020,44590.8237253282,"Middle East, North Africa, Afghanistan & Pakistan",High income,35.2035,31.7717
4086,IL,Israel,GDP per capita (current US$),2019,44091.8678022544,"Middle East, North Africa, Afghanistan & Pakistan",High income,35.2035,31.7717
4087,IL,Israel,GDP per capita (current US$),2018,42269.3770257585,"Middle East, North Africa, Afghanistan & Pakistan",High income,35.2035,31.7717
4088,IL,Israel,GDP per capita (current US$),2017,41013.2575323519,"Middle East, North Africa, Afghanistan & Pakistan",High income,35.2035,31.7717
4089,IL,Israel,GDP per capita (current US$),2016,37571.2561196275,"Middle East, North Africa, Afghanistan & Pakistan",High income,35.2035,31.7717
4090,IT,Italy,GDP per capita (current US$),2025,43308.6403060733,Europe & Central Asia,High income,12.4823,41.8955
4091,IT,Italy,GDP per capita (current US$),2024,40429.6224047352,Europe & Central Asia,High income,12.4823,41.8955
4092,IT,Italy,GDP per capita (current US$),2023,39279.699782164,Europe & Central Asia,High income,12.4823,41.8955
4093,IT,Italy,GDP per capita (current US$),2022,35653.9042103495,Europe & Central Asia,High income,12.4823,41.8955
4094,IT,Italy,GDP per capita (current US$),2021,36852.5425414951,Europe & Central Asia,High income,12.4823,41.8955
4095,IT,Italy,GDP per capita (current US$),2020,32091.4866621366,Europe & Central Asia,High income,12.4823,41.8955
4096,IT,Italy,GDP per capita (current US$),2019,33812.788724868,Europe & Central Asia,High income,12.4823,41.8955
4097,IT,Italy,GDP per capita (current US$),2018,35062.3364176949,Europe & Central Asia,High income,12.4823,41.8955
4098,IT,Italy,GDP per capita (current US$),2017,32844.115660604,Europe & Central Asia,High income,12.4823,41.8955
4099,IT,Italy,GDP per capita (current US$),2016,31391.5692898108,Europe & Central Asia,High income,12.4823,41.8955
4100,JM,Jamaica,GDP per capita (current US$),2025,8002.92104076242,Latin America & Caribbean ,Upper middle income,-76.792,17.9927
4101,JM,Jamaica,GDP per capita (current US$),2024,7753.8119527678,Latin America & Caribbean ,Upper middle income,-76.792,17.9927
4102,JM,Jamaica,GDP per capita (current US$),2023,7542.39855849054,Latin America & Caribbean ,Upper middle income,-76.792,17.9927
4103,JM,Jamaica,GDP per capita (current US$),2022,6626.47502388538,Latin America & Caribbean ,Upper middle income,-76.792,17.9927
4104,JM,Jamaica,GDP per capita (current US$),2021,5625.67806271236,Latin America & Caribbean ,Upper middle income,-76.792,17.9927
4105,JM,Jamaica,GDP per capita (current US$),2020,5299.04530804283,Latin America & Caribbean ,Upper middle income,-76.792,17.9927
4106,JM,Jamaica,GDP per capita (current US$),2019,6030.68896415921,Latin America & Caribbean ,Upper middle income,-76.792,17.9927
4107,JM,Jamaica,GDP per capita (current US$),2018,5976.90362644337,Latin America & Caribbean ,Upper middle income,-76.792,17.9927
4108,JM,Jamaica,GDP per capita (current US$),2017,5605.43541173019,Latin America & Caribbean ,Upper middle income,-76.792,17.9927
4109,JM,Jamaica,GDP per capita (current US$),2016,5302.29553353854,Latin America & Caribbean ,Upper middle income,-76.792,17.9927
4110,JP,Japan,GDP per capita (current US$),2025,35951.0449549304,East Asia & Pacific,High income,139.77,35.67
4111,JP,Japan,GDP per capita (current US$),2024,33797.1014287876,East Asia & Pacific,High income,139.77,35.67
4112,JP,Japan,GDP per capita (current US$),2023,35215.003535366,East Asia & Pacific,High income,139.77,35.67
4113,JP,Japan,GDP per capita (current US$),2022,35548.2645222433,East Asia & Pacific,High income,139.77,35.67
4114,JP,Japan,GDP per capita (current US$),2021,41580.739040705,East Asia & Pacific,High income,139.77,35.67
4115,JP,Japan,GDP per capita (current US$),2020,41098.9739004553,East Asia & Pacific,High income,139.77,35.67
4116,JP,Japan,GDP per capita (current US$),2019,41424.8655601543,East Asia & Pacific,High income,139.77,35.67
4117,JP,Japan,GDP per capita (current US$),2018,40645.478086519,East Asia & Pacific,High income,139.77,35.67
4118,JP,Japan,GDP per capita (current US$),2017,39679.8635262948,East Asia & Pacific,High income,139.77,35.67
4119,JP,Japan,GDP per capita (current US$),2016,40214.9688631562,East Asia & Pacific,High income,139.77,35.67
4120,JO,Jordan,GDP per capita (current US$),2025,5347.77731384797,"Middle East, North Africa, Afghanistan & Pakistan",Upper middle income,35.9263,31.9497
4121,JO,Jordan,GDP per capita (current US$),2024,5073.92103605892,"Middle East, North Africa, Afghanistan & Pakistan",Upper middle income,35.9263,31.9497
4122,JO,Jordan,GDP per capita (current US$),2023,4906.23543006639,"Middle East, North Africa, Afghanistan & Pakistan",Upper middle income,35.9263,31.9497
4123,JO,Jordan,GDP per capita (current US$),2022,4754.41362207378,"Middle East, North Africa, Afghanistan & Pakistan",Upper middle income,35.9263,31.9497
4124,JO,Jordan,GDP per capita (current US$),2021,4581.71967230365,"Middle East, North Africa, Afghanistan & Pakistan",Upper middle income,35.9263,31.9497
4125,JO,Jordan,GDP per capita (current US$),2020,4411.48321838396,"Middle East, North Africa, Afghanistan & Pakistan",Upper middle income,35.9263,31.9497
4126,JO,Jordan,GDP per capita (current US$),2019,4557.79334729121,"Middle East, North Africa, Afghanistan & Pakistan",Upper middle income,35.9263,31.9497
4127,JO,Jordan,GDP per capita (current US$),2018,4533.97658437205,"Middle East, North Africa, Afghanistan & Pakistan",Upper middle income,35.9263,31.9497
4128,JO,Jordan,GDP per capita (current US$),2017,4449.34618076611,"Middle East, North Africa, Afghanistan & Pakistan",Upper middle income,35.9263,31.9497
4129,JO,Jordan,GDP per capita (current US$),2016,4366.06999647268,"Middle East, North Africa, Afghanistan & Pakistan",Upper middle income,35.9263,31.9497
4130,KZ,Kazakhstan,GDP per capita (current US$),2025,14692.1331757237,Europe & Central Asia,Upper middle income,71.4382,51.1879
4131,KZ,Kazakhstan,GDP per capita (current US$),2024,14154.6324958076,Europe & Central Asia,Upper middle income,71.4382,51.1879
4132,KZ,Kazakhstan,GDP per capita (current US$),2023,12879.4275257974,Europe & Central Asia,Upper middle income,71.4382,51.1879
4133,KZ,Kazakhstan,GDP per capita (current US$),2022,11255.3396437881,Europe & Central Asia,Upper middle income,71.4382,51.1879
4134,KZ,Kazakhstan,GDP per capita (current US$),2021,9983.60103576902,Europe & Central Asia,Upper middle income,71.4382,51.1879
4135,KZ,Kazakhstan,GDP per capita (current US$),2020,8781.50797787648,Europe & Central Asia,Upper middle income,71.4382,51.1879
4136,KZ,Kazakhstan,GDP per capita (current US$),2019,9457.12614657136,Europe & Central Asia,Upper middle income,71.4382,51.1879
4137,KZ,Kazakhstan,GDP per capita (current US$),2018,9472.48527327758,Europe & Central Asia,Upper middle income,71.4382,51.1879
4138,KZ,Kazakhstan,GDP per capita (current US$),2017,8943.08416791984,Europe & Central Asia,Upper middle income,71.4382,51.1879
4139,KZ,Kazakhstan,GDP per capita (current US$),2016,7475.56688689424,Europe & Central Asia,Upper middle income,71.4382,51.1879
4140,KE,Kenya,GDP per capita (current US$),2025,2362.86091198611,Sub-Saharan Africa ,Lower middle income,36.8126,-1.27975
4141,KE,Kenya,GDP per capita (current US$),2024,2133.46193404026,Sub-Saharan Africa ,Lower middle income,36.8126,-1.27975
4142,KE,Kenya,GDP per capita (current US$),2023,1942.58802756191,Sub-Saharan Africa ,Lower middle income,36.8126,-1.27975
4143,KE,Kenya,GDP per capita (current US$),2022,2109.56288513137,Sub-Saharan Africa ,Lower middle income,36.8126,-1.27975
4144,KE,Kenya,GDP per capita (current US$),2021,2061.35622089594,Sub-Saharan Africa ,Lower middle income,36.8126,-1.27975
4145,KE,Kenya,GDP per capita (current US$),2020,1927.66459027849,Sub-Saharan Africa ,Lower middle income,36.8126,-1.27975
4146,KE,Kenya,GDP per capita (current US$),2019,1960.40808854893,Sub-Saharan Africa ,Lower middle income,36.8126,-1.27975
4147,KE,Kenya,GDP per capita (current US$),2018,1836.45275528993,Sub-Saharan Africa ,Lower middle income,36.8126,-1.27975
4148,KE,Kenya,GDP per capita (current US$),2017,1667.48447230835,Sub-Saharan Africa ,Lower middle income,36.8126,-1.27975
4149,KE,Kenya,GDP per capita (current US$),2016,1554.12610314423,Sub-Saharan Africa ,Lower middle income,36.8126,-1.27975
4150,KI,Kiribati,GDP per capita (current US$),2025,2558.66636011102,East Asia & Pacific,Lower middle income,172.979,1.32905
4151,KI,Kiribati,GDP per capita (current US$),2024,2550.98377226188,East Asia & Pacific,Lower middle income,172.979,1.32905
4152,KI,Kiribati,GDP per capita (current US$),2023,2200.68918614289,East Asia & Pacific,Lower middle income,172.979,1.32905
4153,KI,Kiribati,GDP per capita (current US$),2022,2078.7648751855,East Asia & Pacific,Lower middle income,172.979,1.32905
4154,KI,Kiribati,GDP per capita (current US$),2021,2223.54147866465,East Asia & Pacific,Lower middle income,172.979,1.32905
4155,KI,Kiribati,GDP per capita (current US$),2020,1751.87199542272,East Asia & Pacific,Lower middle income,172.979,1.32905
4156,KI,Kiribati,GDP per capita (current US$),2019,1750.24040333237,East Asia & Pacific,Lower middle income,172.979,1.32905
4157,KI,Kiribati,GDP per capita (current US$),2018,1915.56002581991,East Asia & Pacific,Lower middle income,172.979,1.32905
4158,KI,Kiribati,GDP per capita (current US$),2017,1854.3326920967,East Asia & Pacific,Lower middle income,172.979,1.32905
4159,KI,Kiribati,GDP per capita (current US$),2016,1742.66799324117,East Asia & Pacific,Lower middle income,172.979,1.32905
4160,KP,"Korea, Dem. People's Rep.",GDP per capita (current US$),2025,,East Asia & Pacific,Low income,125.754,39.0319
4161,KP,"Korea, Dem. People's Rep.",GDP per capita (current US$),2024,,East Asia & Pacific,Low income,125.754,39.0319
4162,KP,"Korea, Dem. People's Rep.",GDP per capita (current US$),2023,,East Asia & Pacific,Low income,125.754,39.0319
4163,KP,"Korea, Dem. People's Rep.",GDP per capita (current US$),2022,,East Asia & Pacific,Low income,125.754,39.0319
4164,KP,"Korea, Dem. People's Rep.",GDP per capita (current US$),2021,,East Asia & Pacific,Low income,125.754,39.0319
4165,KP,"Korea, Dem. People's Rep.",GDP per capita (current US$),2020,,East Asia & Pacific,Low income,125.754,39.0319
4166,KP,"Korea, Dem. People's Rep.",GDP per capita (current US$),2019,,East Asia & Pacific,Low income,125.754,39.0319
4167,KP,"Korea, Dem. People's Rep.",GDP per capita (current US$),2018,,East Asia & Pacific,Low income,125.754,39.0319
4168,KP,"Korea, Dem. People's Rep.",GDP per capita (current US$),2017,,East Asia & Pacific,Low income,125.754,39.0319
4169,KP,"Korea, Dem. People's Rep.",GDP per capita (current US$),2016,,East Asia & Pacific,Low income,125.754,39.0319
4170,KR,"Korea, Rep.",GDP per capita (current US$),2025,36226.9663637512,East Asia & Pacific,High income,126.957,37.5323
4171,KR,"Korea, Rep.",GDP per capita (current US$),2024,36238.639908315,East Asia & Pacific,High income,126.957,37.5323
4172,KR,"Korea, Rep.",GDP per capita (current US$),2023,35674.095995632,East Asia & Pacific,High income,126.957,37.5323
4173,KR,"Korea, Rep.",GDP per capita (current US$),2022,34822.4048404971,East Asia & Pacific,High income,126.957,37.5323
4174,KR,"Korea, Rep.",GDP per capita (current US$),2021,37518.4635305697,East Asia & Pacific,High income,126.957,37.5323
4175,KR,"Korea, Rep.",GDP per capita (current US$),2020,33645.7719545073,East Asia & Pacific,High income,126.957,37.5323
4176,KR,"Korea, Rep.",GDP per capita (current US$),2019,33826.9443301597,East Asia & Pacific,High income,126.957,37.5323
4177,KR,"Korea, Rep.",GDP per capita (current US$),2018,35363.9508228687,East Asia & Pacific,High income,126.957,37.5323
4178,KR,"Korea, Rep.",GDP per capita (current US$),2017,33296.9845439195,East Asia & Pacific,High income,126.957,37.5323
4179,KR,"Korea, Rep.",GDP per capita (current US$),2016,30832.0628072516,East Asia & Pacific,High income,126.957,37.5323
4180,XK,Kosovo,GDP per capita (current US$),2025,7899.41841135202,Europe & Central Asia,Upper middle income,20.926,42.565
4181,XK,Kosovo,GDP per capita (current US$),2024,7026.6988128325,Europe & Central Asia,Upper middle income,20.926,42.565
4182,XK,Kosovo,GDP per capita (current US$),2023,6220.33213919344,Europe & Central Asia,Upper middle income,20.926,42.565
4183,XK,Kosovo,GDP per capita (current US$),2022,5298.1473871027,Europe & Central Asia,Upper middle income,20.926,42.565
4184,XK,Kosovo,GDP per capita (current US$),2021,5269.69946181439,Europe & Central Asia,Upper middle income,20.926,42.565
4185,XK,Kosovo,GDP per capita (current US$),2020,4320.58382547288,Europe & Central Asia,Upper middle income,20.926,42.565
4186,XK,Kosovo,GDP per capita (current US$),2019,4415.6992744623,Europe & Central Asia,Upper middle income,20.926,42.565
4187,XK,Kosovo,GDP per capita (current US$),2018,4384.18796440547,Europe & Central Asia,Upper middle income,20.926,42.565
4188,XK,Kosovo,GDP per capita (current US$),2017,4009.32022064732,Europe & Central Asia,Upper middle income,20.926,42.565
4189,XK,Kosovo,GDP per capita (current US$),2016,3759.44777525332,Europe & Central Asia,Upper middle income,20.926,42.565
4190,KW,Kuwait,GDP per capita (current US$),2025,32312.3119953634,"Middle East, North Africa, Afghanistan & Pakistan",High income,47.9824,29.3721
4191,KW,Kuwait,GDP per capita (current US$),2024,32855.7209688827,"Middle East, North Africa, Afghanistan & Pakistan",High income,47.9824,29.3721
4192,KW,Kuwait,GDP per capita (current US$),2023,34091.9714813002,"Middle East, North Africa, Afghanistan & Pakistan",High income,47.9824,29.3721
4193,KW,Kuwait,GDP per capita (current US$),2022,39981.7691035833,"Middle East, North Africa, Afghanistan & Pakistan",High income,47.9824,29.3721
4194,KW,Kuwait,GDP per capita (current US$),2021,34018.6342592913,"Middle East, North Africa, Afghanistan & Pakistan",High income,47.9824,29.3721
4195,KW,Kuwait,GDP per capita (current US$),2020,25236.0755848941,"Middle East, North Africa, Afghanistan & Pakistan",High income,47.9824,29.3721
4196,KW,Kuwait,GDP per capita (current US$),2019,31707.8737443551,"Middle East, North Africa, Afghanistan & Pakistan",High income,47.9824,29.3721
4197,KW,Kuwait,GDP per capita (current US$),2018,32067.9623756889,"Middle East, North Africa, Afghanistan & Pakistan",High income,47.9824,29.3721
4198,KW,Kuwait,GDP per capita (current US$),2017,29047.6536135703,"Middle East, North Africa, Afghanistan & Pakistan",High income,47.9824,29.3721
4199,KW,Kuwait,GDP per capita (current US$),2016,27323.6890735517,"Middle East, North Africa, Afghanistan & Pakistan",High income,47.9824,29.3721
4200,KG,Kyrgyz Republic,GDP per capita (current US$),2025,3080.96893823359,Europe & Central Asia,Lower middle income,74.6057,42.8851
4201,KG,Kyrgyz Republic,GDP per capita (current US$),2024,2514.81066933171,Europe & Central Asia,Lower middle income,74.6057,42.8851
4202,KG,Kyrgyz Republic,GDP per capita (current US$),2023,2138.22210211478,Europe & Central Asia,Lower middle income,74.6057,42.8851
4203,KG,Kyrgyz Republic,GDP per capita (current US$),2022,1739.72018344174,Europe & Central Asia,Lower middle income,74.6057,42.8851
4204,KG,Kyrgyz Republic,GDP per capita (current US$),2021,1349.99730650542,Europe & Central Asia,Lower middle income,74.6057,42.8851
4205,KG,Kyrgyz Republic,GDP per capita (current US$),2020,1229.51766602907,Europe & Central Asia,Lower middle income,74.6057,42.8851
4206,KG,Kyrgyz Republic,GDP per capita (current US$),2019,1421.99927504102,Europe & Central Asia,Lower middle income,74.6057,42.8851
4207,KG,Kyrgyz Republic,GDP per capita (current US$),2018,1283.5203037417,Europe & Central Asia,Lower middle income,74.6057,42.8851
4208,KG,Kyrgyz Republic,GDP per capita (current US$),2017,1221.39046807082,Europe & Central Asia,Lower middle income,74.6057,42.8851
4209,KG,Kyrgyz Republic,GDP per capita (current US$),2016,1103.27489428412,Europe & Central Asia,Lower middle income,74.6057,42.8851
4210,LA,Lao PDR,GDP per capita (current US$),2025,2324.76353098791,East Asia & Pacific,Lower middle income,102.177,18.5826
4211,LA,Lao PDR,GDP per capita (current US$),2024,2123.97909415109,East Asia & Pacific,Lower middle income,102.177,18.5826
4212,LA,Lao PDR,GDP per capita (current US$),2023,2066.94979776957,East Asia & Pacific,Lower middle income,102.177,18.5826
4213,LA,Lao PDR,GDP per capita (current US$),2022,2046.40440255621,East Asia & Pacific,Lower middle income,102.177,18.5826
4214,LA,Lao PDR,GDP per capita (current US$),2021,2526.05105018529,East Asia & Pacific,Lower middle income,102.177,18.5826
4215,LA,Lao PDR,GDP per capita (current US$),2020,2583.77730696131,East Asia & Pacific,Lower middle income,102.177,18.5826
4216,LA,Lao PDR,GDP per capita (current US$),2019,2589.32081035237,East Asia & Pacific,Lower middle income,102.177,18.5826
4217,LA,Lao PDR,GDP per capita (current US$),2018,2545.1075420815,East Asia & Pacific,Lower middle income,102.177,18.5826
4218,LA,Lao PDR,GDP per capita (current US$),2017,2432.43059478511,East Asia & Pacific,Lower middle income,102.177,18.5826
4219,LA,Lao PDR,GDP per capita (current US$),2016,2303.22156035363,East Asia & Pacific,Lower middle income,102.177,18.5826
4220,LV,Latvia,GDP per capita (current US$),2025,26311.9730706362,Europe & Central Asia,High income,24.1048,56.9465
4221,LV,Latvia,GDP per capita (current US$),2024,23578.9663562625,Europe & Central Asia,High income,24.1048,56.9465
4222,LV,Latvia,GDP per capita (current US$),2023,22710.2637544197,Europe & Central Asia,High income,24.1048,56.9465
4223,LV,Latvia,GDP per capita (current US$),2022,20221.103686109,Europe & Central Asia,High income,24.1048,56.9465
4224,LV,Latvia,GDP per capita (current US$),2021,20261.8887788916,Europe & Central Asia,High income,24.1048,56.9465
4225,LV,Latvia,GDP per capita (current US$),2020,17564.2321549354,Europe & Central Asia,High income,24.1048,56.9465
4226,LV,Latvia,GDP per capita (current US$),2019,17294.9751600969,Europe & Central Asia,High income,24.1048,56.9465
4227,LV,Latvia,GDP per capita (current US$),2018,17252.1710428626,Europe & Central Asia,High income,24.1048,56.9465
4228,LV,Latvia,GDP per capita (current US$),2017,15132.4958333982,Europe & Central Asia,High income,24.1048,56.9465
4229,LV,Latvia,GDP per capita (current US$),2016,13838.5266823272,Europe & Central Asia,High income,24.1048,56.9465
4230,LB,Lebanon,GDP per capita (current US$),2025,,"Middle East, North Africa, Afghanistan & Pakistan",Lower middle income,35.5134,33.8872
4231,LB,Lebanon,GDP per capita (current US$),2024,4473.27134441128,"Middle East, North Africa, Afghanistan & Pakistan",Lower middle income,35.5134,33.8872
4232,LB,Lebanon,GDP per capita (current US$),2023,3477.72489842684,"Middle East, North Africa, Afghanistan & Pakistan",Lower middle income,35.5134,33.8872
4233,LB,Lebanon,GDP per capita (current US$),2022,3654.35845534878,"Middle East, North Africa, Afghanistan & Pakistan",Lower middle income,35.5134,33.8872
4234,LB,Lebanon,GDP per capita (current US$),2021,4045.37391066234,"Middle East, North Africa, Afghanistan & Pakistan",Lower middle income,35.5134,33.8872
4235,LB,Lebanon,GDP per capita (current US$),2020,5561.19166950397,"Middle East, North Africa, Afghanistan & Pakistan",Lower middle income,35.5134,33.8872
4236,LB,Lebanon,GDP per capita (current US$),2019,8905.88005497437,"Middle East, North Africa, Afghanistan & Pakistan",Lower middle income,35.5134,33.8872
4237,LB,Lebanon,GDP per capita (current US$),2018,9174.53666204759,"Middle East, North Africa, Afghanistan & Pakistan",Lower middle income,35.5134,33.8872
4238,LB,Lebanon,GDP per capita (current US$),2017,8608.21084982387,"Middle East, North Africa, Afghanistan & Pakistan",Lower middle income,35.5134,33.8872
4239,LB,Lebanon,GDP per capita (current US$),2016,8089.012088155,"Middle East, North Africa, Afghanistan & Pakistan",Lower middle income,35.5134,33.8872
4240,LS,Lesotho,GDP per capita (current US$),2025,1088.96276223185,Sub-Saharan Africa ,Lower middle income,27.7167,-29.5208
4241,LS,Lesotho,GDP per capita (current US$),2024,1023.04227681523,Sub-Saharan Africa ,Lower middle income,27.7167,-29.5208
4242,LS,Lesotho,GDP per capita (current US$),2023,921.435141557056,Sub-Saharan Africa ,Lower middle income,27.7167,-29.5208
4243,LS,Lesotho,GDP per capita (current US$),2022,1030.12582947757,Sub-Saharan Africa ,Lower middle income,27.7167,-29.5208
4244,LS,Lesotho,GDP per capita (current US$),2021,1066.58645143823,Sub-Saharan Africa ,Lower middle income,27.7167,-29.5208
4245,LS,Lesotho,GDP per capita (current US$),2020,918.582574704447,Sub-Saharan Africa ,Lower middle income,27.7167,-29.5208
4246,LS,Lesotho,GDP per capita (current US$),2019,1082.05706777516,Sub-Saharan Africa ,Lower middle income,27.7167,-29.5208
4247,LS,Lesotho,GDP per capita (current US$),2018,1170.65569702819,Sub-Saharan Africa ,Lower middle income,27.7167,-29.5208
4248,LS,Lesotho,GDP per capita (current US$),2017,1069.36673247542,Sub-Saharan Africa ,Lower middle income,27.7167,-29.5208
4249,LS,Lesotho,GDP per capita (current US$),2016,992.491840678465,Sub-Saharan Africa ,Lower middle income,27.7167,-29.5208
4250,LR,Liberia,GDP per capita (current US$),2025,915.328972645548,Sub-Saharan Africa ,Low income,-10.7957,6.30039
4251,LR,Liberia,GDP per capita (current US$),2024,851.497723870206,Sub-Saharan Africa ,Low income,-10.7957,6.30039
4252,LR,Liberia,GDP per capita (current US$),2023,799.194470229642,Sub-Saharan Africa ,Low income,-10.7957,6.30039
4253,LR,Liberia,GDP per capita (current US$),2022,744.617175237387,Sub-Saharan Africa ,Low income,-10.7957,6.30039
4254,LR,Liberia,GDP per capita (current US$),2021,667.96610514319,Sub-Saharan Africa ,Low income,-10.7957,6.30039
4255,LR,Liberia,GDP per capita (current US$),2020,616.787867006715,Sub-Saharan Africa ,Low income,-10.7957,6.30039
4256,LR,Liberia,GDP per capita (current US$),2019,658.164180770507,Sub-Saharan Africa ,Low income,-10.7957,6.30039
4257,LR,Liberia,GDP per capita (current US$),2018,692.203127129794,Sub-Saharan Africa ,Low income,-10.7957,6.30039
4258,LR,Liberia,GDP per capita (current US$),2017,699.269095727404,Sub-Saharan Africa ,Low income,-10.7957,6.30039
4259,LR,Liberia,GDP per capita (current US$),2016,714.613063145659,Sub-Saharan Africa ,Low income,-10.7957,6.30039
4260,LY,Libya,GDP per capita (current US$),2025,6448.82415074121,"Middle East, North Africa, Afghanistan & Pakistan",Upper middle income,13.1072,32.8578
4261,LY,Libya,GDP per capita (current US$),2024,6569.16408678648,"Middle East, North Africa, Afghanistan & Pakistan",Upper middle income,13.1072,32.8578
4262,LY,Libya,GDP per capita (current US$),2023,6026.51518708812,"Middle East, North Africa, Afghanistan & Pakistan",Upper middle income,13.1072,32.8578
4263,LY,Libya,GDP per capita (current US$),2022,5986.63694851258,"Middle East, North Africa, Afghanistan & Pakistan",Upper middle income,13.1072,32.8578
4264,LY,Libya,GDP per capita (current US$),2021,4935.82787349801,"Middle East, North Africa, Afghanistan & Pakistan",Upper middle income,13.1072,32.8578
4265,LY,Libya,GDP per capita (current US$),2020,6650.33810585348,"Middle East, North Africa, Afghanistan & Pakistan",Upper middle income,13.1072,32.8578
4266,LY,Libya,GDP per capita (current US$),2019,9963.19489084483,"Middle East, North Africa, Afghanistan & Pakistan",Upper middle income,13.1072,32.8578
4267,LY,Libya,GDP per capita (current US$),2018,11196.5854810844,"Middle East, North Africa, Afghanistan & Pakistan",Upper middle income,13.1072,32.8578
4268,LY,Libya,GDP per capita (current US$),2017,9965.83236729757,"Middle East, North Africa, Afghanistan & Pakistan",Upper middle income,13.1072,32.8578
4269,LY,Libya,GDP per capita (current US$),2016,7525.80299308216,"Middle East, North Africa, Afghanistan & Pakistan",Upper middle income,13.1072,32.8578
4270,LI,Liechtenstein,GDP per capita (current US$),2025,,Europe & Central Asia,High income,9.52148,47.1411
4271,LI,Liechtenstein,GDP per capita (current US$),2024,220167.225473557,Europe & Central Asia,High income,9.52148,47.1411
4272,LI,Liechtenstein,GDP per capita (current US$),2023,206780.590353385,Europe & Central Asia,High income,9.52148,47.1411
4273,LI,Liechtenstein,GDP per capita (current US$),2022,188055.003235348,Europe & Central Asia,High income,9.52148,47.1411
4274,LI,Liechtenstein,GDP per capita (current US$),2021,201944.830335076,Europe & Central Asia,High income,9.52148,47.1411
4275,LI,Liechtenstein,GDP per capita (current US$),2020,164671.093553454,Europe & Central Asia,High income,9.52148,47.1411
4276,LI,Liechtenstein,GDP per capita (current US$),2019,166907.839305016,Europe & Central Asia,High income,9.52148,47.1411
4277,LI,Liechtenstein,GDP per capita (current US$),2018,174988.775083446,Europe & Central Asia,High income,9.52148,47.1411
4278,LI,Liechtenstein,GDP per capita (current US$),2017,170547.092298954,Europe & Central Asia,High income,9.52148,47.1411
4279,LI,Liechtenstein,GDP per capita (current US$),2016,165375.491396259,Europe & Central Asia,High income,9.52148,47.1411
4280,LT,Lithuania,GDP per capita (current US$),2025,32958.6706396386,Europe & Central Asia,High income,25.2799,54.6896
4281,LT,Lithuania,GDP per capita (current US$),2024,29603.7772588256,Europe & Central Asia,High income,25.2799,54.6896
4282,LT,Lithuania,GDP per capita (current US$),2023,27983.3658256887,Europe & Central Asia,High income,25.2799,54.6896
4283,LT,Lithuania,GDP per capita (current US$),2022,24946.5724005188,Europe & Central Asia,High income,25.2799,54.6896
4284,LT,Lithuania,GDP per capita (current US$),2021,23882.8668916753,Europe & Central Asia,High income,25.2799,54.6896
4285,LT,Lithuania,GDP per capita (current US$),2020,20428.6478157394,Europe & Central Asia,High income,25.2799,54.6896
4286,LT,Lithuania,GDP per capita (current US$),2019,19608.7943945553,Europe & Central Asia,High income,25.2799,54.6896
4287,LT,Lithuania,GDP per capita (current US$),2018,19247.2315367967,Europe & Central Asia,High income,25.2799,54.6896
4288,LT,Lithuania,GDP per capita (current US$),2017,16800.1510246099,Europe & Central Asia,High income,25.2799,54.6896
4289,LT,Lithuania,GDP per capita (current US$),2016,14934.2702840428,Europe & Central Asia,High income,25.2799,54.6896
4290,LU,Luxembourg,GDP per capita (current US$),2025,147252.179121515,Europe & Central Asia,High income,6.1296,49.61
4291,LU,Luxembourg,GDP per capita (current US$),2024,137781.681659123,Europe & Central Asia,High income,6.1296,49.61
4292,LU,Luxembourg,GDP per capita (current US$),2023,133230.619178899,Europe & Central Asia,High income,6.1296,49.61
4293,LU,Luxembourg,GDP per capita (current US$),2022,123719.658915996,Europe & Central Asia,High income,6.1296,49.61
4294,LU,Luxembourg,GDP per capita (current US$),2021,134965.815442152,Europe & Central Asia,High income,6.1296,49.61
4295,LU,Luxembourg,GDP per capita (current US$),2020,116860.02817236,Europe & Central Asia,High income,6.1296,49.61
4296,LU,Luxembourg,GDP per capita (current US$),2019,112696.649059674,Europe & Central Asia,High income,6.1296,49.61
4297,LU,Luxembourg,GDP per capita (current US$),2018,116926.759593905,Europe & Central Asia,High income,6.1296,49.61
4298,LU,Luxembourg,GDP per capita (current US$),2017,110193.213797228,Europe & Central Asia,High income,6.1296,49.61
4299,LU,Luxembourg,GDP per capita (current US$),2016,106899.293549552,Europe & Central Asia,High income,6.1296,49.61
4300,MO,"Macao SAR, China",GDP per capita (current US$),2025,75901.7461294198,East Asia & Pacific,High income,113.55,22.1667
4301,MO,"Macao SAR, China",GDP per capita (current US$),2024,72004.7437020733,East Asia & Pacific,High income,113.55,22.1667
4302,MO,"Macao SAR, China",GDP per capita (current US$),2023,67216.3631112124,East Asia & Pacific,High income,113.55,22.1667
4303,MO,"Macao SAR, China",GDP per capita (current US$),2022,36806.891255461,East Asia & Pacific,High income,113.55,22.1667
4304,MO,"Macao SAR, China",GDP per capita (current US$),2021,44884.8961602393,East Asia & Pacific,High income,113.55,22.1667
4305,MO,"Macao SAR, China",GDP per capita (current US$),2020,36883.6652578543,East Asia & Pacific,High income,113.55,22.1667
4306,MO,"Macao SAR, China",GDP per capita (current US$),2019,81882.6964523869,East Asia & Pacific,High income,113.55,22.1667
4307,MO,"Macao SAR, China",GDP per capita (current US$),2018,83588.2875009014,East Asia & Pacific,High income,113.55,22.1667
4308,MO,"Macao SAR, China",GDP per capita (current US$),2017,77570.9876166977,East Asia & Pacific,High income,113.55,22.1667
4309,MO,"Macao SAR, China",GDP per capita (current US$),2016,68911.6755919628,East Asia & Pacific,High income,113.55,22.1667
4310,MG,Madagascar,GDP per capita (current US$),2025,599.265294255357,Sub-Saharan Africa ,Low income,45.7167,-20.4667
4311,MG,Madagascar,GDP per capita (current US$),2024,550.37875528856,Sub-Saharan Africa ,Low income,45.7167,-20.4667
4312,MG,Madagascar,GDP per capita (current US$),2023,514.064076551927,Sub-Saharan Africa ,Low income,45.7167,-20.4667
4313,MG,Madagascar,GDP per capita (current US$),2022,504.059106969168,Sub-Saharan Africa ,Low income,45.7167,-20.4667
4314,MG,Madagascar,GDP per capita (current US$),2021,483.469463351195,Sub-Saharan Africa ,Low income,45.7167,-20.4667
4315,MG,Madagascar,GDP per capita (current US$),2020,450.771615205157,Sub-Saharan Africa ,Low income,45.7167,-20.4667
4316,MG,Madagascar,GDP per capita (current US$),2019,499.818837622534,Sub-Saharan Africa ,Low income,45.7167,-20.4667
4317,MG,Madagascar,GDP per capita (current US$),2018,500.45718552916,Sub-Saharan Africa ,Low income,45.7167,-20.4667
4318,MG,Madagascar,GDP per capita (current US$),2017,491.866848718929,Sub-Saharan Africa ,Low income,45.7167,-20.4667
4319,MG,Madagascar,GDP per capita (current US$),2016,453.970714522463,Sub-Saharan Africa ,Low income,45.7167,-20.4667
4320,MW,Malawi,GDP per capita (current US$),2025,671.506847203876,Sub-Saharan Africa ,Low income,33.7703,-13.9899
4321,MW,Malawi,GDP per capita (current US$),2024,522.365366146003,Sub-Saharan Africa ,Low income,33.7703,-13.9899
4322,MW,Malawi,GDP per capita (current US$),2023,633.214767978695,Sub-Saharan Africa ,Low income,33.7703,-13.9899
4323,MW,Malawi,GDP per capita (current US$),2022,604.269740360317,Sub-Saharan Africa ,Low income,33.7703,-13.9899
4324,MW,Malawi,GDP per capita (current US$),2021,617.446994451007,Sub-Saharan Africa ,Low income,33.7703,-13.9899
4325,MW,Malawi,GDP per capita (current US$),2020,602.507478176106,Sub-Saharan Africa ,Low income,33.7703,-13.9899
4326,MW,Malawi,GDP per capita (current US$),2019,580.889139762475,Sub-Saharan Africa ,Low income,33.7703,-13.9899
4327,MW,Malawi,GDP per capita (current US$),2018,533.202567189331,Sub-Saharan Africa ,Low income,33.7703,-13.9899
4328,MW,Malawi,GDP per capita (current US$),2017,495.769683367165,Sub-Saharan Africa ,Low income,33.7703,-13.9899
4329,MW,Malawi,GDP per capita (current US$),2016,450.506105510719,Sub-Saharan Africa ,Low income,33.7703,-13.9899
4330,MY,Malaysia,GDP per capita (current US$),2025,13124.5554178269,East Asia & Pacific,Upper middle income,101.684,3.12433
4331,MY,Malaysia,GDP per capita (current US$),2024,11874.4273684245,East Asia & Pacific,Upper middle income,101.684,3.12433
4332,MY,Malaysia,GDP per capita (current US$),2023,11386.0395636528,East Asia & Pacific,Upper middle income,101.684,3.12433
4333,MY,Malaysia,GDP per capita (current US$),2022,11754.5678336248,East Asia & Pacific,Upper middle income,101.684,3.12433
4334,MY,Malaysia,GDP per capita (current US$),2021,10903.1037480772,East Asia & Pacific,Upper middle income,101.684,3.12433
4335,MY,Malaysia,GDP per capita (current US$),2020,9957.52626697613,East Asia & Pacific,Upper middle income,101.684,3.12433
4336,MY,Malaysia,GDP per capita (current US$),2019,10920.191763972,East Asia & Pacific,Upper middle income,101.684,3.12433
4337,MY,Malaysia,GDP per capita (current US$),2018,10901.8019954421,East Asia & Pacific,Upper middle income,101.684,3.12433
4338,MY,Malaysia,GDP per capita (current US$),2017,9862.54806612235,East Asia & Pacific,Upper middle income,101.684,3.12433
4339,MY,Malaysia,GDP per capita (current US$),2016,9476.53409809923,East Asia & Pacific,Upper middle income,101.684,3.12433
4340,MV,Maldives,GDP per capita (current US$),2025,14614.7208116541,South Asia,Upper middle income,73.5109,4.1742
4341,MV,Maldives,GDP per capita (current US$),2024,13379.3513577224,South Asia,Upper middle income,73.5109,4.1742
4342,MV,Maldives,GDP per capita (current US$),2023,12587.6126038651,South Asia,Upper middle income,73.5109,4.1742
4343,MV,Maldives,GDP per capita (current US$),2022,11786.0191492983,South Asia,Upper middle income,73.5109,4.1742
4344,MV,Maldives,GDP per capita (current US$),2021,10176.143882547,South Asia,Upper middle income,73.5109,4.1742
4345,MV,Maldives,GDP per capita (current US$),2020,7393.8886543933,South Asia,Upper middle income,73.5109,4.1742
4346,MV,Maldives,GDP per capita (current US$),2019,11740.2724029785,South Asia,Upper middle income,73.5109,4.1742
4347,MV,Maldives,GDP per capita (current US$),2018,11423.2838427029,South Asia,Upper middle income,73.5109,4.1742
4348,MV,Maldives,GDP per capita (current US$),2017,10509.628805812,South Asia,Upper middle income,73.5109,4.1742
4349,MV,Maldives,GDP per capita (current US$),2016,9947.80744731739,South Asia,Upper middle income,73.5109,4.1742
4350,ML,Mali,GDP per capita (current US$),2025,1193.27601004701,Sub-Saharan Africa ,Low income,-7.50034,13.5667
4351,ML,Mali,GDP per capita (current US$),2024,1093.2523323649,Sub-Saharan Africa ,Low income,-7.50034,13.5667
4352,ML,Mali,GDP per capita (current US$),2023,1042.44223444837,Sub-Saharan Africa ,Low income,-7.50034,13.5667
4353,ML,Mali,GDP per capita (current US$),2022,976.914116406452,Sub-Saharan Africa ,Low income,-7.50034,13.5667
4354,ML,Mali,GDP per capita (current US$),2021,1027.27345365357,Sub-Saharan Africa ,Low income,-7.50034,13.5667
4355,ML,Mali,GDP per capita (current US$),2020,953.242943290974,Sub-Saharan Africa ,Low income,-7.50034,13.5667
4356,ML,Mali,GDP per capita (current US$),2019,971.949318638092,Sub-Saharan Africa ,Low income,-7.50034,13.5667
4357,ML,Mali,GDP per capita (current US$),2018,996.379292136901,Sub-Saharan Africa ,Low income,-7.50034,13.5667
4358,ML,Mali,GDP per capita (current US$),2017,924.057531692284,Sub-Saharan Africa ,Low income,-7.50034,13.5667
4359,ML,Mali,GDP per capita (current US$),2016,872.468587171653,Sub-Saharan Africa ,Low income,-7.50034,13.5667
4360,MT,Malta,GDP per capita (current US$),2025,47906.9000057635,"Middle East, North Africa, Afghanistan & Pakistan",High income,14.5189,35.9042
4361,MT,Malta,GDP per capita (current US$),2024,44023.6341078148,"Middle East, North Africa, Afghanistan & Pakistan",High income,14.5189,35.9042
4362,MT,Malta,GDP per capita (current US$),2023,40932.5238774461,"Middle East, North Africa, Afghanistan & Pakistan",High income,14.5189,35.9042
4363,MT,Malta,GDP per capita (current US$),2022,35658.8318250199,"Middle East, North Africa, Afghanistan & Pakistan",High income,14.5189,35.9042
4364,MT,Malta,GDP per capita (current US$),2021,38078.0064279067,"Middle East, North Africa, Afghanistan & Pakistan",High income,14.5189,35.9042
4365,MT,Malta,GDP per capita (current US$),2020,31823.422001724,"Middle East, North Africa, Afghanistan & Pakistan",High income,14.5189,35.9042
4366,MT,Malta,GDP per capita (current US$),2019,32421.9087471186,"Middle East, North Africa, Afghanistan & Pakistan",High income,14.5189,35.9042
4367,MT,Malta,GDP per capita (current US$),2018,33382.280781103,"Middle East, North Africa, Afghanistan & Pakistan",High income,14.5189,35.9042
4368,MT,Malta,GDP per capita (current US$),2017,30317.2611769875,"Middle East, North Africa, Afghanistan & Pakistan",High income,14.5189,35.9042
4369,MT,Malta,GDP per capita (current US$),2016,26459.0644285369,"Middle East, North Africa, Afghanistan & Pakistan",High income,14.5189,35.9042
4370,MH,Marshall Islands,GDP per capita (current US$),2025,8489.05793506422,East Asia & Pacific,Upper middle income,171.135,7.11046
4371,MH,Marshall Islands,GDP per capita (current US$),2024,7590.28443592202,East Asia & Pacific,Upper middle income,171.135,7.11046
4372,MH,Marshall Islands,GDP per capita (current US$),2023,6799.39217554794,East Asia & Pacific,Upper middle income,171.135,7.11046
4373,MH,Marshall Islands,GDP per capita (current US$),2022,6455.6603538189,East Asia & Pacific,Upper middle income,171.135,7.11046
4374,MH,Marshall Islands,GDP per capita (current US$),2021,6315.31172190393,East Asia & Pacific,Upper middle income,171.135,7.11046
4375,MH,Marshall Islands,GDP per capita (current US$),2020,5661.96787336674,East Asia & Pacific,Upper middle income,171.135,7.11046
4376,MH,Marshall Islands,GDP per capita (current US$),2019,5292.33985502306,East Asia & Pacific,Upper middle income,171.135,7.11046
4377,MH,Marshall Islands,GDP per capita (current US$),2018,4858.12079054875,East Asia & Pacific,Upper middle income,171.135,7.11046
4378,MH,Marshall Islands,GDP per capita (current US$),2017,4592.83457628576,East Asia & Pacific,Upper middle income,171.135,7.11046
4379,MH,Marshall Islands,GDP per capita (current US$),2016,4229.80988911945,East Asia & Pacific,Upper middle income,171.135,7.11046
4380,MR,Mauritania,GDP per capita (current US$),2025,2197.51046251309,Sub-Saharan Africa ,Lower middle income,-15.9824,18.2367
4381,MR,Mauritania,GDP per capita (current US$),2024,2104.54260769051,Sub-Saharan Africa ,Lower middle income,-15.9824,18.2367
4382,MR,Mauritania,GDP per capita (current US$),2023,2127.9576285973,Sub-Saharan Africa ,Lower middle income,-15.9824,18.2367
4383,MR,Mauritania,GDP per capita (current US$),2022,1961.28166648869,Sub-Saharan Africa ,Lower middle income,-15.9824,18.2367
4384,MR,Mauritania,GDP per capita (current US$),2021,1947.47413907209,Sub-Saharan Africa ,Lower middle income,-15.9824,18.2367
4385,MR,Mauritania,GDP per capita (current US$),2020,1795.72437324423,Sub-Saharan Africa ,Lower middle income,-15.9824,18.2367
4386,MR,Mauritania,GDP per capita (current US$),2019,1767.072710621,Sub-Saharan Africa ,Lower middle income,-15.9824,18.2367
4387,MR,Mauritania,GDP per capita (current US$),2018,1723.37809442655,Sub-Saharan Africa ,Lower middle income,-15.9824,18.2367
4388,MR,Mauritania,GDP per capita (current US$),2017,1617.93401542267,Sub-Saharan Africa ,Lower middle income,-15.9824,18.2367
4389,MR,Mauritania,GDP per capita (current US$),2016,1568.00551190332,Sub-Saharan Africa ,Lower middle income,-15.9824,18.2367
4390,MU,Mauritius,GDP per capita (current US$),2025,12991.2935987166,Sub-Saharan Africa ,Upper middle income,57.4977,-20.1605
4391,MU,Mauritius,GDP per capita (current US$),2024,11990.9355434317,Sub-Saharan Africa ,Upper middle income,57.4977,-20.1605
4392,MU,Mauritius,GDP per capita (current US$),2023,11269.9684462139,Sub-Saharan Africa ,Upper middle income,57.4977,-20.1605
4393,MU,Mauritius,GDP per capita (current US$),2022,10246.5017455553,Sub-Saharan Africa ,Upper middle income,57.4977,-20.1605
4394,MU,Mauritius,GDP per capita (current US$),2021,9177.71195973013,Sub-Saharan Africa ,Upper middle income,57.4977,-20.1605
4395,MU,Mauritius,GDP per capita (current US$),2020,9135.84773751062,Sub-Saharan Africa ,Upper middle income,57.4977,-20.1605
4396,MU,Mauritius,GDP per capita (current US$),2019,11568.2533399824,Sub-Saharan Africa ,Upper middle income,57.4977,-20.1605
4397,MU,Mauritius,GDP per capita (current US$),2018,11818.7480619272,Sub-Saharan Africa ,Upper middle income,57.4977,-20.1605
4398,MU,Mauritius,GDP per capita (current US$),2017,10986.7034093005,Sub-Saharan Africa ,Upper middle income,57.4977,-20.1605
4399,MU,Mauritius,GDP per capita (current US$),2016,10095.1225574156,Sub-Saharan Africa ,Upper middle income,57.4977,-20.1605
4400,MX,Mexico,GDP per capita (current US$),2025,13889.2339628708,Latin America & Caribbean ,Upper middle income,-99.1276,19.427
4401,MX,Mexico,GDP per capita (current US$),2024,13988.0423745241,Latin America & Caribbean ,Upper middle income,-99.1276,19.427
4402,MX,Mexico,GDP per capita (current US$),2023,13830.843848864,Latin America & Caribbean ,Upper middle income,-99.1276,19.427
4403,MX,Mexico,GDP per capita (current US$),2022,11405.7940469896,Latin America & Caribbean ,Upper middle income,-99.1276,19.427
4404,MX,Mexico,GDP per capita (current US$),2021,10314.0506733708,Latin America & Caribbean ,Upper middle income,-99.1276,19.427
4405,MX,Mexico,GDP per capita (current US$),2020,8841.27074929751,Latin America & Caribbean ,Upper middle income,-99.1276,19.427
4406,MX,Mexico,GDP per capita (current US$),2019,10369.5553593527,Latin America & Caribbean ,Upper middle income,-99.1276,19.427
4407,MX,Mexico,GDP per capita (current US$),2018,10084.7937570364,Latin America & Caribbean ,Upper middle income,-99.1276,19.427
4408,MX,Mexico,GDP per capita (current US$),2017,9649.27816729586,Latin America & Caribbean ,Upper middle income,-99.1276,19.427
4409,MX,Mexico,GDP per capita (current US$),2016,9097.92397674769,Latin America & Caribbean ,Upper middle income,-99.1276,19.427
4410,FM,"Micronesia, Fed. Sts.",GDP per capita (current US$),2025,4414.00737137479,East Asia & Pacific,Upper middle income,158.185,6.91771
4411,FM,"Micronesia, Fed. Sts.",GDP per capita (current US$),2024,4251.69052668788,East Asia & Pacific,Upper middle income,158.185,6.91771
4412,FM,"Micronesia, Fed. Sts.",GDP per capita (current US$),2023,3933.01607031874,East Asia & Pacific,Upper middle income,158.185,6.91771
4413,FM,"Micronesia, Fed. Sts.",GDP per capita (current US$),2022,3703.66680343222,East Asia & Pacific,Upper middle income,158.185,6.91771
4414,FM,"Micronesia, Fed. Sts.",GDP per capita (current US$),2021,3508.22314197664,East Asia & Pacific,Upper middle income,158.185,6.91771
4415,FM,"Micronesia, Fed. Sts.",GDP per capita (current US$),2020,3362.02802120524,East Asia & Pacific,Upper middle income,158.185,6.91771
4416,FM,"Micronesia, Fed. Sts.",GDP per capita (current US$),2019,3581.72684572278,East Asia & Pacific,Upper middle income,158.185,6.91771
4417,FM,"Micronesia, Fed. Sts.",GDP per capita (current US$),2018,3584.78377566896,East Asia & Pacific,Upper middle income,158.185,6.91771
4418,FM,"Micronesia, Fed. Sts.",GDP per capita (current US$),2017,3297.37580036719,East Asia & Pacific,Upper middle income,158.185,6.91771
4419,FM,"Micronesia, Fed. Sts.",GDP per capita (current US$),2016,2997.93719917488,East Asia & Pacific,Upper middle income,158.185,6.91771
4420,MD,Moldova,GDP per capita (current US$),2025,8621.71721623786,Europe & Central Asia,Upper middle income,28.8497,47.0167
4421,MD,Moldova,GDP per capita (current US$),2024,7578.90216348853,Europe & Central Asia,Upper middle income,28.8497,47.0167
4422,MD,Moldova,GDP per capita (current US$),2023,6799.58594644576,Europe & Central Asia,Upper middle income,28.8497,47.0167
4423,MD,Moldova,GDP per capita (current US$),2022,5744.29618434435,Europe & Central Asia,Upper middle income,28.8497,47.0167
4424,MD,Moldova,GDP per capita (current US$),2021,5274.60582195352,Europe & Central Asia,Upper middle income,28.8497,47.0167
4425,MD,Moldova,GDP per capita (current US$),2020,4375.7788930524,Europe & Central Asia,Upper middle income,28.8497,47.0167
4426,MD,Moldova,GDP per capita (current US$),2019,4405.33418162155,Europe & Central Asia,Upper middle income,28.8497,47.0167
4427,MD,Moldova,GDP per capita (current US$),2018,4156.44981956646,Europe & Central Asia,Upper middle income,28.8497,47.0167
4428,MD,Moldova,GDP per capita (current US$),2017,3453.26727720294,Europe & Central Asia,Upper middle income,28.8497,47.0167
4429,MD,Moldova,GDP per capita (current US$),2016,2847.08794770479,Europe & Central Asia,Upper middle income,28.8497,47.0167
4430,MC,Monaco,GDP per capita (current US$),2025,,Europe & Central Asia,High income,7.41891,43.7325
4431,MC,Monaco,GDP per capita (current US$),2024,288001.574856495,Europe & Central Asia,High income,7.41891,43.7325
4432,MC,Monaco,GDP per capita (current US$),2023,256799.911212051,Europe & Central Asia,High income,7.41891,43.7325
4433,MC,Monaco,GDP per capita (current US$),2022,226052.060664649,Europe & Central Asia,High income,7.41891,43.7325
4434,MC,Monaco,GDP per capita (current US$),2021,223823.327192464,Europe & Central Asia,High income,7.41891,43.7325
4435,MC,Monaco,GDP per capita (current US$),2020,176891.806328966,Europe & Central Asia,High income,7.41891,43.7325
4436,MC,Monaco,GDP per capita (current US$),2019,193746.729890885,Europe & Central Asia,High income,7.41891,43.7325
4437,MC,Monaco,GDP per capita (current US$),2018,188298.389694191,Europe & Central Asia,High income,7.41891,43.7325
4438,MC,Monaco,GDP per capita (current US$),2017,170663.470051177,Europe & Central Asia,High income,7.41891,43.7325
4439,MC,Monaco,GDP per capita (current US$),2016,173604.669723126,Europe & Central Asia,High income,7.41891,43.7325
4440,MN,Mongolia,GDP per capita (current US$),2025,7108.22743246244,East Asia & Pacific,Upper middle income,106.937,47.9129
4441,MN,Mongolia,GDP per capita (current US$),2024,6750.6301157724,East Asia & Pacific,Upper middle income,106.937,47.9129
4442,MN,Mongolia,GDP per capita (current US$),2023,5838.63108083902,East Asia & Pacific,Upper middle income,106.937,47.9129
4443,MN,Mongolia,GDP per capita (current US$),2022,4993.51487463495,East Asia & Pacific,Upper middle income,106.937,47.9129
4444,MN,Mongolia,GDP per capita (current US$),2021,4517.61578018785,East Asia & Pacific,Upper middle income,106.937,47.9129
4445,MN,Mongolia,GDP per capita (current US$),2020,4001.25193077703,East Asia & Pacific,Upper middle income,106.937,47.9129
4446,MN,Mongolia,GDP per capita (current US$),2019,4347.54610314873,East Asia & Pacific,Upper middle income,106.937,47.9129
4447,MN,Mongolia,GDP per capita (current US$),2018,4107.64288528468,East Asia & Pacific,Upper middle income,106.937,47.9129
4448,MN,Mongolia,GDP per capita (current US$),2017,3645.96708669551,East Asia & Pacific,Upper middle income,106.937,47.9129
4449,MN,Mongolia,GDP per capita (current US$),2016,3619.90026383792,East Asia & Pacific,Upper middle income,106.937,47.9129
4450,ME,Montenegro,GDP per capita (current US$),2025,14816.8380299947,Europe & Central Asia,Upper middle income,19.2595,42.4602
4451,ME,Montenegro,GDP per capita (current US$),2024,13270.1824401005,Europe & Central Asia,Upper middle income,19.2595,42.4602
4452,ME,Montenegro,GDP per capita (current US$),2023,12258.1600477339,Europe & Central Asia,Upper middle income,19.2595,42.4602
4453,ME,Montenegro,GDP per capita (current US$),2022,10038.1849482517,Europe & Central Asia,Upper middle income,19.2595,42.4602
4454,ME,Montenegro,GDP per capita (current US$),2021,9315.86435643142,Europe & Central Asia,Upper middle income,19.2595,42.4602
4455,ME,Montenegro,GDP per capita (current US$),2020,7555.48699036321,Europe & Central Asia,Upper middle income,19.2595,42.4602
4456,ME,Montenegro,GDP per capita (current US$),2019,8749.25629734676,Europe & Central Asia,Upper middle income,19.2595,42.4602
4457,ME,Montenegro,GDP per capita (current US$),2018,8673.59469069858,Europe & Central Asia,Upper middle income,19.2595,42.4602
4458,ME,Montenegro,GDP per capita (current US$),2017,7674.2856571219,Europe & Central Asia,Upper middle income,19.2595,42.4602
4459,ME,Montenegro,GDP per capita (current US$),2016,6968.01202883651,Europe & Central Asia,Upper middle income,19.2595,42.4602
4460,MA,Morocco,GDP per capita (current US$),2025,4672.46826171875,"Middle East, North Africa, Afghanistan & Pakistan",Lower middle income,-6.8704,33.9905
4461,MA,Morocco,GDP per capita (current US$),2024,4153.1943359375,"Middle East, North Africa, Afghanistan & Pakistan",Lower middle income,-6.8704,33.9905
4462,MA,Morocco,GDP per capita (current US$),2023,3813.72607421875,"Middle East, North Africa, Afghanistan & Pakistan",Lower middle income,-6.8704,33.9905
4463,MA,Morocco,GDP per capita (current US$),2022,3463.1376953125,"Middle East, North Africa, Afghanistan & Pakistan",Lower middle income,-6.8704,33.9905
4464,MA,Morocco,GDP per capita (current US$),2021,3785.93627929688,"Middle East, North Africa, Afghanistan & Pakistan",Lower middle income,-6.8704,33.9905
4465,MA,Morocco,GDP per capita (current US$),2020,3268.0302734375,"Middle East, North Africa, Afghanistan & Pakistan",Lower middle income,-6.8704,33.9905
4466,MA,Morocco,GDP per capita (current US$),2019,3508.09765625,"Middle East, North Africa, Afghanistan & Pakistan",Lower middle income,-6.8704,33.9905
4467,MA,Morocco,GDP per capita (current US$),2018,3501.69799804688,"Middle East, North Africa, Afghanistan & Pakistan",Lower middle income,-6.8704,33.9905
4468,MA,Morocco,GDP per capita (current US$),2017,3296.52661132813,"Middle East, North Africa, Afghanistan & Pakistan",Lower middle income,-6.8704,33.9905
4469,MA,Morocco,GDP per capita (current US$),2016,3140.85546875,"Middle East, North Africa, Afghanistan & Pakistan",Lower middle income,-6.8704,33.9905
4470,MZ,Mozambique,GDP per capita (current US$),2025,626.914419215727,Sub-Saharan Africa ,Low income,32.5713,-25.9664
4471,MZ,Mozambique,GDP per capita (current US$),2024,656.976148587772,Sub-Saharan Africa ,Low income,32.5713,-25.9664
4472,MZ,Mozambique,GDP per capita (current US$),2023,622.191133245967,Sub-Saharan Africa ,Low income,32.5713,-25.9664
4473,MZ,Mozambique,GDP per capita (current US$),2022,578.273222184503,Sub-Saharan Africa ,Low income,32.5713,-25.9664
4474,MZ,Mozambique,GDP per capita (current US$),2021,509.907829475551,Sub-Saharan Africa ,Low income,32.5713,-25.9664
4475,MZ,Mozambique,GDP per capita (current US$),2020,462.433876479921,Sub-Saharan Africa ,Low income,32.5713,-25.9664
4476,MZ,Mozambique,GDP per capita (current US$),2019,519.09255091362,Sub-Saharan Africa ,Low income,32.5713,-25.9664
4477,MZ,Mozambique,GDP per capita (current US$),2018,517.507260258101,Sub-Saharan Africa ,Low income,32.5713,-25.9664
4478,MZ,Mozambique,GDP per capita (current US$),2017,470.93856305196,Sub-Saharan Africa ,Low income,32.5713,-25.9664
4479,MZ,Mozambique,GDP per capita (current US$),2016,441.489734819071,Sub-Saharan Africa ,Low income,32.5713,-25.9664
4480,MM,Myanmar,GDP per capita (current US$),2025,1488.87527836542,East Asia & Pacific,Lower middle income,95.9562,21.914
4481,MM,Myanmar,GDP per capita (current US$),2024,1359.05001560107,East Asia & Pacific,Lower middle income,95.9562,21.914
4482,MM,Myanmar,GDP per capita (current US$),2023,1233.19666209269,East Asia & Pacific,Lower middle income,95.9562,21.914
4483,MM,Myanmar,GDP per capita (current US$),2022,1158.05005034332,East Asia & Pacific,Lower middle income,95.9562,21.914
4484,MM,Myanmar,GDP per capita (current US$),2021,1242.72134419599,East Asia & Pacific,Lower middle income,95.9562,21.914
4485,MM,Myanmar,GDP per capita (current US$),2020,1490.21683548367,East Asia & Pacific,Lower middle income,95.9562,21.914
4486,MM,Myanmar,GDP per capita (current US$),2019,1425.98954211903,East Asia & Pacific,Lower middle income,95.9562,21.914
4487,MM,Myanmar,GDP per capita (current US$),2018,1298.21310320785,East Asia & Pacific,Lower middle income,95.9562,21.914
4488,MM,Myanmar,GDP per capita (current US$),2017,1272.82241830603,East Asia & Pacific,Lower middle income,95.9562,21.914
4489,MM,Myanmar,GDP per capita (current US$),2016,1229.19713515893,East Asia & Pacific,Lower middle income,95.9562,21.914
4490,NA,Namibia,GDP per capita (current US$),2025,4875.92558158247,Sub-Saharan Africa ,Lower middle income,17.0931,-22.5648
4491,NA,Namibia,GDP per capita (current US$),2024,4501.84849548225,Sub-Saharan Africa ,Lower middle income,17.0931,-22.5648
4492,NA,Namibia,GDP per capita (current US$),2023,4225.99102418102,Sub-Saharan Africa ,Lower middle income,17.0931,-22.5648
4493,NA,Namibia,GDP per capita (current US$),2022,4349.79908493314,Sub-Saharan Africa ,Lower middle income,17.0931,-22.5648
4494,NA,Namibia,GDP per capita (current US$),2021,4412.8355693052,Sub-Saharan Africa ,Lower middle income,17.0931,-22.5648
4495,NA,Namibia,GDP per capita (current US$),2020,3878.58982993966,Sub-Saharan Africa ,Lower middle income,17.0931,-22.5648
4496,NA,Namibia,GDP per capita (current US$),2019,4731.9210318831,Sub-Saharan Africa ,Lower middle income,17.0931,-22.5648
4497,NA,Namibia,GDP per capita (current US$),2018,5308.60813408705,Sub-Saharan Africa ,Lower middle income,17.0931,-22.5648
4498,NA,Namibia,GDP per capita (current US$),2017,5143.96072323076,Sub-Saharan Africa ,Lower middle income,17.0931,-22.5648
4499,NA,Namibia,GDP per capita (current US$),2016,4395.68776162376,Sub-Saharan Africa ,Lower middle income,17.0931,-22.5648
4500,NR,Naoero,GDP per capita (current US$),2025,14639.5046929186,East Asia & Pacific,High income,166.920867,-0.5477
4501,NR,Naoero,GDP per capita (current US$),2024,14048.163961344,East Asia & Pacific,High income,166.920867,-0.5477
4502,NR,Naoero,GDP per capita (current US$),2023,13602.6372112893,East Asia & Pacific,High income,166.920867,-0.5477
4503,NR,Naoero,GDP per capita (current US$),2022,15309.8345351924,East Asia & Pacific,High income,166.920867,-0.5477
4504,NR,Naoero,GDP per capita (current US$),2021,12748.1701249353,East Asia & Pacific,High income,166.920867,-0.5477
4505,NR,Naoero,GDP per capita (current US$),2020,10709.068810538,East Asia & Pacific,High income,166.920867,-0.5477
4506,NR,Naoero,GDP per capita (current US$),2019,10801.7705659635,East Asia & Pacific,High income,166.920867,-0.5477
4507,NR,Naoero,GDP per capita (current US$),2018,11413.7463016389,East Asia & Pacific,High income,166.920867,-0.5477
4508,NR,Naoero,GDP per capita (current US$),2017,9656.97976571484,East Asia & Pacific,High income,166.920867,-0.5477
4509,NR,Naoero,GDP per capita (current US$),2016,8748.15632605428,East Asia & Pacific,High income,166.920867,-0.5477
4510,NP,Nepal,GDP per capita (current US$),2025,1535.87781246307,South Asia,Lower middle income,85.3157,27.6939
4511,NP,Nepal,GDP per capita (current US$),2024,1460.28237984149,South Asia,Lower middle income,85.3157,27.6939
4512,NP,Nepal,GDP per capita (current US$),2023,1382.38300895424,South Asia,Lower middle income,85.3157,27.6939
4513,NP,Nepal,GDP per capita (current US$),2022,1385.91066002922,South Asia,Lower middle income,85.3157,27.6939
4514,NP,Nepal,GDP per capita (current US$),2021,1252.75076731986,South Asia,Lower middle income,85.3157,27.6939
4515,NP,Nepal,GDP per capita (current US$),2020,1154.21517578318,South Asia,Lower middle income,85.3157,27.6939
4516,NP,Nepal,GDP per capita (current US$),2019,1203.14294706401,South Asia,Lower middle income,85.3157,27.6939
4517,NP,Nepal,GDP per capita (current US$),2018,1179.19843190389,South Asia,Lower middle income,85.3157,27.6939
4518,NP,Nepal,GDP per capita (current US$),2017,1034.28374906846,South Asia,Lower middle income,85.3157,27.6939
4519,NP,Nepal,GDP per capita (current US$),2016,877.256454696737,South Asia,Lower middle income,85.3157,27.6939
4520,NL,Netherlands,GDP per capita (current US$),2025,73683.917132794,Europe & Central Asia,High income,4.89095,52.3738
4521,NL,Netherlands,GDP per capita (current US$),2024,67465.3208126875,Europe & Central Asia,High income,4.89095,52.3738
4522,NL,Netherlands,GDP per capita (current US$),2023,63515.6030780019,Europe & Central Asia,High income,4.89095,52.3738
4523,NL,Netherlands,GDP per capita (current US$),2022,59123.318556487,Europe & Central Asia,High income,4.89095,52.3738
4524,NL,Netherlands,GDP per capita (current US$),2021,60141.9880911492,Europe & Central Asia,High income,4.89095,52.3738
4525,NL,Netherlands,GDP per capita (current US$),2020,53467.9277413737,Europe & Central Asia,High income,4.89095,52.3738
4526,NL,Netherlands,GDP per capita (current US$),2019,53554.9007491475,Europe & Central Asia,High income,4.89095,52.3738
4527,NL,Netherlands,GDP per capita (current US$),2018,53955.0770024266,Europe & Central Asia,High income,4.89095,52.3738
4528,NL,Netherlands,GDP per capita (current US$),2017,49513.6817346384,Europe & Central Asia,High income,4.89095,52.3738
4529,NL,Netherlands,GDP per capita (current US$),2016,46808.5291492503,Europe & Central Asia,High income,4.89095,52.3738
4530,NC,New Caledonia,GDP per capita (current US$),2025,,East Asia & Pacific,High income,166.464,-22.2677
4531,NC,New Caledonia,GDP per capita (current US$),2024,29213.1923192946,East Asia & Pacific,High income,166.464,-22.2677
4532,NC,New Caledonia,GDP per capita (current US$),2023,33701.8923322781,East Asia & Pacific,High income,166.464,-22.2677
4533,NC,New Caledonia,GDP per capita (current US$),2022,33516.363085906,East Asia & Pacific,High income,166.464,-22.2677
4534,NC,New Caledonia,GDP per capita (current US$),2021,35311.5543551452,East Asia & Pacific,High income,166.464,-22.2677
4535,NC,New Caledonia,GDP per capita (current US$),2020,33270.330597637,East Asia & Pacific,High income,166.464,-22.2677
4536,NC,New Caledonia,GDP per capita (current US$),2019,33411.3358835672,East Asia & Pacific,High income,166.464,-22.2677
4537,NC,New Caledonia,GDP per capita (current US$),2018,34902.8968780031,East Asia & Pacific,High income,166.464,-22.2677
4538,NC,New Caledonia,GDP per capita (current US$),2017,32354.7102832901,East Asia & Pacific,High income,166.464,-22.2677
4539,NC,New Caledonia,GDP per capita (current US$),2016,30782.8544433514,East Asia & Pacific,High income,166.464,-22.2677
4540,NZ,New Zealand,GDP per capita (current US$),2025,49591.0405731713,East Asia & Pacific,High income,174.776,-41.2865
4541,NZ,New Zealand,GDP per capita (current US$),2024,49432.3626396797,East Asia & Pacific,High income,174.776,-41.2865
4542,NZ,New Zealand,GDP per capita (current US$),2023,49302.341876493,East Asia & Pacific,High income,174.776,-41.2865
4543,NZ,New Zealand,GDP per capita (current US$),2022,49141.6316294227,East Asia & Pacific,High income,174.776,-41.2865
4544,NZ,New Zealand,GDP per capita (current US$),2021,49902.154346032,East Asia & Pacific,High income,174.776,-41.2865
4545,NZ,New Zealand,GDP per capita (current US$),2020,42054.6743136586,East Asia & Pacific,High income,174.776,-41.2865
4546,NZ,New Zealand,GDP per capita (current US$),2019,42872.2681243427,East Asia & Pacific,High income,174.776,-41.2865
4547,NZ,New Zealand,GDP per capita (current US$),2018,43204.1305124872,East Asia & Pacific,High income,174.776,-41.2865
4548,NZ,New Zealand,GDP per capita (current US$),2017,42912.1537002148,East Asia & Pacific,High income,174.776,-41.2865
4549,NZ,New Zealand,GDP per capita (current US$),2016,40088.3205470499,East Asia & Pacific,High income,174.776,-41.2865
4550,NI,Nicaragua,GDP per capita (current US$),2025,3173.33724815085,Latin America & Caribbean ,Lower middle income,-86.2734,12.1475
4551,NI,Nicaragua,GDP per capita (current US$),2024,2847.87639497305,Latin America & Caribbean ,Lower middle income,-86.2734,12.1475
4552,NI,Nicaragua,GDP per capita (current US$),2023,2609.44491147975,Latin America & Caribbean ,Lower middle income,-86.2734,12.1475
4553,NI,Nicaragua,GDP per capita (current US$),2022,2322.89069619459,Latin America & Caribbean ,Lower middle income,-86.2734,12.1475
4554,NI,Nicaragua,GDP per capita (current US$),2021,2138.38573878237,Latin America & Caribbean ,Lower middle income,-86.2734,12.1475
4555,NI,Nicaragua,GDP per capita (current US$),2020,1938.44704754382,Latin America & Caribbean ,Lower middle income,-86.2734,12.1475
4556,NI,Nicaragua,GDP per capita (current US$),2019,1958.62051528095,Latin America & Caribbean ,Lower middle income,-86.2734,12.1475
4557,NI,Nicaragua,GDP per capita (current US$),2018,2035.16549390507,Latin America & Caribbean ,Lower middle income,-86.2734,12.1475
4558,NI,Nicaragua,GDP per capita (current US$),2017,2182.61380995674,Latin America & Caribbean ,Lower middle income,-86.2734,12.1475
4559,NI,Nicaragua,GDP per capita (current US$),2016,2131.68704828322,Latin America & Caribbean ,Lower middle income,-86.2734,12.1475
4560,NE,Niger,GDP per capita (current US$),2025,775.353622143879,Sub-Saharan Africa ,Low income,2.1073,13.514
4561,NE,Niger,GDP per capita (current US$),2024,729.856664168989,Sub-Saharan Africa ,Low income,2.1073,13.514
4562,NE,Niger,GDP per capita (current US$),2023,647.930108509567,Sub-Saharan Africa ,Low income,2.1073,13.514
4563,NE,Niger,GDP per capita (current US$),2022,613.614736429298,Sub-Saharan Africa ,Low income,2.1073,13.514
4564,NE,Niger,GDP per capita (current US$),2021,609.585703670137,Sub-Saharan Africa ,Low income,2.1073,13.514
4565,NE,Niger,GDP per capita (current US$),2020,575.451340306915,Sub-Saharan Africa ,Low income,2.1073,13.514
4566,NE,Niger,GDP per capita (current US$),2019,541.265819870273,Sub-Saharan Africa ,Low income,2.1073,13.514
4567,NE,Niger,GDP per capita (current US$),2018,576.927536415462,Sub-Saharan Africa ,Low income,2.1073,13.514
4568,NE,Niger,GDP per capita (current US$),2017,529.929418934868,Sub-Saharan Africa ,Low income,2.1073,13.514
4569,NE,Niger,GDP per capita (current US$),2016,499.910520068193,Sub-Saharan Africa ,Low income,2.1073,13.514
4570,NG,Nigeria,GDP per capita (current US$),2025,1224.25410237743,Sub-Saharan Africa ,Lower middle income,7.48906,9.05804
4571,NG,Nigeria,GDP per capita (current US$),2024,1084.16041805058,Sub-Saharan Africa ,Lower middle income,7.48906,9.05804
4572,NG,Nigeria,GDP per capita (current US$),2023,2138.76383718757,Sub-Saharan Africa ,Lower middle income,7.48906,9.05804
4573,NG,Nigeria,GDP per capita (current US$),2022,2899.16047469267,Sub-Saharan Africa ,Lower middle income,7.48906,9.05804
4574,NG,Nigeria,GDP per capita (current US$),2021,2787.48779220991,Sub-Saharan Africa ,Lower middle income,7.48906,9.05804
4575,NG,Nigeria,GDP per capita (current US$),2020,2797.184580679,Sub-Saharan Africa ,Lower middle income,7.48906,9.05804
4576,NG,Nigeria,GDP per capita (current US$),2019,3189.81286496183,Sub-Saharan Africa ,Lower middle income,7.48906,9.05804
4577,NG,Nigeria,GDP per capita (current US$),2018,2057.87944554011,Sub-Saharan Africa ,Lower middle income,7.48906,9.05804
4578,NG,Nigeria,GDP per capita (current US$),2017,1876.34027111773,Sub-Saharan Africa ,Lower middle income,7.48906,9.05804
4579,NG,Nigeria,GDP per capita (current US$),2016,2070.4127339595,Sub-Saharan Africa ,Lower middle income,7.48906,9.05804
4580,MK,North Macedonia,GDP per capita (current US$),2025,10489.9255355525,Europe & Central Asia,Upper middle income,21.4361,42.0024
4581,MK,North Macedonia,GDP per capita (current US$),2024,9291.8566035502,Europe & Central Asia,Upper middle income,21.4361,42.0024
4582,MK,North Macedonia,GDP per capita (current US$),2023,8674.35846327485,Europe & Central Asia,Upper middle income,21.4361,42.0024
4583,MK,North Macedonia,GDP per capita (current US$),2022,7606.2375253797,Europe & Central Asia,Upper middle income,21.4361,42.0024
4584,MK,North Macedonia,GDP per capita (current US$),2021,7620.80296977508,Europe & Central Asia,Upper middle income,21.4361,42.0024
4585,MK,North Macedonia,GDP per capita (current US$),2020,6659.59651070776,Europe & Central Asia,Upper middle income,21.4361,42.0024
4586,MK,North Macedonia,GDP per capita (current US$),2019,6718.85826635458,Europe & Central Asia,Upper middle income,21.4361,42.0024
4587,MK,North Macedonia,GDP per capita (current US$),2018,6713.98925398989,Europe & Central Asia,Upper middle income,21.4361,42.0024
4588,MK,North Macedonia,GDP per capita (current US$),2017,5955.2973863451,Europe & Central Asia,Upper middle income,21.4361,42.0024
4589,MK,North Macedonia,GDP per capita (current US$),2016,5598.48622617967,Europe & Central Asia,Upper middle income,21.4361,42.0024
4590,MP,Northern Mariana Islands,GDP per capita (current US$),2025,,East Asia & Pacific,High income,145.765,15.1935
4591,MP,Northern Mariana Islands,GDP per capita (current US$),2024,,East Asia & Pacific,High income,145.765,15.1935
4592,MP,Northern Mariana Islands,GDP per capita (current US$),2023,,East Asia & Pacific,High income,145.765,15.1935
4593,MP,Northern Mariana Islands,GDP per capita (current US$),2022,23785.754590043,East Asia & Pacific,High income,145.765,15.1935
4594,MP,Northern Mariana Islands,GDP per capita (current US$),2021,19455.50139424,East Asia & Pacific,High income,145.765,15.1935
4595,MP,Northern Mariana Islands,GDP per capita (current US$),2020,18220.8382427201,East Asia & Pacific,High income,145.765,15.1935
4596,MP,Northern Mariana Islands,GDP per capita (current US$),2019,24496.6652122421,East Asia & Pacific,High income,145.765,15.1935
4597,MP,Northern Mariana Islands,GDP per capita (current US$),2018,26509.3628379893,East Asia & Pacific,High income,145.765,15.1935
4598,MP,Northern Mariana Islands,GDP per capita (current US$),2017,31225.6049960968,East Asia & Pacific,High income,145.765,15.1935
4599,MP,Northern Mariana Islands,GDP per capita (current US$),2016,24225.474169342,East Asia & Pacific,High income,145.765,15.1935
4600,NO,Norway,GDP per capita (current US$),2025,94594.1929573987,Europe & Central Asia,High income,10.7387,59.9138
4601,NO,Norway,GDP per capita (current US$),2024,89888.9535204758,Europe & Central Asia,High income,10.7387,59.9138
4602,NO,Norway,GDP per capita (current US$),2023,90984.4087141111,Europe & Central Asia,High income,10.7387,59.9138
4603,NO,Norway,GDP per capita (current US$),2022,113122.130765691,Europe & Central Asia,High income,10.7387,59.9138
4604,NO,Norway,GDP per capita (current US$),2021,96442.5552173002,Europe & Central Asia,High income,10.7387,59.9138
4605,NO,Norway,GDP per capita (current US$),2020,71057.5879471399,Europe & Central Asia,High income,10.7387,59.9138
4606,NO,Norway,GDP per capita (current US$),2019,79329.3075190012,Europe & Central Asia,High income,10.7387,59.9138
4607,NO,Norway,GDP per capita (current US$),2018,85579.0776455494,Europe & Central Asia,High income,10.7387,59.9138
4608,NO,Norway,GDP per capita (current US$),2017,78771.2151264554,Europe & Central Asia,High income,10.7387,59.9138
4609,NO,Norway,GDP per capita (current US$),2016,73222.4006864905,Europe & Central Asia,High income,10.7387,59.9138
4610,OM,Oman,GDP per capita (current US$),2025,19947.3966227092,"Middle East, North Africa, Afghanistan & Pakistan",High income,58.5874,23.6105
4611,OM,Oman,GDP per capita (current US$),2024,20285.2272765262,"Middle East, North Africa, Afghanistan & Pakistan",High income,58.5874,23.6105
4612,OM,Oman,GDP per capita (current US$),2023,21027.7384572657,"Middle East, North Africa, Afghanistan & Pakistan",High income,58.5874,23.6105
4613,OM,Oman,GDP per capita (current US$),2022,23223.5829405935,"Middle East, North Africa, Afghanistan & Pakistan",High income,58.5874,23.6105
4614,OM,Oman,GDP per capita (current US$),2021,19403.4600160211,"Middle East, North Africa, Afghanistan & Pakistan",High income,58.5874,23.6105
4615,OM,Oman,GDP per capita (current US$),2020,16784.8630630058,"Middle East, North Africa, Afghanistan & Pakistan",High income,58.5874,23.6105
4616,OM,Oman,GDP per capita (current US$),2019,19180.1864152801,"Middle East, North Africa, Afghanistan & Pakistan",High income,58.5874,23.6105
4617,OM,Oman,GDP per capita (current US$),2018,19901.7615642016,"Middle East, North Africa, Afghanistan & Pakistan",High income,58.5874,23.6105
4618,OM,Oman,GDP per capita (current US$),2017,17820.0661809335,"Middle East, North Africa, Afghanistan & Pakistan",High income,58.5874,23.6105
4619,OM,Oman,GDP per capita (current US$),2016,17110.1897460545,"Middle East, North Africa, Afghanistan & Pakistan",High income,58.5874,23.6105
4620,PK,Pakistan,GDP per capita (current US$),2025,1595.90912252837,"Middle East, North Africa, Afghanistan & Pakistan",Lower middle income,72.8,30.5167
4621,PK,Pakistan,GDP per capita (current US$),2024,1479.47755241191,"Middle East, North Africa, Afghanistan & Pakistan",Lower middle income,72.8,30.5167
4622,PK,Pakistan,GDP per capita (current US$),2023,1360.32417758419,"Middle East, North Africa, Afghanistan & Pakistan",Lower middle income,72.8,30.5167
4623,PK,Pakistan,GDP per capita (current US$),2022,1538.3228133171,"Middle East, North Africa, Afghanistan & Pakistan",Lower middle income,72.8,30.5167
4624,PK,Pakistan,GDP per capita (current US$),2021,1455.31922370186,"Middle East, North Africa, Afghanistan & Pakistan",Lower middle income,72.8,30.5167
4625,PK,Pakistan,GDP per capita (current US$),2020,1278.39735206896,"Middle East, North Africa, Afghanistan & Pakistan",Lower middle income,72.8,30.5167
4626,PK,Pakistan,GDP per capita (current US$),2019,1390.41690981745,"Middle East, North Africa, Afghanistan & Pakistan",Lower middle income,72.8,30.5167
4627,PK,Pakistan,GDP per capita (current US$),2018,1569.33814626355,"Middle East, North Africa, Afghanistan & Pakistan",Lower middle income,72.8,30.5167
4628,PK,Pakistan,GDP per capita (current US$),2017,1519.23459514248,"Middle East, North Africa, Afghanistan & Pakistan",Lower middle income,72.8,30.5167
4629,PK,Pakistan,GDP per capita (current US$),2016,1424.69161195897,"Middle East, North Africa, Afghanistan & Pakistan",Lower middle income,72.8,30.5167
4630,PW,Palau,GDP per capita (current US$),2025,19532.3557719527,East Asia & Pacific,High income,134.479,7.34194
4631,PW,Palau,GDP per capita (current US$),2024,18169.0767165866,East Asia & Pacific,High income,134.479,7.34194
4632,PW,Palau,GDP per capita (current US$),2023,15578.3497630733,East Asia & Pacific,High income,134.479,7.34194
4633,PW,Palau,GDP per capita (current US$),2022,13934.951996171,East Asia & Pacific,High income,134.479,7.34194
4634,PW,Palau,GDP per capita (current US$),2021,13267.4877340719,East Asia & Pacific,High income,134.479,7.34194
4635,PW,Palau,GDP per capita (current US$),2020,14556.30954221,East Asia & Pacific,High income,134.479,7.34194
4636,PW,Palau,GDP per capita (current US$),2019,15841.8923474548,East Asia & Pacific,High income,134.479,7.34194
4637,PW,Palau,GDP per capita (current US$),2018,16179.877834849,East Asia & Pacific,High income,134.479,7.34194
4638,PW,Palau,GDP per capita (current US$),2017,16280.241199753,East Asia & Pacific,High income,134.479,7.34194
4639,PW,Palau,GDP per capita (current US$),2016,17043.6660673147,East Asia & Pacific,High income,134.479,7.34194
4640,PA,Panama,GDP per capita (current US$),2025,19789.7308555826,Latin America & Caribbean ,High income,-79.5188,8.99427
4641,PA,Panama,GDP per capita (current US$),2024,19161.218843129,Latin America & Caribbean ,High income,-79.5188,8.99427
4642,PA,Panama,GDP per capita (current US$),2023,18797.1933894611,Latin America & Caribbean ,High income,-79.5188,8.99427
4643,PA,Panama,GDP per capita (current US$),2022,17378.6070083597,Latin America & Caribbean ,High income,-79.5188,8.99427
4644,PA,Panama,GDP per capita (current US$),2021,15509.8069109784,Latin America & Caribbean ,High income,-79.5188,8.99427
4645,PA,Panama,GDP per capita (current US$),2020,13290.5608347594,Latin America & Caribbean ,High income,-79.5188,8.99427
4646,PA,Panama,GDP per capita (current US$),2019,16477.9066285687,Latin America & Caribbean ,High income,-79.5188,8.99427
4647,PA,Panama,GDP per capita (current US$),2018,16151.3273478476,Latin America & Caribbean ,High income,-79.5188,8.99427
4648,PA,Panama,GDP per capita (current US$),2017,15694.6297454295,Latin America & Caribbean ,High income,-79.5188,8.99427
4649,PA,Panama,GDP per capita (current US$),2016,14832.3611608191,Latin America & Caribbean ,High income,-79.5188,8.99427
4650,PG,Papua New Guinea,GDP per capita (current US$),2025,3019.5309140573,East Asia & Pacific,Lower middle income,147.194,-9.47357
4651,PG,Papua New Guinea,GDP per capita (current US$),2024,2912.4914068385,East Asia & Pacific,Lower middle income,147.194,-9.47357
4652,PG,Papua New Guinea,GDP per capita (current US$),2023,2966.06455045333,East Asia & Pacific,Lower middle income,147.194,-9.47357
4653,PG,Papua New Guinea,GDP per capita (current US$),2022,3102.29409730005,East Asia & Pacific,Lower middle income,147.194,-9.47357
4654,PG,Papua New Guinea,GDP per capita (current US$),2021,2607.97769973161,East Asia & Pacific,Lower middle income,147.194,-9.47357
4655,PG,Papua New Guinea,GDP per capita (current US$),2020,2429.61134585269,East Asia & Pacific,Lower middle income,147.194,-9.47357
4656,PG,Papua New Guinea,GDP per capita (current US$),2019,2575.77274140393,East Asia & Pacific,Lower middle income,147.194,-9.47357
4657,PG,Papua New Guinea,GDP per capita (current US$),2018,2566.36833735041,East Asia & Pacific,Lower middle income,147.194,-9.47357
4658,PG,Papua New Guinea,GDP per capita (current US$),2017,2477.76530986323,East Asia & Pacific,Lower middle income,147.194,-9.47357
4659,PG,Papua New Guinea,GDP per capita (current US$),2016,2316.39479758492,East Asia & Pacific,Lower middle income,147.194,-9.47357
4660,PY,Paraguay,GDP per capita (current US$),2025,7026.61906146401,Latin America & Caribbean ,Upper middle income,-57.6362,-25.3005
4661,PY,Paraguay,GDP per capita (current US$),2024,6456.60723068562,Latin America & Caribbean ,Upper middle income,-57.6362,-25.3005
4662,PY,Paraguay,GDP per capita (current US$),2023,6303.26495017292,Latin America & Caribbean ,Upper middle income,-57.6362,-25.3005
4663,PY,Paraguay,GDP per capita (current US$),2022,6189.10205375331,Latin America & Caribbean ,Upper middle income,-57.6362,-25.3005
4664,PY,Paraguay,GDP per capita (current US$),2021,5974.9057185863,Latin America & Caribbean ,Upper middle income,-57.6362,-25.3005
4665,PY,Paraguay,GDP per capita (current US$),2020,5365.47220721191,Latin America & Caribbean ,Upper middle income,-57.6362,-25.3005
4666,PY,Paraguay,GDP per capita (current US$),2019,5821.18199548637,Latin America & Caribbean ,Upper middle income,-57.6362,-25.3005
4667,PY,Paraguay,GDP per capita (current US$),2018,6258.44991640954,Latin America & Caribbean ,Upper middle income,-57.6362,-25.3005
4668,PY,Paraguay,GDP per capita (current US$),2017,6152.26711537703,Latin America & Caribbean ,Upper middle income,-57.6362,-25.3005
4669,PY,Paraguay,GDP per capita (current US$),2016,5775.1596339946,Latin America & Caribbean ,Upper middle income,-57.6362,-25.3005
4670,PE,Peru,GDP per capita (current US$),2025,9684.41170314988,Latin America & Caribbean ,Upper middle income,-77.0465,-12.0931
4671,PE,Peru,GDP per capita (current US$),2024,8526.29665719783,Latin America & Caribbean ,Upper middle income,-77.0465,-12.0931
4672,PE,Peru,GDP per capita (current US$),2023,7919.04634828547,Latin America & Caribbean ,Upper middle income,-77.0465,-12.0931
4673,PE,Peru,GDP per capita (current US$),2022,7353.74598721667,Latin America & Caribbean ,Upper middle income,-77.0465,-12.0931
4674,PE,Peru,GDP per capita (current US$),2021,6828.53422535638,Latin America & Caribbean ,Upper middle income,-77.0465,-12.0931
4675,PE,Peru,GDP per capita (current US$),2020,6133.32552410183,Latin America & Caribbean ,Upper middle income,-77.0465,-12.0931
4676,PE,Peru,GDP per capita (current US$),2019,7037.00803692604,Latin America & Caribbean ,Upper middle income,-77.0465,-12.0931
4677,PE,Peru,GDP per capita (current US$),2018,6978.49121548627,Latin America & Caribbean ,Upper middle income,-77.0465,-12.0931
4678,PE,Peru,GDP per capita (current US$),2017,6736.16693725487,Latin America & Caribbean ,Upper middle income,-77.0465,-12.0931
4679,PE,Peru,GDP per capita (current US$),2016,6217.03599995447,Latin America & Caribbean ,Upper middle income,-77.0465,-12.0931
4680,PH,Philippines,GDP per capita (current US$),2025,4170.72347271451,East Asia & Pacific,Upper middle income,121.035,14.5515
4681,PH,Philippines,GDP per capita (current US$),2024,3985.29464669706,East Asia & Pacific,Upper middle income,121.035,14.5515
4682,PH,Philippines,GDP per capita (current US$),2023,3804.08274131718,East Asia & Pacific,Upper middle income,121.035,14.5515
4683,PH,Philippines,GDP per capita (current US$),2022,3548.06930572116,East Asia & Pacific,Upper middle income,121.035,14.5515
4684,PH,Philippines,GDP per capita (current US$),2021,3484.38593882819,East Asia & Pacific,Upper middle income,121.035,14.5515
4685,PH,Philippines,GDP per capita (current US$),2020,3227.57910235199,East Asia & Pacific,Upper middle income,121.035,14.5515
4686,PH,Philippines,GDP per capita (current US$),2019,3400.78949767074,East Asia & Pacific,Upper middle income,121.035,14.5515
4687,PH,Philippines,GDP per capita (current US$),2018,3168.51036609727,East Asia & Pacific,Upper middle income,121.035,14.5515
4688,PH,Philippines,GDP per capita (current US$),2017,3038.12124959289,East Asia & Pacific,Upper middle income,121.035,14.5515
4689,PH,Philippines,GDP per capita (current US$),2016,2985.19564024046,East Asia & Pacific,Upper middle income,121.035,14.5515
4690,PL,Poland,GDP per capita (current US$),2025,28419.5777395638,Europe & Central Asia,High income,21.02,52.26
4691,PL,Poland,GDP per capita (current US$),2024,25103.565661423,Europe & Central Asia,High income,21.02,52.26
4692,PL,Poland,GDP per capita (current US$),2023,22145.2660647429,Europe & Central Asia,High income,21.02,52.26
4693,PL,Poland,GDP per capita (current US$),2022,18891.2121169279,Europe & Central Asia,High income,21.02,52.26
4694,PL,Poland,GDP per capita (current US$),2021,18635.5104895754,Europe & Central Asia,High income,21.02,52.26
4695,PL,Poland,GDP per capita (current US$),2020,16150.9304813473,Europe & Central Asia,High income,21.02,52.26
4696,PL,Poland,GDP per capita (current US$),2019,15874.5220531254,Europe & Central Asia,High income,21.02,52.26
4697,PL,Poland,GDP per capita (current US$),2018,15658.210586693,Europe & Central Asia,High income,21.02,52.26
4698,PL,Poland,GDP per capita (current US$),2017,13913.3415190124,Europe & Central Asia,High income,21.02,52.26
4699,PL,Poland,GDP per capita (current US$),2016,12464.0121044827,Europe & Central Asia,High income,21.02,52.26
4700,PT,Portugal,GDP per capita (current US$),2025,32081.8106150292,Europe & Central Asia,High income,-9.13552,38.7072
4701,PT,Portugal,GDP per capita (current US$),2024,29328.3067415343,Europe & Central Asia,High income,-9.13552,38.7072
4702,PT,Portugal,GDP per capita (current US$),2023,27634.6183139773,Europe & Central Asia,High income,-9.13552,38.7072
4703,PT,Portugal,GDP per capita (current US$),2022,24620.5197587181,Europe & Central Asia,High income,-9.13552,38.7072
4704,PT,Portugal,GDP per capita (current US$),2021,24711.4510062111,Europe & Central Asia,High income,-9.13552,38.7072
4705,PT,Portugal,GDP per capita (current US$),2020,22299.4044062173,Europe & Central Asia,High income,-9.13552,38.7072
4706,PT,Portugal,GDP per capita (current US$),2019,23343.3628970034,Europe & Central Asia,High income,-9.13552,38.7072
4707,PT,Portugal,GDP per capita (current US$),2018,23541.1401075289,Europe & Central Asia,High income,-9.13552,38.7072
4708,PT,Portugal,GDP per capita (current US$),2017,21442.3842768879,Europe & Central Asia,High income,-9.13552,38.7072
4709,PT,Portugal,GDP per capita (current US$),2016,19980.2808866516,Europe & Central Asia,High income,-9.13552,38.7072
4710,PR,Puerto Rico (US),GDP per capita (current US$),2025,40620.1526923687,Latin America & Caribbean ,High income,-66,18.23
4711,PR,Puerto Rico (US),GDP per capita (current US$),2024,39353.2242360643,Latin America & Caribbean ,High income,-66,18.23
4712,PR,Puerto Rico (US),GDP per capita (current US$),2023,36980.7653928068,Latin America & Caribbean ,High income,-66,18.23
4713,PR,Puerto Rico (US),GDP per capita (current US$),2022,35353.5613891039,Latin America & Caribbean ,High income,-66,18.23
4714,PR,Puerto Rico (US),GDP per capita (current US$),2021,32618.8705106244,Latin America & Caribbean ,High income,-66,18.23
4715,PR,Puerto Rico (US),GDP per capita (current US$),2020,31427.1034994916,Latin America & Caribbean ,High income,-66,18.23
4716,PR,Puerto Rico (US),GDP per capita (current US$),2019,31830.5284993358,Latin America & Caribbean ,High income,-66,18.23
4717,PR,Puerto Rico (US),GDP per capita (current US$),2018,30679.9181934488,Latin America & Caribbean ,High income,-66,18.23
4718,PR,Puerto Rico (US),GDP per capita (current US$),2017,30328.479490518,Latin America & Caribbean ,High income,-66,18.23
4719,PR,Puerto Rico (US),GDP per capita (current US$),2016,29978.0889268918,Latin America & Caribbean ,High income,-66,18.23
4720,QA,Qatar,GDP per capita (current US$),2025,72524.9066385222,"Middle East, North Africa, Afghanistan & Pakistan",High income,51.5082,25.2948
4721,QA,Qatar,GDP per capita (current US$),2024,75685.0865779973,"Middle East, North Africa, Afghanistan & Pakistan",High income,51.5082,25.2948
4722,QA,Qatar,GDP per capita (current US$),2023,80195.8746508549,"Middle East, North Africa, Afghanistan & Pakistan",High income,51.5082,25.2948
4723,QA,Qatar,GDP per capita (current US$),2022,88701.463352273,"Middle East, North Africa, Afghanistan & Pakistan",High income,51.5082,25.2948
4724,QA,Qatar,GDP per capita (current US$),2021,71751.8831257169,"Middle East, North Africa, Afghanistan & Pakistan",High income,51.5082,25.2948
4725,QA,Qatar,GDP per capita (current US$),2020,51683.5054376677,"Middle East, North Africa, Afghanistan & Pakistan",High income,51.5082,25.2948
4726,QA,Qatar,GDP per capita (current US$),2019,66841.3013484919,"Middle East, North Africa, Afghanistan & Pakistan",High income,51.5082,25.2948
4727,QA,Qatar,GDP per capita (current US$),2018,71039.8490579352,"Middle East, North Africa, Afghanistan & Pakistan",High income,51.5082,25.2948
4728,QA,Qatar,GDP per capita (current US$),2017,63279.8556949332,"Middle East, North Africa, Afghanistan & Pakistan",High income,51.5082,25.2948
4729,QA,Qatar,GDP per capita (current US$),2016,61253.6375482797,"Middle East, North Africa, Afghanistan & Pakistan",High income,51.5082,25.2948
4730,RO,Romania,GDP per capita (current US$),2025,22537.9532108047,Europe & Central Asia,High income,26.0979,44.4479
4731,RO,Romania,GDP per capita (current US$),2024,20080.2096215595,Europe & Central Asia,High income,26.0979,44.4479
4732,RO,Romania,GDP per capita (current US$),2023,18244.4186876321,Europe & Central Asia,High income,26.0979,44.4479
4733,RO,Romania,GDP per capita (current US$),2022,15503.4691366242,Europe & Central Asia,High income,26.0979,44.4479
4734,RO,Romania,GDP per capita (current US$),2021,14908.0412813921,Europe & Central Asia,High income,26.0979,44.4479
4735,RO,Romania,GDP per capita (current US$),2020,13009.1525348396,Europe & Central Asia,High income,26.0979,44.4479
4736,RO,Romania,GDP per capita (current US$),2019,12909.6104013244,Europe & Central Asia,High income,26.0979,44.4479
4737,RO,Romania,GDP per capita (current US$),2018,12416.134317959,Europe & Central Asia,High income,26.0979,44.4479
4738,RO,Romania,GDP per capita (current US$),2017,10727.9822007426,Europe & Central Asia,High income,26.0979,44.4479
4739,RO,Romania,GDP per capita (current US$),2016,9404.54005870715,Europe & Central Asia,High income,26.0979,44.4479
4740,RU,Russian Federation,GDP per capita (current US$),2025,17546.609375,Europe & Central Asia,High income,37.6176,55.7558
4741,RU,Russian Federation,GDP per capita (current US$),2024,14961.8974609375,Europe & Central Asia,High income,37.6176,55.7558
4742,RU,Russian Federation,GDP per capita (current US$),2023,13986.9951171875,Europe & Central Asia,High income,37.6176,55.7558
4743,RU,Russian Federation,GDP per capita (current US$),2022,15625.6328125,Europe & Central Asia,High income,37.6176,55.7558
4744,RU,Russian Federation,GDP per capita (current US$),2021,12425.029296875,Europe & Central Asia,High income,37.6176,55.7558
4745,RU,Russian Federation,GDP per capita (current US$),2020,10108.3271484375,Europe & Central Asia,High income,37.6176,55.7558
4746,RU,Russian Federation,GDP per capita (current US$),2019,11447.701171875,Europe & Central Asia,High income,37.6176,55.7558
4747,RU,Russian Federation,GDP per capita (current US$),2018,11211.8876953125,Europe & Central Asia,High income,37.6176,55.7558
4748,RU,Russian Federation,GDP per capita (current US$),2017,10658.9130859375,Europe & Central Asia,High income,37.6176,55.7558
4749,RU,Russian Federation,GDP per capita (current US$),2016,8663.158203125,Europe & Central Asia,High income,37.6176,55.7558
4750,RW,Rwanda,GDP per capita (current US$),2025,1123.73874633225,Sub-Saharan Africa ,Low income,30.0587,-1.95325
4751,RW,Rwanda,GDP per capita (current US$),2024,1059.93709298801,Sub-Saharan Africa ,Low income,30.0587,-1.95325
4752,RW,Rwanda,GDP per capita (current US$),2023,1061.05788154076,Sub-Saharan Africa ,Low income,30.0587,-1.95325
4753,RW,Rwanda,GDP per capita (current US$),2022,1007.05989322914,Sub-Saharan Africa ,Low income,30.0587,-1.95325
4754,RW,Rwanda,GDP per capita (current US$),2021,842.581492947672,Sub-Saharan Africa ,Low income,30.0587,-1.95325
4755,RW,Rwanda,GDP per capita (current US$),2020,802.638686936204,Sub-Saharan Africa ,Low income,30.0587,-1.95325
4756,RW,Rwanda,GDP per capita (current US$),2019,823.355304065304,Sub-Saharan Africa ,Low income,30.0587,-1.95325
4757,RW,Rwanda,GDP per capita (current US$),2018,772.754982959354,Sub-Saharan Africa ,Low income,30.0587,-1.95325
4758,RW,Rwanda,GDP per capita (current US$),2017,751.049039527547,Sub-Saharan Africa ,Low income,30.0587,-1.95325
4759,RW,Rwanda,GDP per capita (current US$),2016,721.258515833094,Sub-Saharan Africa ,Low income,30.0587,-1.95325
4760,WS,Samoa,GDP per capita (current US$),2025,5872.78333308796,East Asia & Pacific,Upper middle income,-171.752,-13.8314
4761,WS,Samoa,GDP per capita (current US$),2024,5392.87761915762,East Asia & Pacific,Upper middle income,-171.752,-13.8314
4762,WS,Samoa,GDP per capita (current US$),2023,4822.74084650019,East Asia & Pacific,Upper middle income,-171.752,-13.8314
4763,WS,Samoa,GDP per capita (current US$),2022,4132.44717734444,East Asia & Pacific,Upper middle income,-171.752,-13.8314
4764,WS,Samoa,GDP per capita (current US$),2021,4021.55934894283,East Asia & Pacific,Upper middle income,-171.752,-13.8314
4765,WS,Samoa,GDP per capita (current US$),2020,4099.59660548583,East Asia & Pacific,Upper middle income,-171.752,-13.8314
4766,WS,Samoa,GDP per capita (current US$),2019,4351.94234943706,East Asia & Pacific,Upper middle income,-171.752,-13.8314
4767,WS,Samoa,GDP per capita (current US$),2018,4231.81409469194,East Asia & Pacific,Upper middle income,-171.752,-13.8314
4768,WS,Samoa,GDP per capita (current US$),2017,4307.59381964907,East Asia & Pacific,Upper middle income,-171.752,-13.8314
4769,WS,Samoa,GDP per capita (current US$),2016,4147.07097674888,East Asia & Pacific,Upper middle income,-171.752,-13.8314
4770,SM,San Marino,GDP per capita (current US$),2025,,Europe & Central Asia,High income,12.4486,43.9322
4771,SM,San Marino,GDP per capita (current US$),2024,,Europe & Central Asia,High income,12.4486,43.9322
4772,SM,San Marino,GDP per capita (current US$),2023,59871.3288101478,Europe & Central Asia,High income,12.4486,43.9322
4773,SM,San Marino,GDP per capita (current US$),2022,54264.5837022908,Europe & Central Asia,High income,12.4486,43.9322
4774,SM,San Marino,GDP per capita (current US$),2021,54168.9744311193,Europe & Central Asia,High income,12.4486,43.9322
4775,SM,San Marino,GDP per capita (current US$),2020,44426.6259613672,Europe & Central Asia,High income,12.4486,43.9322
4776,SM,San Marino,GDP per capita (current US$),2019,46626.9998571568,Europe & Central Asia,High income,12.4486,43.9322
4777,SM,San Marino,GDP per capita (current US$),2018,47950.7076296808,Europe & Central Asia,High income,12.4486,43.9322
4778,SM,San Marino,GDP per capita (current US$),2017,45192.0530047599,Europe & Central Asia,High income,12.4486,43.9322
4779,SM,San Marino,GDP per capita (current US$),2016,44359.4574206971,Europe & Central Asia,High income,12.4486,43.9322
4780,ST,Sao Tome and Principe,GDP per capita (current US$),2025,4084.40062145233,Sub-Saharan Africa ,Lower middle income,6.6071,0.20618
4781,ST,Sao Tome and Principe,GDP per capita (current US$),2024,3502.6176807171,Sub-Saharan Africa ,Lower middle income,6.6071,0.20618
4782,ST,Sao Tome and Principe,GDP per capita (current US$),2023,2990.6606143535,Sub-Saharan Africa ,Lower middle income,6.6071,0.20618
4783,ST,Sao Tome and Principe,GDP per capita (current US$),2022,2389.73729784737,Sub-Saharan Africa ,Lower middle income,6.6071,0.20618
4784,ST,Sao Tome and Principe,GDP per capita (current US$),2021,2362.58827248102,Sub-Saharan Africa ,Lower middle income,6.6071,0.20618
4785,ST,Sao Tome and Principe,GDP per capita (current US$),2020,2167.22001796925,Sub-Saharan Africa ,Lower middle income,6.6071,0.20618
4786,ST,Sao Tome and Principe,GDP per capita (current US$),2019,1935.2931816596,Sub-Saharan Africa ,Lower middle income,6.6071,0.20618
4787,ST,Sao Tome and Principe,GDP per capita (current US$),2018,1825.59971753966,Sub-Saharan Africa ,Lower middle income,6.6071,0.20618
4788,ST,Sao Tome and Principe,GDP per capita (current US$),2017,1555.79477812888,Sub-Saharan Africa ,Lower middle income,6.6071,0.20618
4789,ST,Sao Tome and Principe,GDP per capita (current US$),2016,1434.87018050521,Sub-Saharan Africa ,Lower middle income,6.6071,0.20618
4790,SA,Saudi Arabia,GDP per capita (current US$),2025,34536.6555456551,"Middle East, North Africa, Afghanistan & Pakistan",High income,46.6977,24.6748
4791,SA,Saudi Arabia,GDP per capita (current US$),2024,35527.786181866,"Middle East, North Africa, Afghanistan & Pakistan",High income,46.6977,24.6748
4792,SA,Saudi Arabia,GDP per capita (current US$),2023,36156.8562500172,"Middle East, North Africa, Afghanistan & Pakistan",High income,46.6977,24.6748
4793,SA,Saudi Arabia,GDP per capita (current US$),2022,38510.2276211037,"Middle East, North Africa, Afghanistan & Pakistan",High income,46.6977,24.6748
4794,SA,Saudi Arabia,GDP per capita (current US$),2021,31920.7653655643,"Middle East, North Africa, Afghanistan & Pakistan",High income,46.6977,24.6748
4795,SA,Saudi Arabia,GDP per capita (current US$),2020,24338.8307301067,"Middle East, North Africa, Afghanistan & Pakistan",High income,46.6977,24.6748
4796,SA,Saudi Arabia,GDP per capita (current US$),2019,29566.7933827436,"Middle East, North Africa, Afghanistan & Pakistan",High income,46.6977,24.6748
4797,SA,Saudi Arabia,GDP per capita (current US$),2018,29360.0658968566,"Middle East, North Africa, Afghanistan & Pakistan",High income,46.6977,24.6748
4798,SA,Saudi Arabia,GDP per capita (current US$),2017,23929.2907135982,"Middle East, North Africa, Afghanistan & Pakistan",High income,46.6977,24.6748
4799,SA,Saudi Arabia,GDP per capita (current US$),2016,22267.7217050387,"Middle East, North Africa, Afghanistan & Pakistan",High income,46.6977,24.6748
4800,SN,Senegal,GDP per capita (current US$),2025,1954.71174194867,Sub-Saharan Africa ,Lower middle income,-17.4734,14.7247
4801,SN,Senegal,GDP per capita (current US$),2024,1738.73223822106,Sub-Saharan Africa ,Lower middle income,-17.4734,14.7247
4802,SN,Senegal,GDP per capita (current US$),2023,1698.03387300843,Sub-Saharan Africa ,Lower middle income,-17.4734,14.7247
4803,SN,Senegal,GDP per capita (current US$),2022,1574.0281059306,Sub-Saharan Africa ,Lower middle income,-17.4734,14.7247
4804,SN,Senegal,GDP per capita (current US$),2021,1598.10676952274,Sub-Saharan Africa ,Lower middle income,-17.4734,14.7247
4805,SN,Senegal,GDP per capita (current US$),2020,1461.08720350553,Sub-Saharan Africa ,Lower middle income,-17.4734,14.7247
4806,SN,Senegal,GDP per capita (current US$),2019,1431.18128932159,Sub-Saharan Africa ,Lower middle income,-17.4734,14.7247
4807,SN,Senegal,GDP per capita (current US$),2018,1452.55612562445,Sub-Saharan Africa ,Lower middle income,-17.4734,14.7247
4808,SN,Senegal,GDP per capita (current US$),2017,1354.77007193387,Sub-Saharan Africa ,Lower middle income,-17.4734,14.7247
4809,SN,Senegal,GDP per capita (current US$),2016,1266.43957151587,Sub-Saharan Africa ,Lower middle income,-17.4734,14.7247
4810,RS,Serbia,GDP per capita (current US$),2025,15262.0464193413,Europe & Central Asia,Upper middle income,20.4656,44.8024
4811,RS,Serbia,GDP per capita (current US$),2024,13677.7794863909,Europe & Central Asia,Upper middle income,20.4656,44.8024
4812,RS,Serbia,GDP per capita (current US$),2023,12281.707946167,Europe & Central Asia,Upper middle income,20.4656,44.8024
4813,RS,Serbia,GDP per capita (current US$),2022,10024.8191112596,Europe & Central Asia,Upper middle income,20.4656,44.8024
4814,RS,Serbia,GDP per capita (current US$),2021,9680.52798074468,Europe & Central Asia,Upper middle income,20.4656,44.8024
4815,RS,Serbia,GDP per capita (current US$),2020,8098.70955668849,Europe & Central Asia,Upper middle income,20.4656,44.8024
4816,RS,Serbia,GDP per capita (current US$),2019,7755.632986437,Europe & Central Asia,Upper middle income,20.4656,44.8024
4817,RS,Serbia,GDP per capita (current US$),2018,7559.86165747394,Europe & Central Asia,Upper middle income,20.4656,44.8024
4818,RS,Serbia,GDP per capita (current US$),2017,6548.03653824187,Europe & Central Asia,Upper middle income,20.4656,44.8024
4819,RS,Serbia,GDP per capita (current US$),2016,5982.37030126471,Europe & Central Asia,Upper middle income,20.4656,44.8024
4820,SC,Seychelles,GDP per capita (current US$),2025,19449.3836346926,Sub-Saharan Africa ,High income,55.4466,-4.6309
4821,SC,Seychelles,GDP per capita (current US$),2024,18364.5259678223,Sub-Saharan Africa ,High income,55.4466,-4.6309
4822,SC,Seychelles,GDP per capita (current US$),2023,18130.5297135548,Sub-Saharan Africa ,High income,55.4466,-4.6309
4823,SC,Seychelles,GDP per capita (current US$),2022,16682.6990711785,Sub-Saharan Africa ,High income,55.4466,-4.6309
4824,SC,Seychelles,GDP per capita (current US$),2021,14982.9111487767,Sub-Saharan Africa ,High income,55.4466,-4.6309
4825,SC,Seychelles,GDP per capita (current US$),2020,14041.4754074575,Sub-Saharan Africa ,High income,55.4466,-4.6309
4826,SC,Seychelles,GDP per capita (current US$),2019,19141.5118743615,Sub-Saharan Africa ,High income,55.4466,-4.6309
4827,SC,Seychelles,GDP per capita (current US$),2018,18440.2340460932,Sub-Saharan Africa ,High income,55.4466,-4.6309
4828,SC,Seychelles,GDP per capita (current US$),2017,17480.3651911372,Sub-Saharan Africa ,High income,55.4466,-4.6309
4829,SC,Seychelles,GDP per capita (current US$),2016,16566.9946042294,Sub-Saharan Africa ,High income,55.4466,-4.6309
4830,SL,Sierra Leone,GDP per capita (current US$),2025,846.296172499617,Sub-Saharan Africa ,Low income,-13.2134,8.4821
4831,SL,Sierra Leone,GDP per capita (current US$),2024,806.654650274255,Sub-Saharan Africa ,Low income,-13.2134,8.4821
4832,SL,Sierra Leone,GDP per capita (current US$),2023,758.329137301888,Sub-Saharan Africa ,Low income,-13.2134,8.4821
4833,SL,Sierra Leone,GDP per capita (current US$),2022,860.371067874555,Sub-Saharan Africa ,Low income,-13.2134,8.4821
4834,SL,Sierra Leone,GDP per capita (current US$),2021,885.396401613729,Sub-Saharan Africa ,Low income,-13.2134,8.4821
4835,SL,Sierra Leone,GDP per capita (current US$),2020,845.277558236182,Sub-Saharan Africa ,Low income,-13.2134,8.4821
4836,SL,Sierra Leone,GDP per capita (current US$),2019,843.71251730417,Sub-Saharan Africa ,Low income,-13.2134,8.4821
4837,SL,Sierra Leone,GDP per capita (current US$),2018,845.914540460932,Sub-Saharan Africa ,Low income,-13.2134,8.4821
4838,SL,Sierra Leone,GDP per capita (current US$),2017,779.186007841728,Sub-Saharan Africa ,Low income,-13.2134,8.4821
4839,SL,Sierra Leone,GDP per capita (current US$),2016,844.416411175476,Sub-Saharan Africa ,Low income,-13.2134,8.4821
4840,SG,Singapore,GDP per capita (current US$),2025,98813.9788172877,East Asia & Pacific,High income,103.85,1.28941
4841,SG,Singapore,GDP per capita (current US$),2024,94896.5621495988,East Asia & Pacific,High income,103.85,1.28941
4842,SG,Singapore,GDP per capita (current US$),2023,86382.5900499252,East Asia & Pacific,High income,103.85,1.28941
4843,SG,Singapore,GDP per capita (current US$),2022,91227.6970426492,East Asia & Pacific,High income,103.85,1.28941
4844,SG,Singapore,GDP per capita (current US$),2021,80884.8565369236,East Asia & Pacific,High income,103.85,1.28941
4845,SG,Singapore,GDP per capita (current US$),2020,61772.5036492256,East Asia & Pacific,High income,103.85,1.28941
4846,SG,Singapore,GDP per capita (current US$),2019,66068.7003106378,East Asia & Pacific,High income,103.85,1.28941
4847,SG,Singapore,GDP per capita (current US$),2018,67032.8225769734,East Asia & Pacific,High income,103.85,1.28941
4848,SG,Singapore,GDP per capita (current US$),2017,61436.1325502558,East Asia & Pacific,High income,103.85,1.28941
4849,SG,Singapore,GDP per capita (current US$),2016,57204.0340105222,East Asia & Pacific,High income,103.85,1.28941
4850,SX,Sint Maarten (Dutch part),GDP per capita (current US$),2025,42978.1317407037,Latin America & Caribbean ,High income,,
4851,SX,Sint Maarten (Dutch part),GDP per capita (current US$),2024,41472.5870367865,Latin America & Caribbean ,High income,,
4852,SX,Sint Maarten (Dutch part),GDP per capita (current US$),2023,39451.822911732,Latin America & Caribbean ,High income,,
4853,SX,Sint Maarten (Dutch part),GDP per capita (current US$),2022,37793.1283815826,Latin America & Caribbean ,High income,,
4854,SX,Sint Maarten (Dutch part),GDP per capita (current US$),2021,32548.4366854902,Latin America & Caribbean ,High income,,
4855,SX,Sint Maarten (Dutch part),GDP per capita (current US$),2020,30150.8998380477,Latin America & Caribbean ,High income,,
4856,SX,Sint Maarten (Dutch part),GDP per capita (current US$),2019,34861.469528968,Latin America & Caribbean ,High income,,
4857,SX,Sint Maarten (Dutch part),GDP per capita (current US$),2018,31708.3110124742,Latin America & Caribbean ,High income,,
4858,SX,Sint Maarten (Dutch part),GDP per capita (current US$),2017,34701.3058494468,Latin America & Caribbean ,High income,,
4859,SX,Sint Maarten (Dutch part),GDP per capita (current US$),2016,37308.6147795736,Latin America & Caribbean ,High income,,
4860,SK,Slovak Republic,GDP per capita (current US$),2025,28543.6653439813,Europe & Central Asia,High income,17.1073,48.1484
4861,SK,Slovak Republic,GDP per capita (current US$),2024,25992.6748502048,Europe & Central Asia,High income,17.1073,48.1484
4862,SK,Slovak Republic,GDP per capita (current US$),2023,24614.8734642794,Europe & Central Asia,High income,17.1073,48.1484
4863,SK,Slovak Republic,GDP per capita (current US$),2022,21317.7943982363,Europe & Central Asia,High income,17.1073,48.1484
4864,SK,Slovak Republic,GDP per capita (current US$),2021,22123.3342114545,Europe & Central Asia,High income,17.1073,48.1484
4865,SK,Slovak Republic,GDP per capita (current US$),2020,19735.4858280801,Europe & Central Asia,High income,17.1073,48.1484
4866,SK,Slovak Republic,GDP per capita (current US$),2019,19406.0589683582,Europe & Central Asia,High income,17.1073,48.1484
4867,SK,Slovak Republic,GDP per capita (current US$),2018,19573.3717031314,Europe & Central Asia,High income,17.1073,48.1484
4868,SK,Slovak Republic,GDP per capita (current US$),2017,17645.5298716761,Europe & Central Asia,High income,17.1073,48.1484
4869,SK,Slovak Republic,GDP per capita (current US$),2016,16636.0769133073,Europe & Central Asia,High income,17.1073,48.1484
4870,SI,Slovenia,GDP per capita (current US$),2025,37376.2216079138,Europe & Central Asia,High income,14.5044,46.0546
4871,SI,Slovenia,GDP per capita (current US$),2024,34301.0318686594,Europe & Central Asia,High income,14.5044,46.0546
4872,SI,Slovenia,GDP per capita (current US$),2023,32660.4753581346,Europe & Central Asia,High income,14.5044,46.0546
4873,SI,Slovenia,GDP per capita (current US$),2022,28360.3041467268,Europe & Central Asia,High income,14.5044,46.0546
4874,SI,Slovenia,GDP per capita (current US$),2021,29192.8401933019,Europe & Central Asia,High income,14.5044,46.0546
4875,SI,Slovenia,GDP per capita (current US$),2020,25392.0651093612,Europe & Central Asia,High income,14.5044,46.0546
4876,SI,Slovenia,GDP per capita (current US$),2019,25814.1687167572,Europe & Central Asia,High income,14.5044,46.0546
4877,SI,Slovenia,GDP per capita (current US$),2018,25888.0481065655,Europe & Central Asia,High income,14.5044,46.0546
4878,SI,Slovenia,GDP per capita (current US$),2017,23303.077705959,Europe & Central Asia,High income,14.5044,46.0546
4879,SI,Slovenia,GDP per capita (current US$),2016,21447.8377796036,Europe & Central Asia,High income,14.5044,46.0546
4880,SB,Solomon Islands,GDP per capita (current US$),2025,2086.18955928928,East Asia & Pacific,Lower middle income,159.949,-9.42676
4881,SB,Solomon Islands,GDP per capita (current US$),2024,1933.55538435227,East Asia & Pacific,Lower middle income,159.949,-9.42676
4882,SB,Solomon Islands,GDP per capita (current US$),2023,1882.64394148042,East Asia & Pacific,Lower middle income,159.949,-9.42676
4883,SB,Solomon Islands,GDP per capita (current US$),2022,1877.78104490956,East Asia & Pacific,Lower middle income,159.949,-9.42676
4884,SB,Solomon Islands,GDP per capita (current US$),2021,2043.44413170658,East Asia & Pacific,Lower middle income,159.949,-9.42676
4885,SB,Solomon Islands,GDP per capita (current US$),2020,2063.32780991967,East Asia & Pacific,Lower middle income,159.949,-9.42676
4886,SB,Solomon Islands,GDP per capita (current US$),2019,2223.65890942466,East Asia & Pacific,Lower middle income,159.949,-9.42676
4887,SB,Solomon Islands,GDP per capita (current US$),2018,2278.19908624102,East Asia & Pacific,Lower middle income,159.949,-9.42676
4888,SB,Solomon Islands,GDP per capita (current US$),2017,2143.57670489272,East Asia & Pacific,Lower middle income,159.949,-9.42676
4889,SB,Solomon Islands,GDP per capita (current US$),2016,2082.62383124213,East Asia & Pacific,Lower middle income,159.949,-9.42676
4890,SO,"Somalia, Fed. Rep.",GDP per capita (current US$),2025,661.173877723116,Sub-Saharan Africa ,Low income,45.3254,2.07515
4891,SO,"Somalia, Fed. Rep.",GDP per capita (current US$),2024,629.538899449007,Sub-Saharan Africa ,Low income,45.3254,2.07515
4892,SO,"Somalia, Fed. Rep.",GDP per capita (current US$),2023,596.885985135589,Sub-Saharan Africa ,Low income,45.3254,2.07515
4893,SO,"Somalia, Fed. Rep.",GDP per capita (current US$),2022,573.141165798229,Sub-Saharan Africa ,Low income,45.3254,2.07515
4894,SO,"Somalia, Fed. Rep.",GDP per capita (current US$),2021,549.056994756254,Sub-Saharan Africa ,Low income,45.3254,2.07515
4895,SO,"Somalia, Fed. Rep.",GDP per capita (current US$),2020,518.16113333875,Sub-Saharan Africa ,Low income,45.3254,2.07515
4896,SO,"Somalia, Fed. Rep.",GDP per capita (current US$),2019,539.954816211694,Sub-Saharan Africa ,Low income,45.3254,2.07515
4897,SO,"Somalia, Fed. Rep.",GDP per capita (current US$),2018,509.497273804534,Sub-Saharan Africa ,Low income,45.3254,2.07515
4898,SO,"Somalia, Fed. Rep.",GDP per capita (current US$),2017,510.939952317726,Sub-Saharan Africa ,Low income,45.3254,2.07515
4899,SO,"Somalia, Fed. Rep.",GDP per capita (current US$),2016,460.928490585175,Sub-Saharan Africa ,Low income,45.3254,2.07515
4900,ZA,South Africa,GDP per capita (current US$),2025,6597.71450918774,Sub-Saharan Africa ,Upper middle income,28.1871,-25.746
4901,ZA,South Africa,GDP per capita (current US$),2024,6267.186814093,Sub-Saharan Africa ,Upper middle income,28.1871,-25.746
4902,ZA,South Africa,GDP per capita (current US$),2023,6034.27208964673,Sub-Saharan Africa ,Upper middle income,28.1871,-25.746
4903,ZA,South Africa,GDP per capita (current US$),2022,6534.24867783397,Sub-Saharan Africa ,Upper middle income,28.1871,-25.746
4904,ZA,South Africa,GDP per capita (current US$),2021,6828.75624590017,Sub-Saharan Africa ,Upper middle income,28.1871,-25.746
4905,ZA,South Africa,GDP per capita (current US$),2020,5580.60383075189,Sub-Saharan Africa ,Upper middle income,28.1871,-25.746
4906,ZA,South Africa,GDP per capita (current US$),2019,6533.71121032856,Sub-Saharan Africa ,Upper middle income,28.1871,-25.746
4907,ZA,South Africa,GDP per capita (current US$),2018,6914.1780318076,Sub-Saharan Africa ,Upper middle income,28.1871,-25.746
4908,ZA,South Africa,GDP per capita (current US$),2017,6618.33508255701,Sub-Saharan Africa ,Upper middle income,28.1871,-25.746
4909,ZA,South Africa,GDP per capita (current US$),2016,5651.20585165749,Sub-Saharan Africa ,Upper middle income,28.1871,-25.746
4910,SS,South Sudan,GDP per capita (current US$),2025,,Sub-Saharan Africa ,Low income,31.6,4.85
4911,SS,South Sudan,GDP per capita (current US$),2024,,Sub-Saharan Africa ,Low income,31.6,4.85
4912,SS,South Sudan,GDP per capita (current US$),2023,,Sub-Saharan Africa ,Low income,31.6,4.85
4913,SS,South Sudan,GDP per capita (current US$),2022,,Sub-Saharan Africa ,Low income,31.6,4.85
4914,SS,South Sudan,GDP per capita (current US$),2021,,Sub-Saharan Africa ,Low income,31.6,4.85
4915,SS,South Sudan,GDP per capita (current US$),2020,,Sub-Saharan Africa ,Low income,31.6,4.85
4916,SS,South Sudan,GDP per capita (current US$),2019,,Sub-Saharan Africa ,Low income,31.6,4.85
4917,SS,South Sudan,GDP per capita (current US$),2018,,Sub-Saharan Africa ,Low income,31.6,4.85
4918,SS,South Sudan,GDP per capita (current US$),2017,,Sub-Saharan Africa ,Low income,31.6,4.85
4919,SS,South Sudan,GDP per capita (current US$),2016,,Sub-Saharan Africa ,Low income,31.6,4.85
4920,ES,Spain,GDP per capita (current US$),2025,38627.2472148623,Europe & Central Asia,High income,-3.70327,40.4167
4921,ES,Spain,GDP per capita (current US$),2024,35326.7683069278,Europe & Central Asia,High income,-3.70327,40.4167
4922,ES,Spain,GDP per capita (current US$),2023,33493.2225409111,Europe & Central Asia,High income,-3.70327,40.4167
4923,ES,Spain,GDP per capita (current US$),2022,30319.4987196616,Europe & Central Asia,High income,-3.70327,40.4167
4924,ES,Spain,GDP per capita (current US$),2021,30799.4775937775,Europe & Central Asia,High income,-3.70327,40.4167
4925,ES,Spain,GDP per capita (current US$),2020,27233.9426461608,Europe & Central Asia,High income,-3.70327,40.4167
4926,ES,Spain,GDP per capita (current US$),2019,29786.5245689007,Europe & Central Asia,High income,-3.70327,40.4167
4927,ES,Spain,GDP per capita (current US$),2018,30602.4212881113,Europe & Central Asia,High income,-3.70327,40.4167
4928,ES,Spain,GDP per capita (current US$),2017,28381.3425596906,Europe & Central Asia,High income,-3.70327,40.4167
4929,ES,Spain,GDP per capita (current US$),2016,26755.6061149398,Europe & Central Asia,High income,-3.70327,40.4167
4930,LK,Sri Lanka,GDP per capita (current US$),2025,5002.07904353724,South Asia,Upper middle income,79.8528,6.92148
4931,LK,Sri Lanka,GDP per capita (current US$),2024,4545.36006870612,South Asia,Upper middle income,79.8528,6.92148
4932,LK,Sri Lanka,GDP per capita (current US$),2023,3815.41531767474,South Asia,Upper middle income,79.8528,6.92148
4933,LK,Sri Lanka,GDP per capita (current US$),2022,3342.63650438046,South Asia,Upper middle income,79.8528,6.92148
4934,LK,Sri Lanka,GDP per capita (current US$),2021,3996.96240531688,South Asia,Upper middle income,79.8528,6.92148
4935,LK,Sri Lanka,GDP per capita (current US$),2020,3847.60136741182,South Asia,Upper middle income,79.8528,6.92148
4936,LK,Sri Lanka,GDP per capita (current US$),2019,4081.94772178134,South Asia,Upper middle income,79.8528,6.92148
4937,LK,Sri Lanka,GDP per capita (current US$),2018,4358.56095905888,South Asia,Upper middle income,79.8528,6.92148
4938,LK,Sri Lanka,GDP per capita (current US$),2017,4398.88828786059,South Asia,Upper middle income,79.8528,6.92148
4939,LK,Sri Lanka,GDP per capita (current US$),2016,4149.19189391879,South Asia,Upper middle income,79.8528,6.92148
4940,KN,St. Kitts and Nevis,GDP per capita (current US$),2025,25223.0257622185,Latin America & Caribbean ,High income,-62.7309,17.3
4941,KN,St. Kitts and Nevis,GDP per capita (current US$),2024,23960.6534357084,Latin America & Caribbean ,High income,-62.7309,17.3
4942,KN,St. Kitts and Nevis,GDP per capita (current US$),2023,22576.9248439166,Latin America & Caribbean ,High income,-62.7309,17.3
4943,KN,St. Kitts and Nevis,GDP per capita (current US$),2022,21011.5744209816,Latin America & Caribbean ,High income,-62.7309,17.3
4944,KN,St. Kitts and Nevis,GDP per capita (current US$),2021,18361.1449697886,Latin America & Caribbean ,High income,-62.7309,17.3
4945,KN,St. Kitts and Nevis,GDP per capita (current US$),2020,18859.0190361046,Latin America & Caribbean ,High income,-62.7309,17.3
4946,KN,St. Kitts and Nevis,GDP per capita (current US$),2019,23595.4923231291,Latin America & Caribbean ,High income,-62.7309,17.3
4947,KN,St. Kitts and Nevis,GDP per capita (current US$),2018,22901.3816403197,Latin America & Caribbean ,High income,-62.7309,17.3
4948,KN,St. Kitts and Nevis,GDP per capita (current US$),2017,22464.9899633959,Latin America & Caribbean ,High income,-62.7309,17.3
4949,KN,St. Kitts and Nevis,GDP per capita (current US$),2016,21387.5415511103,Latin America & Caribbean ,High income,-62.7309,17.3
4950,LC,St. Lucia,GDP per capita (current US$),2025,14745.8184305461,Latin America & Caribbean ,Upper middle income,-60.9832,14
4951,LC,St. Lucia,GDP per capita (current US$),2024,14493.658470648,Latin America & Caribbean ,Upper middle income,-60.9832,14
4952,LC,St. Lucia,GDP per capita (current US$),2023,13616.6397593734,Latin America & Caribbean ,Upper middle income,-60.9832,14
4953,LC,St. Lucia,GDP per capita (current US$),2022,12976.1489693474,Latin America & Caribbean ,Upper middle income,-60.9832,14
4954,LC,St. Lucia,GDP per capita (current US$),2021,10481.1233971786,Latin America & Caribbean ,Upper middle income,-60.9832,14
4955,LC,St. Lucia,GDP per capita (current US$),2020,8537.11495506727,Latin America & Caribbean ,Upper middle income,-60.9832,14
4956,LC,St. Lucia,GDP per capita (current US$),2019,11764.3944032403,Latin America & Caribbean ,Upper middle income,-60.9832,14
4957,LC,St. Lucia,GDP per capita (current US$),2018,11642.6984727769,Latin America & Caribbean ,Upper middle income,-60.9832,14
4958,LC,St. Lucia,GDP per capita (current US$),2017,11333.1123822102,Latin America & Caribbean ,Upper middle income,-60.9832,14
4959,LC,St. Lucia,GDP per capita (current US$),2016,10638.1269396653,Latin America & Caribbean ,Upper middle income,-60.9832,14
4960,MF,St. Martin (French part),GDP per capita (current US$),2025,,Latin America & Caribbean ,High income,,
4961,MF,St. Martin (French part),GDP per capita (current US$),2024,,Latin America & Caribbean ,High income,,
4962,MF,St. Martin (French part),GDP per capita (current US$),2023,,Latin America & Caribbean ,High income,,
4963,MF,St. Martin (French part),GDP per capita (current US$),2022,,Latin America & Caribbean ,High income,,
4964,MF,St. Martin (French part),GDP per capita (current US$),2021,21668.3776525323,Latin America & Caribbean ,High income,,
4965,MF,St. Martin (French part),GDP per capita (current US$),2020,,Latin America & Caribbean ,High income,,
4966,MF,St. Martin (French part),GDP per capita (current US$),2019,19033.0649634889,Latin America & Caribbean ,High income,,
4967,MF,St. Martin (French part),GDP per capita (current US$),2018,,Latin America & Caribbean ,High income,,
4968,MF,St. Martin (French part),GDP per capita (current US$),2017,,Latin America & Caribbean ,High income,,
4969,MF,St. Martin (French part),GDP per capita (current US$),2016,,Latin America & Caribbean ,High income,,
4970,VC,St. Vincent and the Grenadines,GDP per capita (current US$),2025,12561.769166789,Latin America & Caribbean ,Upper middle income,-61.2653,13.2035
4971,VC,St. Vincent and the Grenadines,GDP per capita (current US$),2024,11501.2265187188,Latin America & Caribbean ,Upper middle income,-61.2653,13.2035
4972,VC,St. Vincent and the Grenadines,GDP per capita (current US$),2023,10582.3656725229,Latin America & Caribbean ,Upper middle income,-61.2653,13.2035
4973,VC,St. Vincent and the Grenadines,GDP per capita (current US$),2022,9693.55867833025,Latin America & Caribbean ,Upper middle income,-61.2653,13.2035
4974,VC,St. Vincent and the Grenadines,GDP per capita (current US$),2021,8641.27904024443,Latin America & Caribbean ,Upper middle income,-61.2653,13.2035
4975,VC,St. Vincent and the Grenadines,GDP per capita (current US$),2020,8351.20324040982,Latin America & Caribbean ,Upper middle income,-61.2653,13.2035
4976,VC,St. Vincent and the Grenadines,GDP per capita (current US$),2019,8740.59425232061,Latin America & Caribbean ,Upper middle income,-61.2653,13.2035
4977,VC,St. Vincent and the Grenadines,GDP per capita (current US$),2018,8428.12677153069,Latin America & Caribbean ,Upper middle income,-61.2653,13.2035
4978,VC,St. Vincent and the Grenadines,GDP per capita (current US$),2017,7988.04445019298,Latin America & Caribbean ,Upper middle income,-61.2653,13.2035
4979,VC,St. Vincent and the Grenadines,GDP per capita (current US$),2016,7656.90042881178,Latin America & Caribbean ,Upper middle income,-61.2653,13.2035
4980,SD,Sudan,GDP per capita (current US$),2025,1164.53991699219,Sub-Saharan Africa ,Low income,32.5363,15.5932
4981,SD,Sudan,GDP per capita (current US$),2024,984.607666015625,Sub-Saharan Africa ,Low income,32.5363,15.5932
4982,SD,Sudan,GDP per capita (current US$),2023,797.283447265625,Sub-Saharan Africa ,Low income,32.5363,15.5932
4983,SD,Sudan,GDP per capita (current US$),2022,1046.24084472656,Sub-Saharan Africa ,Low income,32.5363,15.5932
4984,SD,Sudan,GDP per capita (current US$),2021,712.122009277344,Sub-Saharan Africa ,Low income,32.5363,15.5932
4985,SD,Sudan,GDP per capita (current US$),2020,577.795227050781,Sub-Saharan Africa ,Low income,32.5363,15.5932
4986,SD,Sudan,GDP per capita (current US$),2019,709.975280761719,Sub-Saharan Africa ,Low income,32.5363,15.5932
4987,SD,Sudan,GDP per capita (current US$),2018,731.027465820313,Sub-Saharan Africa ,Low income,32.5363,15.5932
4988,SD,Sudan,GDP per capita (current US$),2017,966.505676269531,Sub-Saharan Africa ,Low income,32.5363,15.5932
4989,SD,Sudan,GDP per capita (current US$),2016,1033.21594238281,Sub-Saharan Africa ,Low income,32.5363,15.5932
4990,SR,Suriname,GDP per capita (current US$),2025,7069.87230892274,Latin America & Caribbean ,Upper middle income,-55.1679,5.8232
4991,SR,Suriname,GDP per capita (current US$),2024,6961.78956060258,Latin America & Caribbean ,Upper middle income,-55.1679,5.8232
4992,SR,Suriname,GDP per capita (current US$),2023,5521.97602122638,Latin America & Caribbean ,Upper middle income,-55.1679,5.8232
4993,SR,Suriname,GDP per capita (current US$),2022,6084.43876736445,Latin America & Caribbean ,Upper middle income,-55.1679,5.8232
4994,SR,Suriname,GDP per capita (current US$),2021,5029.84838543953,Latin America & Caribbean ,Upper middle income,-55.1679,5.8232
4995,SR,Suriname,GDP per capita (current US$),2020,4755.39221710693,Latin America & Caribbean ,Upper middle income,-55.1679,5.8232
4996,SR,Suriname,GDP per capita (current US$),2019,6629.66775248603,Latin America & Caribbean ,Upper middle income,-55.1679,5.8232
4997,SR,Suriname,GDP per capita (current US$),2018,6665.74180472239,Latin America & Caribbean ,Upper middle income,-55.1679,5.8232
4998,SR,Suriname,GDP per capita (current US$),2017,6049.52128553675,Latin America & Caribbean ,Upper middle income,-55.1679,5.8232
4999,SR,Suriname,GDP per capita (current US$),2016,5644.2061057532,Latin America & Caribbean ,Upper middle income,-55.1679,5.8232
5000,SE,Sweden,GDP per capita (current US$),2025,63133.2126736715,Europe & Central Asia,High income,18.0645,59.3327
5001,SE,Sweden,GDP per capita (current US$),2024,57222.7100565003,Europe & Central Asia,High income,18.0645,59.3327
5002,SE,Sweden,GDP per capita (current US$),2023,54950.2834725622,Europe & Central Asia,High income,18.0645,59.3327
5003,SE,Sweden,GDP per capita (current US$),2022,54836.8907235124,Europe & Central Asia,High income,18.0645,59.3327
5004,SE,Sweden,GDP per capita (current US$),2021,60647.5416365347,Europe & Central Asia,High income,18.0645,59.3327
5005,SE,Sweden,GDP per capita (current US$),2020,52568.5726980146,Europe & Central Asia,High income,18.0645,59.3327
5006,SE,Sweden,GDP per capita (current US$),2019,51648.9892820514,Europe & Central Asia,High income,18.0645,59.3327
5007,SE,Sweden,GDP per capita (current US$),2018,54018.4554391861,Europe & Central Asia,High income,18.0645,59.3327
5008,SE,Sweden,GDP per capita (current US$),2017,53210.2233318965,Europe & Central Asia,High income,18.0645,59.3327
5009,SE,Sweden,GDP per capita (current US$),2016,51703.5088332851,Europe & Central Asia,High income,18.0645,59.3327
5010,CH,Switzerland,GDP per capita (current US$),2025,114769.012314293,Europe & Central Asia,High income,7.44821,46.948
5011,CH,Switzerland,GDP per capita (current US$),2024,107702.065940312,Europe & Central Asia,High income,7.44821,46.948
5012,CH,Switzerland,GDP per capita (current US$),2023,104449.75451772,Europe & Central Asia,High income,7.44821,46.948
5013,CH,Switzerland,GDP per capita (current US$),2022,97809.095567203,Europe & Central Asia,High income,7.44821,46.948
5014,CH,Switzerland,GDP per capita (current US$),2021,96582.8687080693,Europe & Central Asia,High income,7.44821,46.948
5015,CH,Switzerland,GDP per capita (current US$),2020,87529.7016394892,Europe & Central Asia,High income,7.44821,46.948
5016,CH,Switzerland,GDP per capita (current US$),2019,85872.9702303454,Europe & Central Asia,High income,7.44821,46.948
5017,CH,Switzerland,GDP per capita (current US$),2018,87002.3382293532,Europe & Central Asia,High income,7.44821,46.948
5018,CH,Switzerland,GDP per capita (current US$),2017,83610.248611484,Europe & Central Asia,High income,7.44821,46.948
5019,CH,Switzerland,GDP per capita (current US$),2016,83432.4111596314,Europe & Central Asia,High income,7.44821,46.948
5020,SY,Syrian Arab Republic,GDP per capita (current US$),2025,,"Middle East, North Africa, Afghanistan & Pakistan",Low income,36.3119,33.5146
5021,SY,Syrian Arab Republic,GDP per capita (current US$),2024,,"Middle East, North Africa, Afghanistan & Pakistan",Low income,36.3119,33.5146
5022,SY,Syrian Arab Republic,GDP per capita (current US$),2023,,"Middle East, North Africa, Afghanistan & Pakistan",Low income,36.3119,33.5146
5023,SY,Syrian Arab Republic,GDP per capita (current US$),2022,1056.78264718197,"Middle East, North Africa, Afghanistan & Pakistan",Low income,36.3119,33.5146
5024,SY,Syrian Arab Republic,GDP per capita (current US$),2021,688.566109726934,"Middle East, North Africa, Afghanistan & Pakistan",Low income,36.3119,33.5146
5025,SY,Syrian Arab Republic,GDP per capita (current US$),2020,593.911771822527,"Middle East, North Africa, Afghanistan & Pakistan",Low income,36.3119,33.5146
5026,SY,Syrian Arab Republic,GDP per capita (current US$),2019,1109.53933821464,"Middle East, North Africa, Afghanistan & Pakistan",Low income,36.3119,33.5146
5027,SY,Syrian Arab Republic,GDP per capita (current US$),2018,1098.06667935023,"Middle East, North Africa, Afghanistan & Pakistan",Low income,36.3119,33.5146
5028,SY,Syrian Arab Republic,GDP per capita (current US$),2017,851.501972646386,"Middle East, North Africa, Afghanistan & Pakistan",Low income,36.3119,33.5146
5029,SY,Syrian Arab Republic,GDP per capita (current US$),2016,656.349017520952,"Middle East, North Africa, Afghanistan & Pakistan",Low income,36.3119,33.5146
5030,TJ,Tajikistan,GDP per capita (current US$),2025,1637.2542942547,Europe & Central Asia,Lower middle income,68.7864,38.5878
5031,TJ,Tajikistan,GDP per capita (current US$),2024,1362.02559981695,Europe & Central Asia,Lower middle income,68.7864,38.5878
5032,TJ,Tajikistan,GDP per capita (current US$),2023,1178.47990060249,Europe & Central Asia,Lower middle income,68.7864,38.5878
5033,TJ,Tajikistan,GDP per capita (current US$),2022,1052.17949484894,Europe & Central Asia,Lower middle income,68.7864,38.5878
5034,TJ,Tajikistan,GDP per capita (current US$),2021,896.748053372182,Europe & Central Asia,Lower middle income,68.7864,38.5878
5035,TJ,Tajikistan,GDP per capita (current US$),2020,834.311715460625,Europe & Central Asia,Lower middle income,68.7864,38.5878
5036,TJ,Tajikistan,GDP per capita (current US$),2019,871.022372934846,Europe & Central Asia,Lower middle income,68.7864,38.5878
5037,TJ,Tajikistan,GDP per capita (current US$),2018,834.288404578801,Europe & Central Asia,Lower middle income,68.7864,38.5878
5038,TJ,Tajikistan,GDP per capita (current US$),2017,829.45714764957,Europe & Central Asia,Lower middle income,68.7864,38.5878
5039,TJ,Tajikistan,GDP per capita (current US$),2016,788.710481734485,Europe & Central Asia,Lower middle income,68.7864,38.5878
5040,TZ,Tanzania,GDP per capita (current US$),2025,1318.81921386719,Sub-Saharan Africa ,Lower middle income,35.7382,-6.17486
5041,TZ,Tanzania,GDP per capita (current US$),2024,1192.60668945313,Sub-Saharan Africa ,Lower middle income,35.7382,-6.17486
5042,TZ,Tanzania,GDP per capita (current US$),2023,1224.00219726563,Sub-Saharan Africa ,Lower middle income,35.7382,-6.17486
5043,TZ,Tanzania,GDP per capita (current US$),2022,1207.52062988281,Sub-Saharan Africa ,Lower middle income,35.7382,-6.17486
5044,TZ,Tanzania,GDP per capita (current US$),2021,1159.85656738281,Sub-Saharan Africa ,Lower middle income,35.7382,-6.17486
5045,TZ,Tanzania,GDP per capita (current US$),2020,1117.41528320313,Sub-Saharan Africa ,Lower middle income,35.7382,-6.17486
5046,TZ,Tanzania,GDP per capita (current US$),2019,1063.32250976563,Sub-Saharan Africa ,Lower middle income,35.7382,-6.17486
5047,TZ,Tanzania,GDP per capita (current US$),2018,1023.10626220703,Sub-Saharan Africa ,Lower middle income,35.7382,-6.17486
5048,TZ,Tanzania,GDP per capita (current US$),2017,986.674011230469,Sub-Saharan Africa ,Lower middle income,35.7382,-6.17486
5049,TZ,Tanzania,GDP per capita (current US$),2016,953.0107421875,Sub-Saharan Africa ,Lower middle income,35.7382,-6.17486
5050,TH,Thailand,GDP per capita (current US$),2025,8056.56359761558,East Asia & Pacific,Upper middle income,100.521,13.7308
5051,TH,Thailand,GDP per capita (current US$),2024,7386.63615126055,East Asia & Pacific,Upper middle income,100.521,13.7308
5052,TH,Thailand,GDP per capita (current US$),2023,7210.54130832685,East Asia & Pacific,Upper middle income,100.521,13.7308
5053,TH,Thailand,GDP per capita (current US$),2022,6910.00995211206,East Asia & Pacific,Upper middle income,100.521,13.7308
5054,TH,Thailand,GDP per capita (current US$),2021,7055.18760721422,East Asia & Pacific,Upper middle income,100.521,13.7308
5055,TH,Thailand,GDP per capita (current US$),2020,6983.03412836245,East Asia & Pacific,Upper middle income,100.521,13.7308
5056,TH,Thailand,GDP per capita (current US$),2019,7605.69657797759,East Asia & Pacific,Upper middle income,100.521,13.7308
5057,TH,Thailand,GDP per capita (current US$),2018,7099.77650081458,East Asia & Pacific,Upper middle income,100.521,13.7308
5058,TH,Thailand,GDP per capita (current US$),2017,6413.09182530343,East Asia & Pacific,Upper middle income,100.521,13.7308
5059,TH,Thailand,GDP per capita (current US$),2016,5833.57715617098,East Asia & Pacific,Upper middle income,100.521,13.7308
5060,TL,Timor-Leste,GDP per capita (current US$),2025,1340.9640193437,East Asia & Pacific,Lower middle income,125.567,-8.56667
5061,TL,Timor-Leste,GDP per capita (current US$),2024,1331.9705130185,East Asia & Pacific,Lower middle income,125.567,-8.56667
5062,TL,Timor-Leste,GDP per capita (current US$),2023,1502.4114958903,East Asia & Pacific,Lower middle income,125.567,-8.56667
5063,TL,Timor-Leste,GDP per capita (current US$),2022,2343.24955542816,East Asia & Pacific,Lower middle income,125.567,-8.56667
5064,TL,Timor-Leste,GDP per capita (current US$),2021,2684.92673717299,East Asia & Pacific,Lower middle income,125.567,-8.56667
5065,TL,Timor-Leste,GDP per capita (current US$),2020,1630.86935439232,East Asia & Pacific,Lower middle income,125.567,-8.56667
5066,TL,Timor-Leste,GDP per capita (current US$),2019,1562.36458881813,East Asia & Pacific,Lower middle income,125.567,-8.56667
5067,TL,Timor-Leste,GDP per capita (current US$),2018,1219.46598597604,East Asia & Pacific,Lower middle income,125.567,-8.56667
5068,TL,Timor-Leste,GDP per capita (current US$),2017,1266.17767952941,East Asia & Pacific,Lower middle income,125.567,-8.56667
5069,TL,Timor-Leste,GDP per capita (current US$),2016,1335.54390089814,East Asia & Pacific,Lower middle income,125.567,-8.56667
5070,TG,Togo,GDP per capita (current US$),2025,1383.89974929887,Sub-Saharan Africa ,Lower middle income,1.2255,6.1228
5071,TG,Togo,GDP per capita (current US$),2024,1266.08777721447,Sub-Saharan Africa ,Lower middle income,1.2255,6.1228
5072,TG,Togo,GDP per capita (current US$),2023,1182.32951436696,Sub-Saharan Africa ,Lower middle income,1.2255,6.1228
5073,TG,Togo,GDP per capita (current US$),2022,1071.61539220759,Sub-Saharan Africa ,Lower middle income,1.2255,6.1228
5074,TG,Togo,GDP per capita (current US$),2021,1076.29520076949,Sub-Saharan Africa ,Lower middle income,1.2255,6.1228
5075,TG,Togo,GDP per capita (current US$),2020,961.219781201934,Sub-Saharan Africa ,Lower middle income,1.2255,6.1228
5076,TG,Togo,GDP per capita (current US$),2019,917.718016777619,Sub-Saharan Africa ,Lower middle income,1.2255,6.1228
5077,TG,Togo,GDP per capita (current US$),2018,942.480774393154,Sub-Saharan Africa ,Lower middle income,1.2255,6.1228
5078,TG,Togo,GDP per capita (current US$),2017,872.076408845752,Sub-Saharan Africa ,Lower middle income,1.2255,6.1228
5079,TG,Togo,GDP per capita (current US$),2016,843.114204338675,Sub-Saharan Africa ,Lower middle income,1.2255,6.1228
5080,TO,Tonga,GDP per capita (current US$),2025,6547.18646814228,East Asia & Pacific,Upper middle income,-175.216,-21.136
5081,TO,Tonga,GDP per capita (current US$),2024,6215.38990974121,East Asia & Pacific,Upper middle income,-175.216,-21.136
5082,TO,Tonga,GDP per capita (current US$),2023,5651.59357939286,East Asia & Pacific,Upper middle income,-175.216,-21.136
5083,TO,Tonga,GDP per capita (current US$),2022,5298.01942454298,East Asia & Pacific,Upper middle income,-175.216,-21.136
5084,TO,Tonga,GDP per capita (current US$),2021,4922.8015864044,East Asia & Pacific,Upper middle income,-175.216,-21.136
5085,TO,Tonga,GDP per capita (current US$),2020,4792.35872413906,East Asia & Pacific,Upper middle income,-175.216,-21.136
5086,TO,Tonga,GDP per capita (current US$),2019,4788.83350468584,East Asia & Pacific,Upper middle income,-175.216,-21.136
5087,TO,Tonga,GDP per capita (current US$),2018,4675.04776047973,East Asia & Pacific,Upper middle income,-175.216,-21.136
5088,TO,Tonga,GDP per capita (current US$),2017,4365.92929788648,East Asia & Pacific,Upper middle income,-175.216,-21.136
5089,TO,Tonga,GDP per capita (current US$),2016,3987.98618837043,East Asia & Pacific,Upper middle income,-175.216,-21.136
5090,TT,Trinidad and Tobago,GDP per capita (current US$),2025,18967.2704636681,Latin America & Caribbean ,High income,-61.4789,10.6596
5091,TT,Trinidad and Tobago,GDP per capita (current US$),2024,18733.4110406494,Latin America & Caribbean ,High income,-61.4789,10.6596
5092,TT,Trinidad and Tobago,GDP per capita (current US$),2023,18308.4536298575,Latin America & Caribbean ,High income,-61.4789,10.6596
5093,TT,Trinidad and Tobago,GDP per capita (current US$),2022,20750.5202434652,Latin America & Caribbean ,High income,-61.4789,10.6596
5094,TT,Trinidad and Tobago,GDP per capita (current US$),2021,17712.5674104655,Latin America & Caribbean ,High income,-61.4789,10.6596
5095,TT,Trinidad and Tobago,GDP per capita (current US$),2020,15283.6270531554,Latin America & Caribbean ,High income,-61.4789,10.6596
5096,TT,Trinidad and Tobago,GDP per capita (current US$),2019,17212.6128892163,Latin America & Caribbean ,High income,-61.4789,10.6596
5097,TT,Trinidad and Tobago,GDP per capita (current US$),2018,17571.498737278,Latin America & Caribbean ,High income,-61.4789,10.6596
5098,TT,Trinidad and Tobago,GDP per capita (current US$),2017,17566.0999700656,Latin America & Caribbean ,High income,-61.4789,10.6596
5099,TT,Trinidad and Tobago,GDP per capita (current US$),2016,17449.1538801956,Latin America & Caribbean ,High income,-61.4789,10.6596
5100,TN,Tunisia,GDP per capita (current US$),2025,4656.63818386852,"Middle East, North Africa, Afghanistan & Pakistan",Lower middle income,10.21,36.7899
5101,TN,Tunisia,GDP per capita (current US$),2024,4187.64079392362,"Middle East, North Africa, Afghanistan & Pakistan",Lower middle income,10.21,36.7899
5102,TN,Tunisia,GDP per capita (current US$),2023,3951.11683376921,"Middle East, North Africa, Afghanistan & Pakistan",Lower middle income,10.21,36.7899
5103,TN,Tunisia,GDP per capita (current US$),2022,3707.29283414381,"Middle East, North Africa, Afghanistan & Pakistan",Lower middle income,10.21,36.7899
5104,TN,Tunisia,GDP per capita (current US$),2021,3906.93926319391,"Middle East, North Africa, Afghanistan & Pakistan",Lower middle income,10.21,36.7899
5105,TN,Tunisia,GDP per capita (current US$),2020,3548.65363663803,"Middle East, North Africa, Afghanistan & Pakistan",Lower middle income,10.21,36.7899
5106,TN,Tunisia,GDP per capita (current US$),2019,3528.87213306798,"Middle East, North Africa, Afghanistan & Pakistan",Lower middle income,10.21,36.7899
5107,TN,Tunisia,GDP per capita (current US$),2018,3628.10366464236,"Middle East, North Africa, Afghanistan & Pakistan",Lower middle income,10.21,36.7899
5108,TN,Tunisia,GDP per capita (current US$),2017,3619.03247319953,"Middle East, North Africa, Afghanistan & Pakistan",Lower middle income,10.21,36.7899
5109,TN,Tunisia,GDP per capita (current US$),2016,3847.80354448809,"Middle East, North Africa, Afghanistan & Pakistan",Lower middle income,10.21,36.7899
5110,TR,Turkiye,GDP per capita (current US$),2025,18599.4420922378,Europe & Central Asia,Upper middle income,32.3606,39.7153
5111,TR,Turkiye,GDP per capita (current US$),2024,15892.7157287241,Europe & Central Asia,Upper middle income,32.3606,39.7153
5112,TR,Turkiye,GDP per capita (current US$),2023,13375.0947282864,Europe & Central Asia,Upper middle income,32.3606,39.7153
5113,TR,Turkiye,GDP per capita (current US$),2022,10897.8397861365,Europe & Central Asia,Upper middle income,32.3606,39.7153
5114,TR,Turkiye,GDP per capita (current US$),2021,9981.76398411336,Europe & Central Asia,Upper middle income,32.3606,39.7153
5115,TR,Turkiye,GDP per capita (current US$),2020,8798.11791709313,Europe & Central Asia,Upper middle income,32.3606,39.7153
5116,TR,Turkiye,GDP per capita (current US$),2019,9395.23378001368,Europe & Central Asia,Upper middle income,32.3606,39.7153
5117,TR,Turkiye,GDP per capita (current US$),2018,9684.11819884721,Europe & Central Asia,Upper middle income,32.3606,39.7153
5118,TR,Turkiye,GDP per capita (current US$),2017,10756.3877677883,Europe & Central Asia,Upper middle income,32.3606,39.7153
5119,TR,Turkiye,GDP per capita (current US$),2016,10984.3643169061,Europe & Central Asia,Upper middle income,32.3606,39.7153
5120,TM,Turkmenistan,GDP per capita (current US$),2025,6540.17876401136,Europe & Central Asia,Upper middle income,58.3794,37.9509
5121,TM,Turkmenistan,GDP per capita (current US$),2024,5904.25772576512,Europe & Central Asia,Upper middle income,58.3794,37.9509
5122,TM,Turkmenistan,GDP per capita (current US$),2023,5298.46421949276,Europe & Central Asia,Upper middle income,58.3794,37.9509
5123,TM,Turkmenistan,GDP per capita (current US$),2022,5198.18947409551,Europe & Central Asia,Upper middle income,58.3794,37.9509
5124,TM,Turkmenistan,GDP per capita (current US$),2021,3713.20113171765,Europe & Central Asia,Upper middle income,58.3794,37.9509
5125,TM,Turkmenistan,GDP per capita (current US$),2020,3935.37749365223,Europe & Central Asia,Upper middle income,58.3794,37.9509
5126,TM,Turkmenistan,GDP per capita (current US$),2019,4365.1152919542,Europe & Central Asia,Upper middle income,58.3794,37.9509
5127,TM,Turkmenistan,GDP per capita (current US$),2018,3911.98557297865,Europe & Central Asia,Upper middle income,58.3794,37.9509
5128,TM,Turkmenistan,GDP per capita (current US$),2017,5125.54920055808,Europe & Central Asia,Upper middle income,58.3794,37.9509
5129,TM,Turkmenistan,GDP per capita (current US$),2016,5238.00827202546,Europe & Central Asia,Upper middle income,58.3794,37.9509
5130,TC,Turks and Caicos Islands,GDP per capita (current US$),2025,,Latin America & Caribbean ,High income,-71.141389,21.4602778
5131,TC,Turks and Caicos Islands,GDP per capita (current US$),2024,37506.7798431288,Latin America & Caribbean ,High income,-71.141389,21.4602778
5132,TC,Turks and Caicos Islands,GDP per capita (current US$),2023,35470.2151608295,Latin America & Caribbean ,High income,-71.141389,21.4602778
5133,TC,Turks and Caicos Islands,GDP per capita (current US$),2022,31280.5418020808,Latin America & Caribbean ,High income,-71.141389,21.4602778
5134,TC,Turks and Caicos Islands,GDP per capita (current US$),2021,27329.2885087196,Latin America & Caribbean ,High income,-71.141389,21.4602778
5135,TC,Turks and Caicos Islands,GDP per capita (current US$),2020,20690.9160546118,Latin America & Caribbean ,High income,-71.141389,21.4602778
5136,TC,Turks and Caicos Islands,GDP per capita (current US$),2019,31780.5217068989,Latin America & Caribbean ,High income,-71.141389,21.4602778
5137,TC,Turks and Caicos Islands,GDP per capita (current US$),2018,31625.616593277,Latin America & Caribbean ,High income,-71.141389,21.4602778
5138,TC,Turks and Caicos Islands,GDP per capita (current US$),2017,30014.2309523213,Latin America & Caribbean ,High income,-71.141389,21.4602778
5139,TC,Turks and Caicos Islands,GDP per capita (current US$),2016,31373.5612684327,Latin America & Caribbean ,High income,-71.141389,21.4602778
5140,TV,Tuvalu,GDP per capita (current US$),2025,6041.44908591428,East Asia & Pacific,Upper middle income,179.089567,-8.6314877
5141,TV,Tuvalu,GDP per capita (current US$),2024,5883.50257114002,East Asia & Pacific,Upper middle income,179.089567,-8.6314877
5142,TV,Tuvalu,GDP per capita (current US$),2023,5143.8397437226,East Asia & Pacific,Upper middle income,179.089567,-8.6314877
5143,TV,Tuvalu,GDP per capita (current US$),2022,5414.74642912412,East Asia & Pacific,Upper middle income,179.089567,-8.6314877
5144,TV,Tuvalu,GDP per capita (current US$),2021,6042.51983141155,East Asia & Pacific,Upper middle income,179.089567,-8.6314877
5145,TV,Tuvalu,GDP per capita (current US$),2020,5029.57159284173,East Asia & Pacific,Upper middle income,179.089567,-8.6314877
5146,TV,Tuvalu,GDP per capita (current US$),2019,5058.85266607659,East Asia & Pacific,Upper middle income,179.089567,-8.6314877
5147,TV,Tuvalu,GDP per capita (current US$),2018,4467.21144027065,East Asia & Pacific,Upper middle income,179.089567,-8.6314877
5148,TV,Tuvalu,GDP per capita (current US$),2017,4166.79162422818,East Asia & Pacific,Upper middle income,179.089567,-8.6314877
5149,TV,Tuvalu,GDP per capita (current US$),2016,3779.15293916285,East Asia & Pacific,Upper middle income,179.089567,-8.6314877
5150,UG,Uganda,GDP per capita (current US$),2025,1206.30450825002,Sub-Saharan Africa ,Low income,32.5729,0.314269
5151,UG,Uganda,GDP per capita (current US$),2024,1077.91278438613,Sub-Saharan Africa ,Low income,32.5729,0.314269
5152,UG,Uganda,GDP per capita (current US$),2023,1002.30913917142,Sub-Saharan Africa ,Low income,32.5729,0.314269
5153,UG,Uganda,GDP per capita (current US$),2022,963.067314117178,Sub-Saharan Africa ,Low income,32.5729,0.314269
5154,UG,Uganda,GDP per capita (current US$),2021,882.791717542504,Sub-Saharan Africa ,Low income,32.5729,0.314269
5155,UG,Uganda,GDP per capita (current US$),2020,845.766463890124,Sub-Saharan Africa ,Low income,32.5729,0.314269
5156,UG,Uganda,GDP per capita (current US$),2019,822.171150036357,Sub-Saharan Africa ,Low income,32.5729,0.314269
5157,UG,Uganda,GDP per capita (current US$),2018,792.16570022814,Sub-Saharan Africa ,Low income,32.5729,0.314269
5158,UG,Uganda,GDP per capita (current US$),2017,765.218332297361,Sub-Saharan Africa ,Low income,32.5729,0.314269
5159,UG,Uganda,GDP per capita (current US$),2016,752.696571725656,Sub-Saharan Africa ,Low income,32.5729,0.314269
5160,UA,Ukraine,GDP per capita (current US$),2025,5865.884765625,Europe & Central Asia,Upper middle income,30.5038,50.4536
5161,UA,Ukraine,GDP per capita (current US$),2024,5391.62255859375,Europe & Central Asia,Upper middle income,30.5038,50.4536
5162,UA,Ukraine,GDP per capita (current US$),2023,5139.59814453125,Europe & Central Asia,Upper middle income,30.5038,50.4536
5163,UA,Ukraine,GDP per capita (current US$),2022,4199.6708984375,Europe & Central Asia,Upper middle income,30.5038,50.4536
5164,UA,Ukraine,GDP per capita (current US$),2021,4775.94580078125,Europe & Central Asia,Upper middle income,30.5038,50.4536
5165,UA,Ukraine,GDP per capita (current US$),2020,3709.76928710938,Europe & Central Asia,Upper middle income,30.5038,50.4536
5166,UA,Ukraine,GDP per capita (current US$),2019,3619.86157226563,Europe & Central Asia,Upper middle income,30.5038,50.4536
5167,UA,Ukraine,GDP per capita (current US$),2018,3059.0517578125,Europe & Central Asia,Upper middle income,30.5038,50.4536
5168,UA,Ukraine,GDP per capita (current US$),2017,2604.28759765625,Europe & Central Asia,Upper middle income,30.5038,50.4536
5169,UA,Ukraine,GDP per capita (current US$),2016,2158.46118164063,Europe & Central Asia,Upper middle income,30.5038,50.4536
5170,AE,United Arab Emirates,GDP per capita (current US$),2025,,"Middle East, North Africa, Afghanistan & Pakistan",High income,54.3705,24.4764
5171,AE,United Arab Emirates,GDP per capita (current US$),2024,50273.5126243239,"Middle East, North Africa, Afghanistan & Pakistan",High income,54.3705,24.4764
5172,AE,United Arab Emirates,GDP per capita (current US$),2023,49850.6945082084,"Middle East, North Africa, Afghanistan & Pakistan",High income,54.3705,24.4764
5173,AE,United Arab Emirates,GDP per capita (current US$),2022,50759.7590190204,"Middle East, North Africa, Afghanistan & Pakistan",High income,54.3705,24.4764
5174,AE,United Arab Emirates,GDP per capita (current US$),2021,44118.4936214315,"Middle East, North Africa, Afghanistan & Pakistan",High income,54.3705,24.4764
5175,AE,United Arab Emirates,GDP per capita (current US$),2020,37991.738387966,"Middle East, North Africa, Afghanistan & Pakistan",High income,54.3705,24.4764
5176,AE,United Arab Emirates,GDP per capita (current US$),2019,45938.6084572227,"Middle East, North Africa, Afghanistan & Pakistan",High income,54.3705,24.4764
5177,AE,United Arab Emirates,GDP per capita (current US$),2018,47135.3478795605,"Middle East, North Africa, Afghanistan & Pakistan",High income,54.3705,24.4764
5178,AE,United Arab Emirates,GDP per capita (current US$),2017,43733.6242018215,"Middle East, North Africa, Afghanistan & Pakistan",High income,54.3705,24.4764
5179,AE,United Arab Emirates,GDP per capita (current US$),2016,42721.1136110991,"Middle East, North Africa, Afghanistan & Pakistan",High income,54.3705,24.4764
5180,GB,United Kingdom,GDP per capita (current US$),2025,57601.9621201954,Europe & Central Asia,High income,-0.126236,51.5002
5181,GB,United Kingdom,GDP per capita (current US$),2024,53341.3131094262,Europe & Central Asia,High income,-0.126236,51.5002
5182,GB,United Kingdom,GDP per capita (current US$),2023,49919.6896621586,Europe & Central Asia,High income,-0.126236,51.5002
5183,GB,United Kingdom,GDP per capita (current US$),2022,47034.7795621476,Europe & Central Asia,High income,-0.126236,51.5002
5184,GB,United Kingdom,GDP per capita (current US$),2021,47695.6491523474,Europe & Central Asia,High income,-0.126236,51.5002
5185,GB,United Kingdom,GDP per capita (current US$),2020,40815.1255364787,Europe & Central Asia,High income,-0.126236,51.5002
5186,GB,United Kingdom,GDP per capita (current US$),2019,43160.6843971799,Europe & Central Asia,High income,-0.126236,51.5002
5187,GB,United Kingdom,GDP per capita (current US$),2018,43704.3162296687,Europe & Central Asia,High income,-0.126236,51.5002
5188,GB,United Kingdom,GDP per capita (current US$),2017,40918.0520870944,Europe & Central Asia,High income,-0.126236,51.5002
5189,GB,United Kingdom,GDP per capita (current US$),2016,41258.5374285695,Europe & Central Asia,High income,-0.126236,51.5002
5190,US,United States,GDP per capita (current US$),2025,90026.5163005744,North America,High income,-77.032,38.8895
5191,US,United States,GDP per capita (current US$),2024,86169.6641581917,North America,High income,-77.032,38.8895
5192,US,United States,GDP per capita (current US$),2023,82586.7847707894,North America,High income,-77.032,38.8895
5193,US,United States,GDP per capita (current US$),2022,78008.6895811877,North America,High income,-77.032,38.8895
5194,US,United States,GDP per capita (current US$),2021,71441.2319805947,North America,High income,-77.032,38.8895
5195,US,United States,GDP per capita (current US$),2020,64465.2971415748,North America,High income,-77.032,38.8895
5196,US,United States,GDP per capita (current US$),2019,65227.9565911038,North America,High income,-77.032,38.8895
5197,US,United States,GDP per capita (current US$),2018,62875.6661382728,North America,High income,-77.032,38.8895
5198,US,United States,GDP per capita (current US$),2017,60047.7190728307,North America,High income,-77.032,38.8895
5199,US,United States,GDP per capita (current US$),2016,57976.628204291,North America,High income,-77.032,38.8895
5200,UY,Uruguay,GDP per capita (current US$),2025,25215.8238152781,Latin America & Caribbean ,High income,-56.0675,-34.8941
5201,UY,Uruguay,GDP per capita (current US$),2024,24308.4954958447,Latin America & Caribbean ,High income,-56.0675,-34.8941
5202,UY,Uruguay,GDP per capita (current US$),2023,23378.6399733516,Latin America & Caribbean ,High income,-56.0675,-34.8941
5203,UY,Uruguay,GDP per capita (current US$),2022,21009.2883798725,Latin America & Caribbean ,High income,-56.0675,-34.8941
5204,UY,Uruguay,GDP per capita (current US$),2021,17881.8119616753,Latin America & Caribbean ,High income,-56.0675,-34.8941
5205,UY,Uruguay,GDP per capita (current US$),2020,15757.5341990356,Latin America & Caribbean ,High income,-56.0675,-34.8941
5206,UY,Uruguay,GDP per capita (current US$),2019,18315.7350377437,Latin America & Caribbean ,High income,-56.0675,-34.8941
5207,UY,Uruguay,GDP per capita (current US$),2018,19249.9404677501,Latin America & Caribbean ,High income,-56.0675,-34.8941
5208,UY,Uruguay,GDP per capita (current US$),2017,19184.6626114272,Latin America & Caribbean ,High income,-56.0675,-34.8941
5209,UY,Uruguay,GDP per capita (current US$),2016,17009.7584207276,Latin America & Caribbean ,High income,-56.0675,-34.8941
5210,UZ,Uzbekistan,GDP per capita (current US$),2025,3968.2720079072,Europe & Central Asia,Lower middle income,69.269,41.3052
5211,UZ,Uzbekistan,GDP per capita (current US$),2024,3337.45492058664,Europe & Central Asia,Lower middle income,69.269,41.3052
5212,UZ,Uzbekistan,GDP per capita (current US$),2023,3015.97705069457,Europe & Central Asia,Lower middle income,69.269,41.3052
5213,UZ,Uzbekistan,GDP per capita (current US$),2022,2698.60262953369,Europe & Central Asia,Lower middle income,69.269,41.3052
5214,UZ,Uzbekistan,GDP per capita (current US$),2021,2370.36480555669,Europe & Central Asia,Lower middle income,69.269,41.3052
5215,UZ,Uzbekistan,GDP per capita (current US$),2020,2087.96374711792,Europe & Central Asia,Lower middle income,69.269,41.3052
5216,UZ,Uzbekistan,GDP per capita (current US$),2019,2128.66067138334,Europe & Central Asia,Lower middle income,69.269,41.3052
5217,UZ,Uzbekistan,GDP per capita (current US$),2018,1894.09088741408,Europe & Central Asia,Lower middle income,69.269,41.3052
5218,UZ,Uzbekistan,GDP per capita (current US$),2017,2271.4730109511,Europe & Central Asia,Lower middle income,69.269,41.3052
5219,UZ,Uzbekistan,GDP per capita (current US$),2016,3128.42307170099,Europe & Central Asia,Lower middle income,69.269,41.3052
5220,VU,Vanuatu,GDP per capita (current US$),2025,4038.73520713411,East Asia & Pacific,Lower middle income,168.321,-17.7404
5221,VU,Vanuatu,GDP per capita (current US$),2024,3959.87703462363,East Asia & Pacific,Lower middle income,168.321,-17.7404
5222,VU,Vanuatu,GDP per capita (current US$),2023,3708.18942411253,East Asia & Pacific,Lower middle income,168.321,-17.7404
5223,VU,Vanuatu,GDP per capita (current US$),2022,3679.53524327491,East Asia & Pacific,Lower middle income,168.321,-17.7404
5224,VU,Vanuatu,GDP per capita (current US$),2021,3576.13770954363,East Asia & Pacific,Lower middle income,168.321,-17.7404
5225,VU,Vanuatu,GDP per capita (current US$),2020,3404.30359167624,East Asia & Pacific,Lower middle income,168.321,-17.7404
5226,VU,Vanuatu,GDP per capita (current US$),2019,3635.62344878185,East Asia & Pacific,Lower middle income,168.321,-17.7404
5227,VU,Vanuatu,GDP per capita (current US$),2018,3626.18862522473,East Asia & Pacific,Lower middle income,168.321,-17.7404
5228,VU,Vanuatu,GDP per capita (current US$),2017,3585.31798081216,East Asia & Pacific,Lower middle income,168.321,-17.7404
5229,VU,Vanuatu,GDP per capita (current US$),2016,3339.83436471043,East Asia & Pacific,Lower middle income,168.321,-17.7404
5230,VE,"Venezuela, RB",GDP per capita (current US$),2025,3494.8138870244,Latin America & Caribbean ,Lower middle income,-69.8371,9.08165
5231,VE,"Venezuela, RB",GDP per capita (current US$),2024,4244.45723136019,Latin America & Caribbean ,Lower middle income,-69.8371,9.08165
5232,VE,"Venezuela, RB",GDP per capita (current US$),2023,3617.47038396528,Latin America & Caribbean ,Lower middle income,-69.8371,9.08165
5233,VE,"Venezuela, RB",GDP per capita (current US$),2022,3155.04190923584,Latin America & Caribbean ,Lower middle income,-69.8371,9.08165
5234,VE,"Venezuela, RB",GDP per capita (current US$),2021,2004.93572921136,Latin America & Caribbean ,Lower middle income,-69.8371,9.08165
5235,VE,"Venezuela, RB",GDP per capita (current US$),2020,1506.04169391285,Latin America & Caribbean ,Lower middle income,-69.8371,9.08165
5236,VE,"Venezuela, RB",GDP per capita (current US$),2019,2523.11527549578,Latin America & Caribbean ,Lower middle income,-69.8371,9.08165
5237,VE,"Venezuela, RB",GDP per capita (current US$),2018,3421.51341607593,Latin America & Caribbean ,Lower middle income,-69.8371,9.08165
5238,VE,"Venezuela, RB",GDP per capita (current US$),2017,3791.63262049576,Latin America & Caribbean ,Lower middle income,-69.8371,9.08165
5239,VE,"Venezuela, RB",GDP per capita (current US$),2016,3671.23004093383,Latin America & Caribbean ,Lower middle income,-69.8371,9.08165
5240,VN,Viet Nam,GDP per capita (current US$),2025,5065.99091899299,East Asia & Pacific,Upper middle income,105.825,21.0069
5241,VN,Viet Nam,GDP per capita (current US$),2024,4716.6599379632,East Asia & Pacific,Upper middle income,105.825,21.0069
5242,VN,Viet Nam,GDP per capita (current US$),2023,4322.82572261566,East Asia & Pacific,Upper middle income,105.825,21.0069
5243,VN,Viet Nam,GDP per capita (current US$),2022,4147.69777213621,East Asia & Pacific,Upper middle income,105.825,21.0069
5244,VN,Viet Nam,GDP per capita (current US$),2021,3704.1935590038,East Asia & Pacific,Upper middle income,105.825,21.0069
5245,VN,Viet Nam,GDP per capita (current US$),2020,3534.03953482647,East Asia & Pacific,Upper middle income,105.825,21.0069
5246,VN,Viet Nam,GDP per capita (current US$),2019,3440.90025375434,East Asia & Pacific,Upper middle income,105.825,21.0069
5247,VN,Viet Nam,GDP per capita (current US$),2018,3222.31003125366,East Asia & Pacific,Upper middle income,105.825,21.0069
5248,VN,Viet Nam,GDP per capita (current US$),2017,2956.10992127753,East Asia & Pacific,Upper middle income,105.825,21.0069
5249,VN,Viet Nam,GDP per capita (current US$),2016,2735.0604380416,East Asia & Pacific,Upper middle income,105.825,21.0069
5250,VI,Virgin Islands (U.S.),GDP per capita (current US$),2025,,Latin America & Caribbean ,High income,-64.8963,18.3358
5251,VI,Virgin Islands (U.S.),GDP per capita (current US$),2024,,Latin America & Caribbean ,High income,-64.8963,18.3358
5252,VI,Virgin Islands (U.S.),GDP per capita (current US$),2023,,Latin America & Caribbean ,High income,-64.8963,18.3358
5253,VI,Virgin Islands (U.S.),GDP per capita (current US$),2022,44320.909185774,Latin America & Caribbean ,High income,-64.8963,18.3358
5254,VI,Virgin Islands (U.S.),GDP per capita (current US$),2021,42571.0777368471,Latin America & Caribbean ,High income,-64.8963,18.3358
5255,VI,Virgin Islands (U.S.),GDP per capita (current US$),2020,39787.3741650202,Latin America & Caribbean ,High income,-64.8963,18.3358
5256,VI,Virgin Islands (U.S.),GDP per capita (current US$),2019,38633.5298915336,Latin America & Caribbean ,High income,-64.8963,18.3358
5257,VI,Virgin Islands (U.S.),GDP per capita (current US$),2018,36663.2087550584,Latin America & Caribbean ,High income,-64.8963,18.3358
5258,VI,Virgin Islands (U.S.),GDP per capita (current US$),2017,35365.0693039774,Latin America & Caribbean ,High income,-64.8963,18.3358
5259,VI,Virgin Islands (U.S.),GDP per capita (current US$),2016,35324.9748874586,Latin America & Caribbean ,High income,-64.8963,18.3358
5260,PS,West Bank and Gaza,GDP per capita (current US$),2025,3171.10844621579,"Middle East, North Africa, Afghanistan & Pakistan",Lower middle income,,
5261,PS,West Bank and Gaza,GDP per capita (current US$),2024,3028.25481286981,"Middle East, North Africa, Afghanistan & Pakistan",Lower middle income,,
5262,PS,West Bank and Gaza,GDP per capita (current US$),2023,3607.41611858821,"Middle East, North Africa, Afghanistan & Pakistan",Lower middle income,,
5263,PS,West Bank and Gaza,GDP per capita (current US$),2022,3799.95527015163,"Middle East, North Africa, Afghanistan & Pakistan",Lower middle income,,
5264,PS,West Bank and Gaza,GDP per capita (current US$),2021,3678.63565662194,"Middle East, North Africa, Afghanistan & Pakistan",Lower middle income,,
5265,PS,West Bank and Gaza,GDP per capita (current US$),2020,3233.56863835858,"Middle East, North Africa, Afghanistan & Pakistan",Lower middle income,,
5266,PS,West Bank and Gaza,GDP per capita (current US$),2019,3656.85827137011,"Middle East, North Africa, Afghanistan & Pakistan",Lower middle income,,
5267,PS,West Bank and Gaza,GDP per capita (current US$),2018,3562.33094270256,"Middle East, North Africa, Afghanistan & Pakistan",Lower middle income,,
5268,PS,West Bank and Gaza,GDP per capita (current US$),2017,3620.36048715937,"Middle East, North Africa, Afghanistan & Pakistan",Lower middle income,,
5269,PS,West Bank and Gaza,GDP per capita (current US$),2016,3527.61382413178,"Middle East, North Africa, Afghanistan & Pakistan",Lower middle income,,
5270,YE,"Yemen, Rep.",GDP per capita (current US$),2025,,"Middle East, North Africa, Afghanistan & Pakistan",Low income,44.2075,15.352
5271,YE,"Yemen, Rep.",GDP per capita (current US$),2024,,"Middle East, North Africa, Afghanistan & Pakistan",Low income,44.2075,15.352
5272,YE,"Yemen, Rep.",GDP per capita (current US$),2023,,"Middle East, North Africa, Afghanistan & Pakistan",Low income,44.2075,15.352
5273,YE,"Yemen, Rep.",GDP per capita (current US$),2022,,"Middle East, North Africa, Afghanistan & Pakistan",Low income,44.2075,15.352
5274,YE,"Yemen, Rep.",GDP per capita (current US$),2021,,"Middle East, North Africa, Afghanistan & Pakistan",Low income,44.2075,15.352
5275,YE,"Yemen, Rep.",GDP per capita (current US$),2020,,"Middle East, North Africa, Afghanistan & Pakistan",Low income,44.2075,15.352
5276,YE,"Yemen, Rep.",GDP per capita (current US$),2019,,"Middle East, North Africa, Afghanistan & Pakistan",Low income,44.2075,15.352
5277,YE,"Yemen, Rep.",GDP per capita (current US$),2018,633.887202451545,"Middle East, North Africa, Afghanistan & Pakistan",Low income,44.2075,15.352
5278,YE,"Yemen, Rep.",GDP per capita (current US$),2017,811.165970405745,"Middle East, North Africa, Afghanistan & Pakistan",Low income,44.2075,15.352
5279,YE,"Yemen, Rep.",GDP per capita (current US$),2016,975.359417003225,"Middle East, North Africa, Afghanistan & Pakistan",Low income,44.2075,15.352
5280,ZM,Zambia,GDP per capita (current US$),2025,1317.87771619597,Sub-Saharan Africa ,Lower middle income,28.2937,-15.3982
5281,ZM,Zambia,GDP per capita (current US$),2024,1187.10943350064,Sub-Saharan Africa ,Lower middle income,28.2937,-15.3982
5282,ZM,Zambia,GDP per capita (current US$),2023,1330.72780576709,Sub-Saharan Africa ,Lower middle income,28.2937,-15.3982
5283,ZM,Zambia,GDP per capita (current US$),2022,1447.12310138035,Sub-Saharan Africa ,Lower middle income,28.2937,-15.3982
5284,ZM,Zambia,GDP per capita (current US$),2021,1127.16077872857,Sub-Saharan Africa ,Lower middle income,28.2937,-15.3982
5285,ZM,Zambia,GDP per capita (current US$),2020,951.644316655957,Sub-Saharan Africa ,Lower middle income,28.2937,-15.3982
5286,ZM,Zambia,GDP per capita (current US$),2019,1258.98619844462,Sub-Saharan Africa ,Lower middle income,28.2937,-15.3982
5287,ZM,Zambia,GDP per capita (current US$),2018,1463.89997855593,Sub-Saharan Africa ,Lower middle income,28.2937,-15.3982
5288,ZM,Zambia,GDP per capita (current US$),2017,1483.46577328065,Sub-Saharan Africa ,Lower middle income,28.2937,-15.3982
5289,ZM,Zambia,GDP per capita (current US$),2016,1239.08527877713,Sub-Saharan Africa ,Lower middle income,28.2937,-15.3982
5290,ZW,Zimbabwe,GDP per capita (current US$),2025,3021.43019873632,Sub-Saharan Africa ,Lower middle income,31.0672,-17.8312
5291,ZW,Zimbabwe,GDP per capita (current US$),2024,2496.15514995576,Sub-Saharan Africa ,Lower middle income,31.0672,-17.8312
5292,ZW,Zimbabwe,GDP per capita (current US$),2023,2195.22502010174,Sub-Saharan Africa ,Lower middle income,31.0672,-17.8312
5293,ZW,Zimbabwe,GDP per capita (current US$),2022,2536.40197087505,Sub-Saharan Africa ,Lower middle income,31.0672,-17.8312
5294,ZW,Zimbabwe,GDP per capita (current US$),2021,2613.6167414057,Sub-Saharan Africa ,Lower middle income,31.0672,-17.8312
5295,ZW,Zimbabwe,GDP per capita (current US$),2020,2059.63704025274,Sub-Saharan Africa ,Lower middle income,31.0672,-17.8312
5296,ZW,Zimbabwe,GDP per capita (current US$),2019,2184.52155388801,Sub-Saharan Africa ,Lower middle income,31.0672,-17.8312
5297,ZW,Zimbabwe,GDP per capita (current US$),2018,2270.89531874302,Sub-Saharan Africa ,Lower middle income,31.0672,-17.8312
5298,ZW,Zimbabwe,GDP per capita (current US$),2017,3445.44941020134,Sub-Saharan Africa ,Lower middle income,31.0672,-17.8312
5299,ZW,Zimbabwe,GDP per capita (current US$),2016,1408.13945253431,Sub-Saharan Africa ,Lower middle income,31.0672,-17.8312
