,country_id,country_value,indicator_name,year,value,region,incomeLevel,longitude,latitude
0,ZH,Africa Eastern and Southern,Renewable energy consumption (% of total final energy consumption),2025,,Aggregates,Aggregates,,
1,ZH,Africa Eastern and Southern,Renewable energy consumption (% of total final energy consumption),2024,,Aggregates,Aggregates,,
2,ZH,Africa Eastern and Southern,Renewable energy consumption (% of total final energy consumption),2023,,Aggregates,Aggregates,,
3,ZH,Africa Eastern and Southern,Renewable energy consumption (% of total final energy consumption),2022,,Aggregates,Aggregates,,
4,ZH,Africa Eastern and Southern,Renewable energy consumption (% of total final energy consumption),2021,,Aggregates,Aggregates,,
5,ZH,Africa Eastern and Southern,Renewable energy consumption (% of total final energy consumption),2020,65.7823798017466,Aggregates,Aggregates,,
6,ZH,Africa Eastern and Southern,Renewable energy consumption (% of total final energy consumption),2019,62.6907096127666,Aggregates,Aggregates,,
7,ZH,Africa Eastern and Southern,Renewable energy consumption (% of total final energy consumption),2018,61.5875298317964,Aggregates,Aggregates,,
8,ZH,Africa Eastern and Southern,Renewable energy consumption (% of total final energy consumption),2017,61.4269497576408,Aggregates,Aggregates,,
9,ZH,Africa Eastern and Southern,Renewable energy consumption (% of total final energy consumption),2016,61.8228841937413,Aggregates,Aggregates,,
10,ZI,Africa Western and Central,Renewable energy consumption (% of total final energy consumption),2025,,Aggregates,Aggregates,,
11,ZI,Africa Western and Central,Renewable energy consumption (% of total final energy consumption),2024,,Aggregates,Aggregates,,
12,ZI,Africa Western and Central,Renewable energy consumption (% of total final energy consumption),2023,,Aggregates,Aggregates,,
13,ZI,Africa Western and Central,Renewable energy consumption (% of total final energy consumption),2022,,Aggregates,Aggregates,,
14,ZI,Africa Western and Central,Renewable energy consumption (% of total final energy consumption),2021,,Aggregates,Aggregates,,
15,ZI,Africa Western and Central,Renewable energy consumption (% of total final energy consumption),2020,75.846980103796,Aggregates,Aggregates,,
16,ZI,Africa Western and Central,Renewable energy consumption (% of total final energy consumption),2019,75.0787881678252,Aggregates,Aggregates,,
17,ZI,Africa Western and Central,Renewable energy consumption (% of total final energy consumption),2018,75.4765777368905,Aggregates,Aggregates,,
18,ZI,Africa Western and Central,Renewable energy consumption (% of total final energy consumption),2017,76.1016805879549,Aggregates,Aggregates,,
19,ZI,Africa Western and Central,Renewable energy consumption (% of total final energy consumption),2016,75.7968398295924,Aggregates,Aggregates,,
20,1A,Arab World,Renewable energy consumption (% of total final energy consumption),2025,,Aggregates,Aggregates,,
21,1A,Arab World,Renewable energy consumption (% of total final energy consumption),2024,,Aggregates,Aggregates,,
22,1A,Arab World,Renewable energy consumption (% of total final energy consumption),2023,,Aggregates,Aggregates,,
23,1A,Arab World,Renewable energy consumption (% of total final energy consumption),2022,,Aggregates,Aggregates,,
24,1A,Arab World,Renewable energy consumption (% of total final energy consumption),2021,,Aggregates,Aggregates,,
25,1A,Arab World,Renewable energy consumption (% of total final energy consumption),2020,5.17060073389405,Aggregates,Aggregates,,
26,1A,Arab World,Renewable energy consumption (% of total final energy consumption),2019,4.70633158020559,Aggregates,Aggregates,,
27,1A,Arab World,Renewable energy consumption (% of total final energy consumption),2018,4.50425823426351,Aggregates,Aggregates,,
28,1A,Arab World,Renewable energy consumption (% of total final energy consumption),2017,4.3581617981618,Aggregates,Aggregates,,
29,1A,Arab World,Renewable energy consumption (% of total final energy consumption),2016,4.29077756155343,Aggregates,Aggregates,,
30,S3,Caribbean small states,Renewable energy consumption (% of total final energy consumption),2025,,Aggregates,Aggregates,,
31,S3,Caribbean small states,Renewable energy consumption (% of total final energy consumption),2024,,Aggregates,Aggregates,,
32,S3,Caribbean small states,Renewable energy consumption (% of total final energy consumption),2023,,Aggregates,Aggregates,,
33,S3,Caribbean small states,Renewable energy consumption (% of total final energy consumption),2022,,Aggregates,Aggregates,,
34,S3,Caribbean small states,Renewable energy consumption (% of total final energy consumption),2021,,Aggregates,Aggregates,,
35,S3,Caribbean small states,Renewable energy consumption (% of total final energy consumption),2020,6.28843567906768,Aggregates,Aggregates,,
36,S3,Caribbean small states,Renewable energy consumption (% of total final energy consumption),2019,5.88822815533981,Aggregates,Aggregates,,
37,S3,Caribbean small states,Renewable energy consumption (% of total final energy consumption),2018,7.1973830973831,Aggregates,Aggregates,,
38,S3,Caribbean small states,Renewable energy consumption (% of total final energy consumption),2017,7.41293833131802,Aggregates,Aggregates,,
39,S3,Caribbean small states,Renewable energy consumption (% of total final energy consumption),2016,6.68268450932684,Aggregates,Aggregates,,
40,B8,Central Europe and the Baltics,Renewable energy consumption (% of total final energy consumption),2025,,Aggregates,Aggregates,,
41,B8,Central Europe and the Baltics,Renewable energy consumption (% of total final energy consumption),2024,,Aggregates,Aggregates,,
42,B8,Central Europe and the Baltics,Renewable energy consumption (% of total final energy consumption),2023,,Aggregates,Aggregates,,
43,B8,Central Europe and the Baltics,Renewable energy consumption (% of total final energy consumption),2022,,Aggregates,Aggregates,,
44,B8,Central Europe and the Baltics,Renewable energy consumption (% of total final energy consumption),2021,,Aggregates,Aggregates,,
45,B8,Central Europe and the Baltics,Renewable energy consumption (% of total final energy consumption),2020,19.6977838168354,Aggregates,Aggregates,,
46,B8,Central Europe and the Baltics,Renewable energy consumption (% of total final energy consumption),2019,18.8601539560352,Aggregates,Aggregates,,
47,B8,Central Europe and the Baltics,Renewable energy consumption (% of total final energy consumption),2018,18.1476863313142,Aggregates,Aggregates,,
48,B8,Central Europe and the Baltics,Renewable energy consumption (% of total final energy consumption),2017,16.4703987047156,Aggregates,Aggregates,,
49,B8,Central Europe and the Baltics,Renewable energy consumption (% of total final energy consumption),2016,16.8577627377285,Aggregates,Aggregates,,
50,V2,Early-demographic dividend,Renewable energy consumption (% of total final energy consumption),2025,,Aggregates,Aggregates,,
51,V2,Early-demographic dividend,Renewable energy consumption (% of total final energy consumption),2024,,Aggregates,Aggregates,,
52,V2,Early-demographic dividend,Renewable energy consumption (% of total final energy consumption),2023,,Aggregates,Aggregates,,
53,V2,Early-demographic dividend,Renewable energy consumption (% of total final energy consumption),2022,,Aggregates,Aggregates,,
54,V2,Early-demographic dividend,Renewable energy consumption (% of total final energy consumption),2021,,Aggregates,Aggregates,,
55,V2,Early-demographic dividend,Renewable energy consumption (% of total final energy consumption),2020,24.9895503831566,Aggregates,Aggregates,,
56,V2,Early-demographic dividend,Renewable energy consumption (% of total final energy consumption),2019,23.4235915027361,Aggregates,Aggregates,,
57,V2,Early-demographic dividend,Renewable energy consumption (% of total final energy consumption),2018,23.0553629444334,Aggregates,Aggregates,,
58,V2,Early-demographic dividend,Renewable energy consumption (% of total final energy consumption),2017,22.9476250496601,Aggregates,Aggregates,,
59,V2,Early-demographic dividend,Renewable energy consumption (% of total final energy consumption),2016,23.2789953267586,Aggregates,Aggregates,,
60,Z4,East Asia & Pacific,Renewable energy consumption (% of total final energy consumption),2025,,Aggregates,Aggregates,,
61,Z4,East Asia & Pacific,Renewable energy consumption (% of total final energy consumption),2024,,Aggregates,Aggregates,,
62,Z4,East Asia & Pacific,Renewable energy consumption (% of total final energy consumption),2023,,Aggregates,Aggregates,,
63,Z4,East Asia & Pacific,Renewable energy consumption (% of total final energy consumption),2022,,Aggregates,Aggregates,,
64,Z4,East Asia & Pacific,Renewable energy consumption (% of total final energy consumption),2021,,Aggregates,Aggregates,,
65,Z4,East Asia & Pacific,Renewable energy consumption (% of total final energy consumption),2020,14.8081424064458,Aggregates,Aggregates,,
66,Z4,East Asia & Pacific,Renewable energy consumption (% of total final energy consumption),2019,14.2375892668268,Aggregates,Aggregates,,
67,Z4,East Asia & Pacific,Renewable energy consumption (% of total final energy consumption),2018,13.7870493058758,Aggregates,Aggregates,,
68,Z4,East Asia & Pacific,Renewable energy consumption (% of total final energy consumption),2017,13.5844394239657,Aggregates,Aggregates,,
69,Z4,East Asia & Pacific,Renewable energy consumption (% of total final energy consumption),2016,13.3311956056945,Aggregates,Aggregates,,
70,4E,East Asia & Pacific (excluding high income),Renewable energy consumption (% of total final energy consumption),2025,,Aggregates,Aggregates,,
71,4E,East Asia & Pacific (excluding high income),Renewable energy consumption (% of total final energy consumption),2024,,Aggregates,Aggregates,,
72,4E,East Asia & Pacific (excluding high income),Renewable energy consumption (% of total final energy consumption),2023,,Aggregates,Aggregates,,
73,4E,East Asia & Pacific (excluding high income),Renewable energy consumption (% of total final energy consumption),2022,,Aggregates,Aggregates,,
74,4E,East Asia & Pacific (excluding high income),Renewable energy consumption (% of total final energy consumption),2021,,Aggregates,Aggregates,,
75,4E,East Asia & Pacific (excluding high income),Renewable energy consumption (% of total final energy consumption),2020,16.1762699381612,Aggregates,Aggregates,,
76,4E,East Asia & Pacific (excluding high income),Renewable energy consumption (% of total final energy consumption),2019,15.6869369882801,Aggregates,Aggregates,,
77,4E,East Asia & Pacific (excluding high income),Renewable energy consumption (% of total final energy consumption),2018,15.2617412584325,Aggregates,Aggregates,,
78,4E,East Asia & Pacific (excluding high income),Renewable energy consumption (% of total final energy consumption),2017,15.1598217902853,Aggregates,Aggregates,,
79,4E,East Asia & Pacific (excluding high income),Renewable energy consumption (% of total final energy consumption),2016,14.9330102136904,Aggregates,Aggregates,,
80,T4,East Asia & Pacific (IDA & IBRD countries),Renewable energy consumption (% of total final energy consumption),2025,,Aggregates,Aggregates,,
81,T4,East Asia & Pacific (IDA & IBRD countries),Renewable energy consumption (% of total final energy consumption),2024,,Aggregates,Aggregates,,
82,T4,East Asia & Pacific (IDA & IBRD countries),Renewable energy consumption (% of total final energy consumption),2023,,Aggregates,Aggregates,,
83,T4,East Asia & Pacific (IDA & IBRD countries),Renewable energy consumption (% of total final energy consumption),2022,,Aggregates,Aggregates,,
84,T4,East Asia & Pacific (IDA & IBRD countries),Renewable energy consumption (% of total final energy consumption),2021,,Aggregates,Aggregates,,
85,T4,East Asia & Pacific (IDA & IBRD countries),Renewable energy consumption (% of total final energy consumption),2020,16.2041019103429,Aggregates,Aggregates,,
86,T4,East Asia & Pacific (IDA & IBRD countries),Renewable energy consumption (% of total final energy consumption),2019,15.7206717226655,Aggregates,Aggregates,,
87,T4,East Asia & Pacific (IDA & IBRD countries),Renewable energy consumption (% of total final energy consumption),2018,15.2801719188239,Aggregates,Aggregates,,
88,T4,East Asia & Pacific (IDA & IBRD countries),Renewable energy consumption (% of total final energy consumption),2017,15.1902273112057,Aggregates,Aggregates,,
89,T4,East Asia & Pacific (IDA & IBRD countries),Renewable energy consumption (% of total final energy consumption),2016,14.9020380294471,Aggregates,Aggregates,,
90,XC,Euro area,Renewable energy consumption (% of total final energy consumption),2025,,Aggregates,Aggregates,,
91,XC,Euro area,Renewable energy consumption (% of total final energy consumption),2024,,Aggregates,Aggregates,,
92,XC,Euro area,Renewable energy consumption (% of total final energy consumption),2023,,Aggregates,Aggregates,,
93,XC,Euro area,Renewable energy consumption (% of total final energy consumption),2022,,Aggregates,Aggregates,,
94,XC,Euro area,Renewable energy consumption (% of total final energy consumption),2021,,Aggregates,Aggregates,,
95,XC,Euro area,Renewable energy consumption (% of total final energy consumption),2020,19.8249328729026,Aggregates,Aggregates,,
96,XC,Euro area,Renewable energy consumption (% of total final energy consumption),2019,18.1503858953027,Aggregates,Aggregates,,
97,XC,Euro area,Renewable energy consumption (% of total final energy consumption),2018,17.5734985579415,Aggregates,Aggregates,,
98,XC,Euro area,Renewable energy consumption (% of total final energy consumption),2017,16.5848140905158,Aggregates,Aggregates,,
99,XC,Euro area,Renewable energy consumption (% of total final energy consumption),2016,16.3684648688886,Aggregates,Aggregates,,
100,Z7,Europe & Central Asia,Renewable energy consumption (% of total final energy consumption),2025,,Aggregates,Aggregates,,
101,Z7,Europe & Central Asia,Renewable energy consumption (% of total final energy consumption),2024,,Aggregates,Aggregates,,
102,Z7,Europe & Central Asia,Renewable energy consumption (% of total final energy consumption),2023,,Aggregates,Aggregates,,
103,Z7,Europe & Central Asia,Renewable energy consumption (% of total final energy consumption),2022,,Aggregates,Aggregates,,
104,Z7,Europe & Central Asia,Renewable energy consumption (% of total final energy consumption),2021,,Aggregates,Aggregates,,
105,Z7,Europe & Central Asia,Renewable energy consumption (% of total final energy consumption),2020,15.106449203531,Aggregates,Aggregates,,
106,Z7,Europe & Central Asia,Renewable energy consumption (% of total final energy consumption),2019,14.0059727126658,Aggregates,Aggregates,,
107,Z7,Europe & Central Asia,Renewable energy consumption (% of total final energy consumption),2018,13.4797382823169,Aggregates,Aggregates,,
108,Z7,Europe & Central Asia,Renewable energy consumption (% of total final energy consumption),2017,12.8819075023182,Aggregates,Aggregates,,
109,Z7,Europe & Central Asia,Renewable energy consumption (% of total final energy consumption),2016,12.8866548739741,Aggregates,Aggregates,,
110,7E,Europe & Central Asia (excluding high income),Renewable energy consumption (% of total final energy consumption),2025,,Aggregates,Aggregates,,
111,7E,Europe & Central Asia (excluding high income),Renewable energy consumption (% of total final energy consumption),2024,,Aggregates,Aggregates,,
112,7E,Europe & Central Asia (excluding high income),Renewable energy consumption (% of total final energy consumption),2023,,Aggregates,Aggregates,,
113,7E,Europe & Central Asia (excluding high income),Renewable energy consumption (% of total final energy consumption),2022,,Aggregates,Aggregates,,
114,7E,Europe & Central Asia (excluding high income),Renewable energy consumption (% of total final energy consumption),2021,,Aggregates,Aggregates,,
115,7E,Europe & Central Asia (excluding high income),Renewable energy consumption (% of total final energy consumption),2020,10.0604471757322,Aggregates,Aggregates,,
116,7E,Europe & Central Asia (excluding high income),Renewable energy consumption (% of total final energy consumption),2019,10.0324286162535,Aggregates,Aggregates,,
117,7E,Europe & Central Asia (excluding high income),Renewable energy consumption (% of total final energy consumption),2018,9.10455322874983,Aggregates,Aggregates,,
118,7E,Europe & Central Asia (excluding high income),Renewable energy consumption (% of total final energy consumption),2017,8.68104031424437,Aggregates,Aggregates,,
119,7E,Europe & Central Asia (excluding high income),Renewable energy consumption (% of total final energy consumption),2016,9.05362050305208,Aggregates,Aggregates,,
120,T7,Europe & Central Asia (IDA & IBRD countries),Renewable energy consumption (% of total final energy consumption),2025,,Aggregates,Aggregates,,
121,T7,Europe & Central Asia (IDA & IBRD countries),Renewable energy consumption (% of total final energy consumption),2024,,Aggregates,Aggregates,,
122,T7,Europe & Central Asia (IDA & IBRD countries),Renewable energy consumption (% of total final energy consumption),2023,,Aggregates,Aggregates,,
123,T7,Europe & Central Asia (IDA & IBRD countries),Renewable energy consumption (% of total final energy consumption),2022,,Aggregates,Aggregates,,
124,T7,Europe & Central Asia (IDA & IBRD countries),Renewable energy consumption (% of total final energy consumption),2021,,Aggregates,Aggregates,,
125,T7,Europe & Central Asia (IDA & IBRD countries),Renewable energy consumption (% of total final energy consumption),2020,8.02684416318492,Aggregates,Aggregates,,
126,T7,Europe & Central Asia (IDA & IBRD countries),Renewable energy consumption (% of total final energy consumption),2019,7.59012527634488,Aggregates,Aggregates,,
127,T7,Europe & Central Asia (IDA & IBRD countries),Renewable energy consumption (% of total final energy consumption),2018,7.25779989922942,Aggregates,Aggregates,,
128,T7,Europe & Central Asia (IDA & IBRD countries),Renewable energy consumption (% of total final energy consumption),2017,6.75633843243037,Aggregates,Aggregates,,
129,T7,Europe & Central Asia (IDA & IBRD countries),Renewable energy consumption (% of total final energy consumption),2016,7.04015093233689,Aggregates,Aggregates,,
130,EU,European Union,Renewable energy consumption (% of total final energy consumption),2025,,Aggregates,Aggregates,,
131,EU,European Union,Renewable energy consumption (% of total final energy consumption),2024,,Aggregates,Aggregates,,
132,EU,European Union,Renewable energy consumption (% of total final energy consumption),2023,,Aggregates,Aggregates,,
133,EU,European Union,Renewable energy consumption (% of total final energy consumption),2022,,Aggregates,Aggregates,,
134,EU,European Union,Renewable energy consumption (% of total final energy consumption),2021,,Aggregates,Aggregates,,
135,EU,European Union,Renewable energy consumption (% of total final energy consumption),2020,21.0591470733795,Aggregates,Aggregates,,
136,EU,European Union,Renewable energy consumption (% of total final energy consumption),2019,19.3440009483852,Aggregates,Aggregates,,
137,EU,European Union,Renewable energy consumption (% of total final energy consumption),2018,18.7249884796166,Aggregates,Aggregates,,
138,EU,European Union,Renewable energy consumption (% of total final energy consumption),2017,17.6857102209371,Aggregates,Aggregates,,
139,EU,European Union,Renewable energy consumption (% of total final energy consumption),2016,17.523235814157,Aggregates,Aggregates,,
140,XE,Heavily indebted poor countries (HIPC),Renewable energy consumption (% of total final energy consumption),2025,,Aggregates,Aggregates,,
141,XE,Heavily indebted poor countries (HIPC),Renewable energy consumption (% of total final energy consumption),2024,,Aggregates,Aggregates,,
142,XE,Heavily indebted poor countries (HIPC),Renewable energy consumption (% of total final energy consumption),2023,,Aggregates,Aggregates,,
143,XE,Heavily indebted poor countries (HIPC),Renewable energy consumption (% of total final energy consumption),2022,,Aggregates,Aggregates,,
144,XE,Heavily indebted poor countries (HIPC),Renewable energy consumption (% of total final energy consumption),2021,,Aggregates,Aggregates,,
145,XE,Heavily indebted poor countries (HIPC),Renewable energy consumption (% of total final energy consumption),2020,76.0353291030768,Aggregates,Aggregates,,
146,XE,Heavily indebted poor countries (HIPC),Renewable energy consumption (% of total final energy consumption),2019,74.8448133256749,Aggregates,Aggregates,,
147,XE,Heavily indebted poor countries (HIPC),Renewable energy consumption (% of total final energy consumption),2018,75.2520183545811,Aggregates,Aggregates,,
148,XE,Heavily indebted poor countries (HIPC),Renewable energy consumption (% of total final energy consumption),2017,75.9193473348398,Aggregates,Aggregates,,
149,XE,Heavily indebted poor countries (HIPC),Renewable energy consumption (% of total final energy consumption),2016,76.0862841962469,Aggregates,Aggregates,,
150,XD,High income,Renewable energy consumption (% of total final energy consumption),2025,,Aggregates,Aggregates,,
151,XD,High income,Renewable energy consumption (% of total final energy consumption),2024,,Aggregates,Aggregates,,
152,XD,High income,Renewable energy consumption (% of total final energy consumption),2023,,Aggregates,Aggregates,,
153,XD,High income,Renewable energy consumption (% of total final energy consumption),2022,,Aggregates,Aggregates,,
154,XD,High income,Renewable energy consumption (% of total final energy consumption),2021,,Aggregates,Aggregates,,
155,XD,High income,Renewable energy consumption (% of total final energy consumption),2020,12.7831808525723,Aggregates,Aggregates,,
156,XD,High income,Renewable energy consumption (% of total final energy consumption),2019,11.7839130112794,Aggregates,Aggregates,,
157,XD,High income,Renewable energy consumption (% of total final energy consumption),2018,11.4686788378903,Aggregates,Aggregates,,
158,XD,High income,Renewable energy consumption (% of total final energy consumption),2017,11.0890197580437,Aggregates,Aggregates,,
159,XD,High income,Renewable energy consumption (% of total final energy consumption),2016,10.7845732962853,Aggregates,Aggregates,,
160,XF,IBRD only,Renewable energy consumption (% of total final energy consumption),2025,,Aggregates,Aggregates,,
161,XF,IBRD only,Renewable energy consumption (% of total final energy consumption),2024,,Aggregates,Aggregates,,
162,XF,IBRD only,Renewable energy consumption (% of total final energy consumption),2023,,Aggregates,Aggregates,,
163,XF,IBRD only,Renewable energy consumption (% of total final energy consumption),2022,,Aggregates,Aggregates,,
164,XF,IBRD only,Renewable energy consumption (% of total final energy consumption),2021,,Aggregates,Aggregates,,
165,XF,IBRD only,Renewable energy consumption (% of total final energy consumption),2020,18.0085051596372,Aggregates,Aggregates,,
166,XF,IBRD only,Renewable energy consumption (% of total final energy consumption),2019,17.0666276982215,Aggregates,Aggregates,,
167,XF,IBRD only,Renewable energy consumption (% of total final energy consumption),2018,16.6268066421204,Aggregates,Aggregates,,
168,XF,IBRD only,Renewable energy consumption (% of total final energy consumption),2017,16.3923000534023,Aggregates,Aggregates,,
169,XF,IBRD only,Renewable energy consumption (% of total final energy consumption),2016,16.2845965537743,Aggregates,Aggregates,,
170,ZT,IDA & IBRD total,Renewable energy consumption (% of total final energy consumption),2025,,Aggregates,Aggregates,,
171,ZT,IDA & IBRD total,Renewable energy consumption (% of total final energy consumption),2024,,Aggregates,Aggregates,,
172,ZT,IDA & IBRD total,Renewable energy consumption (% of total final energy consumption),2023,,Aggregates,Aggregates,,
173,ZT,IDA & IBRD total,Renewable energy consumption (% of total final energy consumption),2022,,Aggregates,Aggregates,,
174,ZT,IDA & IBRD total,Renewable energy consumption (% of total final energy consumption),2021,,Aggregates,Aggregates,,
175,ZT,IDA & IBRD total,Renewable energy consumption (% of total final energy consumption),2020,23.435247290857,Aggregates,Aggregates,,
176,ZT,IDA & IBRD total,Renewable energy consumption (% of total final energy consumption),2019,22.4318628279228,Aggregates,Aggregates,,
177,ZT,IDA & IBRD total,Renewable energy consumption (% of total final energy consumption),2018,21.9590062576992,Aggregates,Aggregates,,
178,ZT,IDA & IBRD total,Renewable energy consumption (% of total final energy consumption),2017,21.8333716725747,Aggregates,Aggregates,,
179,ZT,IDA & IBRD total,Renewable energy consumption (% of total final energy consumption),2016,21.8132582722264,Aggregates,Aggregates,,
180,XH,IDA blend,Renewable energy consumption (% of total final energy consumption),2025,,Aggregates,Aggregates,,
181,XH,IDA blend,Renewable energy consumption (% of total final energy consumption),2024,,Aggregates,Aggregates,,
182,XH,IDA blend,Renewable energy consumption (% of total final energy consumption),2023,,Aggregates,Aggregates,,
183,XH,IDA blend,Renewable energy consumption (% of total final energy consumption),2022,,Aggregates,Aggregates,,
184,XH,IDA blend,Renewable energy consumption (% of total final energy consumption),2021,,Aggregates,Aggregates,,
185,XH,IDA blend,Renewable energy consumption (% of total final energy consumption),2020,60.0736911684857,Aggregates,Aggregates,,
186,XH,IDA blend,Renewable energy consumption (% of total final energy consumption),2019,60.7067624481493,Aggregates,Aggregates,,
187,XH,IDA blend,Renewable energy consumption (% of total final energy consumption),2018,60.0455922831853,Aggregates,Aggregates,,
188,XH,IDA blend,Renewable energy consumption (% of total final energy consumption),2017,59.7969449026188,Aggregates,Aggregates,,
189,XH,IDA blend,Renewable energy consumption (% of total final energy consumption),2016,60.4836460271951,Aggregates,Aggregates,,
190,XI,IDA only,Renewable energy consumption (% of total final energy consumption),2025,,Aggregates,Aggregates,,
191,XI,IDA only,Renewable energy consumption (% of total final energy consumption),2024,,Aggregates,Aggregates,,
192,XI,IDA only,Renewable energy consumption (% of total final energy consumption),2023,,Aggregates,Aggregates,,
193,XI,IDA only,Renewable energy consumption (% of total final energy consumption),2022,,Aggregates,Aggregates,,
194,XI,IDA only,Renewable energy consumption (% of total final energy consumption),2021,,Aggregates,Aggregates,,
195,XI,IDA only,Renewable energy consumption (% of total final energy consumption),2020,67.3560634206125,Aggregates,Aggregates,,
196,XI,IDA only,Renewable energy consumption (% of total final energy consumption),2019,66.1344154982874,Aggregates,Aggregates,,
197,XI,IDA only,Renewable energy consumption (% of total final energy consumption),2018,66.0568216095439,Aggregates,Aggregates,,
198,XI,IDA only,Renewable energy consumption (% of total final energy consumption),2017,67.1926478978048,Aggregates,Aggregates,,
199,XI,IDA only,Renewable energy consumption (% of total final energy consumption),2016,68.2872983784982,Aggregates,Aggregates,,
200,XG,IDA total,Renewable energy consumption (% of total final energy consumption),2025,,Aggregates,Aggregates,,
201,XG,IDA total,Renewable energy consumption (% of total final energy consumption),2024,,Aggregates,Aggregates,,
202,XG,IDA total,Renewable energy consumption (% of total final energy consumption),2023,,Aggregates,Aggregates,,
203,XG,IDA total,Renewable energy consumption (% of total final energy consumption),2022,,Aggregates,Aggregates,,
204,XG,IDA total,Renewable energy consumption (% of total final energy consumption),2021,,Aggregates,Aggregates,,
205,XG,IDA total,Renewable energy consumption (% of total final energy consumption),2020,63.7525629244284,Aggregates,Aggregates,,
206,XG,IDA total,Renewable energy consumption (% of total final energy consumption),2019,63.4454503938806,Aggregates,Aggregates,,
207,XG,IDA total,Renewable energy consumption (% of total final energy consumption),2018,63.0596732632859,Aggregates,Aggregates,,
208,XG,IDA total,Renewable energy consumption (% of total final energy consumption),2017,63.4625486644428,Aggregates,Aggregates,,
209,XG,IDA total,Renewable energy consumption (% of total final energy consumption),2016,64.3516706620498,Aggregates,Aggregates,,
210,V3,Late-demographic dividend,Renewable energy consumption (% of total final energy consumption),2025,,Aggregates,Aggregates,,
211,V3,Late-demographic dividend,Renewable energy consumption (% of total final energy consumption),2024,,Aggregates,Aggregates,,
212,V3,Late-demographic dividend,Renewable energy consumption (% of total final energy consumption),2023,,Aggregates,Aggregates,,
213,V3,Late-demographic dividend,Renewable energy consumption (% of total final energy consumption),2022,,Aggregates,Aggregates,,
214,V3,Late-demographic dividend,Renewable energy consumption (% of total final energy consumption),2021,,Aggregates,Aggregates,,
215,V3,Late-demographic dividend,Renewable energy consumption (% of total final energy consumption),2020,15.8291260683112,Aggregates,Aggregates,,
216,V3,Late-demographic dividend,Renewable energy consumption (% of total final energy consumption),2019,15.1930553100861,Aggregates,Aggregates,,
217,V3,Late-demographic dividend,Renewable energy consumption (% of total final energy consumption),2018,14.7113402854056,Aggregates,Aggregates,,
218,V3,Late-demographic dividend,Renewable energy consumption (% of total final energy consumption),2017,14.3601698499908,Aggregates,Aggregates,,
219,V3,Late-demographic dividend,Renewable energy consumption (% of total final energy consumption),2016,14.1053604502349,Aggregates,Aggregates,,
220,ZJ,Latin America & Caribbean,Renewable energy consumption (% of total final energy consumption),2025,,Aggregates,Aggregates,,
221,ZJ,Latin America & Caribbean,Renewable energy consumption (% of total final energy consumption),2024,,Aggregates,Aggregates,,
222,ZJ,Latin America & Caribbean,Renewable energy consumption (% of total final energy consumption),2023,,Aggregates,Aggregates,,
223,ZJ,Latin America & Caribbean,Renewable energy consumption (% of total final energy consumption),2022,,Aggregates,Aggregates,,
224,ZJ,Latin America & Caribbean,Renewable energy consumption (% of total final energy consumption),2021,,Aggregates,Aggregates,,
225,ZJ,Latin America & Caribbean,Renewable energy consumption (% of total final energy consumption),2020,34.1964972995889,Aggregates,Aggregates,,
226,ZJ,Latin America & Caribbean,Renewable energy consumption (% of total final energy consumption),2019,30.6248117743588,Aggregates,Aggregates,,
227,ZJ,Latin America & Caribbean,Renewable energy consumption (% of total final energy consumption),2018,30.252639118551,Aggregates,Aggregates,,
228,ZJ,Latin America & Caribbean,Renewable energy consumption (% of total final energy consumption),2017,29.4068241645848,Aggregates,Aggregates,,
229,ZJ,Latin America & Caribbean,Renewable energy consumption (% of total final energy consumption),2016,28.8850327404841,Aggregates,Aggregates,,
230,XJ,Latin America & Caribbean (excluding high income),Renewable energy consumption (% of total final energy consumption),2025,,Aggregates,Aggregates,,
231,XJ,Latin America & Caribbean (excluding high income),Renewable energy consumption (% of total final energy consumption),2024,,Aggregates,Aggregates,,
232,XJ,Latin America & Caribbean (excluding high income),Renewable energy consumption (% of total final energy consumption),2023,,Aggregates,Aggregates,,
233,XJ,Latin America & Caribbean (excluding high income),Renewable energy consumption (% of total final energy consumption),2022,,Aggregates,Aggregates,,
234,XJ,Latin America & Caribbean (excluding high income),Renewable energy consumption (% of total final energy consumption),2021,,Aggregates,Aggregates,,
235,XJ,Latin America & Caribbean (excluding high income),Renewable energy consumption (% of total final energy consumption),2020,34.8009281991427,Aggregates,Aggregates,,
236,XJ,Latin America & Caribbean (excluding high income),Renewable energy consumption (% of total final energy consumption),2019,31.0995992132705,Aggregates,Aggregates,,
237,XJ,Latin America & Caribbean (excluding high income),Renewable energy consumption (% of total final energy consumption),2018,30.6220212475155,Aggregates,Aggregates,,
238,XJ,Latin America & Caribbean (excluding high income),Renewable energy consumption (% of total final energy consumption),2017,29.7622014930472,Aggregates,Aggregates,,
239,XJ,Latin America & Caribbean (excluding high income),Renewable energy consumption (% of total final energy consumption),2016,29.1948567179388,Aggregates,Aggregates,,
240,T2,Latin America & the Caribbean (IDA & IBRD countries),Renewable energy consumption (% of total final energy consumption),2025,,Aggregates,Aggregates,,
241,T2,Latin America & the Caribbean (IDA & IBRD countries),Renewable energy consumption (% of total final energy consumption),2024,,Aggregates,Aggregates,,
242,T2,Latin America & the Caribbean (IDA & IBRD countries),Renewable energy consumption (% of total final energy consumption),2023,,Aggregates,Aggregates,,
243,T2,Latin America & the Caribbean (IDA & IBRD countries),Renewable energy consumption (% of total final energy consumption),2022,,Aggregates,Aggregates,,
244,T2,Latin America & the Caribbean (IDA & IBRD countries),Renewable energy consumption (% of total final energy consumption),2021,,Aggregates,Aggregates,,
245,T2,Latin America & the Caribbean (IDA & IBRD countries),Renewable energy consumption (% of total final energy consumption),2020,34.4989632470857,Aggregates,Aggregates,,
246,T2,Latin America & the Caribbean (IDA & IBRD countries),Renewable energy consumption (% of total final energy consumption),2019,30.8730849505438,Aggregates,Aggregates,,
247,T2,Latin America & the Caribbean (IDA & IBRD countries),Renewable energy consumption (% of total final energy consumption),2018,30.4953793252595,Aggregates,Aggregates,,
248,T2,Latin America & the Caribbean (IDA & IBRD countries),Renewable energy consumption (% of total final energy consumption),2017,29.6408830785882,Aggregates,Aggregates,,
249,T2,Latin America & the Caribbean (IDA & IBRD countries),Renewable energy consumption (% of total final energy consumption),2016,29.1484835734771,Aggregates,Aggregates,,
250,XL,Least developed countries: UN classification,Renewable energy consumption (% of total final energy consumption),2025,,Aggregates,Aggregates,,
251,XL,Least developed countries: UN classification,Renewable energy consumption (% of total final energy consumption),2024,,Aggregates,Aggregates,,
252,XL,Least developed countries: UN classification,Renewable energy consumption (% of total final energy consumption),2023,,Aggregates,Aggregates,,
253,XL,Least developed countries: UN classification,Renewable energy consumption (% of total final energy consumption),2022,,Aggregates,Aggregates,,
254,XL,Least developed countries: UN classification,Renewable energy consumption (% of total final energy consumption),2021,,Aggregates,Aggregates,,
255,XL,Least developed countries: UN classification,Renewable energy consumption (% of total final energy consumption),2020,70.885707743194,Aggregates,Aggregates,,
256,XL,Least developed countries: UN classification,Renewable energy consumption (% of total final energy consumption),2019,69.5024909470932,Aggregates,Aggregates,,
257,XL,Least developed countries: UN classification,Renewable energy consumption (% of total final energy consumption),2018,69.6689273124056,Aggregates,Aggregates,,
258,XL,Least developed countries: UN classification,Renewable energy consumption (% of total final energy consumption),2017,70.6528427025745,Aggregates,Aggregates,,
259,XL,Least developed countries: UN classification,Renewable energy consumption (% of total final energy consumption),2016,71.7069864304561,Aggregates,Aggregates,,
260,XO,Low & middle income,Renewable energy consumption (% of total final energy consumption),2025,,Aggregates,Aggregates,,
261,XO,Low & middle income,Renewable energy consumption (% of total final energy consumption),2024,,Aggregates,Aggregates,,
262,XO,Low & middle income,Renewable energy consumption (% of total final energy consumption),2023,,Aggregates,Aggregates,,
263,XO,Low & middle income,Renewable energy consumption (% of total final energy consumption),2022,,Aggregates,Aggregates,,
264,XO,Low & middle income,Renewable energy consumption (% of total final energy consumption),2021,,Aggregates,Aggregates,,
265,XO,Low & middle income,Renewable energy consumption (% of total final energy consumption),2020,25.2319411619148,Aggregates,Aggregates,,
266,XO,Low & middle income,Renewable energy consumption (% of total final energy consumption),2019,24.2477140331693,Aggregates,Aggregates,,
267,XO,Low & middle income,Renewable energy consumption (% of total final energy consumption),2018,23.7294321628033,Aggregates,Aggregates,,
268,XO,Low & middle income,Renewable energy consumption (% of total final energy consumption),2017,23.6364337035659,Aggregates,Aggregates,,
269,XO,Low & middle income,Renewable energy consumption (% of total final energy consumption),2016,23.5956286475448,Aggregates,Aggregates,,
270,XM,Low income,Renewable energy consumption (% of total final energy consumption),2025,,Aggregates,Aggregates,,
271,XM,Low income,Renewable energy consumption (% of total final energy consumption),2024,,Aggregates,Aggregates,,
272,XM,Low income,Renewable energy consumption (% of total final energy consumption),2023,,Aggregates,Aggregates,,
273,XM,Low income,Renewable energy consumption (% of total final energy consumption),2022,,Aggregates,Aggregates,,
274,XM,Low income,Renewable energy consumption (% of total final energy consumption),2021,,Aggregates,Aggregates,,
275,XM,Low income,Renewable energy consumption (% of total final energy consumption),2020,74.5621747727499,Aggregates,Aggregates,,
276,XM,Low income,Renewable energy consumption (% of total final energy consumption),2019,72.5005003490808,Aggregates,Aggregates,,
277,XM,Low income,Renewable energy consumption (% of total final energy consumption),2018,73.1015300989534,Aggregates,Aggregates,,
278,XM,Low income,Renewable energy consumption (% of total final energy consumption),2017,73.6994749888377,Aggregates,Aggregates,,
279,XM,Low income,Renewable energy consumption (% of total final energy consumption),2016,76.9877810393742,Aggregates,Aggregates,,
280,XN,Lower middle income,Renewable energy consumption (% of total final energy consumption),2025,,Aggregates,Aggregates,,
281,XN,Lower middle income,Renewable energy consumption (% of total final energy consumption),2024,,Aggregates,Aggregates,,
282,XN,Lower middle income,Renewable energy consumption (% of total final energy consumption),2023,,Aggregates,Aggregates,,
283,XN,Lower middle income,Renewable energy consumption (% of total final energy consumption),2022,,Aggregates,Aggregates,,
284,XN,Lower middle income,Renewable energy consumption (% of total final energy consumption),2021,,Aggregates,Aggregates,,
285,XN,Lower middle income,Renewable energy consumption (% of total final energy consumption),2020,43.3396056818626,Aggregates,Aggregates,,
286,XN,Lower middle income,Renewable energy consumption (% of total final energy consumption),2019,41.4201607411296,Aggregates,Aggregates,,
287,XN,Lower middle income,Renewable energy consumption (% of total final energy consumption),2018,40.5042813848529,Aggregates,Aggregates,,
288,XN,Lower middle income,Renewable energy consumption (% of total final energy consumption),2017,40.3045480579492,Aggregates,Aggregates,,
289,XN,Lower middle income,Renewable energy consumption (% of total final energy consumption),2016,41.045675670811,Aggregates,Aggregates,,
290,ZQ,"Middle East, North Africa, Afghanistan & Pakistan",Renewable energy consumption (% of total final energy consumption),2025,,Aggregates,Aggregates,,
291,ZQ,"Middle East, North Africa, Afghanistan & Pakistan",Renewable energy consumption (% of total final energy consumption),2024,,Aggregates,Aggregates,,
292,ZQ,"Middle East, North Africa, Afghanistan & Pakistan",Renewable energy consumption (% of total final energy consumption),2023,,Aggregates,Aggregates,,
293,ZQ,"Middle East, North Africa, Afghanistan & Pakistan",Renewable energy consumption (% of total final energy consumption),2022,,Aggregates,Aggregates,,
294,ZQ,"Middle East, North Africa, Afghanistan & Pakistan",Renewable energy consumption (% of total final energy consumption),2021,,Aggregates,Aggregates,,
295,ZQ,"Middle East, North Africa, Afghanistan & Pakistan",Renewable energy consumption (% of total final energy consumption),2020,7.54675702757893,Aggregates,Aggregates,,
296,ZQ,"Middle East, North Africa, Afghanistan & Pakistan",Renewable energy consumption (% of total final energy consumption),2019,7.59670819188084,Aggregates,Aggregates,,
297,ZQ,"Middle East, North Africa, Afghanistan & Pakistan",Renewable energy consumption (% of total final energy consumption),2018,7.30858693459966,Aggregates,Aggregates,,
298,ZQ,"Middle East, North Africa, Afghanistan & Pakistan",Renewable energy consumption (% of total final energy consumption),2017,7.14927454903901,Aggregates,Aggregates,,
299,ZQ,"Middle East, North Africa, Afghanistan & Pakistan",Renewable energy consumption (% of total final energy consumption),2016,7.10925108984167,Aggregates,Aggregates,,
300,XQ,"Middle East, North Africa, Afghanistan & Pakistan (excluding high income)",Renewable energy consumption (% of total final energy consumption),2025,,Aggregates,Aggregates,,
301,XQ,"Middle East, North Africa, Afghanistan & Pakistan (excluding high income)",Renewable energy consumption (% of total final energy consumption),2024,,Aggregates,Aggregates,,
302,XQ,"Middle East, North Africa, Afghanistan & Pakistan (excluding high income)",Renewable energy consumption (% of total final energy consumption),2023,,Aggregates,Aggregates,,
303,XQ,"Middle East, North Africa, Afghanistan & Pakistan (excluding high income)",Renewable energy consumption (% of total final energy consumption),2022,,Aggregates,Aggregates,,
304,XQ,"Middle East, North Africa, Afghanistan & Pakistan (excluding high income)",Renewable energy consumption (% of total final energy consumption),2021,,Aggregates,Aggregates,,
305,XQ,"Middle East, North Africa, Afghanistan & Pakistan (excluding high income)",Renewable energy consumption (% of total final energy consumption),2020,11.2181326344417,Aggregates,Aggregates,,
306,XQ,"Middle East, North Africa, Afghanistan & Pakistan (excluding high income)",Renewable energy consumption (% of total final energy consumption),2019,11.4865470725413,Aggregates,Aggregates,,
307,XQ,"Middle East, North Africa, Afghanistan & Pakistan (excluding high income)",Renewable energy consumption (% of total final energy consumption),2018,10.9619732223084,Aggregates,Aggregates,,
308,XQ,"Middle East, North Africa, Afghanistan & Pakistan (excluding high income)",Renewable energy consumption (% of total final energy consumption),2017,10.9413685116146,Aggregates,Aggregates,,
309,XQ,"Middle East, North Africa, Afghanistan & Pakistan (excluding high income)",Renewable energy consumption (% of total final energy consumption),2016,11.1503064832308,Aggregates,Aggregates,,
310,T3,"Middle East, North Africa, Afghanistan & Pakistan (IDA & IBRD)",Renewable energy consumption (% of total final energy consumption),2025,,Aggregates,Aggregates,,
311,T3,"Middle East, North Africa, Afghanistan & Pakistan (IDA & IBRD)",Renewable energy consumption (% of total final energy consumption),2024,,Aggregates,Aggregates,,
312,T3,"Middle East, North Africa, Afghanistan & Pakistan (IDA & IBRD)",Renewable energy consumption (% of total final energy consumption),2023,,Aggregates,Aggregates,,
313,T3,"Middle East, North Africa, Afghanistan & Pakistan (IDA & IBRD)",Renewable energy consumption (% of total final energy consumption),2022,,Aggregates,Aggregates,,
314,T3,"Middle East, North Africa, Afghanistan & Pakistan (IDA & IBRD)",Renewable energy consumption (% of total final energy consumption),2021,,Aggregates,Aggregates,,
315,T3,"Middle East, North Africa, Afghanistan & Pakistan (IDA & IBRD)",Renewable energy consumption (% of total final energy consumption),2020,11.2025085485546,Aggregates,Aggregates,,
316,T3,"Middle East, North Africa, Afghanistan & Pakistan (IDA & IBRD)",Renewable energy consumption (% of total final energy consumption),2019,11.4771071770715,Aggregates,Aggregates,,
317,T3,"Middle East, North Africa, Afghanistan & Pakistan (IDA & IBRD)",Renewable energy consumption (% of total final energy consumption),2018,10.9557039236004,Aggregates,Aggregates,,
318,T3,"Middle East, North Africa, Afghanistan & Pakistan (IDA & IBRD)",Renewable energy consumption (% of total final energy consumption),2017,10.943060961286,Aggregates,Aggregates,,
319,T3,"Middle East, North Africa, Afghanistan & Pakistan (IDA & IBRD)",Renewable energy consumption (% of total final energy consumption),2016,11.1456851493979,Aggregates,Aggregates,,
320,XP,Middle income,Renewable energy consumption (% of total final energy consumption),2025,,Aggregates,Aggregates,,
321,XP,Middle income,Renewable energy consumption (% of total final energy consumption),2024,,Aggregates,Aggregates,,
322,XP,Middle income,Renewable energy consumption (% of total final energy consumption),2023,,Aggregates,Aggregates,,
323,XP,Middle income,Renewable energy consumption (% of total final energy consumption),2022,,Aggregates,Aggregates,,
324,XP,Middle income,Renewable energy consumption (% of total final energy consumption),2021,,Aggregates,Aggregates,,
325,XP,Middle income,Renewable energy consumption (% of total final energy consumption),2020,23.3730029547735,Aggregates,Aggregates,,
326,XP,Middle income,Renewable energy consumption (% of total final energy consumption),2019,22.4899574267419,Aggregates,Aggregates,,
327,XP,Middle income,Renewable energy consumption (% of total final energy consumption),2018,21.9723469245979,Aggregates,Aggregates,,
328,XP,Middle income,Renewable energy consumption (% of total final energy consumption),2017,21.8466187128767,Aggregates,Aggregates,,
329,XP,Middle income,Renewable energy consumption (% of total final energy consumption),2016,21.7581991859733,Aggregates,Aggregates,,
330,XU,North America,Renewable energy consumption (% of total final energy consumption),2025,,Aggregates,Aggregates,,
331,XU,North America,Renewable energy consumption (% of total final energy consumption),2024,,Aggregates,Aggregates,,
332,XU,North America,Renewable energy consumption (% of total final energy consumption),2023,,Aggregates,Aggregates,,
333,XU,North America,Renewable energy consumption (% of total final energy consumption),2022,,Aggregates,Aggregates,,
334,XU,North America,Renewable energy consumption (% of total final energy consumption),2021,,Aggregates,Aggregates,,
335,XU,North America,Renewable energy consumption (% of total final energy consumption),2020,12.4628823400948,Aggregates,Aggregates,,
336,XU,North America,Renewable energy consumption (% of total final energy consumption),2019,11.5807525012806,Aggregates,Aggregates,,
337,XU,North America,Renewable energy consumption (% of total final energy consumption),2018,11.3114262085469,Aggregates,Aggregates,,
338,XU,North America,Renewable energy consumption (% of total final energy consumption),2017,11.2091690751112,Aggregates,Aggregates,,
339,XU,North America,Renewable energy consumption (% of total final energy consumption),2016,10.724670511025,Aggregates,Aggregates,,
340,XY,Not classified,Renewable energy consumption (% of total final energy consumption),2025,,Aggregates,Aggregates,,
341,XY,Not classified,Renewable energy consumption (% of total final energy consumption),2024,,Aggregates,Aggregates,,
342,XY,Not classified,Renewable energy consumption (% of total final energy consumption),2023,,Aggregates,Aggregates,,
343,XY,Not classified,Renewable energy consumption (% of total final energy consumption),2022,,Aggregates,Aggregates,,
344,XY,Not classified,Renewable energy consumption (% of total final energy consumption),2021,,Aggregates,Aggregates,,
345,XY,Not classified,Renewable energy consumption (% of total final energy consumption),2020,,Aggregates,Aggregates,,
346,XY,Not classified,Renewable energy consumption (% of total final energy consumption),2019,,Aggregates,Aggregates,,
347,XY,Not classified,Renewable energy consumption (% of total final energy consumption),2018,,Aggregates,Aggregates,,
348,XY,Not classified,Renewable energy consumption (% of total final energy consumption),2017,,Aggregates,Aggregates,,
349,XY,Not classified,Renewable energy consumption (% of total final energy consumption),2016,,Aggregates,Aggregates,,
350,OE,OECD members,Renewable energy consumption (% of total final energy consumption),2025,,Aggregates,Aggregates,,
351,OE,OECD members,Renewable energy consumption (% of total final energy consumption),2024,,Aggregates,Aggregates,,
352,OE,OECD members,Renewable energy consumption (% of total final energy consumption),2023,,Aggregates,Aggregates,,
353,OE,OECD members,Renewable energy consumption (% of total final energy consumption),2022,,Aggregates,Aggregates,,
354,OE,OECD members,Renewable energy consumption (% of total final energy consumption),2021,,Aggregates,Aggregates,,
355,OE,OECD members,Renewable energy consumption (% of total final energy consumption),2020,14.8380363213872,Aggregates,Aggregates,,
356,OE,OECD members,Renewable energy consumption (% of total final energy consumption),2019,13.6864487000325,Aggregates,Aggregates,,
357,OE,OECD members,Renewable energy consumption (% of total final energy consumption),2018,13.2024399046234,Aggregates,Aggregates,,
358,OE,OECD members,Renewable energy consumption (% of total final energy consumption),2017,12.7954391065077,Aggregates,Aggregates,,
359,OE,OECD members,Renewable energy consumption (% of total final energy consumption),2016,12.432384629223,Aggregates,Aggregates,,
360,S4,Other small states,Renewable energy consumption (% of total final energy consumption),2025,,Aggregates,Aggregates,,
361,S4,Other small states,Renewable energy consumption (% of total final energy consumption),2024,,Aggregates,Aggregates,,
362,S4,Other small states,Renewable energy consumption (% of total final energy consumption),2023,,Aggregates,Aggregates,,
363,S4,Other small states,Renewable energy consumption (% of total final energy consumption),2022,,Aggregates,Aggregates,,
364,S4,Other small states,Renewable energy consumption (% of total final energy consumption),2021,,Aggregates,Aggregates,,
365,S4,Other small states,Renewable energy consumption (% of total final energy consumption),2020,45.4042214532872,Aggregates,Aggregates,,
366,S4,Other small states,Renewable energy consumption (% of total final energy consumption),2019,42.3904707420726,Aggregates,Aggregates,,
367,S4,Other small states,Renewable energy consumption (% of total final energy consumption),2018,42.3626099950191,Aggregates,Aggregates,,
368,S4,Other small states,Renewable energy consumption (% of total final energy consumption),2017,41.4366535230585,Aggregates,Aggregates,,
369,S4,Other small states,Renewable energy consumption (% of total final energy consumption),2016,42.1565383945673,Aggregates,Aggregates,,
370,S2,Pacific island small states,Renewable energy consumption (% of total final energy consumption),2025,,Aggregates,Aggregates,,
371,S2,Pacific island small states,Renewable energy consumption (% of total final energy consumption),2024,,Aggregates,Aggregates,,
372,S2,Pacific island small states,Renewable energy consumption (% of total final energy consumption),2023,,Aggregates,Aggregates,,
373,S2,Pacific island small states,Renewable energy consumption (% of total final energy consumption),2022,,Aggregates,Aggregates,,
374,S2,Pacific island small states,Renewable energy consumption (% of total final energy consumption),2021,,Aggregates,Aggregates,,
375,S2,Pacific island small states,Renewable energy consumption (% of total final energy consumption),2020,29.425845410628,Aggregates,Aggregates,,
376,S2,Pacific island small states,Renewable energy consumption (% of total final energy consumption),2019,27.3889848812095,Aggregates,Aggregates,,
377,S2,Pacific island small states,Renewable energy consumption (% of total final energy consumption),2018,27.3537444933921,Aggregates,Aggregates,,
378,S2,Pacific island small states,Renewable energy consumption (% of total final energy consumption),2017,28.9891402714932,Aggregates,Aggregates,,
379,S2,Pacific island small states,Renewable energy consumption (% of total final energy consumption),2016,28.8504854368932,Aggregates,Aggregates,,
380,V4,Post-demographic dividend,Renewable energy consumption (% of total final energy consumption),2025,,Aggregates,Aggregates,,
381,V4,Post-demographic dividend,Renewable energy consumption (% of total final energy consumption),2024,,Aggregates,Aggregates,,
382,V4,Post-demographic dividend,Renewable energy consumption (% of total final energy consumption),2023,,Aggregates,Aggregates,,
383,V4,Post-demographic dividend,Renewable energy consumption (% of total final energy consumption),2022,,Aggregates,Aggregates,,
384,V4,Post-demographic dividend,Renewable energy consumption (% of total final energy consumption),2021,,Aggregates,Aggregates,,
385,V4,Post-demographic dividend,Renewable energy consumption (% of total final energy consumption),2020,14.4278548426441,Aggregates,Aggregates,,
386,V4,Post-demographic dividend,Renewable energy consumption (% of total final energy consumption),2019,13.2726556995631,Aggregates,Aggregates,,
387,V4,Post-demographic dividend,Renewable energy consumption (% of total final energy consumption),2018,12.8576178839564,Aggregates,Aggregates,,
388,V4,Post-demographic dividend,Renewable energy consumption (% of total final energy consumption),2017,12.4846381438532,Aggregates,Aggregates,,
389,V4,Post-demographic dividend,Renewable energy consumption (% of total final energy consumption),2016,12.0622071586832,Aggregates,Aggregates,,
390,V1,Pre-demographic dividend,Renewable energy consumption (% of total final energy consumption),2025,,Aggregates,Aggregates,,
391,V1,Pre-demographic dividend,Renewable energy consumption (% of total final energy consumption),2024,,Aggregates,Aggregates,,
392,V1,Pre-demographic dividend,Renewable energy consumption (% of total final energy consumption),2023,,Aggregates,Aggregates,,
393,V1,Pre-demographic dividend,Renewable energy consumption (% of total final energy consumption),2022,,Aggregates,Aggregates,,
394,V1,Pre-demographic dividend,Renewable energy consumption (% of total final energy consumption),2021,,Aggregates,Aggregates,,
395,V1,Pre-demographic dividend,Renewable energy consumption (% of total final energy consumption),2020,73.3285283869645,Aggregates,Aggregates,,
396,V1,Pre-demographic dividend,Renewable energy consumption (% of total final energy consumption),2019,71.4398709500275,Aggregates,Aggregates,,
397,V1,Pre-demographic dividend,Renewable energy consumption (% of total final energy consumption),2018,71.906862473446,Aggregates,Aggregates,,
398,V1,Pre-demographic dividend,Renewable energy consumption (% of total final energy consumption),2017,72.7571519329351,Aggregates,Aggregates,,
399,V1,Pre-demographic dividend,Renewable energy consumption (% of total final energy consumption),2016,72.8428194718611,Aggregates,Aggregates,,
400,S1,Small states,Renewable energy consumption (% of total final energy consumption),2025,,Aggregates,Aggregates,,
401,S1,Small states,Renewable energy consumption (% of total final energy consumption),2024,,Aggregates,Aggregates,,
402,S1,Small states,Renewable energy consumption (% of total final energy consumption),2023,,Aggregates,Aggregates,,
403,S1,Small states,Renewable energy consumption (% of total final energy consumption),2022,,Aggregates,Aggregates,,
404,S1,Small states,Renewable energy consumption (% of total final energy consumption),2021,,Aggregates,Aggregates,,
405,S1,Small states,Renewable energy consumption (% of total final energy consumption),2020,34.2609139465875,Aggregates,Aggregates,,
406,S1,Small states,Renewable energy consumption (% of total final energy consumption),2019,31.6559924886778,Aggregates,Aggregates,,
407,S1,Small states,Renewable energy consumption (% of total final energy consumption),2018,32.2826634877384,Aggregates,Aggregates,,
408,S1,Small states,Renewable energy consumption (% of total final energy consumption),2017,31.1677364093193,Aggregates,Aggregates,,
409,S1,Small states,Renewable energy consumption (% of total final energy consumption),2016,31.3734949541816,Aggregates,Aggregates,,
410,8S,South Asia,Renewable energy consumption (% of total final energy consumption),2025,,Aggregates,Aggregates,,
411,8S,South Asia,Renewable energy consumption (% of total final energy consumption),2024,,Aggregates,Aggregates,,
412,8S,South Asia,Renewable energy consumption (% of total final energy consumption),2023,,Aggregates,Aggregates,,
413,8S,South Asia,Renewable energy consumption (% of total final energy consumption),2022,,Aggregates,Aggregates,,
414,8S,South Asia,Renewable energy consumption (% of total final energy consumption),2021,,Aggregates,Aggregates,,
415,8S,South Asia,Renewable energy consumption (% of total final energy consumption),2020,36.8864659122341,Aggregates,Aggregates,,
416,8S,South Asia,Renewable energy consumption (% of total final energy consumption),2019,34.4293579877468,Aggregates,Aggregates,,
417,8S,South Asia,Renewable energy consumption (% of total final energy consumption),2018,33.8834998158718,Aggregates,Aggregates,,
418,8S,South Asia,Renewable energy consumption (% of total final energy consumption),2017,33.5888874710393,Aggregates,Aggregates,,
419,8S,South Asia,Renewable energy consumption (% of total final energy consumption),2016,34.2074772429003,Aggregates,Aggregates,,
420,T5,South Asia (IDA & IBRD),Renewable energy consumption (% of total final energy consumption),2025,,Aggregates,Aggregates,,
421,T5,South Asia (IDA & IBRD),Renewable energy consumption (% of total final energy consumption),2024,,Aggregates,Aggregates,,
422,T5,South Asia (IDA & IBRD),Renewable energy consumption (% of total final energy consumption),2023,,Aggregates,Aggregates,,
423,T5,South Asia (IDA & IBRD),Renewable energy consumption (% of total final energy consumption),2022,,Aggregates,Aggregates,,
424,T5,South Asia (IDA & IBRD),Renewable energy consumption (% of total final energy consumption),2021,,Aggregates,Aggregates,,
425,T5,South Asia (IDA & IBRD),Renewable energy consumption (% of total final energy consumption),2020,36.8864659122341,Aggregates,Aggregates,,
426,T5,South Asia (IDA & IBRD),Renewable energy consumption (% of total final energy consumption),2019,34.4293579877468,Aggregates,Aggregates,,
427,T5,South Asia (IDA & IBRD),Renewable energy consumption (% of total final energy consumption),2018,33.8834998158718,Aggregates,Aggregates,,
428,T5,South Asia (IDA & IBRD),Renewable energy consumption (% of total final energy consumption),2017,33.5888874710393,Aggregates,Aggregates,,
429,T5,South Asia (IDA & IBRD),Renewable energy consumption (% of total final energy consumption),2016,34.2074772429003,Aggregates,Aggregates,,
430,ZG,Sub-Saharan Africa,Renewable energy consumption (% of total final energy consumption),2025,,Aggregates,Aggregates,,
431,ZG,Sub-Saharan Africa,Renewable energy consumption (% of total final energy consumption),2024,,Aggregates,Aggregates,,
432,ZG,Sub-Saharan Africa,Renewable energy consumption (% of total final energy consumption),2023,,Aggregates,Aggregates,,
433,ZG,Sub-Saharan Africa,Renewable energy consumption (% of total final energy consumption),2022,,Aggregates,Aggregates,,
434,ZG,Sub-Saharan Africa,Renewable energy consumption (% of total final energy consumption),2021,,Aggregates,Aggregates,,
435,ZG,Sub-Saharan Africa,Renewable energy consumption (% of total final energy consumption),2020,70.2701133853785,Aggregates,Aggregates,,
436,ZG,Sub-Saharan Africa,Renewable energy consumption (% of total final energy consumption),2019,68.1693850218034,Aggregates,Aggregates,,
437,ZG,Sub-Saharan Africa,Renewable energy consumption (% of total final energy consumption),2018,67.6660713231228,Aggregates,Aggregates,,
438,ZG,Sub-Saharan Africa,Renewable energy consumption (% of total final energy consumption),2017,67.8175544668556,Aggregates,Aggregates,,
439,ZG,Sub-Saharan Africa,Renewable energy consumption (% of total final energy consumption),2016,67.9625238161754,Aggregates,Aggregates,,
440,ZF,Sub-Saharan Africa (excluding high income),Renewable energy consumption (% of total final energy consumption),2025,,Aggregates,Aggregates,,
441,ZF,Sub-Saharan Africa (excluding high income),Renewable energy consumption (% of total final energy consumption),2024,,Aggregates,Aggregates,,
442,ZF,Sub-Saharan Africa (excluding high income),Renewable energy consumption (% of total final energy consumption),2023,,Aggregates,Aggregates,,
443,ZF,Sub-Saharan Africa (excluding high income),Renewable energy consumption (% of total final energy consumption),2022,,Aggregates,Aggregates,,
444,ZF,Sub-Saharan Africa (excluding high income),Renewable energy consumption (% of total final energy consumption),2021,,Aggregates,Aggregates,,
445,ZF,Sub-Saharan Africa (excluding high income),Renewable energy consumption (% of total final energy consumption),2020,70.2882962400544,Aggregates,Aggregates,,
446,ZF,Sub-Saharan Africa (excluding high income),Renewable energy consumption (% of total final energy consumption),2019,68.1866925105485,Aggregates,Aggregates,,
447,ZF,Sub-Saharan Africa (excluding high income),Renewable energy consumption (% of total final energy consumption),2018,67.6846305852535,Aggregates,Aggregates,,
448,ZF,Sub-Saharan Africa (excluding high income),Renewable energy consumption (% of total final energy consumption),2017,67.8350236280696,Aggregates,Aggregates,,
449,ZF,Sub-Saharan Africa (excluding high income),Renewable energy consumption (% of total final energy consumption),2016,67.9804339199785,Aggregates,Aggregates,,
450,T6,Sub-Saharan Africa (IDA & IBRD countries),Renewable energy consumption (% of total final energy consumption),2025,,Aggregates,Aggregates,,
451,T6,Sub-Saharan Africa (IDA & IBRD countries),Renewable energy consumption (% of total final energy consumption),2024,,Aggregates,Aggregates,,
452,T6,Sub-Saharan Africa (IDA & IBRD countries),Renewable energy consumption (% of total final energy consumption),2023,,Aggregates,Aggregates,,
453,T6,Sub-Saharan Africa (IDA & IBRD countries),Renewable energy consumption (% of total final energy consumption),2022,,Aggregates,Aggregates,,
454,T6,Sub-Saharan Africa (IDA & IBRD countries),Renewable energy consumption (% of total final energy consumption),2021,,Aggregates,Aggregates,,
455,T6,Sub-Saharan Africa (IDA & IBRD countries),Renewable energy consumption (% of total final energy consumption),2020,70.2701133853785,Aggregates,Aggregates,,
456,T6,Sub-Saharan Africa (IDA & IBRD countries),Renewable energy consumption (% of total final energy consumption),2019,68.1693850218034,Aggregates,Aggregates,,
457,T6,Sub-Saharan Africa (IDA & IBRD countries),Renewable energy consumption (% of total final energy consumption),2018,67.6660713231228,Aggregates,Aggregates,,
458,T6,Sub-Saharan Africa (IDA & IBRD countries),Renewable energy consumption (% of total final energy consumption),2017,67.8175544668556,Aggregates,Aggregates,,
459,T6,Sub-Saharan Africa (IDA & IBRD countries),Renewable energy consumption (% of total final energy consumption),2016,67.9625238161754,Aggregates,Aggregates,,
460,XT,Upper middle income,Renewable energy consumption (% of total final energy consumption),2025,,Aggregates,Aggregates,,
461,XT,Upper middle income,Renewable energy consumption (% of total final energy consumption),2024,,Aggregates,Aggregates,,
462,XT,Upper middle income,Renewable energy consumption (% of total final energy consumption),2023,,Aggregates,Aggregates,,
463,XT,Upper middle income,Renewable energy consumption (% of total final energy consumption),2022,,Aggregates,Aggregates,,
464,XT,Upper middle income,Renewable energy consumption (% of total final energy consumption),2021,,Aggregates,Aggregates,,
465,XT,Upper middle income,Renewable energy consumption (% of total final energy consumption),2020,16.8249228694968,Aggregates,Aggregates,,
466,XT,Upper middle income,Renewable energy consumption (% of total final energy consumption),2019,16.1357826998964,Aggregates,Aggregates,,
467,XT,Upper middle income,Renewable energy consumption (% of total final energy consumption),2018,15.6712129165035,Aggregates,Aggregates,,
468,XT,Upper middle income,Renewable energy consumption (% of total final energy consumption),2017,15.539599266802,Aggregates,Aggregates,,
469,XT,Upper middle income,Renewable energy consumption (% of total final energy consumption),2016,15.3003881820305,Aggregates,Aggregates,,
470,1W,World,Renewable energy consumption (% of total final energy consumption),2025,,Aggregates,Aggregates,,
471,1W,World,Renewable energy consumption (% of total final energy consumption),2024,,Aggregates,Aggregates,,
472,1W,World,Renewable energy consumption (% of total final energy consumption),2023,,Aggregates,Aggregates,,
473,1W,World,Renewable energy consumption (% of total final energy consumption),2022,,Aggregates,Aggregates,,
474,1W,World,Renewable energy consumption (% of total final energy consumption),2021,,Aggregates,Aggregates,,
475,1W,World,Renewable energy consumption (% of total final energy consumption),2020,19.7355641050053,Aggregates,Aggregates,,
476,1W,World,Renewable energy consumption (% of total final energy consumption),2019,18.5751641385934,Aggregates,Aggregates,,
477,1W,World,Renewable energy consumption (% of total final energy consumption),2018,18.1052270747944,Aggregates,Aggregates,,
478,1W,World,Renewable energy consumption (% of total final energy consumption),2017,17.8541835016377,Aggregates,Aggregates,,
479,1W,World,Renewable energy consumption (% of total final energy consumption),2016,17.6281084915531,Aggregates,Aggregates,,
480,AF,Afghanistan,Renewable energy consumption (% of total final energy consumption),2025,,"Middle East, North Africa, Afghanistan & Pakistan",Low income,69.1761,34.5228
481,AF,Afghanistan,Renewable energy consumption (% of total final energy consumption),2024,,"Middle East, North Africa, Afghanistan & Pakistan",Low income,69.1761,34.5228
482,AF,Afghanistan,Renewable energy consumption (% of total final energy consumption),2023,,"Middle East, North Africa, Afghanistan & Pakistan",Low income,69.1761,34.5228
483,AF,Afghanistan,Renewable energy consumption (% of total final energy consumption),2022,20.0,"Middle East, North Africa, Afghanistan & Pakistan",Low income,69.1761,34.5228
484,AF,Afghanistan,Renewable energy consumption (% of total final energy consumption),2021,20.0,"Middle East, North Africa, Afghanistan & Pakistan",Low income,69.1761,34.5228
485,AF,Afghanistan,Renewable energy consumption (% of total final energy consumption),2020,18.2,"Middle East, North Africa, Afghanistan & Pakistan",Low income,69.1761,34.5228
486,AF,Afghanistan,Renewable energy consumption (% of total final energy consumption),2019,18.9,"Middle East, North Africa, Afghanistan & Pakistan",Low income,69.1761,34.5228
487,AF,Afghanistan,Renewable energy consumption (% of total final energy consumption),2018,18.3,"Middle East, North Africa, Afghanistan & Pakistan",Low income,69.1761,34.5228
488,AF,Afghanistan,Renewable energy consumption (% of total final energy consumption),2017,19.5,"Middle East, North Africa, Afghanistan & Pakistan",Low income,69.1761,34.5228
489,AF,Afghanistan,Renewable energy consumption (% of total final energy consumption),2016,20.2,"Middle East, North Africa, Afghanistan & Pakistan",Low income,69.1761,34.5228
490,AL,Albania,Renewable energy consumption (% of total final energy consumption),2025,,Europe & Central Asia,Upper middle income,19.8172,41.3317
491,AL,Albania,Renewable energy consumption (% of total final energy consumption),2024,,Europe & Central Asia,Upper middle income,19.8172,41.3317
492,AL,Albania,Renewable energy consumption (% of total final energy consumption),2023,,Europe & Central Asia,Upper middle income,19.8172,41.3317
493,AL,Albania,Renewable energy consumption (% of total final energy consumption),2022,,Europe & Central Asia,Upper middle income,19.8172,41.3317
494,AL,Albania,Renewable energy consumption (% of total final energy consumption),2021,41.9,Europe & Central Asia,Upper middle income,19.8172,41.3317
495,AL,Albania,Renewable energy consumption (% of total final energy consumption),2020,44.4,Europe & Central Asia,Upper middle income,19.8172,41.3317
496,AL,Albania,Renewable energy consumption (% of total final energy consumption),2019,40.1,Europe & Central Asia,Upper middle income,19.8172,41.3317
497,AL,Albania,Renewable energy consumption (% of total final energy consumption),2018,37.8,Europe & Central Asia,Upper middle income,19.8172,41.3317
498,AL,Albania,Renewable energy consumption (% of total final energy consumption),2017,36.9,Europe & Central Asia,Upper middle income,19.8172,41.3317
499,AL,Albania,Renewable energy consumption (% of total final energy consumption),2016,39.4,Europe & Central Asia,Upper middle income,19.8172,41.3317
500,DZ,Algeria,Renewable energy consumption (% of total final energy consumption),2025,,"Middle East, North Africa, Afghanistan & Pakistan",Upper middle income,3.05097,36.7397
501,DZ,Algeria,Renewable energy consumption (% of total final energy consumption),2024,,"Middle East, North Africa, Afghanistan & Pakistan",Upper middle income,3.05097,36.7397
502,DZ,Algeria,Renewable energy consumption (% of total final energy consumption),2023,,"Middle East, North Africa, Afghanistan & Pakistan",Upper middle income,3.05097,36.7397
503,DZ,Algeria,Renewable energy consumption (% of total final energy consumption),2022,,"Middle East, North Africa, Afghanistan & Pakistan",Upper middle income,3.05097,36.7397
504,DZ,Algeria,Renewable energy consumption (% of total final energy consumption),2021,0.1,"Middle East, North Africa, Afghanistan & Pakistan",Upper middle income,3.05097,36.7397
505,DZ,Algeria,Renewable energy consumption (% of total final energy consumption),2020,0.1,"Middle East, North Africa, Afghanistan & Pakistan",Upper middle income,3.05097,36.7397
506,DZ,Algeria,Renewable energy consumption (% of total final energy consumption),2019,0.2,"Middle East, North Africa, Afghanistan & Pakistan",Upper middle income,3.05097,36.7397
507,DZ,Algeria,Renewable energy consumption (% of total final energy consumption),2018,0.2,"Middle East, North Africa, Afghanistan & Pakistan",Upper middle income,3.05097,36.7397
508,DZ,Algeria,Renewable energy consumption (% of total final energy consumption),2017,0.1,"Middle East, North Africa, Afghanistan & Pakistan",Upper middle income,3.05097,36.7397
509,DZ,Algeria,Renewable energy consumption (% of total final energy consumption),2016,0.1,"Middle East, North Africa, Afghanistan & Pakistan",Upper middle income,3.05097,36.7397
510,AS,American Samoa,Renewable energy consumption (% of total final energy consumption),2025,,East Asia & Pacific,High income,-170.691,-14.2846
511,AS,American Samoa,Renewable energy consumption (% of total final energy consumption),2024,,East Asia & Pacific,High income,-170.691,-14.2846
512,AS,American Samoa,Renewable energy consumption (% of total final energy consumption),2023,,East Asia & Pacific,High income,-170.691,-14.2846
513,AS,American Samoa,Renewable energy consumption (% of total final energy consumption),2022,0.4,East Asia & Pacific,High income,-170.691,-14.2846
514,AS,American Samoa,Renewable energy consumption (% of total final energy consumption),2021,0.4,East Asia & Pacific,High income,-170.691,-14.2846
515,AS,American Samoa,Renewable energy consumption (% of total final energy consumption),2020,0.4,East Asia & Pacific,High income,-170.691,-14.2846
516,AS,American Samoa,Renewable energy consumption (% of total final energy consumption),2019,0.4,East Asia & Pacific,High income,-170.691,-14.2846
517,AS,American Samoa,Renewable energy consumption (% of total final energy consumption),2018,0.3,East Asia & Pacific,High income,-170.691,-14.2846
518,AS,American Samoa,Renewable energy consumption (% of total final energy consumption),2017,0.3,East Asia & Pacific,High income,-170.691,-14.2846
519,AS,American Samoa,Renewable energy consumption (% of total final energy consumption),2016,0.2,East Asia & Pacific,High income,-170.691,-14.2846
520,AD,Andorra,Renewable energy consumption (% of total final energy consumption),2025,,Europe & Central Asia,High income,1.5218,42.5075
521,AD,Andorra,Renewable energy consumption (% of total final energy consumption),2024,,Europe & Central Asia,High income,1.5218,42.5075
522,AD,Andorra,Renewable energy consumption (% of total final energy consumption),2023,,Europe & Central Asia,High income,1.5218,42.5075
523,AD,Andorra,Renewable energy consumption (% of total final energy consumption),2022,18.7,Europe & Central Asia,High income,1.5218,42.5075
524,AD,Andorra,Renewable energy consumption (% of total final energy consumption),2021,18.4,Europe & Central Asia,High income,1.5218,42.5075
525,AD,Andorra,Renewable energy consumption (% of total final energy consumption),2020,20.9,Europe & Central Asia,High income,1.5218,42.5075
526,AD,Andorra,Renewable energy consumption (% of total final energy consumption),2019,17.2,Europe & Central Asia,High income,1.5218,42.5075
527,AD,Andorra,Renewable energy consumption (% of total final energy consumption),2018,17.6,Europe & Central Asia,High income,1.5218,42.5075
528,AD,Andorra,Renewable energy consumption (% of total final energy consumption),2017,18.0,Europe & Central Asia,High income,1.5218,42.5075
529,AD,Andorra,Renewable energy consumption (% of total final energy consumption),2016,18.9,Europe & Central Asia,High income,1.5218,42.5075
530,AO,Angola,Renewable energy consumption (% of total final energy consumption),2025,,Sub-Saharan Africa ,Lower middle income,13.242,-8.81155
531,AO,Angola,Renewable energy consumption (% of total final energy consumption),2024,,Sub-Saharan Africa ,Lower middle income,13.242,-8.81155
532,AO,Angola,Renewable energy consumption (% of total final energy consumption),2023,,Sub-Saharan Africa ,Lower middle income,13.242,-8.81155
533,AO,Angola,Renewable energy consumption (% of total final energy consumption),2022,,Sub-Saharan Africa ,Lower middle income,13.242,-8.81155
534,AO,Angola,Renewable energy consumption (% of total final energy consumption),2021,52.9,Sub-Saharan Africa ,Lower middle income,13.242,-8.81155
535,AO,Angola,Renewable energy consumption (% of total final energy consumption),2020,60.1,Sub-Saharan Africa ,Lower middle income,13.242,-8.81155
536,AO,Angola,Renewable energy consumption (% of total final energy consumption),2019,51.0,Sub-Saharan Africa ,Lower middle income,13.242,-8.81155
537,AO,Angola,Renewable energy consumption (% of total final energy consumption),2018,52.5,Sub-Saharan Africa ,Lower middle income,13.242,-8.81155
538,AO,Angola,Renewable energy consumption (% of total final energy consumption),2017,52.5,Sub-Saharan Africa ,Lower middle income,13.242,-8.81155
539,AO,Angola,Renewable energy consumption (% of total final energy consumption),2016,48.1,Sub-Saharan Africa ,Lower middle income,13.242,-8.81155
540,AG,Antigua and Barbuda,Renewable energy consumption (% of total final energy consumption),2025,,Latin America & Caribbean ,High income,-61.8456,17.1175
541,AG,Antigua and Barbuda,Renewable energy consumption (% of total final energy consumption),2024,,Latin America & Caribbean ,High income,-61.8456,17.1175
542,AG,Antigua and Barbuda,Renewable energy consumption (% of total final energy consumption),2023,,Latin America & Caribbean ,High income,-61.8456,17.1175
543,AG,Antigua and Barbuda,Renewable energy consumption (% of total final energy consumption),2022,0.9,Latin America & Caribbean ,High income,-61.8456,17.1175
544,AG,Antigua and Barbuda,Renewable energy consumption (% of total final energy consumption),2021,0.9,Latin America & Caribbean ,High income,-61.8456,17.1175
545,AG,Antigua and Barbuda,Renewable energy consumption (% of total final energy consumption),2020,0.9,Latin America & Caribbean ,High income,-61.8456,17.1175
546,AG,Antigua and Barbuda,Renewable energy consumption (% of total final energy consumption),2019,0.7,Latin America & Caribbean ,High income,-61.8456,17.1175
547,AG,Antigua and Barbuda,Renewable energy consumption (% of total final energy consumption),2018,0.7,Latin America & Caribbean ,High income,-61.8456,17.1175
548,AG,Antigua and Barbuda,Renewable energy consumption (% of total final energy consumption),2017,0.4,Latin America & Caribbean ,High income,-61.8456,17.1175
549,AG,Antigua and Barbuda,Renewable energy consumption (% of total final energy consumption),2016,0.4,Latin America & Caribbean ,High income,-61.8456,17.1175
550,AR,Argentina,Renewable energy consumption (% of total final energy consumption),2025,,Latin America & Caribbean ,Upper middle income,-58.4173,-34.6118
551,AR,Argentina,Renewable energy consumption (% of total final energy consumption),2024,,Latin America & Caribbean ,Upper middle income,-58.4173,-34.6118
552,AR,Argentina,Renewable energy consumption (% of total final energy consumption),2023,,Latin America & Caribbean ,Upper middle income,-58.4173,-34.6118
553,AR,Argentina,Renewable energy consumption (% of total final energy consumption),2022,,Latin America & Caribbean ,Upper middle income,-58.4173,-34.6118
554,AR,Argentina,Renewable energy consumption (% of total final energy consumption),2021,9.2,Latin America & Caribbean ,Upper middle income,-58.4173,-34.6118
555,AR,Argentina,Renewable energy consumption (% of total final energy consumption),2020,9.8,Latin America & Caribbean ,Upper middle income,-58.4173,-34.6118
556,AR,Argentina,Renewable energy consumption (% of total final energy consumption),2019,10.7,Latin America & Caribbean ,Upper middle income,-58.4173,-34.6118
557,AR,Argentina,Renewable energy consumption (% of total final energy consumption),2018,10.5,Latin America & Caribbean ,Upper middle income,-58.4173,-34.6118
558,AR,Argentina,Renewable energy consumption (% of total final energy consumption),2017,10.4,Latin America & Caribbean ,Upper middle income,-58.4173,-34.6118
559,AR,Argentina,Renewable energy consumption (% of total final energy consumption),2016,9.4,Latin America & Caribbean ,Upper middle income,-58.4173,-34.6118
560,AM,Armenia,Renewable energy consumption (% of total final energy consumption),2025,,Europe & Central Asia,Upper middle income,44.509,40.1596
561,AM,Armenia,Renewable energy consumption (% of total final energy consumption),2024,,Europe & Central Asia,Upper middle income,44.509,40.1596
562,AM,Armenia,Renewable energy consumption (% of total final energy consumption),2023,,Europe & Central Asia,Upper middle income,44.509,40.1596
563,AM,Armenia,Renewable energy consumption (% of total final energy consumption),2022,,Europe & Central Asia,Upper middle income,44.509,40.1596
564,AM,Armenia,Renewable energy consumption (% of total final energy consumption),2021,9.1,Europe & Central Asia,Upper middle income,44.509,40.1596
565,AM,Armenia,Renewable energy consumption (% of total final energy consumption),2020,8.4,Europe & Central Asia,Upper middle income,44.509,40.1596
566,AM,Armenia,Renewable energy consumption (% of total final energy consumption),2019,10.3,Europe & Central Asia,Upper middle income,44.509,40.1596
567,AM,Armenia,Renewable energy consumption (% of total final energy consumption),2018,11.1,Europe & Central Asia,Upper middle income,44.509,40.1596
568,AM,Armenia,Renewable energy consumption (% of total final energy consumption),2017,12.6,Europe & Central Asia,Upper middle income,44.509,40.1596
569,AM,Armenia,Renewable energy consumption (% of total final energy consumption),2016,13.2,Europe & Central Asia,Upper middle income,44.509,40.1596
570,AW,Aruba,Renewable energy consumption (% of total final energy consumption),2025,,Latin America & Caribbean ,High income,-70.0167,12.5167
571,AW,Aruba,Renewable energy consumption (% of total final energy consumption),2024,,Latin America & Caribbean ,High income,-70.0167,12.5167
572,AW,Aruba,Renewable energy consumption (% of total final energy consumption),2023,,Latin America & Caribbean ,High income,-70.0167,12.5167
573,AW,Aruba,Renewable energy consumption (% of total final energy consumption),2022,8.8,Latin America & Caribbean ,High income,-70.0167,12.5167
574,AW,Aruba,Renewable energy consumption (% of total final energy consumption),2021,8.8,Latin America & Caribbean ,High income,-70.0167,12.5167
575,AW,Aruba,Renewable energy consumption (% of total final energy consumption),2020,9.1,Latin America & Caribbean ,High income,-70.0167,12.5167
576,AW,Aruba,Renewable energy consumption (% of total final energy consumption),2019,8.3,Latin America & Caribbean ,High income,-70.0167,12.5167
577,AW,Aruba,Renewable energy consumption (% of total final energy consumption),2018,8.6,Latin America & Caribbean ,High income,-70.0167,12.5167
578,AW,Aruba,Renewable energy consumption (% of total final energy consumption),2017,6.8,Latin America & Caribbean ,High income,-70.0167,12.5167
579,AW,Aruba,Renewable energy consumption (% of total final energy consumption),2016,7.0,Latin America & Caribbean ,High income,-70.0167,12.5167
580,AU,Australia,Renewable energy consumption (% of total final energy consumption),2025,,East Asia & Pacific,High income,149.129,-35.282
581,AU,Australia,Renewable energy consumption (% of total final energy consumption),2024,,East Asia & Pacific,High income,149.129,-35.282
582,AU,Australia,Renewable energy consumption (% of total final energy consumption),2023,,East Asia & Pacific,High income,149.129,-35.282
583,AU,Australia,Renewable energy consumption (% of total final energy consumption),2022,,East Asia & Pacific,High income,149.129,-35.282
584,AU,Australia,Renewable energy consumption (% of total final energy consumption),2021,12.3,East Asia & Pacific,High income,149.129,-35.282
585,AU,Australia,Renewable energy consumption (% of total final energy consumption),2020,11.2,East Asia & Pacific,High income,149.129,-35.282
586,AU,Australia,Renewable energy consumption (% of total final energy consumption),2019,10.3,East Asia & Pacific,High income,149.129,-35.282
587,AU,Australia,Renewable energy consumption (% of total final energy consumption),2018,9.8,East Asia & Pacific,High income,149.129,-35.282
588,AU,Australia,Renewable energy consumption (% of total final energy consumption),2017,9.9,East Asia & Pacific,High income,149.129,-35.282
589,AU,Australia,Renewable energy consumption (% of total final energy consumption),2016,9.6,East Asia & Pacific,High income,149.129,-35.282
590,AT,Austria,Renewable energy consumption (% of total final energy consumption),2025,,Europe & Central Asia,High income,16.3798,48.2201
591,AT,Austria,Renewable energy consumption (% of total final energy consumption),2024,,Europe & Central Asia,High income,16.3798,48.2201
592,AT,Austria,Renewable energy consumption (% of total final energy consumption),2023,,Europe & Central Asia,High income,16.3798,48.2201
593,AT,Austria,Renewable energy consumption (% of total final energy consumption),2022,,Europe & Central Asia,High income,16.3798,48.2201
594,AT,Austria,Renewable energy consumption (% of total final energy consumption),2021,36.0,Europe & Central Asia,High income,16.3798,48.2201
595,AT,Austria,Renewable energy consumption (% of total final energy consumption),2020,35.8,Europe & Central Asia,High income,16.3798,48.2201
596,AT,Austria,Renewable energy consumption (% of total final energy consumption),2019,34.0,Europe & Central Asia,High income,16.3798,48.2201
597,AT,Austria,Renewable energy consumption (% of total final energy consumption),2018,34.1,Europe & Central Asia,High income,16.3798,48.2201
598,AT,Austria,Renewable energy consumption (% of total final energy consumption),2017,34.0,Europe & Central Asia,High income,16.3798,48.2201
599,AT,Austria,Renewable energy consumption (% of total final energy consumption),2016,34.6,Europe & Central Asia,High income,16.3798,48.2201
600,AZ,Azerbaijan,Renewable energy consumption (% of total final energy consumption),2025,,Europe & Central Asia,Upper middle income,49.8932,40.3834
601,AZ,Azerbaijan,Renewable energy consumption (% of total final energy consumption),2024,,Europe & Central Asia,Upper middle income,49.8932,40.3834
602,AZ,Azerbaijan,Renewable energy consumption (% of total final energy consumption),2023,,Europe & Central Asia,Upper middle income,49.8932,40.3834
603,AZ,Azerbaijan,Renewable energy consumption (% of total final energy consumption),2022,,Europe & Central Asia,Upper middle income,49.8932,40.3834
604,AZ,Azerbaijan,Renewable energy consumption (% of total final energy consumption),2021,1.3,Europe & Central Asia,Upper middle income,49.8932,40.3834
605,AZ,Azerbaijan,Renewable energy consumption (% of total final energy consumption),2020,1.3,Europe & Central Asia,Upper middle income,49.8932,40.3834
606,AZ,Azerbaijan,Renewable energy consumption (% of total final energy consumption),2019,1.7,Europe & Central Asia,Upper middle income,49.8932,40.3834
607,AZ,Azerbaijan,Renewable energy consumption (% of total final energy consumption),2018,1.9,Europe & Central Asia,Upper middle income,49.8932,40.3834
608,AZ,Azerbaijan,Renewable energy consumption (% of total final energy consumption),2017,1.9,Europe & Central Asia,Upper middle income,49.8932,40.3834
609,AZ,Azerbaijan,Renewable energy consumption (% of total final energy consumption),2016,1.9,Europe & Central Asia,Upper middle income,49.8932,40.3834
610,BS,"Bahamas, The",Renewable energy consumption (% of total final energy consumption),2025,,Latin America & Caribbean ,High income,-77.339,25.0661
611,BS,"Bahamas, The",Renewable energy consumption (% of total final energy consumption),2024,,Latin America & Caribbean ,High income,-77.339,25.0661
612,BS,"Bahamas, The",Renewable energy consumption (% of total final energy consumption),2023,,Latin America & Caribbean ,High income,-77.339,25.0661
613,BS,"Bahamas, The",Renewable energy consumption (% of total final energy consumption),2022,1.1,Latin America & Caribbean ,High income,-77.339,25.0661
614,BS,"Bahamas, The",Renewable energy consumption (% of total final energy consumption),2021,1.1,Latin America & Caribbean ,High income,-77.339,25.0661
615,BS,"Bahamas, The",Renewable energy consumption (% of total final energy consumption),2020,1.4,Latin America & Caribbean ,High income,-77.339,25.0661
616,BS,"Bahamas, The",Renewable energy consumption (% of total final energy consumption),2019,1.1,Latin America & Caribbean ,High income,-77.339,25.0661
617,BS,"Bahamas, The",Renewable energy consumption (% of total final energy consumption),2018,1.1,Latin America & Caribbean ,High income,-77.339,25.0661
618,BS,"Bahamas, The",Renewable energy consumption (% of total final energy consumption),2017,1.1,Latin America & Caribbean ,High income,-77.339,25.0661
619,BS,"Bahamas, The",Renewable energy consumption (% of total final energy consumption),2016,1.2,Latin America & Caribbean ,High income,-77.339,25.0661
620,BH,Bahrain,Renewable energy consumption (% of total final energy consumption),2025,,"Middle East, North Africa, Afghanistan & Pakistan",High income,50.5354,26.1921
621,BH,Bahrain,Renewable energy consumption (% of total final energy consumption),2024,,"Middle East, North Africa, Afghanistan & Pakistan",High income,50.5354,26.1921
622,BH,Bahrain,Renewable energy consumption (% of total final energy consumption),2023,,"Middle East, North Africa, Afghanistan & Pakistan",High income,50.5354,26.1921
623,BH,Bahrain,Renewable energy consumption (% of total final energy consumption),2022,,"Middle East, North Africa, Afghanistan & Pakistan",High income,50.5354,26.1921
624,BH,Bahrain,Renewable energy consumption (% of total final energy consumption),2021,0.0,"Middle East, North Africa, Afghanistan & Pakistan",High income,50.5354,26.1921
625,BH,Bahrain,Renewable energy consumption (% of total final energy consumption),2020,0.0,"Middle East, North Africa, Afghanistan & Pakistan",High income,50.5354,26.1921
626,BH,Bahrain,Renewable energy consumption (% of total final energy consumption),2019,0.0,"Middle East, North Africa, Afghanistan & Pakistan",High income,50.5354,26.1921
627,BH,Bahrain,Renewable energy consumption (% of total final energy consumption),2018,0.0,"Middle East, North Africa, Afghanistan & Pakistan",High income,50.5354,26.1921
628,BH,Bahrain,Renewable energy consumption (% of total final energy consumption),2017,0.0,"Middle East, North Africa, Afghanistan & Pakistan",High income,50.5354,26.1921
629,BH,Bahrain,Renewable energy consumption (% of total final energy consumption),2016,0.0,"Middle East, North Africa, Afghanistan & Pakistan",High income,50.5354,26.1921
630,BD,Bangladesh,Renewable energy consumption (% of total final energy consumption),2025,,South Asia,Lower middle income,90.4113,23.7055
631,BD,Bangladesh,Renewable energy consumption (% of total final energy consumption),2024,,South Asia,Lower middle income,90.4113,23.7055
632,BD,Bangladesh,Renewable energy consumption (% of total final energy consumption),2023,,South Asia,Lower middle income,90.4113,23.7055
633,BD,Bangladesh,Renewable energy consumption (% of total final energy consumption),2022,,South Asia,Lower middle income,90.4113,23.7055
634,BD,Bangladesh,Renewable energy consumption (% of total final energy consumption),2021,25.0,South Asia,Lower middle income,90.4113,23.7055
635,BD,Bangladesh,Renewable energy consumption (% of total final energy consumption),2020,27.2,South Asia,Lower middle income,90.4113,23.7055
636,BD,Bangladesh,Renewable energy consumption (% of total final energy consumption),2019,26.1,South Asia,Lower middle income,90.4113,23.7055
637,BD,Bangladesh,Renewable energy consumption (% of total final energy consumption),2018,27.0,South Asia,Lower middle income,90.4113,23.7055
638,BD,Bangladesh,Renewable energy consumption (% of total final energy consumption),2017,28.1,South Asia,Lower middle income,90.4113,23.7055
639,BD,Bangladesh,Renewable energy consumption (% of total final energy consumption),2016,30.2,South Asia,Lower middle income,90.4113,23.7055
640,BB,Barbados,Renewable energy consumption (% of total final energy consumption),2025,,Latin America & Caribbean ,High income,-59.6105,13.0935
641,BB,Barbados,Renewable energy consumption (% of total final energy consumption),2024,,Latin America & Caribbean ,High income,-59.6105,13.0935
642,BB,Barbados,Renewable energy consumption (% of total final energy consumption),2023,,Latin America & Caribbean ,High income,-59.6105,13.0935
643,BB,Barbados,Renewable energy consumption (% of total final energy consumption),2022,5.5,Latin America & Caribbean ,High income,-59.6105,13.0935
644,BB,Barbados,Renewable energy consumption (% of total final energy consumption),2021,5.5,Latin America & Caribbean ,High income,-59.6105,13.0935
645,BB,Barbados,Renewable energy consumption (% of total final energy consumption),2020,4.7,Latin America & Caribbean ,High income,-59.6105,13.0935
646,BB,Barbados,Renewable energy consumption (% of total final energy consumption),2019,3.4,Latin America & Caribbean ,High income,-59.6105,13.0935
647,BB,Barbados,Renewable energy consumption (% of total final energy consumption),2018,4.9,Latin America & Caribbean ,High income,-59.6105,13.0935
648,BB,Barbados,Renewable energy consumption (% of total final energy consumption),2017,4.3,Latin America & Caribbean ,High income,-59.6105,13.0935
649,BB,Barbados,Renewable energy consumption (% of total final energy consumption),2016,2.8,Latin America & Caribbean ,High income,-59.6105,13.0935
650,BY,Belarus,Renewable energy consumption (% of total final energy consumption),2025,,Europe & Central Asia,Upper middle income,27.5766,53.9678
651,BY,Belarus,Renewable energy consumption (% of total final energy consumption),2024,,Europe & Central Asia,Upper middle income,27.5766,53.9678
652,BY,Belarus,Renewable energy consumption (% of total final energy consumption),2023,,Europe & Central Asia,Upper middle income,27.5766,53.9678
653,BY,Belarus,Renewable energy consumption (% of total final energy consumption),2022,,Europe & Central Asia,Upper middle income,27.5766,53.9678
654,BY,Belarus,Renewable energy consumption (% of total final energy consumption),2021,8.2,Europe & Central Asia,Upper middle income,27.5766,53.9678
655,BY,Belarus,Renewable energy consumption (% of total final energy consumption),2020,8.4,Europe & Central Asia,Upper middle income,27.5766,53.9678
656,BY,Belarus,Renewable energy consumption (% of total final energy consumption),2019,7.8,Europe & Central Asia,Upper middle income,27.5766,53.9678
657,BY,Belarus,Renewable energy consumption (% of total final energy consumption),2018,7.2,Europe & Central Asia,Upper middle income,27.5766,53.9678
658,BY,Belarus,Renewable energy consumption (% of total final energy consumption),2017,7.3,Europe & Central Asia,Upper middle income,27.5766,53.9678
659,BY,Belarus,Renewable energy consumption (% of total final energy consumption),2016,6.7,Europe & Central Asia,Upper middle income,27.5766,53.9678
660,BE,Belgium,Renewable energy consumption (% of total final energy consumption),2025,,Europe & Central Asia,High income,4.36761,50.8371
661,BE,Belgium,Renewable energy consumption (% of total final energy consumption),2024,,Europe & Central Asia,High income,4.36761,50.8371
662,BE,Belgium,Renewable energy consumption (% of total final energy consumption),2023,,Europe & Central Asia,High income,4.36761,50.8371
663,BE,Belgium,Renewable energy consumption (% of total final energy consumption),2022,,Europe & Central Asia,High income,4.36761,50.8371
664,BE,Belgium,Renewable energy consumption (% of total final energy consumption),2021,11.7,Europe & Central Asia,High income,4.36761,50.8371
665,BE,Belgium,Renewable energy consumption (% of total final energy consumption),2020,12.3,Europe & Central Asia,High income,4.36761,50.8371
666,BE,Belgium,Renewable energy consumption (% of total final energy consumption),2019,10.2,Europe & Central Asia,High income,4.36761,50.8371
667,BE,Belgium,Renewable energy consumption (% of total final energy consumption),2018,10.7,Europe & Central Asia,High income,4.36761,50.8371
668,BE,Belgium,Renewable energy consumption (% of total final energy consumption),2017,9.7,Europe & Central Asia,High income,4.36761,50.8371
669,BE,Belgium,Renewable energy consumption (% of total final energy consumption),2016,9.2,Europe & Central Asia,High income,4.36761,50.8371
670,BZ,Belize,Renewable energy consumption (% of total final energy consumption),2025,,Latin America & Caribbean ,Upper middle income,-88.7713,17.2534
671,BZ,Belize,Renewable energy consumption (% of total final energy consumption),2024,,Latin America & Caribbean ,Upper middle income,-88.7713,17.2534
672,BZ,Belize,Renewable energy consumption (% of total final energy consumption),2023,,Latin America & Caribbean ,Upper middle income,-88.7713,17.2534
673,BZ,Belize,Renewable energy consumption (% of total final energy consumption),2022,30.8,Latin America & Caribbean ,Upper middle income,-88.7713,17.2534
674,BZ,Belize,Renewable energy consumption (% of total final energy consumption),2021,26.6,Latin America & Caribbean ,Upper middle income,-88.7713,17.2534
675,BZ,Belize,Renewable energy consumption (% of total final energy consumption),2020,31.4,Latin America & Caribbean ,Upper middle income,-88.7713,17.2534
676,BZ,Belize,Renewable energy consumption (% of total final energy consumption),2019,30.4,Latin America & Caribbean ,Upper middle income,-88.7713,17.2534
677,BZ,Belize,Renewable energy consumption (% of total final energy consumption),2018,35.5,Latin America & Caribbean ,Upper middle income,-88.7713,17.2534
678,BZ,Belize,Renewable energy consumption (% of total final energy consumption),2017,37.2,Latin America & Caribbean ,Upper middle income,-88.7713,17.2534
679,BZ,Belize,Renewable energy consumption (% of total final energy consumption),2016,33.3,Latin America & Caribbean ,Upper middle income,-88.7713,17.2534
680,BJ,Benin,Renewable energy consumption (% of total final energy consumption),2025,,Sub-Saharan Africa ,Lower middle income,2.6323,6.4779
681,BJ,Benin,Renewable energy consumption (% of total final energy consumption),2024,,Sub-Saharan Africa ,Lower middle income,2.6323,6.4779
682,BJ,Benin,Renewable energy consumption (% of total final energy consumption),2023,,Sub-Saharan Africa ,Lower middle income,2.6323,6.4779
683,BJ,Benin,Renewable energy consumption (% of total final energy consumption),2022,,Sub-Saharan Africa ,Lower middle income,2.6323,6.4779
684,BJ,Benin,Renewable energy consumption (% of total final energy consumption),2021,54.5,Sub-Saharan Africa ,Lower middle income,2.6323,6.4779
685,BJ,Benin,Renewable energy consumption (% of total final energy consumption),2020,46.2,Sub-Saharan Africa ,Lower middle income,2.6323,6.4779
686,BJ,Benin,Renewable energy consumption (% of total final energy consumption),2019,46.5,Sub-Saharan Africa ,Lower middle income,2.6323,6.4779
687,BJ,Benin,Renewable energy consumption (% of total final energy consumption),2018,44.0,Sub-Saharan Africa ,Lower middle income,2.6323,6.4779
688,BJ,Benin,Renewable energy consumption (% of total final energy consumption),2017,45.4,Sub-Saharan Africa ,Lower middle income,2.6323,6.4779
689,BJ,Benin,Renewable energy consumption (% of total final energy consumption),2016,45.4,Sub-Saharan Africa ,Lower middle income,2.6323,6.4779
690,BM,Bermuda,Renewable energy consumption (% of total final energy consumption),2025,,North America,High income,-64.706,32.3293
691,BM,Bermuda,Renewable energy consumption (% of total final energy consumption),2024,,North America,High income,-64.706,32.3293
692,BM,Bermuda,Renewable energy consumption (% of total final energy consumption),2023,,North America,High income,-64.706,32.3293
693,BM,Bermuda,Renewable energy consumption (% of total final energy consumption),2022,0.9,North America,High income,-64.706,32.3293
694,BM,Bermuda,Renewable energy consumption (% of total final energy consumption),2021,0.9,North America,High income,-64.706,32.3293
695,BM,Bermuda,Renewable energy consumption (% of total final energy consumption),2020,0.9,North America,High income,-64.706,32.3293
696,BM,Bermuda,Renewable energy consumption (% of total final energy consumption),2019,0.8,North America,High income,-64.706,32.3293
697,BM,Bermuda,Renewable energy consumption (% of total final energy consumption),2018,0.7,North America,High income,-64.706,32.3293
698,BM,Bermuda,Renewable energy consumption (% of total final energy consumption),2017,0.6,North America,High income,-64.706,32.3293
699,BM,Bermuda,Renewable energy consumption (% of total final energy consumption),2016,1.1,North America,High income,-64.706,32.3293
700,BT,Bhutan,Renewable energy consumption (% of total final energy consumption),2025,,South Asia,Lower middle income,89.6177,27.5768
701,BT,Bhutan,Renewable energy consumption (% of total final energy consumption),2024,,South Asia,Lower middle income,89.6177,27.5768
702,BT,Bhutan,Renewable energy consumption (% of total final energy consumption),2023,,South Asia,Lower middle income,89.6177,27.5768
703,BT,Bhutan,Renewable energy consumption (% of total final energy consumption),2022,82.5,South Asia,Lower middle income,89.6177,27.5768
704,BT,Bhutan,Renewable energy consumption (% of total final energy consumption),2021,81.8,South Asia,Lower middle income,89.6177,27.5768
705,BT,Bhutan,Renewable energy consumption (% of total final energy consumption),2020,83.9,South Asia,Lower middle income,89.6177,27.5768
706,BT,Bhutan,Renewable energy consumption (% of total final energy consumption),2019,81.0,South Asia,Lower middle income,89.6177,27.5768
707,BT,Bhutan,Renewable energy consumption (% of total final energy consumption),2018,80.0,South Asia,Lower middle income,89.6177,27.5768
708,BT,Bhutan,Renewable energy consumption (% of total final energy consumption),2017,79.7,South Asia,Lower middle income,89.6177,27.5768
709,BT,Bhutan,Renewable energy consumption (% of total final energy consumption),2016,80.8,South Asia,Lower middle income,89.6177,27.5768
710,BO,Bolivia,Renewable energy consumption (% of total final energy consumption),2025,,Latin America & Caribbean ,Lower middle income,-66.1936,-13.9908
711,BO,Bolivia,Renewable energy consumption (% of total final energy consumption),2024,,Latin America & Caribbean ,Lower middle income,-66.1936,-13.9908
712,BO,Bolivia,Renewable energy consumption (% of total final energy consumption),2023,,Latin America & Caribbean ,Lower middle income,-66.1936,-13.9908
713,BO,Bolivia,Renewable energy consumption (% of total final energy consumption),2022,,Latin America & Caribbean ,Lower middle income,-66.1936,-13.9908
714,BO,Bolivia,Renewable energy consumption (% of total final energy consumption),2021,12.8,Latin America & Caribbean ,Lower middle income,-66.1936,-13.9908
715,BO,Bolivia,Renewable energy consumption (% of total final energy consumption),2020,16.9,Latin America & Caribbean ,Lower middle income,-66.1936,-13.9908
716,BO,Bolivia,Renewable energy consumption (% of total final energy consumption),2019,13.5,Latin America & Caribbean ,Lower middle income,-66.1936,-13.9908
717,BO,Bolivia,Renewable energy consumption (% of total final energy consumption),2018,14.3,Latin America & Caribbean ,Lower middle income,-66.1936,-13.9908
718,BO,Bolivia,Renewable energy consumption (% of total final energy consumption),2017,14.3,Latin America & Caribbean ,Lower middle income,-66.1936,-13.9908
719,BO,Bolivia,Renewable energy consumption (% of total final energy consumption),2016,13.6,Latin America & Caribbean ,Lower middle income,-66.1936,-13.9908
720,BA,Bosnia and Herzegovina,Renewable energy consumption (% of total final energy consumption),2025,,Europe & Central Asia,Upper middle income,18.4214,43.8607
721,BA,Bosnia and Herzegovina,Renewable energy consumption (% of total final energy consumption),2024,,Europe & Central Asia,Upper middle income,18.4214,43.8607
722,BA,Bosnia and Herzegovina,Renewable energy consumption (% of total final energy consumption),2023,,Europe & Central Asia,Upper middle income,18.4214,43.8607
723,BA,Bosnia and Herzegovina,Renewable energy consumption (% of total final energy consumption),2022,,Europe & Central Asia,Upper middle income,18.4214,43.8607
724,BA,Bosnia and Herzegovina,Renewable energy consumption (% of total final energy consumption),2021,36.6,Europe & Central Asia,Upper middle income,18.4214,43.8607
725,BA,Bosnia and Herzegovina,Renewable energy consumption (% of total final energy consumption),2020,37.7,Europe & Central Asia,Upper middle income,18.4214,43.8607
726,BA,Bosnia and Herzegovina,Renewable energy consumption (% of total final energy consumption),2019,36.8,Europe & Central Asia,Upper middle income,18.4214,43.8607
727,BA,Bosnia and Herzegovina,Renewable energy consumption (% of total final energy consumption),2018,35.4,Europe & Central Asia,Upper middle income,18.4214,43.8607
728,BA,Bosnia and Herzegovina,Renewable energy consumption (% of total final energy consumption),2017,18.5,Europe & Central Asia,Upper middle income,18.4214,43.8607
729,BA,Bosnia and Herzegovina,Renewable energy consumption (% of total final energy consumption),2016,23.0,Europe & Central Asia,Upper middle income,18.4214,43.8607
730,BW,Botswana,Renewable energy consumption (% of total final energy consumption),2025,,Sub-Saharan Africa ,Upper middle income,25.9201,-24.6544
731,BW,Botswana,Renewable energy consumption (% of total final energy consumption),2024,,Sub-Saharan Africa ,Upper middle income,25.9201,-24.6544
732,BW,Botswana,Renewable energy consumption (% of total final energy consumption),2023,,Sub-Saharan Africa ,Upper middle income,25.9201,-24.6544
733,BW,Botswana,Renewable energy consumption (% of total final energy consumption),2022,,Sub-Saharan Africa ,Upper middle income,25.9201,-24.6544
734,BW,Botswana,Renewable energy consumption (% of total final energy consumption),2021,27.4,Sub-Saharan Africa ,Upper middle income,25.9201,-24.6544
735,BW,Botswana,Renewable energy consumption (% of total final energy consumption),2020,27.7,Sub-Saharan Africa ,Upper middle income,25.9201,-24.6544
736,BW,Botswana,Renewable energy consumption (% of total final energy consumption),2019,26.2,Sub-Saharan Africa ,Upper middle income,25.9201,-24.6544
737,BW,Botswana,Renewable energy consumption (% of total final energy consumption),2018,25.6,Sub-Saharan Africa ,Upper middle income,25.9201,-24.6544
738,BW,Botswana,Renewable energy consumption (% of total final energy consumption),2017,26.7,Sub-Saharan Africa ,Upper middle income,25.9201,-24.6544
739,BW,Botswana,Renewable energy consumption (% of total final energy consumption),2016,26.7,Sub-Saharan Africa ,Upper middle income,25.9201,-24.6544
740,BR,Brazil,Renewable energy consumption (% of total final energy consumption),2025,,Latin America & Caribbean ,Upper middle income,-47.9292,-15.7801
741,BR,Brazil,Renewable energy consumption (% of total final energy consumption),2024,,Latin America & Caribbean ,Upper middle income,-47.9292,-15.7801
742,BR,Brazil,Renewable energy consumption (% of total final energy consumption),2023,,Latin America & Caribbean ,Upper middle income,-47.9292,-15.7801
743,BR,Brazil,Renewable energy consumption (% of total final energy consumption),2022,,Latin America & Caribbean ,Upper middle income,-47.9292,-15.7801
744,BR,Brazil,Renewable energy consumption (% of total final energy consumption),2021,46.5,Latin America & Caribbean ,Upper middle income,-47.9292,-15.7801
745,BR,Brazil,Renewable energy consumption (% of total final energy consumption),2020,50.0,Latin America & Caribbean ,Upper middle income,-47.9292,-15.7801
746,BR,Brazil,Renewable energy consumption (% of total final energy consumption),2019,47.5,Latin America & Caribbean ,Upper middle income,-47.9292,-15.7801
747,BR,Brazil,Renewable energy consumption (% of total final energy consumption),2018,46.9,Latin America & Caribbean ,Upper middle income,-47.9292,-15.7801
748,BR,Brazil,Renewable energy consumption (% of total final energy consumption),2017,45.3,Latin America & Caribbean ,Upper middle income,-47.9292,-15.7801
749,BR,Brazil,Renewable energy consumption (% of total final energy consumption),2016,45.4,Latin America & Caribbean ,Upper middle income,-47.9292,-15.7801
750,VG,British Virgin Islands,Renewable energy consumption (% of total final energy consumption),2025,,Latin America & Caribbean ,High income,-64.623056,18.431389
751,VG,British Virgin Islands,Renewable energy consumption (% of total final energy consumption),2024,,Latin America & Caribbean ,High income,-64.623056,18.431389
752,VG,British Virgin Islands,Renewable energy consumption (% of total final energy consumption),2023,,Latin America & Caribbean ,High income,-64.623056,18.431389
753,VG,British Virgin Islands,Renewable energy consumption (% of total final energy consumption),2022,1.3,Latin America & Caribbean ,High income,-64.623056,18.431389
754,VG,British Virgin Islands,Renewable energy consumption (% of total final energy consumption),2021,1.3,Latin America & Caribbean ,High income,-64.623056,18.431389
755,VG,British Virgin Islands,Renewable energy consumption (% of total final energy consumption),2020,1.3,Latin America & Caribbean ,High income,-64.623056,18.431389
756,VG,British Virgin Islands,Renewable energy consumption (% of total final energy consumption),2019,1.2,Latin America & Caribbean ,High income,-64.623056,18.431389
757,VG,British Virgin Islands,Renewable energy consumption (% of total final energy consumption),2018,1.2,Latin America & Caribbean ,High income,-64.623056,18.431389
758,VG,British Virgin Islands,Renewable energy consumption (% of total final energy consumption),2017,1.1,Latin America & Caribbean ,High income,-64.623056,18.431389
759,VG,British Virgin Islands,Renewable energy consumption (% of total final energy consumption),2016,1.0,Latin America & Caribbean ,High income,-64.623056,18.431389
760,BN,Brunei Darussalam,Renewable energy consumption (% of total final energy consumption),2025,,East Asia & Pacific,High income,114.946,4.94199
761,BN,Brunei Darussalam,Renewable energy consumption (% of total final energy consumption),2024,,East Asia & Pacific,High income,114.946,4.94199
762,BN,Brunei Darussalam,Renewable energy consumption (% of total final energy consumption),2023,,East Asia & Pacific,High income,114.946,4.94199
763,BN,Brunei Darussalam,Renewable energy consumption (% of total final energy consumption),2022,,East Asia & Pacific,High income,114.946,4.94199
764,BN,Brunei Darussalam,Renewable energy consumption (% of total final energy consumption),2021,0.0,East Asia & Pacific,High income,114.946,4.94199
765,BN,Brunei Darussalam,Renewable energy consumption (% of total final energy consumption),2020,0.0,East Asia & Pacific,High income,114.946,4.94199
766,BN,Brunei Darussalam,Renewable energy consumption (% of total final energy consumption),2019,0.0,East Asia & Pacific,High income,114.946,4.94199
767,BN,Brunei Darussalam,Renewable energy consumption (% of total final energy consumption),2018,0.0,East Asia & Pacific,High income,114.946,4.94199
768,BN,Brunei Darussalam,Renewable energy consumption (% of total final energy consumption),2017,0.0,East Asia & Pacific,High income,114.946,4.94199
769,BN,Brunei Darussalam,Renewable energy consumption (% of total final energy consumption),2016,0.0,East Asia & Pacific,High income,114.946,4.94199
770,BG,Bulgaria,Renewable energy consumption (% of total final energy consumption),2025,,Europe & Central Asia,High income,23.3238,42.7105
771,BG,Bulgaria,Renewable energy consumption (% of total final energy consumption),2024,,Europe & Central Asia,High income,23.3238,42.7105
772,BG,Bulgaria,Renewable energy consumption (% of total final energy consumption),2023,,Europe & Central Asia,High income,23.3238,42.7105
773,BG,Bulgaria,Renewable energy consumption (% of total final energy consumption),2022,,Europe & Central Asia,High income,23.3238,42.7105
774,BG,Bulgaria,Renewable energy consumption (% of total final energy consumption),2021,20.4,Europe & Central Asia,High income,23.3238,42.7105
775,BG,Bulgaria,Renewable energy consumption (% of total final energy consumption),2020,21.1,Europe & Central Asia,High income,23.3238,42.7105
776,BG,Bulgaria,Renewable energy consumption (% of total final energy consumption),2019,19.3,Europe & Central Asia,High income,23.3238,42.7105
777,BG,Bulgaria,Renewable energy consumption (% of total final energy consumption),2018,19.6,Europe & Central Asia,High income,23.3238,42.7105
778,BG,Bulgaria,Renewable energy consumption (% of total final energy consumption),2017,17.1,Europe & Central Asia,High income,23.3238,42.7105
779,BG,Bulgaria,Renewable energy consumption (% of total final energy consumption),2016,17.7,Europe & Central Asia,High income,23.3238,42.7105
780,BF,Burkina Faso,Renewable energy consumption (% of total final energy consumption),2025,,Sub-Saharan Africa ,Low income,-1.53395,12.3605
781,BF,Burkina Faso,Renewable energy consumption (% of total final energy consumption),2024,,Sub-Saharan Africa ,Low income,-1.53395,12.3605
782,BF,Burkina Faso,Renewable energy consumption (% of total final energy consumption),2023,,Sub-Saharan Africa ,Low income,-1.53395,12.3605
783,BF,Burkina Faso,Renewable energy consumption (% of total final energy consumption),2022,71.4,Sub-Saharan Africa ,Low income,-1.53395,12.3605
784,BF,Burkina Faso,Renewable energy consumption (% of total final energy consumption),2021,71.2,Sub-Saharan Africa ,Low income,-1.53395,12.3605
785,BF,Burkina Faso,Renewable energy consumption (% of total final energy consumption),2020,73.1,Sub-Saharan Africa ,Low income,-1.53395,12.3605
786,BF,Burkina Faso,Renewable energy consumption (% of total final energy consumption),2019,72.7,Sub-Saharan Africa ,Low income,-1.53395,12.3605
787,BF,Burkina Faso,Renewable energy consumption (% of total final energy consumption),2018,73.7,Sub-Saharan Africa ,Low income,-1.53395,12.3605
788,BF,Burkina Faso,Renewable energy consumption (% of total final energy consumption),2017,74.6,Sub-Saharan Africa ,Low income,-1.53395,12.3605
789,BF,Burkina Faso,Renewable energy consumption (% of total final energy consumption),2016,77.1,Sub-Saharan Africa ,Low income,-1.53395,12.3605
790,BI,Burundi,Renewable energy consumption (% of total final energy consumption),2025,,Sub-Saharan Africa ,Low income,29.3639,-3.3784
791,BI,Burundi,Renewable energy consumption (% of total final energy consumption),2024,,Sub-Saharan Africa ,Low income,29.3639,-3.3784
792,BI,Burundi,Renewable energy consumption (% of total final energy consumption),2023,,Sub-Saharan Africa ,Low income,29.3639,-3.3784
793,BI,Burundi,Renewable energy consumption (% of total final energy consumption),2022,83.0,Sub-Saharan Africa ,Low income,29.3639,-3.3784
794,BI,Burundi,Renewable energy consumption (% of total final energy consumption),2021,83.1,Sub-Saharan Africa ,Low income,29.3639,-3.3784
795,BI,Burundi,Renewable energy consumption (% of total final energy consumption),2020,83.4,Sub-Saharan Africa ,Low income,29.3639,-3.3784
796,BI,Burundi,Renewable energy consumption (% of total final energy consumption),2019,84.8,Sub-Saharan Africa ,Low income,29.3639,-3.3784
797,BI,Burundi,Renewable energy consumption (% of total final energy consumption),2018,85.7,Sub-Saharan Africa ,Low income,29.3639,-3.3784
798,BI,Burundi,Renewable energy consumption (% of total final energy consumption),2017,88.2,Sub-Saharan Africa ,Low income,29.3639,-3.3784
799,BI,Burundi,Renewable energy consumption (% of total final energy consumption),2016,89.6,Sub-Saharan Africa ,Low income,29.3639,-3.3784
800,CV,Cabo Verde,Renewable energy consumption (% of total final energy consumption),2025,,Sub-Saharan Africa ,Upper middle income,-23.5087,14.9218
801,CV,Cabo Verde,Renewable energy consumption (% of total final energy consumption),2024,,Sub-Saharan Africa ,Upper middle income,-23.5087,14.9218
802,CV,Cabo Verde,Renewable energy consumption (% of total final energy consumption),2023,,Sub-Saharan Africa ,Upper middle income,-23.5087,14.9218
803,CV,Cabo Verde,Renewable energy consumption (% of total final energy consumption),2022,21.8,Sub-Saharan Africa ,Upper middle income,-23.5087,14.9218
804,CV,Cabo Verde,Renewable energy consumption (% of total final energy consumption),2021,22.6,Sub-Saharan Africa ,Upper middle income,-23.5087,14.9218
805,CV,Cabo Verde,Renewable energy consumption (% of total final energy consumption),2020,23.4,Sub-Saharan Africa ,Upper middle income,-23.5087,14.9218
806,CV,Cabo Verde,Renewable energy consumption (% of total final energy consumption),2019,19.7,Sub-Saharan Africa ,Upper middle income,-23.5087,14.9218
807,CV,Cabo Verde,Renewable energy consumption (% of total final energy consumption),2018,21.9,Sub-Saharan Africa ,Upper middle income,-23.5087,14.9218
808,CV,Cabo Verde,Renewable energy consumption (% of total final energy consumption),2017,21.8,Sub-Saharan Africa ,Upper middle income,-23.5087,14.9218
809,CV,Cabo Verde,Renewable energy consumption (% of total final energy consumption),2016,23.9,Sub-Saharan Africa ,Upper middle income,-23.5087,14.9218
810,KH,Cambodia,Renewable energy consumption (% of total final energy consumption),2025,,East Asia & Pacific,Lower middle income,104.874,11.5556
811,KH,Cambodia,Renewable energy consumption (% of total final energy consumption),2024,,East Asia & Pacific,Lower middle income,104.874,11.5556
812,KH,Cambodia,Renewable energy consumption (% of total final energy consumption),2023,,East Asia & Pacific,Lower middle income,104.874,11.5556
813,KH,Cambodia,Renewable energy consumption (% of total final energy consumption),2022,,East Asia & Pacific,Lower middle income,104.874,11.5556
814,KH,Cambodia,Renewable energy consumption (% of total final energy consumption),2021,52.4,East Asia & Pacific,Lower middle income,104.874,11.5556
815,KH,Cambodia,Renewable energy consumption (% of total final energy consumption),2020,51.4,East Asia & Pacific,Lower middle income,104.874,11.5556
816,KH,Cambodia,Renewable energy consumption (% of total final energy consumption),2019,53.0,East Asia & Pacific,Lower middle income,104.874,11.5556
817,KH,Cambodia,Renewable energy consumption (% of total final energy consumption),2018,58.1,East Asia & Pacific,Lower middle income,104.874,11.5556
818,KH,Cambodia,Renewable energy consumption (% of total final energy consumption),2017,56.3,East Asia & Pacific,Lower middle income,104.874,11.5556
819,KH,Cambodia,Renewable energy consumption (% of total final energy consumption),2016,58.0,East Asia & Pacific,Lower middle income,104.874,11.5556
820,CM,Cameroon,Renewable energy consumption (% of total final energy consumption),2025,,Sub-Saharan Africa ,Lower middle income,11.5174,3.8721
821,CM,Cameroon,Renewable energy consumption (% of total final energy consumption),2024,,Sub-Saharan Africa ,Lower middle income,11.5174,3.8721
822,CM,Cameroon,Renewable energy consumption (% of total final energy consumption),2023,,Sub-Saharan Africa ,Lower middle income,11.5174,3.8721
823,CM,Cameroon,Renewable energy consumption (% of total final energy consumption),2022,,Sub-Saharan Africa ,Lower middle income,11.5174,3.8721
824,CM,Cameroon,Renewable energy consumption (% of total final energy consumption),2021,79.2,Sub-Saharan Africa ,Lower middle income,11.5174,3.8721
825,CM,Cameroon,Renewable energy consumption (% of total final energy consumption),2020,78.9,Sub-Saharan Africa ,Lower middle income,11.5174,3.8721
826,CM,Cameroon,Renewable energy consumption (% of total final energy consumption),2019,78.9,Sub-Saharan Africa ,Lower middle income,11.5174,3.8721
827,CM,Cameroon,Renewable energy consumption (% of total final energy consumption),2018,78.7,Sub-Saharan Africa ,Lower middle income,11.5174,3.8721
828,CM,Cameroon,Renewable energy consumption (% of total final energy consumption),2017,79.2,Sub-Saharan Africa ,Lower middle income,11.5174,3.8721
829,CM,Cameroon,Renewable energy consumption (% of total final energy consumption),2016,78.8,Sub-Saharan Africa ,Lower middle income,11.5174,3.8721
830,CA,Canada,Renewable energy consumption (% of total final energy consumption),2025,,North America,High income,-75.6919,45.4215
831,CA,Canada,Renewable energy consumption (% of total final energy consumption),2024,,North America,High income,-75.6919,45.4215
832,CA,Canada,Renewable energy consumption (% of total final energy consumption),2023,,North America,High income,-75.6919,45.4215
833,CA,Canada,Renewable energy consumption (% of total final energy consumption),2022,,North America,High income,-75.6919,45.4215
834,CA,Canada,Renewable energy consumption (% of total final energy consumption),2021,23.8,North America,High income,-75.6919,45.4215
835,CA,Canada,Renewable energy consumption (% of total final energy consumption),2020,23.9,North America,High income,-75.6919,45.4215
836,CA,Canada,Renewable energy consumption (% of total final energy consumption),2019,22.4,North America,High income,-75.6919,45.4215
837,CA,Canada,Renewable energy consumption (% of total final energy consumption),2018,22.3,North America,High income,-75.6919,45.4215
838,CA,Canada,Renewable energy consumption (% of total final energy consumption),2017,22.8,North America,High income,-75.6919,45.4215
839,CA,Canada,Renewable energy consumption (% of total final energy consumption),2016,22.1,North America,High income,-75.6919,45.4215
840,KY,Cayman Islands,Renewable energy consumption (% of total final energy consumption),2025,,Latin America & Caribbean ,High income,-81.3857,19.3022
841,KY,Cayman Islands,Renewable energy consumption (% of total final energy consumption),2024,,Latin America & Caribbean ,High income,-81.3857,19.3022
842,KY,Cayman Islands,Renewable energy consumption (% of total final energy consumption),2023,,Latin America & Caribbean ,High income,-81.3857,19.3022
843,KY,Cayman Islands,Renewable energy consumption (% of total final energy consumption),2022,0.0,Latin America & Caribbean ,High income,-81.3857,19.3022
844,KY,Cayman Islands,Renewable energy consumption (% of total final energy consumption),2021,0.0,Latin America & Caribbean ,High income,-81.3857,19.3022
845,KY,Cayman Islands,Renewable energy consumption (% of total final energy consumption),2020,0.0,Latin America & Caribbean ,High income,-81.3857,19.3022
846,KY,Cayman Islands,Renewable energy consumption (% of total final energy consumption),2019,0.0,Latin America & Caribbean ,High income,-81.3857,19.3022
847,KY,Cayman Islands,Renewable energy consumption (% of total final energy consumption),2018,0.0,Latin America & Caribbean ,High income,-81.3857,19.3022
848,KY,Cayman Islands,Renewable energy consumption (% of total final energy consumption),2017,0.0,Latin America & Caribbean ,High income,-81.3857,19.3022
849,KY,Cayman Islands,Renewable energy consumption (% of total final energy consumption),2016,0.0,Latin America & Caribbean ,High income,-81.3857,19.3022
850,CF,Central African Republic,Renewable energy consumption (% of total final energy consumption),2025,,Sub-Saharan Africa ,Low income,21.6407,5.63056
851,CF,Central African Republic,Renewable energy consumption (% of total final energy consumption),2024,,Sub-Saharan Africa ,Low income,21.6407,5.63056
852,CF,Central African Republic,Renewable energy consumption (% of total final energy consumption),2023,,Sub-Saharan Africa ,Low income,21.6407,5.63056
853,CF,Central African Republic,Renewable energy consumption (% of total final energy consumption),2022,90.9,Sub-Saharan Africa ,Low income,21.6407,5.63056
854,CF,Central African Republic,Renewable energy consumption (% of total final energy consumption),2021,90.9,Sub-Saharan Africa ,Low income,21.6407,5.63056
855,CF,Central African Republic,Renewable energy consumption (% of total final energy consumption),2020,90.9,Sub-Saharan Africa ,Low income,21.6407,5.63056
856,CF,Central African Republic,Renewable energy consumption (% of total final energy consumption),2019,91.3,Sub-Saharan Africa ,Low income,21.6407,5.63056
857,CF,Central African Republic,Renewable energy consumption (% of total final energy consumption),2018,91.4,Sub-Saharan Africa ,Low income,21.6407,5.63056
858,CF,Central African Republic,Renewable energy consumption (% of total final energy consumption),2017,91.6,Sub-Saharan Africa ,Low income,21.6407,5.63056
859,CF,Central African Republic,Renewable energy consumption (% of total final energy consumption),2016,92.1,Sub-Saharan Africa ,Low income,21.6407,5.63056
860,TD,Chad,Renewable energy consumption (% of total final energy consumption),2025,,Sub-Saharan Africa ,Low income,15.0445,12.1048
861,TD,Chad,Renewable energy consumption (% of total final energy consumption),2024,,Sub-Saharan Africa ,Low income,15.0445,12.1048
862,TD,Chad,Renewable energy consumption (% of total final energy consumption),2023,,Sub-Saharan Africa ,Low income,15.0445,12.1048
863,TD,Chad,Renewable energy consumption (% of total final energy consumption),2022,70.0,Sub-Saharan Africa ,Low income,15.0445,12.1048
864,TD,Chad,Renewable energy consumption (% of total final energy consumption),2021,69.9,Sub-Saharan Africa ,Low income,15.0445,12.1048
865,TD,Chad,Renewable energy consumption (% of total final energy consumption),2020,71.9,Sub-Saharan Africa ,Low income,15.0445,12.1048
866,TD,Chad,Renewable energy consumption (% of total final energy consumption),2019,72.8,Sub-Saharan Africa ,Low income,15.0445,12.1048
867,TD,Chad,Renewable energy consumption (% of total final energy consumption),2018,73.1,Sub-Saharan Africa ,Low income,15.0445,12.1048
868,TD,Chad,Renewable energy consumption (% of total final energy consumption),2017,72.8,Sub-Saharan Africa ,Low income,15.0445,12.1048
869,TD,Chad,Renewable energy consumption (% of total final energy consumption),2016,72.7,Sub-Saharan Africa ,Low income,15.0445,12.1048
870,JG,Channel Islands,Renewable energy consumption (% of total final energy consumption),2025,,Europe & Central Asia,High income,,
871,JG,Channel Islands,Renewable energy consumption (% of total final energy consumption),2024,,Europe & Central Asia,High income,,
872,JG,Channel Islands,Renewable energy consumption (% of total final energy consumption),2023,,Europe & Central Asia,High income,,
873,JG,Channel Islands,Renewable energy consumption (% of total final energy consumption),2022,,Europe & Central Asia,High income,,
874,JG,Channel Islands,Renewable energy consumption (% of total final energy consumption),2021,,Europe & Central Asia,High income,,
875,JG,Channel Islands,Renewable energy consumption (% of total final energy consumption),2020,,Europe & Central Asia,High income,,
876,JG,Channel Islands,Renewable energy consumption (% of total final energy consumption),2019,,Europe & Central Asia,High income,,
877,JG,Channel Islands,Renewable energy consumption (% of total final energy consumption),2018,,Europe & Central Asia,High income,,
878,JG,Channel Islands,Renewable energy consumption (% of total final energy consumption),2017,,Europe & Central Asia,High income,,
879,JG,Channel Islands,Renewable energy consumption (% of total final energy consumption),2016,,Europe & Central Asia,High income,,
880,CL,Chile,Renewable energy consumption (% of total final energy consumption),2025,,Latin America & Caribbean ,High income,-70.6475,-33.475
881,CL,Chile,Renewable energy consumption (% of total final energy consumption),2024,,Latin America & Caribbean ,High income,-70.6475,-33.475
882,CL,Chile,Renewable energy consumption (% of total final energy consumption),2023,,Latin America & Caribbean ,High income,-70.6475,-33.475
883,CL,Chile,Renewable energy consumption (% of total final energy consumption),2022,,Latin America & Caribbean ,High income,-70.6475,-33.475
884,CL,Chile,Renewable energy consumption (% of total final energy consumption),2021,24.2,Latin America & Caribbean ,High income,-70.6475,-33.475
885,CL,Chile,Renewable energy consumption (% of total final energy consumption),2020,26.7,Latin America & Caribbean ,High income,-70.6475,-33.475
886,CL,Chile,Renewable energy consumption (% of total final energy consumption),2019,25.3,Latin America & Caribbean ,High income,-70.6475,-33.475
887,CL,Chile,Renewable energy consumption (% of total final energy consumption),2018,25.5,Latin America & Caribbean ,High income,-70.6475,-33.475
888,CL,Chile,Renewable energy consumption (% of total final energy consumption),2017,24.1,Latin America & Caribbean ,High income,-70.6475,-33.475
889,CL,Chile,Renewable energy consumption (% of total final energy consumption),2016,24.6,Latin America & Caribbean ,High income,-70.6475,-33.475
890,CN,China,Renewable energy consumption (% of total final energy consumption),2025,,East Asia & Pacific,Upper middle income,116.286,40.0495
891,CN,China,Renewable energy consumption (% of total final energy consumption),2024,,East Asia & Pacific,Upper middle income,116.286,40.0495
892,CN,China,Renewable energy consumption (% of total final energy consumption),2023,,East Asia & Pacific,Upper middle income,116.286,40.0495
893,CN,China,Renewable energy consumption (% of total final energy consumption),2022,,East Asia & Pacific,Upper middle income,116.286,40.0495
894,CN,China,Renewable energy consumption (% of total final energy consumption),2021,15.2,East Asia & Pacific,Upper middle income,116.286,40.0495
895,CN,China,Renewable energy consumption (% of total final energy consumption),2020,14.9,East Asia & Pacific,Upper middle income,116.286,40.0495
896,CN,China,Renewable energy consumption (% of total final energy consumption),2019,14.3,East Asia & Pacific,Upper middle income,116.286,40.0495
897,CN,China,Renewable energy consumption (% of total final energy consumption),2018,13.5,East Asia & Pacific,Upper middle income,116.286,40.0495
898,CN,China,Renewable energy consumption (% of total final energy consumption),2017,13.1,East Asia & Pacific,Upper middle income,116.286,40.0495
899,CN,China,Renewable energy consumption (% of total final energy consumption),2016,12.6,East Asia & Pacific,Upper middle income,116.286,40.0495
900,CO,Colombia,Renewable energy consumption (% of total final energy consumption),2025,,Latin America & Caribbean ,Upper middle income,-74.082,4.60987
901,CO,Colombia,Renewable energy consumption (% of total final energy consumption),2024,,Latin America & Caribbean ,Upper middle income,-74.082,4.60987
902,CO,Colombia,Renewable energy consumption (% of total final energy consumption),2023,,Latin America & Caribbean ,Upper middle income,-74.082,4.60987
903,CO,Colombia,Renewable energy consumption (% of total final energy consumption),2022,,Latin America & Caribbean ,Upper middle income,-74.082,4.60987
904,CO,Colombia,Renewable energy consumption (% of total final energy consumption),2021,29.7,Latin America & Caribbean ,Upper middle income,-74.082,4.60987
905,CO,Colombia,Renewable energy consumption (% of total final energy consumption),2020,32.0,Latin America & Caribbean ,Upper middle income,-74.082,4.60987
906,CO,Colombia,Renewable energy consumption (% of total final energy consumption),2019,31.5,Latin America & Caribbean ,Upper middle income,-74.082,4.60987
907,CO,Colombia,Renewable energy consumption (% of total final energy consumption),2018,30.4,Latin America & Caribbean ,Upper middle income,-74.082,4.60987
908,CO,Colombia,Renewable energy consumption (% of total final energy consumption),2017,32.2,Latin America & Caribbean ,Upper middle income,-74.082,4.60987
909,CO,Colombia,Renewable energy consumption (% of total final energy consumption),2016,30.5,Latin America & Caribbean ,Upper middle income,-74.082,4.60987
910,KM,Comoros,Renewable energy consumption (% of total final energy consumption),2025,,Sub-Saharan Africa ,Lower middle income,43.2418,-11.6986
911,KM,Comoros,Renewable energy consumption (% of total final energy consumption),2024,,Sub-Saharan Africa ,Lower middle income,43.2418,-11.6986
912,KM,Comoros,Renewable energy consumption (% of total final energy consumption),2023,,Sub-Saharan Africa ,Lower middle income,43.2418,-11.6986
913,KM,Comoros,Renewable energy consumption (% of total final energy consumption),2022,39.3,Sub-Saharan Africa ,Lower middle income,43.2418,-11.6986
914,KM,Comoros,Renewable energy consumption (% of total final energy consumption),2021,41.2,Sub-Saharan Africa ,Lower middle income,43.2418,-11.6986
915,KM,Comoros,Renewable energy consumption (% of total final energy consumption),2020,50.8,Sub-Saharan Africa ,Lower middle income,43.2418,-11.6986
916,KM,Comoros,Renewable energy consumption (% of total final energy consumption),2019,55.3,Sub-Saharan Africa ,Lower middle income,43.2418,-11.6986
917,KM,Comoros,Renewable energy consumption (% of total final energy consumption),2018,57.7,Sub-Saharan Africa ,Lower middle income,43.2418,-11.6986
918,KM,Comoros,Renewable energy consumption (% of total final energy consumption),2017,59.5,Sub-Saharan Africa ,Lower middle income,43.2418,-11.6986
919,KM,Comoros,Renewable energy consumption (% of total final energy consumption),2016,64.0,Sub-Saharan Africa ,Lower middle income,43.2418,-11.6986
920,CD,"Congo, Dem. Rep.",Renewable energy consumption (% of total final energy consumption),2025,,Sub-Saharan Africa ,Low income,15.3222,-4.325
921,CD,"Congo, Dem. Rep.",Renewable energy consumption (% of total final energy consumption),2024,,Sub-Saharan Africa ,Low income,15.3222,-4.325
922,CD,"Congo, Dem. Rep.",Renewable energy consumption (% of total final energy consumption),2023,,Sub-Saharan Africa ,Low income,15.3222,-4.325
923,CD,"Congo, Dem. Rep.",Renewable energy consumption (% of total final energy consumption),2022,,Sub-Saharan Africa ,Low income,15.3222,-4.325
924,CD,"Congo, Dem. Rep.",Renewable energy consumption (% of total final energy consumption),2021,96.3,Sub-Saharan Africa ,Low income,15.3222,-4.325
925,CD,"Congo, Dem. Rep.",Renewable energy consumption (% of total final energy consumption),2020,96.2,Sub-Saharan Africa ,Low income,15.3222,-4.325
926,CD,"Congo, Dem. Rep.",Renewable energy consumption (% of total final energy consumption),2019,96.3,Sub-Saharan Africa ,Low income,15.3222,-4.325
927,CD,"Congo, Dem. Rep.",Renewable energy consumption (% of total final energy consumption),2018,96.4,Sub-Saharan Africa ,Low income,15.3222,-4.325
928,CD,"Congo, Dem. Rep.",Renewable energy consumption (% of total final energy consumption),2017,96.7,Sub-Saharan Africa ,Low income,15.3222,-4.325
929,CD,"Congo, Dem. Rep.",Renewable energy consumption (% of total final energy consumption),2016,97.0,Sub-Saharan Africa ,Low income,15.3222,-4.325
930,CG,"Congo, Rep.",Renewable energy consumption (% of total final energy consumption),2025,,Sub-Saharan Africa ,Lower middle income,15.2662,-4.2767
931,CG,"Congo, Rep.",Renewable energy consumption (% of total final energy consumption),2024,,Sub-Saharan Africa ,Lower middle income,15.2662,-4.2767
932,CG,"Congo, Rep.",Renewable energy consumption (% of total final energy consumption),2023,,Sub-Saharan Africa ,Lower middle income,15.2662,-4.2767
933,CG,"Congo, Rep.",Renewable energy consumption (% of total final energy consumption),2022,,Sub-Saharan Africa ,Lower middle income,15.2662,-4.2767
934,CG,"Congo, Rep.",Renewable energy consumption (% of total final energy consumption),2021,71.4,Sub-Saharan Africa ,Lower middle income,15.2662,-4.2767
935,CG,"Congo, Rep.",Renewable energy consumption (% of total final energy consumption),2020,71.4,Sub-Saharan Africa ,Lower middle income,15.2662,-4.2767
936,CG,"Congo, Rep.",Renewable energy consumption (% of total final energy consumption),2019,69.8,Sub-Saharan Africa ,Lower middle income,15.2662,-4.2767
937,CG,"Congo, Rep.",Renewable energy consumption (% of total final energy consumption),2018,70.6,Sub-Saharan Africa ,Lower middle income,15.2662,-4.2767
938,CG,"Congo, Rep.",Renewable energy consumption (% of total final energy consumption),2017,69.8,Sub-Saharan Africa ,Lower middle income,15.2662,-4.2767
939,CG,"Congo, Rep.",Renewable energy consumption (% of total final energy consumption),2016,67.7,Sub-Saharan Africa ,Lower middle income,15.2662,-4.2767
940,CR,Costa Rica,Renewable energy consumption (% of total final energy consumption),2025,,Latin America & Caribbean ,High income,-84.0089,9.63701
941,CR,Costa Rica,Renewable energy consumption (% of total final energy consumption),2024,,Latin America & Caribbean ,High income,-84.0089,9.63701
942,CR,Costa Rica,Renewable energy consumption (% of total final energy consumption),2023,,Latin America & Caribbean ,High income,-84.0089,9.63701
943,CR,Costa Rica,Renewable energy consumption (% of total final energy consumption),2022,,Latin America & Caribbean ,High income,-84.0089,9.63701
944,CR,Costa Rica,Renewable energy consumption (% of total final energy consumption),2021,34.2,Latin America & Caribbean ,High income,-84.0089,9.63701
945,CR,Costa Rica,Renewable energy consumption (% of total final energy consumption),2020,36.4,Latin America & Caribbean ,High income,-84.0089,9.63701
946,CR,Costa Rica,Renewable energy consumption (% of total final energy consumption),2019,33.4,Latin America & Caribbean ,High income,-84.0089,9.63701
947,CR,Costa Rica,Renewable energy consumption (% of total final energy consumption),2018,33.1,Latin America & Caribbean ,High income,-84.0089,9.63701
948,CR,Costa Rica,Renewable energy consumption (% of total final energy consumption),2017,33.3,Latin America & Caribbean ,High income,-84.0089,9.63701
949,CR,Costa Rica,Renewable energy consumption (% of total final energy consumption),2016,34.1,Latin America & Caribbean ,High income,-84.0089,9.63701
950,CI,Cote d'Ivoire,Renewable energy consumption (% of total final energy consumption),2025,,Sub-Saharan Africa ,Lower middle income,-4.0305,5.332
951,CI,Cote d'Ivoire,Renewable energy consumption (% of total final energy consumption),2024,,Sub-Saharan Africa ,Lower middle income,-4.0305,5.332
952,CI,Cote d'Ivoire,Renewable energy consumption (% of total final energy consumption),2023,,Sub-Saharan Africa ,Lower middle income,-4.0305,5.332
953,CI,Cote d'Ivoire,Renewable energy consumption (% of total final energy consumption),2022,,Sub-Saharan Africa ,Lower middle income,-4.0305,5.332
954,CI,Cote d'Ivoire,Renewable energy consumption (% of total final energy consumption),2021,58.2,Sub-Saharan Africa ,Lower middle income,-4.0305,5.332
955,CI,Cote d'Ivoire,Renewable energy consumption (% of total final energy consumption),2020,61.8,Sub-Saharan Africa ,Lower middle income,-4.0305,5.332
956,CI,Cote d'Ivoire,Renewable energy consumption (% of total final energy consumption),2019,61.1,Sub-Saharan Africa ,Lower middle income,-4.0305,5.332
957,CI,Cote d'Ivoire,Renewable energy consumption (% of total final energy consumption),2018,60.5,Sub-Saharan Africa ,Lower middle income,-4.0305,5.332
958,CI,Cote d'Ivoire,Renewable energy consumption (% of total final energy consumption),2017,62.5,Sub-Saharan Africa ,Lower middle income,-4.0305,5.332
959,CI,Cote d'Ivoire,Renewable energy consumption (% of total final energy consumption),2016,64.0,Sub-Saharan Africa ,Lower middle income,-4.0305,5.332
960,HR,Croatia,Renewable energy consumption (% of total final energy consumption),2025,,Europe & Central Asia,High income,15.9614,45.8069
961,HR,Croatia,Renewable energy consumption (% of total final energy consumption),2024,,Europe & Central Asia,High income,15.9614,45.8069
962,HR,Croatia,Renewable energy consumption (% of total final energy consumption),2023,,Europe & Central Asia,High income,15.9614,45.8069
963,HR,Croatia,Renewable energy consumption (% of total final energy consumption),2022,,Europe & Central Asia,High income,15.9614,45.8069
964,HR,Croatia,Renewable energy consumption (% of total final energy consumption),2021,34.1,Europe & Central Asia,High income,15.9614,45.8069
965,HR,Croatia,Renewable energy consumption (% of total final energy consumption),2020,32.4,Europe & Central Asia,High income,15.9614,45.8069
966,HR,Croatia,Renewable energy consumption (% of total final energy consumption),2019,31.6,Europe & Central Asia,High income,15.9614,45.8069
967,HR,Croatia,Renewable energy consumption (% of total final energy consumption),2018,32.8,Europe & Central Asia,High income,15.9614,45.8069
968,HR,Croatia,Renewable energy consumption (% of total final energy consumption),2017,29.8,Europe & Central Asia,High income,15.9614,45.8069
969,HR,Croatia,Renewable energy consumption (% of total final energy consumption),2016,31.8,Europe & Central Asia,High income,15.9614,45.8069
970,CU,Cuba,Renewable energy consumption (% of total final energy consumption),2025,,Latin America & Caribbean ,Upper middle income,-82.3667,23.1333
971,CU,Cuba,Renewable energy consumption (% of total final energy consumption),2024,,Latin America & Caribbean ,Upper middle income,-82.3667,23.1333
972,CU,Cuba,Renewable energy consumption (% of total final energy consumption),2023,,Latin America & Caribbean ,Upper middle income,-82.3667,23.1333
973,CU,Cuba,Renewable energy consumption (% of total final energy consumption),2022,,Latin America & Caribbean ,Upper middle income,-82.3667,23.1333
974,CU,Cuba,Renewable energy consumption (% of total final energy consumption),2021,20.9,Latin America & Caribbean ,Upper middle income,-82.3667,23.1333
975,CU,Cuba,Renewable energy consumption (% of total final energy consumption),2020,24.5,Latin America & Caribbean ,Upper middle income,-82.3667,23.1333
976,CU,Cuba,Renewable energy consumption (% of total final energy consumption),2019,23.1,Latin America & Caribbean ,Upper middle income,-82.3667,23.1333
977,CU,Cuba,Renewable energy consumption (% of total final energy consumption),2018,24.0,Latin America & Caribbean ,Upper middle income,-82.3667,23.1333
978,CU,Cuba,Renewable energy consumption (% of total final energy consumption),2017,22.0,Latin America & Caribbean ,Upper middle income,-82.3667,23.1333
979,CU,Cuba,Renewable energy consumption (% of total final energy consumption),2016,19.2,Latin America & Caribbean ,Upper middle income,-82.3667,23.1333
980,CW,Curacao,Renewable energy consumption (% of total final energy consumption),2025,,Latin America & Caribbean ,High income,,
981,CW,Curacao,Renewable energy consumption (% of total final energy consumption),2024,,Latin America & Caribbean ,High income,,
982,CW,Curacao,Renewable energy consumption (% of total final energy consumption),2023,,Latin America & Caribbean ,High income,,
983,CW,Curacao,Renewable energy consumption (% of total final energy consumption),2022,,Latin America & Caribbean ,High income,,
984,CW,Curacao,Renewable energy consumption (% of total final energy consumption),2021,2.8,Latin America & Caribbean ,High income,,
985,CW,Curacao,Renewable energy consumption (% of total final energy consumption),2020,2.8,Latin America & Caribbean ,High income,,
986,CW,Curacao,Renewable energy consumption (% of total final energy consumption),2019,2.5,Latin America & Caribbean ,High income,,
987,CW,Curacao,Renewable energy consumption (% of total final energy consumption),2018,2.5,Latin America & Caribbean ,High income,,
988,CW,Curacao,Renewable energy consumption (% of total final energy consumption),2017,1.9,Latin America & Caribbean ,High income,,
989,CW,Curacao,Renewable energy consumption (% of total final energy consumption),2016,1.4,Latin America & Caribbean ,High income,,
990,CY,Cyprus,Renewable energy consumption (% of total final energy consumption),2025,,Europe & Central Asia,High income,33.3736,35.1676
991,CY,Cyprus,Renewable energy consumption (% of total final energy consumption),2024,,Europe & Central Asia,High income,33.3736,35.1676
992,CY,Cyprus,Renewable energy consumption (% of total final energy consumption),2023,,Europe & Central Asia,High income,33.3736,35.1676
993,CY,Cyprus,Renewable energy consumption (% of total final energy consumption),2022,,Europe & Central Asia,High income,33.3736,35.1676
994,CY,Cyprus,Renewable energy consumption (% of total final energy consumption),2021,15.6,Europe & Central Asia,High income,33.3736,35.1676
995,CY,Cyprus,Renewable energy consumption (% of total final energy consumption),2020,15.0,Europe & Central Asia,High income,33.3736,35.1676
996,CY,Cyprus,Renewable energy consumption (% of total final energy consumption),2019,12.0,Europe & Central Asia,High income,33.3736,35.1676
997,CY,Cyprus,Renewable energy consumption (% of total final energy consumption),2018,12.0,Europe & Central Asia,High income,33.3736,35.1676
998,CY,Cyprus,Renewable energy consumption (% of total final energy consumption),2017,10.9,Europe & Central Asia,High income,33.3736,35.1676
999,CY,Cyprus,Renewable energy consumption (% of total final energy consumption),2016,10.3,Europe & Central Asia,High income,33.3736,35.1676
1000,CZ,Czechia,Renewable energy consumption (% of total final energy consumption),2025,,Europe & Central Asia,High income,14.4205,50.0878
1001,CZ,Czechia,Renewable energy consumption (% of total final energy consumption),2024,,Europe & Central Asia,High income,14.4205,50.0878
1002,CZ,Czechia,Renewable energy consumption (% of total final energy consumption),2023,,Europe & Central Asia,High income,14.4205,50.0878
1003,CZ,Czechia,Renewable energy consumption (% of total final energy consumption),2022,,Europe & Central Asia,High income,14.4205,50.0878
1004,CZ,Czechia,Renewable energy consumption (% of total final energy consumption),2021,17.2,Europe & Central Asia,High income,14.4205,50.0878
1005,CZ,Czechia,Renewable energy consumption (% of total final energy consumption),2020,17.0,Europe & Central Asia,High income,14.4205,50.0878
1006,CZ,Czechia,Renewable energy consumption (% of total final energy consumption),2019,15.9,Europe & Central Asia,High income,14.4205,50.0878
1007,CZ,Czechia,Renewable energy consumption (% of total final energy consumption),2018,14.7,Europe & Central Asia,High income,14.4205,50.0878
1008,CZ,Czechia,Renewable energy consumption (% of total final energy consumption),2017,14.5,Europe & Central Asia,High income,14.4205,50.0878
1009,CZ,Czechia,Renewable energy consumption (% of total final energy consumption),2016,14.8,Europe & Central Asia,High income,14.4205,50.0878
1010,DK,Denmark,Renewable energy consumption (% of total final energy consumption),2025,,Europe & Central Asia,High income,12.5681,55.6763
1011,DK,Denmark,Renewable energy consumption (% of total final energy consumption),2024,,Europe & Central Asia,High income,12.5681,55.6763
1012,DK,Denmark,Renewable energy consumption (% of total final energy consumption),2023,,Europe & Central Asia,High income,12.5681,55.6763
1013,DK,Denmark,Renewable energy consumption (% of total final energy consumption),2022,,Europe & Central Asia,High income,12.5681,55.6763
1014,DK,Denmark,Renewable energy consumption (% of total final energy consumption),2021,39.5,Europe & Central Asia,High income,12.5681,55.6763
1015,DK,Denmark,Renewable energy consumption (% of total final energy consumption),2020,39.5,Europe & Central Asia,High income,12.5681,55.6763
1016,DK,Denmark,Renewable energy consumption (% of total final energy consumption),2019,37.2,Europe & Central Asia,High income,12.5681,55.6763
1017,DK,Denmark,Renewable energy consumption (% of total final energy consumption),2018,34.6,Europe & Central Asia,High income,12.5681,55.6763
1018,DK,Denmark,Renewable energy consumption (% of total final energy consumption),2017,35.0,Europe & Central Asia,High income,12.5681,55.6763
1019,DK,Denmark,Renewable energy consumption (% of total final energy consumption),2016,32.0,Europe & Central Asia,High income,12.5681,55.6763
1020,DJ,Djibouti,Renewable energy consumption (% of total final energy consumption),2025,,"Middle East, North Africa, Afghanistan & Pakistan",Lower middle income,43.1425,11.5806
1021,DJ,Djibouti,Renewable energy consumption (% of total final energy consumption),2024,,"Middle East, North Africa, Afghanistan & Pakistan",Lower middle income,43.1425,11.5806
1022,DJ,Djibouti,Renewable energy consumption (% of total final energy consumption),2023,,"Middle East, North Africa, Afghanistan & Pakistan",Lower middle income,43.1425,11.5806
1023,DJ,Djibouti,Renewable energy consumption (% of total final energy consumption),2022,26.9,"Middle East, North Africa, Afghanistan & Pakistan",Lower middle income,43.1425,11.5806
1024,DJ,Djibouti,Renewable energy consumption (% of total final energy consumption),2021,26.6,"Middle East, North Africa, Afghanistan & Pakistan",Lower middle income,43.1425,11.5806
1025,DJ,Djibouti,Renewable energy consumption (% of total final energy consumption),2020,27.5,"Middle East, North Africa, Afghanistan & Pakistan",Lower middle income,43.1425,11.5806
1026,DJ,Djibouti,Renewable energy consumption (% of total final energy consumption),2019,23.4,"Middle East, North Africa, Afghanistan & Pakistan",Lower middle income,43.1425,11.5806
1027,DJ,Djibouti,Renewable energy consumption (% of total final energy consumption),2018,24.7,"Middle East, North Africa, Afghanistan & Pakistan",Lower middle income,43.1425,11.5806
1028,DJ,Djibouti,Renewable energy consumption (% of total final energy consumption),2017,23.3,"Middle East, North Africa, Afghanistan & Pakistan",Lower middle income,43.1425,11.5806
1029,DJ,Djibouti,Renewable energy consumption (% of total final energy consumption),2016,23.6,"Middle East, North Africa, Afghanistan & Pakistan",Lower middle income,43.1425,11.5806
1030,DM,Dominica,Renewable energy consumption (% of total final energy consumption),2025,,Latin America & Caribbean ,Upper middle income,-61.39,15.2976
1031,DM,Dominica,Renewable energy consumption (% of total final energy consumption),2024,,Latin America & Caribbean ,Upper middle income,-61.39,15.2976
1032,DM,Dominica,Renewable energy consumption (% of total final energy consumption),2023,,Latin America & Caribbean ,Upper middle income,-61.39,15.2976
1033,DM,Dominica,Renewable energy consumption (% of total final energy consumption),2022,8.9,Latin America & Caribbean ,Upper middle income,-61.39,15.2976
1034,DM,Dominica,Renewable energy consumption (% of total final energy consumption),2021,8.8,Latin America & Caribbean ,Upper middle income,-61.39,15.2976
1035,DM,Dominica,Renewable energy consumption (% of total final energy consumption),2020,8.6,Latin America & Caribbean ,Upper middle income,-61.39,15.2976
1036,DM,Dominica,Renewable energy consumption (% of total final energy consumption),2019,7.6,Latin America & Caribbean ,Upper middle income,-61.39,15.2976
1037,DM,Dominica,Renewable energy consumption (% of total final energy consumption),2018,7.9,Latin America & Caribbean ,Upper middle income,-61.39,15.2976
1038,DM,Dominica,Renewable energy consumption (% of total final energy consumption),2017,9.7,Latin America & Caribbean ,Upper middle income,-61.39,15.2976
1039,DM,Dominica,Renewable energy consumption (% of total final energy consumption),2016,10.7,Latin America & Caribbean ,Upper middle income,-61.39,15.2976
1040,DO,Dominican Republic,Renewable energy consumption (% of total final energy consumption),2025,,Latin America & Caribbean ,Upper middle income,-69.8908,18.479
1041,DO,Dominican Republic,Renewable energy consumption (% of total final energy consumption),2024,,Latin America & Caribbean ,Upper middle income,-69.8908,18.479
1042,DO,Dominican Republic,Renewable energy consumption (% of total final energy consumption),2023,,Latin America & Caribbean ,Upper middle income,-69.8908,18.479
1043,DO,Dominican Republic,Renewable energy consumption (% of total final energy consumption),2022,,Latin America & Caribbean ,Upper middle income,-69.8908,18.479
1044,DO,Dominican Republic,Renewable energy consumption (% of total final energy consumption),2021,14.8,Latin America & Caribbean ,Upper middle income,-69.8908,18.479
1045,DO,Dominican Republic,Renewable energy consumption (% of total final energy consumption),2020,16.0,Latin America & Caribbean ,Upper middle income,-69.8908,18.479
1046,DO,Dominican Republic,Renewable energy consumption (% of total final energy consumption),2019,14.4,Latin America & Caribbean ,Upper middle income,-69.8908,18.479
1047,DO,Dominican Republic,Renewable energy consumption (% of total final energy consumption),2018,15.9,Latin America & Caribbean ,Upper middle income,-69.8908,18.479
1048,DO,Dominican Republic,Renewable energy consumption (% of total final energy consumption),2017,16.9,Latin America & Caribbean ,Upper middle income,-69.8908,18.479
1049,DO,Dominican Republic,Renewable energy consumption (% of total final energy consumption),2016,15.3,Latin America & Caribbean ,Upper middle income,-69.8908,18.479
1050,EC,Ecuador,Renewable energy consumption (% of total final energy consumption),2025,,Latin America & Caribbean ,Upper middle income,-78.5243,-0.229498
1051,EC,Ecuador,Renewable energy consumption (% of total final energy consumption),2024,,Latin America & Caribbean ,Upper middle income,-78.5243,-0.229498
1052,EC,Ecuador,Renewable energy consumption (% of total final energy consumption),2023,,Latin America & Caribbean ,Upper middle income,-78.5243,-0.229498
1053,EC,Ecuador,Renewable energy consumption (% of total final energy consumption),2022,,Latin America & Caribbean ,Upper middle income,-78.5243,-0.229498
1054,EC,Ecuador,Renewable energy consumption (% of total final energy consumption),2021,18.9,Latin America & Caribbean ,Upper middle income,-78.5243,-0.229498
1055,EC,Ecuador,Renewable energy consumption (% of total final energy consumption),2020,20.2,Latin America & Caribbean ,Upper middle income,-78.5243,-0.229498
1056,EC,Ecuador,Renewable energy consumption (% of total final energy consumption),2019,17.7,Latin America & Caribbean ,Upper middle income,-78.5243,-0.229498
1057,EC,Ecuador,Renewable energy consumption (% of total final energy consumption),2018,16.3,Latin America & Caribbean ,Upper middle income,-78.5243,-0.229498
1058,EC,Ecuador,Renewable energy consumption (% of total final energy consumption),2017,17.0,Latin America & Caribbean ,Upper middle income,-78.5243,-0.229498
1059,EC,Ecuador,Renewable energy consumption (% of total final energy consumption),2016,14.8,Latin America & Caribbean ,Upper middle income,-78.5243,-0.229498
1060,EG,"Egypt, Arab Rep.",Renewable energy consumption (% of total final energy consumption),2025,,"Middle East, North Africa, Afghanistan & Pakistan",Lower middle income,31.2461,30.0982
1061,EG,"Egypt, Arab Rep.",Renewable energy consumption (% of total final energy consumption),2024,,"Middle East, North Africa, Afghanistan & Pakistan",Lower middle income,31.2461,30.0982
1062,EG,"Egypt, Arab Rep.",Renewable energy consumption (% of total final energy consumption),2023,,"Middle East, North Africa, Afghanistan & Pakistan",Lower middle income,31.2461,30.0982
1063,EG,"Egypt, Arab Rep.",Renewable energy consumption (% of total final energy consumption),2022,,"Middle East, North Africa, Afghanistan & Pakistan",Lower middle income,31.2461,30.0982
1064,EG,"Egypt, Arab Rep.",Renewable energy consumption (% of total final energy consumption),2021,6.1,"Middle East, North Africa, Afghanistan & Pakistan",Lower middle income,31.2461,30.0982
1065,EG,"Egypt, Arab Rep.",Renewable energy consumption (% of total final energy consumption),2020,6.7,"Middle East, North Africa, Afghanistan & Pakistan",Lower middle income,31.2461,30.0982
1066,EG,"Egypt, Arab Rep.",Renewable energy consumption (% of total final energy consumption),2019,6.2,"Middle East, North Africa, Afghanistan & Pakistan",Lower middle income,31.2461,30.0982
1067,EG,"Egypt, Arab Rep.",Renewable energy consumption (% of total final energy consumption),2018,5.0,"Middle East, North Africa, Afghanistan & Pakistan",Lower middle income,31.2461,30.0982
1068,EG,"Egypt, Arab Rep.",Renewable energy consumption (% of total final energy consumption),2017,4.9,"Middle East, North Africa, Afghanistan & Pakistan",Lower middle income,31.2461,30.0982
1069,EG,"Egypt, Arab Rep.",Renewable energy consumption (% of total final energy consumption),2016,5.1,"Middle East, North Africa, Afghanistan & Pakistan",Lower middle income,31.2461,30.0982
1070,SV,El Salvador,Renewable energy consumption (% of total final energy consumption),2025,,Latin America & Caribbean ,Upper middle income,-89.2073,13.7034
1071,SV,El Salvador,Renewable energy consumption (% of total final energy consumption),2024,,Latin America & Caribbean ,Upper middle income,-89.2073,13.7034
1072,SV,El Salvador,Renewable energy consumption (% of total final energy consumption),2023,,Latin America & Caribbean ,Upper middle income,-89.2073,13.7034
1073,SV,El Salvador,Renewable energy consumption (% of total final energy consumption),2022,,Latin America & Caribbean ,Upper middle income,-89.2073,13.7034
1074,SV,El Salvador,Renewable energy consumption (% of total final energy consumption),2021,21.9,Latin America & Caribbean ,Upper middle income,-89.2073,13.7034
1075,SV,El Salvador,Renewable energy consumption (% of total final energy consumption),2020,23.7,Latin America & Caribbean ,Upper middle income,-89.2073,13.7034
1076,SV,El Salvador,Renewable energy consumption (% of total final energy consumption),2019,19.4,Latin America & Caribbean ,Upper middle income,-89.2073,13.7034
1077,SV,El Salvador,Renewable energy consumption (% of total final energy consumption),2018,23.2,Latin America & Caribbean ,Upper middle income,-89.2073,13.7034
1078,SV,El Salvador,Renewable energy consumption (% of total final energy consumption),2017,25.0,Latin America & Caribbean ,Upper middle income,-89.2073,13.7034
1079,SV,El Salvador,Renewable energy consumption (% of total final energy consumption),2016,20.7,Latin America & Caribbean ,Upper middle income,-89.2073,13.7034
1080,GQ,Equatorial Guinea,Renewable energy consumption (% of total final energy consumption),2025,,Sub-Saharan Africa ,Upper middle income,8.7741,3.7523
1081,GQ,Equatorial Guinea,Renewable energy consumption (% of total final energy consumption),2024,,Sub-Saharan Africa ,Upper middle income,8.7741,3.7523
1082,GQ,Equatorial Guinea,Renewable energy consumption (% of total final energy consumption),2023,,Sub-Saharan Africa ,Upper middle income,8.7741,3.7523
1083,GQ,Equatorial Guinea,Renewable energy consumption (% of total final energy consumption),2022,4.2,Sub-Saharan Africa ,Upper middle income,8.7741,3.7523
1084,GQ,Equatorial Guinea,Renewable energy consumption (% of total final energy consumption),2021,5.2,Sub-Saharan Africa ,Upper middle income,8.7741,3.7523
1085,GQ,Equatorial Guinea,Renewable energy consumption (% of total final energy consumption),2020,6.5,Sub-Saharan Africa ,Upper middle income,8.7741,3.7523
1086,GQ,Equatorial Guinea,Renewable energy consumption (% of total final energy consumption),2019,7.4,Sub-Saharan Africa ,Upper middle income,8.7741,3.7523
1087,GQ,Equatorial Guinea,Renewable energy consumption (% of total final energy consumption),2018,4.8,Sub-Saharan Africa ,Upper middle income,8.7741,3.7523
1088,GQ,Equatorial Guinea,Renewable energy consumption (% of total final energy consumption),2017,5.0,Sub-Saharan Africa ,Upper middle income,8.7741,3.7523
1089,GQ,Equatorial Guinea,Renewable energy consumption (% of total final energy consumption),2016,4.8,Sub-Saharan Africa ,Upper middle income,8.7741,3.7523
1090,ER,Eritrea,Renewable energy consumption (% of total final energy consumption),2025,,Sub-Saharan Africa ,Low income,38.9183,15.3315
1091,ER,Eritrea,Renewable energy consumption (% of total final energy consumption),2024,,Sub-Saharan Africa ,Low income,38.9183,15.3315
1092,ER,Eritrea,Renewable energy consumption (% of total final energy consumption),2023,,Sub-Saharan Africa ,Low income,38.9183,15.3315
1093,ER,Eritrea,Renewable energy consumption (% of total final energy consumption),2022,,Sub-Saharan Africa ,Low income,38.9183,15.3315
1094,ER,Eritrea,Renewable energy consumption (% of total final energy consumption),2021,80.7,Sub-Saharan Africa ,Low income,38.9183,15.3315
1095,ER,Eritrea,Renewable energy consumption (% of total final energy consumption),2020,80.9,Sub-Saharan Africa ,Low income,38.9183,15.3315
1096,ER,Eritrea,Renewable energy consumption (% of total final energy consumption),2019,80.6,Sub-Saharan Africa ,Low income,38.9183,15.3315
1097,ER,Eritrea,Renewable energy consumption (% of total final energy consumption),2018,80.8,Sub-Saharan Africa ,Low income,38.9183,15.3315
1098,ER,Eritrea,Renewable energy consumption (% of total final energy consumption),2017,81.6,Sub-Saharan Africa ,Low income,38.9183,15.3315
1099,ER,Eritrea,Renewable energy consumption (% of total final energy consumption),2016,81.4,Sub-Saharan Africa ,Low income,38.9183,15.3315
1100,EE,Estonia,Renewable energy consumption (% of total final energy consumption),2025,,Europe & Central Asia,High income,24.7586,59.4392
1101,EE,Estonia,Renewable energy consumption (% of total final energy consumption),2024,,Europe & Central Asia,High income,24.7586,59.4392
1102,EE,Estonia,Renewable energy consumption (% of total final energy consumption),2023,,Europe & Central Asia,High income,24.7586,59.4392
1103,EE,Estonia,Renewable energy consumption (% of total final energy consumption),2022,,Europe & Central Asia,High income,24.7586,59.4392
1104,EE,Estonia,Renewable energy consumption (% of total final energy consumption),2021,38.0,Europe & Central Asia,High income,24.7586,59.4392
1105,EE,Estonia,Renewable energy consumption (% of total final energy consumption),2020,40.4,Europe & Central Asia,High income,24.7586,59.4392
1106,EE,Estonia,Renewable energy consumption (% of total final energy consumption),2019,31.3,Europe & Central Asia,High income,24.7586,59.4392
1107,EE,Estonia,Renewable energy consumption (% of total final energy consumption),2018,28.6,Europe & Central Asia,High income,24.7586,59.4392
1108,EE,Estonia,Renewable energy consumption (% of total final energy consumption),2017,27.5,Europe & Central Asia,High income,24.7586,59.4392
1109,EE,Estonia,Renewable energy consumption (% of total final energy consumption),2016,27.2,Europe & Central Asia,High income,24.7586,59.4392
1110,SZ,Eswatini,Renewable energy consumption (% of total final energy consumption),2025,,Sub-Saharan Africa ,Lower middle income,31.4659,-26.5225
1111,SZ,Eswatini,Renewable energy consumption (% of total final energy consumption),2024,,Sub-Saharan Africa ,Lower middle income,31.4659,-26.5225
1112,SZ,Eswatini,Renewable energy consumption (% of total final energy consumption),2023,,Sub-Saharan Africa ,Lower middle income,31.4659,-26.5225
1113,SZ,Eswatini,Renewable energy consumption (% of total final energy consumption),2022,64.7,Sub-Saharan Africa ,Lower middle income,31.4659,-26.5225
1114,SZ,Eswatini,Renewable energy consumption (% of total final energy consumption),2021,65.4,Sub-Saharan Africa ,Lower middle income,31.4659,-26.5225
1115,SZ,Eswatini,Renewable energy consumption (% of total final energy consumption),2020,63.7,Sub-Saharan Africa ,Lower middle income,31.4659,-26.5225
1116,SZ,Eswatini,Renewable energy consumption (% of total final energy consumption),2019,64.4,Sub-Saharan Africa ,Lower middle income,31.4659,-26.5225
1117,SZ,Eswatini,Renewable energy consumption (% of total final energy consumption),2018,65.7,Sub-Saharan Africa ,Lower middle income,31.4659,-26.5225
1118,SZ,Eswatini,Renewable energy consumption (% of total final energy consumption),2017,65.3,Sub-Saharan Africa ,Lower middle income,31.4659,-26.5225
1119,SZ,Eswatini,Renewable energy consumption (% of total final energy consumption),2016,64.3,Sub-Saharan Africa ,Lower middle income,31.4659,-26.5225
1120,ET,Ethiopia,Renewable energy consumption (% of total final energy consumption),2025,,Sub-Saharan Africa ,Low income,38.7468,9.02274
1121,ET,Ethiopia,Renewable energy consumption (% of total final energy consumption),2024,,Sub-Saharan Africa ,Low income,38.7468,9.02274
1122,ET,Ethiopia,Renewable energy consumption (% of total final energy consumption),2023,,Sub-Saharan Africa ,Low income,38.7468,9.02274
1123,ET,Ethiopia,Renewable energy consumption (% of total final energy consumption),2022,,Sub-Saharan Africa ,Low income,38.7468,9.02274
1124,ET,Ethiopia,Renewable energy consumption (% of total final energy consumption),2021,90.6,Sub-Saharan Africa ,Low income,38.7468,9.02274
1125,ET,Ethiopia,Renewable energy consumption (% of total final energy consumption),2020,90.7,Sub-Saharan Africa ,Low income,38.7468,9.02274
1126,ET,Ethiopia,Renewable energy consumption (% of total final energy consumption),2019,89.3,Sub-Saharan Africa ,Low income,38.7468,9.02274
1127,ET,Ethiopia,Renewable energy consumption (% of total final energy consumption),2018,90.0,Sub-Saharan Africa ,Low income,38.7468,9.02274
1128,ET,Ethiopia,Renewable energy consumption (% of total final energy consumption),2017,90.8,Sub-Saharan Africa ,Low income,38.7468,9.02274
1129,ET,Ethiopia,Renewable energy consumption (% of total final energy consumption),2016,90.4,Sub-Saharan Africa ,Low income,38.7468,9.02274
1130,FO,Faroe Islands,Renewable energy consumption (% of total final energy consumption),2025,,Europe & Central Asia,High income,-6.91181,61.8926
1131,FO,Faroe Islands,Renewable energy consumption (% of total final energy consumption),2024,,Europe & Central Asia,High income,-6.91181,61.8926
1132,FO,Faroe Islands,Renewable energy consumption (% of total final energy consumption),2023,,Europe & Central Asia,High income,-6.91181,61.8926
1133,FO,Faroe Islands,Renewable energy consumption (% of total final energy consumption),2022,7.9,Europe & Central Asia,High income,-6.91181,61.8926
1134,FO,Faroe Islands,Renewable energy consumption (% of total final energy consumption),2021,5.1,Europe & Central Asia,High income,-6.91181,61.8926
1135,FO,Faroe Islands,Renewable energy consumption (% of total final energy consumption),2020,5.3,Europe & Central Asia,High income,-6.91181,61.8926
1136,FO,Faroe Islands,Renewable energy consumption (% of total final energy consumption),2019,5.4,Europe & Central Asia,High income,-6.91181,61.8926
1137,FO,Faroe Islands,Renewable energy consumption (% of total final energy consumption),2018,5.9,Europe & Central Asia,High income,-6.91181,61.8926
1138,FO,Faroe Islands,Renewable energy consumption (% of total final energy consumption),2017,6.0,Europe & Central Asia,High income,-6.91181,61.8926
1139,FO,Faroe Islands,Renewable energy consumption (% of total final energy consumption),2016,6.3,Europe & Central Asia,High income,-6.91181,61.8926
1140,FJ,Fiji,Renewable energy consumption (% of total final energy consumption),2025,,East Asia & Pacific,Upper middle income,178.399,-18.1149
1141,FJ,Fiji,Renewable energy consumption (% of total final energy consumption),2024,,East Asia & Pacific,Upper middle income,178.399,-18.1149
1142,FJ,Fiji,Renewable energy consumption (% of total final energy consumption),2023,,East Asia & Pacific,Upper middle income,178.399,-18.1149
1143,FJ,Fiji,Renewable energy consumption (% of total final energy consumption),2022,28.4,East Asia & Pacific,Upper middle income,178.399,-18.1149
1144,FJ,Fiji,Renewable energy consumption (% of total final energy consumption),2021,29.7,East Asia & Pacific,Upper middle income,178.399,-18.1149
1145,FJ,Fiji,Renewable energy consumption (% of total final energy consumption),2020,31.8,East Asia & Pacific,Upper middle income,178.399,-18.1149
1146,FJ,Fiji,Renewable energy consumption (% of total final energy consumption),2019,26.5,East Asia & Pacific,Upper middle income,178.399,-18.1149
1147,FJ,Fiji,Renewable energy consumption (% of total final energy consumption),2018,25.8,East Asia & Pacific,Upper middle income,178.399,-18.1149
1148,FJ,Fiji,Renewable energy consumption (% of total final energy consumption),2017,28.6,East Asia & Pacific,Upper middle income,178.399,-18.1149
1149,FJ,Fiji,Renewable energy consumption (% of total final energy consumption),2016,27.7,East Asia & Pacific,Upper middle income,178.399,-18.1149
1150,FI,Finland,Renewable energy consumption (% of total final energy consumption),2025,,Europe & Central Asia,High income,24.9525,60.1608
1151,FI,Finland,Renewable energy consumption (% of total final energy consumption),2024,,Europe & Central Asia,High income,24.9525,60.1608
1152,FI,Finland,Renewable energy consumption (% of total final energy consumption),2023,,Europe & Central Asia,High income,24.9525,60.1608
1153,FI,Finland,Renewable energy consumption (% of total final energy consumption),2022,,Europe & Central Asia,High income,24.9525,60.1608
1154,FI,Finland,Renewable energy consumption (% of total final energy consumption),2021,50.2,Europe & Central Asia,High income,24.9525,60.1608
1155,FI,Finland,Renewable energy consumption (% of total final energy consumption),2020,47.3,Europe & Central Asia,High income,24.9525,60.1608
1156,FI,Finland,Renewable energy consumption (% of total final energy consumption),2019,45.4,Europe & Central Asia,High income,24.9525,60.1608
1157,FI,Finland,Renewable energy consumption (% of total final energy consumption),2018,44.2,Europe & Central Asia,High income,24.9525,60.1608
1158,FI,Finland,Renewable energy consumption (% of total final energy consumption),2017,44.4,Europe & Central Asia,High income,24.9525,60.1608
1159,FI,Finland,Renewable energy consumption (% of total final energy consumption),2016,42.4,Europe & Central Asia,High income,24.9525,60.1608
1160,FR,France,Renewable energy consumption (% of total final energy consumption),2025,,Europe & Central Asia,High income,2.35097,48.8566
1161,FR,France,Renewable energy consumption (% of total final energy consumption),2024,,Europe & Central Asia,High income,2.35097,48.8566
1162,FR,France,Renewable energy consumption (% of total final energy consumption),2023,,Europe & Central Asia,High income,2.35097,48.8566
1163,FR,France,Renewable energy consumption (% of total final energy consumption),2022,,Europe & Central Asia,High income,2.35097,48.8566
1164,FR,France,Renewable energy consumption (% of total final energy consumption),2021,16.2,Europe & Central Asia,High income,2.35097,48.8566
1165,FR,France,Renewable energy consumption (% of total final energy consumption),2020,16.8,Europe & Central Asia,High income,2.35097,48.8566
1166,FR,France,Renewable energy consumption (% of total final energy consumption),2019,15.5,Europe & Central Asia,High income,2.35097,48.8566
1167,FR,France,Renewable energy consumption (% of total final energy consumption),2018,15.2,Europe & Central Asia,High income,2.35097,48.8566
1168,FR,France,Renewable energy consumption (% of total final energy consumption),2017,14.1,Europe & Central Asia,High income,2.35097,48.8566
1169,FR,France,Renewable energy consumption (% of total final energy consumption),2016,14.2,Europe & Central Asia,High income,2.35097,48.8566
1170,PF,French Polynesia,Renewable energy consumption (% of total final energy consumption),2025,,East Asia & Pacific,High income,-149.57,-17.535
1171,PF,French Polynesia,Renewable energy consumption (% of total final energy consumption),2024,,East Asia & Pacific,High income,-149.57,-17.535
1172,PF,French Polynesia,Renewable energy consumption (% of total final energy consumption),2023,,East Asia & Pacific,High income,-149.57,-17.535
1173,PF,French Polynesia,Renewable energy consumption (% of total final energy consumption),2022,7.0,East Asia & Pacific,High income,-149.57,-17.535
1174,PF,French Polynesia,Renewable energy consumption (% of total final energy consumption),2021,7.4,East Asia & Pacific,High income,-149.57,-17.535
1175,PF,French Polynesia,Renewable energy consumption (% of total final energy consumption),2020,8.2,East Asia & Pacific,High income,-149.57,-17.535
1176,PF,French Polynesia,Renewable energy consumption (% of total final energy consumption),2019,7.7,East Asia & Pacific,High income,-149.57,-17.535
1177,PF,French Polynesia,Renewable energy consumption (% of total final energy consumption),2018,7.7,East Asia & Pacific,High income,-149.57,-17.535
1178,PF,French Polynesia,Renewable energy consumption (% of total final energy consumption),2017,8.1,East Asia & Pacific,High income,-149.57,-17.535
1179,PF,French Polynesia,Renewable energy consumption (% of total final energy consumption),2016,8.1,East Asia & Pacific,High income,-149.57,-17.535
1180,GA,Gabon,Renewable energy consumption (% of total final energy consumption),2025,,Sub-Saharan Africa ,Upper middle income,9.45162,0.38832
1181,GA,Gabon,Renewable energy consumption (% of total final energy consumption),2024,,Sub-Saharan Africa ,Upper middle income,9.45162,0.38832
1182,GA,Gabon,Renewable energy consumption (% of total final energy consumption),2023,,Sub-Saharan Africa ,Upper middle income,9.45162,0.38832
1183,GA,Gabon,Renewable energy consumption (% of total final energy consumption),2022,,Sub-Saharan Africa ,Upper middle income,9.45162,0.38832
1184,GA,Gabon,Renewable energy consumption (% of total final energy consumption),2021,91.3,Sub-Saharan Africa ,Upper middle income,9.45162,0.38832
1185,GA,Gabon,Renewable energy consumption (% of total final energy consumption),2020,91.3,Sub-Saharan Africa ,Upper middle income,9.45162,0.38832
1186,GA,Gabon,Renewable energy consumption (% of total final energy consumption),2019,90.2,Sub-Saharan Africa ,Upper middle income,9.45162,0.38832
1187,GA,Gabon,Renewable energy consumption (% of total final energy consumption),2018,90.3,Sub-Saharan Africa ,Upper middle income,9.45162,0.38832
1188,GA,Gabon,Renewable energy consumption (% of total final energy consumption),2017,90.2,Sub-Saharan Africa ,Upper middle income,9.45162,0.38832
1189,GA,Gabon,Renewable energy consumption (% of total final energy consumption),2016,81.5,Sub-Saharan Africa ,Upper middle income,9.45162,0.38832
1190,GM,"Gambia, The",Renewable energy consumption (% of total final energy consumption),2025,,Sub-Saharan Africa ,Low income,-16.5885,13.4495
1191,GM,"Gambia, The",Renewable energy consumption (% of total final energy consumption),2024,,Sub-Saharan Africa ,Low income,-16.5885,13.4495
1192,GM,"Gambia, The",Renewable energy consumption (% of total final energy consumption),2023,,Sub-Saharan Africa ,Low income,-16.5885,13.4495
1193,GM,"Gambia, The",Renewable energy consumption (% of total final energy consumption),2022,47.7,Sub-Saharan Africa ,Low income,-16.5885,13.4495
1194,GM,"Gambia, The",Renewable energy consumption (% of total final energy consumption),2021,48.6,Sub-Saharan Africa ,Low income,-16.5885,13.4495
1195,GM,"Gambia, The",Renewable energy consumption (% of total final energy consumption),2020,49.8,Sub-Saharan Africa ,Low income,-16.5885,13.4495
1196,GM,"Gambia, The",Renewable energy consumption (% of total final energy consumption),2019,47.4,Sub-Saharan Africa ,Low income,-16.5885,13.4495
1197,GM,"Gambia, The",Renewable energy consumption (% of total final energy consumption),2018,48.1,Sub-Saharan Africa ,Low income,-16.5885,13.4495
1198,GM,"Gambia, The",Renewable energy consumption (% of total final energy consumption),2017,48.0,Sub-Saharan Africa ,Low income,-16.5885,13.4495
1199,GM,"Gambia, The",Renewable energy consumption (% of total final energy consumption),2016,48.6,Sub-Saharan Africa ,Low income,-16.5885,13.4495
1200,GE,Georgia,Renewable energy consumption (% of total final energy consumption),2025,,Europe & Central Asia,Upper middle income,44.793,41.71
1201,GE,Georgia,Renewable energy consumption (% of total final energy consumption),2024,,Europe & Central Asia,Upper middle income,44.793,41.71
1202,GE,Georgia,Renewable energy consumption (% of total final energy consumption),2023,,Europe & Central Asia,Upper middle income,44.793,41.71
1203,GE,Georgia,Renewable energy consumption (% of total final energy consumption),2022,,Europe & Central Asia,Upper middle income,44.793,41.71
1204,GE,Georgia,Renewable energy consumption (% of total final energy consumption),2021,25.2,Europe & Central Asia,Upper middle income,44.793,41.71
1205,GE,Georgia,Renewable energy consumption (% of total final energy consumption),2020,23.4,Europe & Central Asia,Upper middle income,44.793,41.71
1206,GE,Georgia,Renewable energy consumption (% of total final energy consumption),2019,24.7,Europe & Central Asia,Upper middle income,44.793,41.71
1207,GE,Georgia,Renewable energy consumption (% of total final energy consumption),2018,27.4,Europe & Central Asia,Upper middle income,44.793,41.71
1208,GE,Georgia,Renewable energy consumption (% of total final energy consumption),2017,27.5,Europe & Central Asia,Upper middle income,44.793,41.71
1209,GE,Georgia,Renewable energy consumption (% of total final energy consumption),2016,27.2,Europe & Central Asia,Upper middle income,44.793,41.71
1210,DE,Germany,Renewable energy consumption (% of total final energy consumption),2025,,Europe & Central Asia,High income,13.4115,52.5235
1211,DE,Germany,Renewable energy consumption (% of total final energy consumption),2024,,Europe & Central Asia,High income,13.4115,52.5235
1212,DE,Germany,Renewable energy consumption (% of total final energy consumption),2023,,Europe & Central Asia,High income,13.4115,52.5235
1213,DE,Germany,Renewable energy consumption (% of total final energy consumption),2022,,Europe & Central Asia,High income,13.4115,52.5235
1214,DE,Germany,Renewable energy consumption (% of total final energy consumption),2021,17.6,Europe & Central Asia,High income,13.4115,52.5235
1215,DE,Germany,Renewable energy consumption (% of total final energy consumption),2020,18.5,Europe & Central Asia,High income,13.4115,52.5235
1216,DE,Germany,Renewable energy consumption (% of total final energy consumption),2019,17.1,Europe & Central Asia,High income,13.4115,52.5235
1217,DE,Germany,Renewable energy consumption (% of total final energy consumption),2018,16.0,Europe & Central Asia,High income,13.4115,52.5235
1218,DE,Germany,Renewable energy consumption (% of total final energy consumption),2017,15.2,Europe & Central Asia,High income,13.4115,52.5235
1219,DE,Germany,Renewable energy consumption (% of total final energy consumption),2016,14.2,Europe & Central Asia,High income,13.4115,52.5235
1220,GH,Ghana,Renewable energy consumption (% of total final energy consumption),2025,,Sub-Saharan Africa ,Lower middle income,-0.20795,5.57045
1221,GH,Ghana,Renewable energy consumption (% of total final energy consumption),2024,,Sub-Saharan Africa ,Lower middle income,-0.20795,5.57045
1222,GH,Ghana,Renewable energy consumption (% of total final energy consumption),2023,,Sub-Saharan Africa ,Lower middle income,-0.20795,5.57045
1223,GH,Ghana,Renewable energy consumption (% of total final energy consumption),2022,,Sub-Saharan Africa ,Lower middle income,-0.20795,5.57045
1224,GH,Ghana,Renewable energy consumption (% of total final energy consumption),2021,39.0,Sub-Saharan Africa ,Lower middle income,-0.20795,5.57045
1225,GH,Ghana,Renewable energy consumption (% of total final energy consumption),2020,40.0,Sub-Saharan Africa ,Lower middle income,-0.20795,5.57045
1226,GH,Ghana,Renewable energy consumption (% of total final energy consumption),2019,42.6,Sub-Saharan Africa ,Lower middle income,-0.20795,5.57045
1227,GH,Ghana,Renewable energy consumption (% of total final energy consumption),2018,42.1,Sub-Saharan Africa ,Lower middle income,-0.20795,5.57045
1228,GH,Ghana,Renewable energy consumption (% of total final energy consumption),2017,45.3,Sub-Saharan Africa ,Lower middle income,-0.20795,5.57045
1229,GH,Ghana,Renewable energy consumption (% of total final energy consumption),2016,45.2,Sub-Saharan Africa ,Lower middle income,-0.20795,5.57045
1230,GI,Gibraltar,Renewable energy consumption (% of total final energy consumption),2025,,Europe & Central Asia,High income,,
1231,GI,Gibraltar,Renewable energy consumption (% of total final energy consumption),2024,,Europe & Central Asia,High income,,
1232,GI,Gibraltar,Renewable energy consumption (% of total final energy consumption),2023,,Europe & Central Asia,High income,,
1233,GI,Gibraltar,Renewable energy consumption (% of total final energy consumption),2022,,Europe & Central Asia,High income,,
1234,GI,Gibraltar,Renewable energy consumption (% of total final energy consumption),2021,0.0,Europe & Central Asia,High income,,
1235,GI,Gibraltar,Renewable energy consumption (% of total final energy consumption),2020,0.0,Europe & Central Asia,High income,,
1236,GI,Gibraltar,Renewable energy consumption (% of total final energy consumption),2019,0.0,Europe & Central Asia,High income,,
1237,GI,Gibraltar,Renewable energy consumption (% of total final energy consumption),2018,0.0,Europe & Central Asia,High income,,
1238,GI,Gibraltar,Renewable energy consumption (% of total final energy consumption),2017,0.0,Europe & Central Asia,High income,,
1239,GI,Gibraltar,Renewable energy consumption (% of total final energy consumption),2016,0.0,Europe & Central Asia,High income,,
1240,GR,Greece,Renewable energy consumption (% of total final energy consumption),2025,,Europe & Central Asia,High income,23.7166,37.9792
1241,GR,Greece,Renewable energy consumption (% of total final energy consumption),2024,,Europe & Central Asia,High income,23.7166,37.9792
1242,GR,Greece,Renewable energy consumption (% of total final energy consumption),2023,,Europe & Central Asia,High income,23.7166,37.9792
1243,GR,Greece,Renewable energy consumption (% of total final energy consumption),2022,,Europe & Central Asia,High income,23.7166,37.9792
1244,GR,Greece,Renewable energy consumption (% of total final energy consumption),2021,21.5,Europe & Central Asia,High income,23.7166,37.9792
1245,GR,Greece,Renewable energy consumption (% of total final energy consumption),2020,20.1,Europe & Central Asia,High income,23.7166,37.9792
1246,GR,Greece,Renewable energy consumption (% of total final energy consumption),2019,18.5,Europe & Central Asia,High income,23.7166,37.9792
1247,GR,Greece,Renewable energy consumption (% of total final energy consumption),2018,17.9,Europe & Central Asia,High income,23.7166,37.9792
1248,GR,Greece,Renewable energy consumption (% of total final energy consumption),2017,16.4,Europe & Central Asia,High income,23.7166,37.9792
1249,GR,Greece,Renewable energy consumption (% of total final energy consumption),2016,16.4,Europe & Central Asia,High income,23.7166,37.9792
1250,GL,Greenland,Renewable energy consumption (% of total final energy consumption),2025,,Europe & Central Asia,High income,-51.7214,64.1836
1251,GL,Greenland,Renewable energy consumption (% of total final energy consumption),2024,,Europe & Central Asia,High income,-51.7214,64.1836
1252,GL,Greenland,Renewable energy consumption (% of total final energy consumption),2023,,Europe & Central Asia,High income,-51.7214,64.1836
1253,GL,Greenland,Renewable energy consumption (% of total final energy consumption),2022,11.7,Europe & Central Asia,High income,-51.7214,64.1836
1254,GL,Greenland,Renewable energy consumption (% of total final energy consumption),2021,11.6,Europe & Central Asia,High income,-51.7214,64.1836
1255,GL,Greenland,Renewable energy consumption (% of total final energy consumption),2020,11.8,Europe & Central Asia,High income,-51.7214,64.1836
1256,GL,Greenland,Renewable energy consumption (% of total final energy consumption),2019,10.9,Europe & Central Asia,High income,-51.7214,64.1836
1257,GL,Greenland,Renewable energy consumption (% of total final energy consumption),2018,11.4,Europe & Central Asia,High income,-51.7214,64.1836
1258,GL,Greenland,Renewable energy consumption (% of total final energy consumption),2017,11.3,Europe & Central Asia,High income,-51.7214,64.1836
1259,GL,Greenland,Renewable energy consumption (% of total final energy consumption),2016,12.4,Europe & Central Asia,High income,-51.7214,64.1836
1260,GD,Grenada,Renewable energy consumption (% of total final energy consumption),2025,,Latin America & Caribbean ,Upper middle income,-61.7449,12.0653
1261,GD,Grenada,Renewable energy consumption (% of total final energy consumption),2024,,Latin America & Caribbean ,Upper middle income,-61.7449,12.0653
1262,GD,Grenada,Renewable energy consumption (% of total final energy consumption),2023,,Latin America & Caribbean ,Upper middle income,-61.7449,12.0653
1263,GD,Grenada,Renewable energy consumption (% of total final energy consumption),2022,10.0,Latin America & Caribbean ,Upper middle income,-61.7449,12.0653
1264,GD,Grenada,Renewable energy consumption (% of total final energy consumption),2021,10.2,Latin America & Caribbean ,Upper middle income,-61.7449,12.0653
1265,GD,Grenada,Renewable energy consumption (% of total final energy consumption),2020,10.3,Latin America & Caribbean ,Upper middle income,-61.7449,12.0653
1266,GD,Grenada,Renewable energy consumption (% of total final energy consumption),2019,10.4,Latin America & Caribbean ,Upper middle income,-61.7449,12.0653
1267,GD,Grenada,Renewable energy consumption (% of total final energy consumption),2018,10.7,Latin America & Caribbean ,Upper middle income,-61.7449,12.0653
1268,GD,Grenada,Renewable energy consumption (% of total final energy consumption),2017,10.2,Latin America & Caribbean ,Upper middle income,-61.7449,12.0653
1269,GD,Grenada,Renewable energy consumption (% of total final energy consumption),2016,10.4,Latin America & Caribbean ,Upper middle income,-61.7449,12.0653
1270,GU,Guam,Renewable energy consumption (% of total final energy consumption),2025,,East Asia & Pacific,High income,144.794,13.4443
1271,GU,Guam,Renewable energy consumption (% of total final energy consumption),2024,,East Asia & Pacific,High income,144.794,13.4443
1272,GU,Guam,Renewable energy consumption (% of total final energy consumption),2023,,East Asia & Pacific,High income,144.794,13.4443
1273,GU,Guam,Renewable energy consumption (% of total final energy consumption),2022,6.7,East Asia & Pacific,High income,144.794,13.4443
1274,GU,Guam,Renewable energy consumption (% of total final energy consumption),2021,4.5,East Asia & Pacific,High income,144.794,13.4443
1275,GU,Guam,Renewable energy consumption (% of total final energy consumption),2020,4.6,East Asia & Pacific,High income,144.794,13.4443
1276,GU,Guam,Renewable energy consumption (% of total final energy consumption),2019,4.5,East Asia & Pacific,High income,144.794,13.4443
1277,GU,Guam,Renewable energy consumption (% of total final energy consumption),2018,4.5,East Asia & Pacific,High income,144.794,13.4443
1278,GU,Guam,Renewable energy consumption (% of total final energy consumption),2017,3.9,East Asia & Pacific,High income,144.794,13.4443
1279,GU,Guam,Renewable energy consumption (% of total final energy consumption),2016,4.4,East Asia & Pacific,High income,144.794,13.4443
1280,GT,Guatemala,Renewable energy consumption (% of total final energy consumption),2025,,Latin America & Caribbean ,Upper middle income,-90.5328,14.6248
1281,GT,Guatemala,Renewable energy consumption (% of total final energy consumption),2024,,Latin America & Caribbean ,Upper middle income,-90.5328,14.6248
1282,GT,Guatemala,Renewable energy consumption (% of total final energy consumption),2023,,Latin America & Caribbean ,Upper middle income,-90.5328,14.6248
1283,GT,Guatemala,Renewable energy consumption (% of total final energy consumption),2022,,Latin America & Caribbean ,Upper middle income,-90.5328,14.6248
1284,GT,Guatemala,Renewable energy consumption (% of total final energy consumption),2021,62.1,Latin America & Caribbean ,Upper middle income,-90.5328,14.6248
1285,GT,Guatemala,Renewable energy consumption (% of total final energy consumption),2020,65.5,Latin America & Caribbean ,Upper middle income,-90.5328,14.6248
1286,GT,Guatemala,Renewable energy consumption (% of total final energy consumption),2019,62.8,Latin America & Caribbean ,Upper middle income,-90.5328,14.6248
1287,GT,Guatemala,Renewable energy consumption (% of total final energy consumption),2018,64.0,Latin America & Caribbean ,Upper middle income,-90.5328,14.6248
1288,GT,Guatemala,Renewable energy consumption (% of total final energy consumption),2017,65.0,Latin America & Caribbean ,Upper middle income,-90.5328,14.6248
1289,GT,Guatemala,Renewable energy consumption (% of total final energy consumption),2016,63.2,Latin America & Caribbean ,Upper middle income,-90.5328,14.6248
1290,GN,Guinea,Renewable energy consumption (% of total final energy consumption),2025,,Sub-Saharan Africa ,Lower middle income,-13.7,9.51667
1291,GN,Guinea,Renewable energy consumption (% of total final energy consumption),2024,,Sub-Saharan Africa ,Lower middle income,-13.7,9.51667
1292,GN,Guinea,Renewable energy consumption (% of total final energy consumption),2023,,Sub-Saharan Africa ,Lower middle income,-13.7,9.51667
1293,GN,Guinea,Renewable energy consumption (% of total final energy consumption),2022,66.6,Sub-Saharan Africa ,Lower middle income,-13.7,9.51667
1294,GN,Guinea,Renewable energy consumption (% of total final energy consumption),2021,66.8,Sub-Saharan Africa ,Lower middle income,-13.7,9.51667
1295,GN,Guinea,Renewable energy consumption (% of total final energy consumption),2020,65.8,Sub-Saharan Africa ,Lower middle income,-13.7,9.51667
1296,GN,Guinea,Renewable energy consumption (% of total final energy consumption),2019,68.3,Sub-Saharan Africa ,Lower middle income,-13.7,9.51667
1297,GN,Guinea,Renewable energy consumption (% of total final energy consumption),2018,73.2,Sub-Saharan Africa ,Lower middle income,-13.7,9.51667
1298,GN,Guinea,Renewable energy consumption (% of total final energy consumption),2017,72.0,Sub-Saharan Africa ,Lower middle income,-13.7,9.51667
1299,GN,Guinea,Renewable energy consumption (% of total final energy consumption),2016,75.3,Sub-Saharan Africa ,Lower middle income,-13.7,9.51667
1300,GW,Guinea-Bissau,Renewable energy consumption (% of total final energy consumption),2025,,Sub-Saharan Africa ,Low income,-15.1804,11.8037
1301,GW,Guinea-Bissau,Renewable energy consumption (% of total final energy consumption),2024,,Sub-Saharan Africa ,Low income,-15.1804,11.8037
1302,GW,Guinea-Bissau,Renewable energy consumption (% of total final energy consumption),2023,,Sub-Saharan Africa ,Low income,-15.1804,11.8037
1303,GW,Guinea-Bissau,Renewable energy consumption (% of total final energy consumption),2022,87.4,Sub-Saharan Africa ,Low income,-15.1804,11.8037
1304,GW,Guinea-Bissau,Renewable energy consumption (% of total final energy consumption),2021,87.4,Sub-Saharan Africa ,Low income,-15.1804,11.8037
1305,GW,Guinea-Bissau,Renewable energy consumption (% of total final energy consumption),2020,87.2,Sub-Saharan Africa ,Low income,-15.1804,11.8037
1306,GW,Guinea-Bissau,Renewable energy consumption (% of total final energy consumption),2019,86.2,Sub-Saharan Africa ,Low income,-15.1804,11.8037
1307,GW,Guinea-Bissau,Renewable energy consumption (% of total final energy consumption),2018,86.6,Sub-Saharan Africa ,Low income,-15.1804,11.8037
1308,GW,Guinea-Bissau,Renewable energy consumption (% of total final energy consumption),2017,86.8,Sub-Saharan Africa ,Low income,-15.1804,11.8037
1309,GW,Guinea-Bissau,Renewable energy consumption (% of total final energy consumption),2016,86.8,Sub-Saharan Africa ,Low income,-15.1804,11.8037
1310,GY,Guyana,Renewable energy consumption (% of total final energy consumption),2025,,Latin America & Caribbean ,High income,-58.1548,6.80461
1311,GY,Guyana,Renewable energy consumption (% of total final energy consumption),2024,,Latin America & Caribbean ,High income,-58.1548,6.80461
1312,GY,Guyana,Renewable energy consumption (% of total final energy consumption),2023,,Latin America & Caribbean ,High income,-58.1548,6.80461
1313,GY,Guyana,Renewable energy consumption (% of total final energy consumption),2022,12.1,Latin America & Caribbean ,High income,-58.1548,6.80461
1314,GY,Guyana,Renewable energy consumption (% of total final energy consumption),2021,13.2,Latin America & Caribbean ,High income,-58.1548,6.80461
1315,GY,Guyana,Renewable energy consumption (% of total final energy consumption),2020,12.0,Latin America & Caribbean ,High income,-58.1548,6.80461
1316,GY,Guyana,Renewable energy consumption (% of total final energy consumption),2019,11.3,Latin America & Caribbean ,High income,-58.1548,6.80461
1317,GY,Guyana,Renewable energy consumption (% of total final energy consumption),2018,16.8,Latin America & Caribbean ,High income,-58.1548,6.80461
1318,GY,Guyana,Renewable energy consumption (% of total final energy consumption),2017,22.1,Latin America & Caribbean ,High income,-58.1548,6.80461
1319,GY,Guyana,Renewable energy consumption (% of total final energy consumption),2016,21.3,Latin America & Caribbean ,High income,-58.1548,6.80461
1320,HT,Haiti,Renewable energy consumption (% of total final energy consumption),2025,,Latin America & Caribbean ,Lower middle income,-72.3288,18.5392
1321,HT,Haiti,Renewable energy consumption (% of total final energy consumption),2024,,Latin America & Caribbean ,Lower middle income,-72.3288,18.5392
1322,HT,Haiti,Renewable energy consumption (% of total final energy consumption),2023,,Latin America & Caribbean ,Lower middle income,-72.3288,18.5392
1323,HT,Haiti,Renewable energy consumption (% of total final energy consumption),2022,,Latin America & Caribbean ,Lower middle income,-72.3288,18.5392
1324,HT,Haiti,Renewable energy consumption (% of total final energy consumption),2021,76.7,Latin America & Caribbean ,Lower middle income,-72.3288,18.5392
1325,HT,Haiti,Renewable energy consumption (% of total final energy consumption),2020,76.3,Latin America & Caribbean ,Lower middle income,-72.3288,18.5392
1326,HT,Haiti,Renewable energy consumption (% of total final energy consumption),2019,76.4,Latin America & Caribbean ,Lower middle income,-72.3288,18.5392
1327,HT,Haiti,Renewable energy consumption (% of total final energy consumption),2018,76.2,Latin America & Caribbean ,Lower middle income,-72.3288,18.5392
1328,HT,Haiti,Renewable energy consumption (% of total final energy consumption),2017,76.2,Latin America & Caribbean ,Lower middle income,-72.3288,18.5392
1329,HT,Haiti,Renewable energy consumption (% of total final energy consumption),2016,76.1,Latin America & Caribbean ,Lower middle income,-72.3288,18.5392
1330,HN,Honduras,Renewable energy consumption (% of total final energy consumption),2025,,Latin America & Caribbean ,Lower middle income,-87.4667,15.1333
1331,HN,Honduras,Renewable energy consumption (% of total final energy consumption),2024,,Latin America & Caribbean ,Lower middle income,-87.4667,15.1333
1332,HN,Honduras,Renewable energy consumption (% of total final energy consumption),2023,,Latin America & Caribbean ,Lower middle income,-87.4667,15.1333
1333,HN,Honduras,Renewable energy consumption (% of total final energy consumption),2022,,Latin America & Caribbean ,Lower middle income,-87.4667,15.1333
1334,HN,Honduras,Renewable energy consumption (% of total final energy consumption),2021,45.9,Latin America & Caribbean ,Lower middle income,-87.4667,15.1333
1335,HN,Honduras,Renewable energy consumption (% of total final energy consumption),2020,50.2,Latin America & Caribbean ,Lower middle income,-87.4667,15.1333
1336,HN,Honduras,Renewable energy consumption (% of total final energy consumption),2019,46.2,Latin America & Caribbean ,Lower middle income,-87.4667,15.1333
1337,HN,Honduras,Renewable energy consumption (% of total final energy consumption),2018,48.9,Latin America & Caribbean ,Lower middle income,-87.4667,15.1333
1338,HN,Honduras,Renewable energy consumption (% of total final energy consumption),2017,45.6,Latin America & Caribbean ,Lower middle income,-87.4667,15.1333
1339,HN,Honduras,Renewable energy consumption (% of total final energy consumption),2016,52.7,Latin America & Caribbean ,Lower middle income,-87.4667,15.1333
1340,HK,"Hong Kong SAR, China",Renewable energy consumption (% of total final energy consumption),2025,,East Asia & Pacific,High income,114.109,22.3964
1341,HK,"Hong Kong SAR, China",Renewable energy consumption (% of total final energy consumption),2024,,East Asia & Pacific,High income,114.109,22.3964
1342,HK,"Hong Kong SAR, China",Renewable energy consumption (% of total final energy consumption),2023,,East Asia & Pacific,High income,114.109,22.3964
1343,HK,"Hong Kong SAR, China",Renewable energy consumption (% of total final energy consumption),2022,,East Asia & Pacific,High income,114.109,22.3964
1344,HK,"Hong Kong SAR, China",Renewable energy consumption (% of total final energy consumption),2021,0.4,East Asia & Pacific,High income,114.109,22.3964
1345,HK,"Hong Kong SAR, China",Renewable energy consumption (% of total final energy consumption),2020,0.3,East Asia & Pacific,High income,114.109,22.3964
1346,HK,"Hong Kong SAR, China",Renewable energy consumption (% of total final energy consumption),2019,0.2,East Asia & Pacific,High income,114.109,22.3964
1347,HK,"Hong Kong SAR, China",Renewable energy consumption (% of total final energy consumption),2018,0.2,East Asia & Pacific,High income,114.109,22.3964
1348,HK,"Hong Kong SAR, China",Renewable energy consumption (% of total final energy consumption),2017,0.2,East Asia & Pacific,High income,114.109,22.3964
1349,HK,"Hong Kong SAR, China",Renewable energy consumption (% of total final energy consumption),2016,0.2,East Asia & Pacific,High income,114.109,22.3964
1350,HU,Hungary,Renewable energy consumption (% of total final energy consumption),2025,,Europe & Central Asia,High income,19.0408,47.4984
1351,HU,Hungary,Renewable energy consumption (% of total final energy consumption),2024,,Europe & Central Asia,High income,19.0408,47.4984
1352,HU,Hungary,Renewable energy consumption (% of total final energy consumption),2023,,Europe & Central Asia,High income,19.0408,47.4984
1353,HU,Hungary,Renewable energy consumption (% of total final energy consumption),2022,,Europe & Central Asia,High income,19.0408,47.4984
1354,HU,Hungary,Renewable energy consumption (% of total final energy consumption),2021,15.3,Europe & Central Asia,High income,19.0408,47.4984
1355,HU,Hungary,Renewable energy consumption (% of total final energy consumption),2020,14.8,Europe & Central Asia,High income,19.0408,47.4984
1356,HU,Hungary,Renewable energy consumption (% of total final energy consumption),2019,13.6,Europe & Central Asia,High income,19.0408,47.4984
1357,HU,Hungary,Renewable energy consumption (% of total final energy consumption),2018,13.6,Europe & Central Asia,High income,19.0408,47.4984
1358,HU,Hungary,Renewable energy consumption (% of total final energy consumption),2017,14.6,Europe & Central Asia,High income,19.0408,47.4984
1359,HU,Hungary,Renewable energy consumption (% of total final energy consumption),2016,15.3,Europe & Central Asia,High income,19.0408,47.4984
1360,IS,Iceland,Renewable energy consumption (% of total final energy consumption),2025,,Europe & Central Asia,High income,-21.8952,64.1353
1361,IS,Iceland,Renewable energy consumption (% of total final energy consumption),2024,,Europe & Central Asia,High income,-21.8952,64.1353
1362,IS,Iceland,Renewable energy consumption (% of total final energy consumption),2023,,Europe & Central Asia,High income,-21.8952,64.1353
1363,IS,Iceland,Renewable energy consumption (% of total final energy consumption),2022,,Europe & Central Asia,High income,-21.8952,64.1353
1364,IS,Iceland,Renewable energy consumption (% of total final energy consumption),2021,82.4,Europe & Central Asia,High income,-21.8952,64.1353
1365,IS,Iceland,Renewable energy consumption (% of total final energy consumption),2020,82.9,Europe & Central Asia,High income,-21.8952,64.1353
1366,IS,Iceland,Renewable energy consumption (% of total final energy consumption),2019,81.7,Europe & Central Asia,High income,-21.8952,64.1353
1367,IS,Iceland,Renewable energy consumption (% of total final energy consumption),2018,81.4,Europe & Central Asia,High income,-21.8952,64.1353
1368,IS,Iceland,Renewable energy consumption (% of total final energy consumption),2017,80.8,Europe & Central Asia,High income,-21.8952,64.1353
1369,IS,Iceland,Renewable energy consumption (% of total final energy consumption),2016,80.9,Europe & Central Asia,High income,-21.8952,64.1353
1370,IN,India,Renewable energy consumption (% of total final energy consumption),2025,,South Asia,Lower middle income,77.225,28.6353
1371,IN,India,Renewable energy consumption (% of total final energy consumption),2024,,South Asia,Lower middle income,77.225,28.6353
1372,IN,India,Renewable energy consumption (% of total final energy consumption),2023,,South Asia,Lower middle income,77.225,28.6353
1373,IN,India,Renewable energy consumption (% of total final energy consumption),2022,,South Asia,Lower middle income,77.225,28.6353
1374,IN,India,Renewable energy consumption (% of total final energy consumption),2021,34.9,South Asia,Lower middle income,77.225,28.6353
1375,IN,India,Renewable energy consumption (% of total final energy consumption),2020,36.1,South Asia,Lower middle income,77.225,28.6353
1376,IN,India,Renewable energy consumption (% of total final energy consumption),2019,33.5,South Asia,Lower middle income,77.225,28.6353
1377,IN,India,Renewable energy consumption (% of total final energy consumption),2018,32.9,South Asia,Lower middle income,77.225,28.6353
1378,IN,India,Renewable energy consumption (% of total final energy consumption),2017,32.5,South Asia,Lower middle income,77.225,28.6353
1379,IN,India,Renewable energy consumption (% of total final energy consumption),2016,33.0,South Asia,Lower middle income,77.225,28.6353
1380,ID,Indonesia,Renewable energy consumption (% of total final energy consumption),2025,,East Asia & Pacific,Upper middle income,106.83,-6.19752
1381,ID,Indonesia,Renewable energy consumption (% of total final energy consumption),2024,,East Asia & Pacific,Upper middle income,106.83,-6.19752
1382,ID,Indonesia,Renewable energy consumption (% of total final energy consumption),2023,,East Asia & Pacific,Upper middle income,106.83,-6.19752
1383,ID,Indonesia,Renewable energy consumption (% of total final energy consumption),2022,,East Asia & Pacific,Upper middle income,106.83,-6.19752
1384,ID,Indonesia,Renewable energy consumption (% of total final energy consumption),2021,20.2,East Asia & Pacific,Upper middle income,106.83,-6.19752
1385,ID,Indonesia,Renewable energy consumption (% of total final energy consumption),2020,21.9,East Asia & Pacific,Upper middle income,106.83,-6.19752
1386,ID,Indonesia,Renewable energy consumption (% of total final energy consumption),2019,19.8,East Asia & Pacific,Upper middle income,106.83,-6.19752
1387,ID,Indonesia,Renewable energy consumption (% of total final energy consumption),2018,22.0,East Asia & Pacific,Upper middle income,106.83,-6.19752
1388,ID,Indonesia,Renewable energy consumption (% of total final energy consumption),2017,25.2,East Asia & Pacific,Upper middle income,106.83,-6.19752
1389,ID,Indonesia,Renewable energy consumption (% of total final energy consumption),2016,27.8,East Asia & Pacific,Upper middle income,106.83,-6.19752
1390,IR,"Iran, Islamic Rep.",Renewable energy consumption (% of total final energy consumption),2025,,"Middle East, North Africa, Afghanistan & Pakistan",Upper middle income,51.4447,35.6878
1391,IR,"Iran, Islamic Rep.",Renewable energy consumption (% of total final energy consumption),2024,,"Middle East, North Africa, Afghanistan & Pakistan",Upper middle income,51.4447,35.6878
1392,IR,"Iran, Islamic Rep.",Renewable energy consumption (% of total final energy consumption),2023,,"Middle East, North Africa, Afghanistan & Pakistan",Upper middle income,51.4447,35.6878
1393,IR,"Iran, Islamic Rep.",Renewable energy consumption (% of total final energy consumption),2022,,"Middle East, North Africa, Afghanistan & Pakistan",Upper middle income,51.4447,35.6878
1394,IR,"Iran, Islamic Rep.",Renewable energy consumption (% of total final energy consumption),2021,0.9,"Middle East, North Africa, Afghanistan & Pakistan",Upper middle income,51.4447,35.6878
1395,IR,"Iran, Islamic Rep.",Renewable energy consumption (% of total final energy consumption),2020,0.9,"Middle East, North Africa, Afghanistan & Pakistan",Upper middle income,51.4447,35.6878
1396,IR,"Iran, Islamic Rep.",Renewable energy consumption (% of total final energy consumption),2019,1.0,"Middle East, North Africa, Afghanistan & Pakistan",Upper middle income,51.4447,35.6878
1397,IR,"Iran, Islamic Rep.",Renewable energy consumption (% of total final energy consumption),2018,1.0,"Middle East, North Africa, Afghanistan & Pakistan",Upper middle income,51.4447,35.6878
1398,IR,"Iran, Islamic Rep.",Renewable energy consumption (% of total final energy consumption),2017,1.0,"Middle East, North Africa, Afghanistan & Pakistan",Upper middle income,51.4447,35.6878
1399,IR,"Iran, Islamic Rep.",Renewable energy consumption (% of total final energy consumption),2016,1.0,"Middle East, North Africa, Afghanistan & Pakistan",Upper middle income,51.4447,35.6878
1400,IQ,Iraq,Renewable energy consumption (% of total final energy consumption),2025,,"Middle East, North Africa, Afghanistan & Pakistan",Upper middle income,44.394,33.3302
1401,IQ,Iraq,Renewable energy consumption (% of total final energy consumption),2024,,"Middle East, North Africa, Afghanistan & Pakistan",Upper middle income,44.394,33.3302
1402,IQ,Iraq,Renewable energy consumption (% of total final energy consumption),2023,,"Middle East, North Africa, Afghanistan & Pakistan",Upper middle income,44.394,33.3302
1403,IQ,Iraq,Renewable energy consumption (% of total final energy consumption),2022,,"Middle East, North Africa, Afghanistan & Pakistan",Upper middle income,44.394,33.3302
1404,IQ,Iraq,Renewable energy consumption (% of total final energy consumption),2021,1.1,"Middle East, North Africa, Afghanistan & Pakistan",Upper middle income,44.394,33.3302
1405,IQ,Iraq,Renewable energy consumption (% of total final energy consumption),2020,1.1,"Middle East, North Africa, Afghanistan & Pakistan",Upper middle income,44.394,33.3302
1406,IQ,Iraq,Renewable energy consumption (% of total final energy consumption),2019,0.9,"Middle East, North Africa, Afghanistan & Pakistan",Upper middle income,44.394,33.3302
1407,IQ,Iraq,Renewable energy consumption (% of total final energy consumption),2018,0.5,"Middle East, North Africa, Afghanistan & Pakistan",Upper middle income,44.394,33.3302
1408,IQ,Iraq,Renewable energy consumption (% of total final energy consumption),2017,0.5,"Middle East, North Africa, Afghanistan & Pakistan",Upper middle income,44.394,33.3302
1409,IQ,Iraq,Renewable energy consumption (% of total final energy consumption),2016,0.9,"Middle East, North Africa, Afghanistan & Pakistan",Upper middle income,44.394,33.3302
1410,IE,Ireland,Renewable energy consumption (% of total final energy consumption),2025,,Europe & Central Asia,High income,-6.26749,53.3441
1411,IE,Ireland,Renewable energy consumption (% of total final energy consumption),2024,,Europe & Central Asia,High income,-6.26749,53.3441
1412,IE,Ireland,Renewable energy consumption (% of total final energy consumption),2023,,Europe & Central Asia,High income,-6.26749,53.3441
1413,IE,Ireland,Renewable energy consumption (% of total final energy consumption),2022,,Europe & Central Asia,High income,-6.26749,53.3441
1414,IE,Ireland,Renewable energy consumption (% of total final energy consumption),2021,12.7,Europe & Central Asia,High income,-6.26749,53.3441
1415,IE,Ireland,Renewable energy consumption (% of total final energy consumption),2020,13.7,Europe & Central Asia,High income,-6.26749,53.3441
1416,IE,Ireland,Renewable energy consumption (% of total final energy consumption),2019,12.3,Europe & Central Asia,High income,-6.26749,53.3441
1417,IE,Ireland,Renewable energy consumption (% of total final energy consumption),2018,10.8,Europe & Central Asia,High income,-6.26749,53.3441
1418,IE,Ireland,Renewable energy consumption (% of total final energy consumption),2017,10.1,Europe & Central Asia,High income,-6.26749,53.3441
1419,IE,Ireland,Renewable energy consumption (% of total final energy consumption),2016,8.6,Europe & Central Asia,High income,-6.26749,53.3441
1420,IM,Isle of Man,Renewable energy consumption (% of total final energy consumption),2025,,Europe & Central Asia,High income,-4.47928,54.1509
1421,IM,Isle of Man,Renewable energy consumption (% of total final energy consumption),2024,,Europe & Central Asia,High income,-4.47928,54.1509
1422,IM,Isle of Man,Renewable energy consumption (% of total final energy consumption),2023,,Europe & Central Asia,High income,-4.47928,54.1509
1423,IM,Isle of Man,Renewable energy consumption (% of total final energy consumption),2022,2.7,Europe & Central Asia,High income,-4.47928,54.1509
1424,IM,Isle of Man,Renewable energy consumption (% of total final energy consumption),2021,3.2,Europe & Central Asia,High income,-4.47928,54.1509
1425,IM,Isle of Man,Renewable energy consumption (% of total final energy consumption),2020,2.0,Europe & Central Asia,High income,-4.47928,54.1509
1426,IM,Isle of Man,Renewable energy consumption (% of total final energy consumption),2019,1.9,Europe & Central Asia,High income,-4.47928,54.1509
1427,IM,Isle of Man,Renewable energy consumption (% of total final energy consumption),2018,2.0,Europe & Central Asia,High income,-4.47928,54.1509
1428,IM,Isle of Man,Renewable energy consumption (% of total final energy consumption),2017,1.9,Europe & Central Asia,High income,-4.47928,54.1509
1429,IM,Isle of Man,Renewable energy consumption (% of total final energy consumption),2016,1.9,Europe & Central Asia,High income,-4.47928,54.1509
1430,IL,Israel,Renewable energy consumption (% of total final energy consumption),2025,,"Middle East, North Africa, Afghanistan & Pakistan",High income,35.2035,31.7717
1431,IL,Israel,Renewable energy consumption (% of total final energy consumption),2024,,"Middle East, North Africa, Afghanistan & Pakistan",High income,35.2035,31.7717
1432,IL,Israel,Renewable energy consumption (% of total final energy consumption),2023,,"Middle East, North Africa, Afghanistan & Pakistan",High income,35.2035,31.7717
1433,IL,Israel,Renewable energy consumption (% of total final energy consumption),2022,,"Middle East, North Africa, Afghanistan & Pakistan",High income,35.2035,31.7717
1434,IL,Israel,Renewable energy consumption (% of total final energy consumption),2021,6.2,"Middle East, North Africa, Afghanistan & Pakistan",High income,35.2035,31.7717
1435,IL,Israel,Renewable energy consumption (% of total final energy consumption),2020,5.6,"Middle East, North Africa, Afghanistan & Pakistan",High income,35.2035,31.7717
1436,IL,Israel,Renewable energy consumption (% of total final energy consumption),2019,4.5,"Middle East, North Africa, Afghanistan & Pakistan",High income,35.2035,31.7717
1437,IL,Israel,Renewable energy consumption (% of total final energy consumption),2018,3.8,"Middle East, North Africa, Afghanistan & Pakistan",High income,35.2035,31.7717
1438,IL,Israel,Renewable energy consumption (% of total final energy consumption),2017,3.9,"Middle East, North Africa, Afghanistan & Pakistan",High income,35.2035,31.7717
1439,IL,Israel,Renewable energy consumption (% of total final energy consumption),2016,4.0,"Middle East, North Africa, Afghanistan & Pakistan",High income,35.2035,31.7717
1440,IT,Italy,Renewable energy consumption (% of total final energy consumption),2025,,Europe & Central Asia,High income,12.4823,41.8955
1441,IT,Italy,Renewable energy consumption (% of total final energy consumption),2024,,Europe & Central Asia,High income,12.4823,41.8955
1442,IT,Italy,Renewable energy consumption (% of total final energy consumption),2023,,Europe & Central Asia,High income,12.4823,41.8955
1443,IT,Italy,Renewable energy consumption (% of total final energy consumption),2022,,Europe & Central Asia,High income,12.4823,41.8955
1444,IT,Italy,Renewable energy consumption (% of total final energy consumption),2021,17.5,Europe & Central Asia,High income,12.4823,41.8955
1445,IT,Italy,Renewable energy consumption (% of total final energy consumption),2020,18.7,Europe & Central Asia,High income,12.4823,41.8955
1446,IT,Italy,Renewable energy consumption (% of total final energy consumption),2019,17.3,Europe & Central Asia,High income,12.4823,41.8955
1447,IT,Italy,Renewable energy consumption (% of total final energy consumption),2018,17.1,Europe & Central Asia,High income,12.4823,41.8955
1448,IT,Italy,Renewable energy consumption (% of total final energy consumption),2017,16.4,Europe & Central Asia,High income,12.4823,41.8955
1449,IT,Italy,Renewable energy consumption (% of total final energy consumption),2016,16.1,Europe & Central Asia,High income,12.4823,41.8955
1450,JM,Jamaica,Renewable energy consumption (% of total final energy consumption),2025,,Latin America & Caribbean ,Upper middle income,-76.792,17.9927
1451,JM,Jamaica,Renewable energy consumption (% of total final energy consumption),2024,,Latin America & Caribbean ,Upper middle income,-76.792,17.9927
1452,JM,Jamaica,Renewable energy consumption (% of total final energy consumption),2023,,Latin America & Caribbean ,Upper middle income,-76.792,17.9927
1453,JM,Jamaica,Renewable energy consumption (% of total final energy consumption),2022,,Latin America & Caribbean ,Upper middle income,-76.792,17.9927
1454,JM,Jamaica,Renewable energy consumption (% of total final energy consumption),2021,10.5,Latin America & Caribbean ,Upper middle income,-76.792,17.9927
1455,JM,Jamaica,Renewable energy consumption (% of total final energy consumption),2020,11.7,Latin America & Caribbean ,Upper middle income,-76.792,17.9927
1456,JM,Jamaica,Renewable energy consumption (% of total final energy consumption),2019,9.2,Latin America & Caribbean ,Upper middle income,-76.792,17.9927
1457,JM,Jamaica,Renewable energy consumption (% of total final energy consumption),2018,8.9,Latin America & Caribbean ,Upper middle income,-76.792,17.9927
1458,JM,Jamaica,Renewable energy consumption (% of total final energy consumption),2017,11.0,Latin America & Caribbean ,Upper middle income,-76.792,17.9927
1459,JM,Jamaica,Renewable energy consumption (% of total final energy consumption),2016,11.1,Latin America & Caribbean ,Upper middle income,-76.792,17.9927
1460,JP,Japan,Renewable energy consumption (% of total final energy consumption),2025,,East Asia & Pacific,High income,139.77,35.67
1461,JP,Japan,Renewable energy consumption (% of total final energy consumption),2024,,East Asia & Pacific,High income,139.77,35.67
1462,JP,Japan,Renewable energy consumption (% of total final energy consumption),2023,,East Asia & Pacific,High income,139.77,35.67
1463,JP,Japan,Renewable energy consumption (% of total final energy consumption),2022,,East Asia & Pacific,High income,139.77,35.67
1464,JP,Japan,Renewable energy consumption (% of total final energy consumption),2021,8.8,East Asia & Pacific,High income,139.77,35.67
1465,JP,Japan,Renewable energy consumption (% of total final energy consumption),2020,8.5,East Asia & Pacific,High income,139.77,35.67
1466,JP,Japan,Renewable energy consumption (% of total final energy consumption),2019,7.8,East Asia & Pacific,High income,139.77,35.67
1467,JP,Japan,Renewable energy consumption (% of total final energy consumption),2018,7.3,East Asia & Pacific,High income,139.77,35.67
1468,JP,Japan,Renewable energy consumption (% of total final energy consumption),2017,6.9,East Asia & Pacific,High income,139.77,35.67
1469,JP,Japan,Renewable energy consumption (% of total final energy consumption),2016,6.4,East Asia & Pacific,High income,139.77,35.67
1470,JO,Jordan,Renewable energy consumption (% of total final energy consumption),2025,,"Middle East, North Africa, Afghanistan & Pakistan",Upper middle income,35.9263,31.9497
1471,JO,Jordan,Renewable energy consumption (% of total final energy consumption),2024,,"Middle East, North Africa, Afghanistan & Pakistan",Upper middle income,35.9263,31.9497
1472,JO,Jordan,Renewable energy consumption (% of total final energy consumption),2023,,"Middle East, North Africa, Afghanistan & Pakistan",Upper middle income,35.9263,31.9497
1473,JO,Jordan,Renewable energy consumption (% of total final energy consumption),2022,,"Middle East, North Africa, Afghanistan & Pakistan",Upper middle income,35.9263,31.9497
1474,JO,Jordan,Renewable energy consumption (% of total final energy consumption),2021,11.5,"Middle East, North Africa, Afghanistan & Pakistan",Upper middle income,35.9263,31.9497
1475,JO,Jordan,Renewable energy consumption (% of total final energy consumption),2020,10.7,"Middle East, North Africa, Afghanistan & Pakistan",Upper middle income,35.9263,31.9497
1476,JO,Jordan,Renewable energy consumption (% of total final energy consumption),2019,8.5,"Middle East, North Africa, Afghanistan & Pakistan",Upper middle income,35.9263,31.9497
1477,JO,Jordan,Renewable energy consumption (% of total final energy consumption),2018,7.2,"Middle East, North Africa, Afghanistan & Pakistan",Upper middle income,35.9263,31.9497
1478,JO,Jordan,Renewable energy consumption (% of total final energy consumption),2017,5.3,"Middle East, North Africa, Afghanistan & Pakistan",Upper middle income,35.9263,31.9497
1479,JO,Jordan,Renewable energy consumption (% of total final energy consumption),2016,4.7,"Middle East, North Africa, Afghanistan & Pakistan",Upper middle income,35.9263,31.9497
1480,KZ,Kazakhstan,Renewable energy consumption (% of total final energy consumption),2025,,Europe & Central Asia,Upper middle income,71.4382,51.1879
1481,KZ,Kazakhstan,Renewable energy consumption (% of total final energy consumption),2024,,Europe & Central Asia,Upper middle income,71.4382,51.1879
1482,KZ,Kazakhstan,Renewable energy consumption (% of total final energy consumption),2023,,Europe & Central Asia,Upper middle income,71.4382,51.1879
1483,KZ,Kazakhstan,Renewable energy consumption (% of total final energy consumption),2022,,Europe & Central Asia,Upper middle income,71.4382,51.1879
1484,KZ,Kazakhstan,Renewable energy consumption (% of total final energy consumption),2021,2.0,Europe & Central Asia,Upper middle income,71.4382,51.1879
1485,KZ,Kazakhstan,Renewable energy consumption (% of total final energy consumption),2020,1.8,Europe & Central Asia,Upper middle income,71.4382,51.1879
1486,KZ,Kazakhstan,Renewable energy consumption (% of total final energy consumption),2019,1.9,Europe & Central Asia,Upper middle income,71.4382,51.1879
1487,KZ,Kazakhstan,Renewable energy consumption (% of total final energy consumption),2018,1.9,Europe & Central Asia,Upper middle income,71.4382,51.1879
1488,KZ,Kazakhstan,Renewable energy consumption (% of total final energy consumption),2017,2.0,Europe & Central Asia,Upper middle income,71.4382,51.1879
1489,KZ,Kazakhstan,Renewable energy consumption (% of total final energy consumption),2016,2.1,Europe & Central Asia,Upper middle income,71.4382,51.1879
1490,KE,Kenya,Renewable energy consumption (% of total final energy consumption),2025,,Sub-Saharan Africa ,Lower middle income,36.8126,-1.27975
1491,KE,Kenya,Renewable energy consumption (% of total final energy consumption),2024,,Sub-Saharan Africa ,Lower middle income,36.8126,-1.27975
1492,KE,Kenya,Renewable energy consumption (% of total final energy consumption),2023,,Sub-Saharan Africa ,Lower middle income,36.8126,-1.27975
1493,KE,Kenya,Renewable energy consumption (% of total final energy consumption),2022,,Sub-Saharan Africa ,Lower middle income,36.8126,-1.27975
1494,KE,Kenya,Renewable energy consumption (% of total final energy consumption),2021,67.7,Sub-Saharan Africa ,Lower middle income,36.8126,-1.27975
1495,KE,Kenya,Renewable energy consumption (% of total final energy consumption),2020,69.0,Sub-Saharan Africa ,Lower middle income,36.8126,-1.27975
1496,KE,Kenya,Renewable energy consumption (% of total final energy consumption),2019,68.1,Sub-Saharan Africa ,Lower middle income,36.8126,-1.27975
1497,KE,Kenya,Renewable energy consumption (% of total final energy consumption),2018,68.7,Sub-Saharan Africa ,Lower middle income,36.8126,-1.27975
1498,KE,Kenya,Renewable energy consumption (% of total final energy consumption),2017,68.1,Sub-Saharan Africa ,Lower middle income,36.8126,-1.27975
1499,KE,Kenya,Renewable energy consumption (% of total final energy consumption),2016,68.3,Sub-Saharan Africa ,Lower middle income,36.8126,-1.27975
1500,KI,Kiribati,Renewable energy consumption (% of total final energy consumption),2025,,East Asia & Pacific,Lower middle income,172.979,1.32905
1501,KI,Kiribati,Renewable energy consumption (% of total final energy consumption),2024,,East Asia & Pacific,Lower middle income,172.979,1.32905
1502,KI,Kiribati,Renewable energy consumption (% of total final energy consumption),2023,,East Asia & Pacific,Lower middle income,172.979,1.32905
1503,KI,Kiribati,Renewable energy consumption (% of total final energy consumption),2022,41.9,East Asia & Pacific,Lower middle income,172.979,1.32905
1504,KI,Kiribati,Renewable energy consumption (% of total final energy consumption),2021,42.2,East Asia & Pacific,Lower middle income,172.979,1.32905
1505,KI,Kiribati,Renewable energy consumption (% of total final energy consumption),2020,42.2,East Asia & Pacific,Lower middle income,172.979,1.32905
1506,KI,Kiribati,Renewable energy consumption (% of total final energy consumption),2019,42.2,East Asia & Pacific,Lower middle income,172.979,1.32905
1507,KI,Kiribati,Renewable energy consumption (% of total final energy consumption),2018,42.3,East Asia & Pacific,Lower middle income,172.979,1.32905
1508,KI,Kiribati,Renewable energy consumption (% of total final energy consumption),2017,42.5,East Asia & Pacific,Lower middle income,172.979,1.32905
1509,KI,Kiribati,Renewable energy consumption (% of total final energy consumption),2016,48.1,East Asia & Pacific,Lower middle income,172.979,1.32905
1510,KP,"Korea, Dem. People's Rep.",Renewable energy consumption (% of total final energy consumption),2025,,East Asia & Pacific,Low income,125.754,39.0319
1511,KP,"Korea, Dem. People's Rep.",Renewable energy consumption (% of total final energy consumption),2024,,East Asia & Pacific,Low income,125.754,39.0319
1512,KP,"Korea, Dem. People's Rep.",Renewable energy consumption (% of total final energy consumption),2023,,East Asia & Pacific,Low income,125.754,39.0319
1513,KP,"Korea, Dem. People's Rep.",Renewable energy consumption (% of total final energy consumption),2022,,East Asia & Pacific,Low income,125.754,39.0319
1514,KP,"Korea, Dem. People's Rep.",Renewable energy consumption (% of total final energy consumption),2021,14.7,East Asia & Pacific,Low income,125.754,39.0319
1515,KP,"Korea, Dem. People's Rep.",Renewable energy consumption (% of total final energy consumption),2020,11.2,East Asia & Pacific,Low income,125.754,39.0319
1516,KP,"Korea, Dem. People's Rep.",Renewable energy consumption (% of total final energy consumption),2019,10.0,East Asia & Pacific,Low income,125.754,39.0319
1517,KP,"Korea, Dem. People's Rep.",Renewable energy consumption (% of total final energy consumption),2018,11.9,East Asia & Pacific,Low income,125.754,39.0319
1518,KP,"Korea, Dem. People's Rep.",Renewable energy consumption (% of total final energy consumption),2017,10.2,East Asia & Pacific,Low income,125.754,39.0319
1519,KP,"Korea, Dem. People's Rep.",Renewable energy consumption (% of total final energy consumption),2016,24.0,East Asia & Pacific,Low income,125.754,39.0319
1520,KR,"Korea, Rep.",Renewable energy consumption (% of total final energy consumption),2025,,East Asia & Pacific,High income,126.957,37.5323
1521,KR,"Korea, Rep.",Renewable energy consumption (% of total final energy consumption),2024,,East Asia & Pacific,High income,126.957,37.5323
1522,KR,"Korea, Rep.",Renewable energy consumption (% of total final energy consumption),2023,,East Asia & Pacific,High income,126.957,37.5323
1523,KR,"Korea, Rep.",Renewable energy consumption (% of total final energy consumption),2022,,East Asia & Pacific,High income,126.957,37.5323
1524,KR,"Korea, Rep.",Renewable energy consumption (% of total final energy consumption),2021,3.6,East Asia & Pacific,High income,126.957,37.5323
1525,KR,"Korea, Rep.",Renewable energy consumption (% of total final energy consumption),2020,3.6,East Asia & Pacific,High income,126.957,37.5323
1526,KR,"Korea, Rep.",Renewable energy consumption (% of total final energy consumption),2019,3.2,East Asia & Pacific,High income,126.957,37.5323
1527,KR,"Korea, Rep.",Renewable energy consumption (% of total final energy consumption),2018,3.2,East Asia & Pacific,High income,126.957,37.5323
1528,KR,"Korea, Rep.",Renewable energy consumption (% of total final energy consumption),2017,2.8,East Asia & Pacific,High income,126.957,37.5323
1529,KR,"Korea, Rep.",Renewable energy consumption (% of total final energy consumption),2016,2.6,East Asia & Pacific,High income,126.957,37.5323
1530,XK,Kosovo,Renewable energy consumption (% of total final energy consumption),2025,,Europe & Central Asia,Upper middle income,20.926,42.565
1531,XK,Kosovo,Renewable energy consumption (% of total final energy consumption),2024,,Europe & Central Asia,Upper middle income,20.926,42.565
1532,XK,Kosovo,Renewable energy consumption (% of total final energy consumption),2023,,Europe & Central Asia,Upper middle income,20.926,42.565
1533,XK,Kosovo,Renewable energy consumption (% of total final energy consumption),2022,,Europe & Central Asia,Upper middle income,20.926,42.565
1534,XK,Kosovo,Renewable energy consumption (% of total final energy consumption),2021,,Europe & Central Asia,Upper middle income,20.926,42.565
1535,XK,Kosovo,Renewable energy consumption (% of total final energy consumption),2020,,Europe & Central Asia,Upper middle income,20.926,42.565
1536,XK,Kosovo,Renewable energy consumption (% of total final energy consumption),2019,,Europe & Central Asia,Upper middle income,20.926,42.565
1537,XK,Kosovo,Renewable energy consumption (% of total final energy consumption),2018,,Europe & Central Asia,Upper middle income,20.926,42.565
1538,XK,Kosovo,Renewable energy consumption (% of total final energy consumption),2017,,Europe & Central Asia,Upper middle income,20.926,42.565
1539,XK,Kosovo,Renewable energy consumption (% of total final energy consumption),2016,,Europe & Central Asia,Upper middle income,20.926,42.565
1540,KW,Kuwait,Renewable energy consumption (% of total final energy consumption),2025,,"Middle East, North Africa, Afghanistan & Pakistan",High income,47.9824,29.3721
1541,KW,Kuwait,Renewable energy consumption (% of total final energy consumption),2024,,"Middle East, North Africa, Afghanistan & Pakistan",High income,47.9824,29.3721
1542,KW,Kuwait,Renewable energy consumption (% of total final energy consumption),2023,,"Middle East, North Africa, Afghanistan & Pakistan",High income,47.9824,29.3721
1543,KW,Kuwait,Renewable energy consumption (% of total final energy consumption),2022,,"Middle East, North Africa, Afghanistan & Pakistan",High income,47.9824,29.3721
1544,KW,Kuwait,Renewable energy consumption (% of total final energy consumption),2021,0.1,"Middle East, North Africa, Afghanistan & Pakistan",High income,47.9824,29.3721
1545,KW,Kuwait,Renewable energy consumption (% of total final energy consumption),2020,0.1,"Middle East, North Africa, Afghanistan & Pakistan",High income,47.9824,29.3721
1546,KW,Kuwait,Renewable energy consumption (% of total final energy consumption),2019,0.1,"Middle East, North Africa, Afghanistan & Pakistan",High income,47.9824,29.3721
1547,KW,Kuwait,Renewable energy consumption (% of total final energy consumption),2018,0.0,"Middle East, North Africa, Afghanistan & Pakistan",High income,47.9824,29.3721
1548,KW,Kuwait,Renewable energy consumption (% of total final energy consumption),2017,0.0,"Middle East, North Africa, Afghanistan & Pakistan",High income,47.9824,29.3721
1549,KW,Kuwait,Renewable energy consumption (% of total final energy consumption),2016,0.0,"Middle East, North Africa, Afghanistan & Pakistan",High income,47.9824,29.3721
1550,KG,Kyrgyz Republic,Renewable energy consumption (% of total final energy consumption),2025,,Europe & Central Asia,Lower middle income,74.6057,42.8851
1551,KG,Kyrgyz Republic,Renewable energy consumption (% of total final energy consumption),2024,,Europe & Central Asia,Lower middle income,74.6057,42.8851
1552,KG,Kyrgyz Republic,Renewable energy consumption (% of total final energy consumption),2023,,Europe & Central Asia,Lower middle income,74.6057,42.8851
1553,KG,Kyrgyz Republic,Renewable energy consumption (% of total final energy consumption),2022,,Europe & Central Asia,Lower middle income,74.6057,42.8851
1554,KG,Kyrgyz Republic,Renewable energy consumption (% of total final energy consumption),2021,27.6,Europe & Central Asia,Lower middle income,74.6057,42.8851
1555,KG,Kyrgyz Republic,Renewable energy consumption (% of total final energy consumption),2020,30.0,Europe & Central Asia,Lower middle income,74.6057,42.8851
1556,KG,Kyrgyz Republic,Renewable energy consumption (% of total final energy consumption),2019,28.3,Europe & Central Asia,Lower middle income,74.6057,42.8851
1557,KG,Kyrgyz Republic,Renewable energy consumption (% of total final energy consumption),2018,23.4,Europe & Central Asia,Lower middle income,74.6057,42.8851
1558,KG,Kyrgyz Republic,Renewable energy consumption (% of total final energy consumption),2017,24.7,Europe & Central Asia,Lower middle income,74.6057,42.8851
1559,KG,Kyrgyz Republic,Renewable energy consumption (% of total final energy consumption),2016,22.2,Europe & Central Asia,Lower middle income,74.6057,42.8851
1560,LA,Lao PDR,Renewable energy consumption (% of total final energy consumption),2025,,East Asia & Pacific,Lower middle income,102.177,18.5826
1561,LA,Lao PDR,Renewable energy consumption (% of total final energy consumption),2024,,East Asia & Pacific,Lower middle income,102.177,18.5826
1562,LA,Lao PDR,Renewable energy consumption (% of total final energy consumption),2023,,East Asia & Pacific,Lower middle income,102.177,18.5826
1563,LA,Lao PDR,Renewable energy consumption (% of total final energy consumption),2022,49.2,East Asia & Pacific,Lower middle income,102.177,18.5826
1564,LA,Lao PDR,Renewable energy consumption (% of total final energy consumption),2021,51.5,East Asia & Pacific,Lower middle income,102.177,18.5826
1565,LA,Lao PDR,Renewable energy consumption (% of total final energy consumption),2020,50.6,East Asia & Pacific,Lower middle income,102.177,18.5826
1566,LA,Lao PDR,Renewable energy consumption (% of total final energy consumption),2019,50.5,East Asia & Pacific,Lower middle income,102.177,18.5826
1567,LA,Lao PDR,Renewable energy consumption (% of total final energy consumption),2018,50.2,East Asia & Pacific,Lower middle income,102.177,18.5826
1568,LA,Lao PDR,Renewable energy consumption (% of total final energy consumption),2017,50.6,East Asia & Pacific,Lower middle income,102.177,18.5826
1569,LA,Lao PDR,Renewable energy consumption (% of total final energy consumption),2016,51.7,East Asia & Pacific,Lower middle income,102.177,18.5826
1570,LV,Latvia,Renewable energy consumption (% of total final energy consumption),2025,,Europe & Central Asia,High income,24.1048,56.9465
1571,LV,Latvia,Renewable energy consumption (% of total final energy consumption),2024,,Europe & Central Asia,High income,24.1048,56.9465
1572,LV,Latvia,Renewable energy consumption (% of total final energy consumption),2023,,Europe & Central Asia,High income,24.1048,56.9465
1573,LV,Latvia,Renewable energy consumption (% of total final energy consumption),2022,,Europe & Central Asia,High income,24.1048,56.9465
1574,LV,Latvia,Renewable energy consumption (% of total final energy consumption),2021,44.0,Europe & Central Asia,High income,24.1048,56.9465
1575,LV,Latvia,Renewable energy consumption (% of total final energy consumption),2020,43.8,Europe & Central Asia,High income,24.1048,56.9465
1576,LV,Latvia,Renewable energy consumption (% of total final energy consumption),2019,41.5,Europe & Central Asia,High income,24.1048,56.9465
1577,LV,Latvia,Renewable energy consumption (% of total final energy consumption),2018,41.0,Europe & Central Asia,High income,24.1048,56.9465
1578,LV,Latvia,Renewable energy consumption (% of total final energy consumption),2017,42.6,Europe & Central Asia,High income,24.1048,56.9465
1579,LV,Latvia,Renewable energy consumption (% of total final energy consumption),2016,38.5,Europe & Central Asia,High income,24.1048,56.9465
1580,LB,Lebanon,Renewable energy consumption (% of total final energy consumption),2025,,"Middle East, North Africa, Afghanistan & Pakistan",Lower middle income,35.5134,33.8872
1581,LB,Lebanon,Renewable energy consumption (% of total final energy consumption),2024,,"Middle East, North Africa, Afghanistan & Pakistan",Lower middle income,35.5134,33.8872
1582,LB,Lebanon,Renewable energy consumption (% of total final energy consumption),2023,,"Middle East, North Africa, Afghanistan & Pakistan",Lower middle income,35.5134,33.8872
1583,LB,Lebanon,Renewable energy consumption (% of total final energy consumption),2022,,"Middle East, North Africa, Afghanistan & Pakistan",Lower middle income,35.5134,33.8872
1584,LB,Lebanon,Renewable energy consumption (% of total final energy consumption),2021,6.8,"Middle East, North Africa, Afghanistan & Pakistan",Lower middle income,35.5134,33.8872
1585,LB,Lebanon,Renewable energy consumption (% of total final energy consumption),2020,6.3,"Middle East, North Africa, Afghanistan & Pakistan",Lower middle income,35.5134,33.8872
1586,LB,Lebanon,Renewable energy consumption (% of total final energy consumption),2019,5.1,"Middle East, North Africa, Afghanistan & Pakistan",Lower middle income,35.5134,33.8872
1587,LB,Lebanon,Renewable energy consumption (% of total final energy consumption),2018,4.7,"Middle East, North Africa, Afghanistan & Pakistan",Lower middle income,35.5134,33.8872
1588,LB,Lebanon,Renewable energy consumption (% of total final energy consumption),2017,4.0,"Middle East, North Africa, Afghanistan & Pakistan",Lower middle income,35.5134,33.8872
1589,LB,Lebanon,Renewable energy consumption (% of total final energy consumption),2016,4.0,"Middle East, North Africa, Afghanistan & Pakistan",Lower middle income,35.5134,33.8872
1590,LS,Lesotho,Renewable energy consumption (% of total final energy consumption),2025,,Sub-Saharan Africa ,Lower middle income,27.7167,-29.5208
1591,LS,Lesotho,Renewable energy consumption (% of total final energy consumption),2024,,Sub-Saharan Africa ,Lower middle income,27.7167,-29.5208
1592,LS,Lesotho,Renewable energy consumption (% of total final energy consumption),2023,,Sub-Saharan Africa ,Lower middle income,27.7167,-29.5208
1593,LS,Lesotho,Renewable energy consumption (% of total final energy consumption),2022,34.9,Sub-Saharan Africa ,Lower middle income,27.7167,-29.5208
1594,LS,Lesotho,Renewable energy consumption (% of total final energy consumption),2021,33.6,Sub-Saharan Africa ,Lower middle income,27.7167,-29.5208
1595,LS,Lesotho,Renewable energy consumption (% of total final energy consumption),2020,43.2,Sub-Saharan Africa ,Lower middle income,27.7167,-29.5208
1596,LS,Lesotho,Renewable energy consumption (% of total final energy consumption),2019,41.6,Sub-Saharan Africa ,Lower middle income,27.7167,-29.5208
1597,LS,Lesotho,Renewable energy consumption (% of total final energy consumption),2018,42.5,Sub-Saharan Africa ,Lower middle income,27.7167,-29.5208
1598,LS,Lesotho,Renewable energy consumption (% of total final energy consumption),2017,41.5,Sub-Saharan Africa ,Lower middle income,27.7167,-29.5208
1599,LS,Lesotho,Renewable energy consumption (% of total final energy consumption),2016,45.1,Sub-Saharan Africa ,Lower middle income,27.7167,-29.5208
1600,LR,Liberia,Renewable energy consumption (% of total final energy consumption),2025,,Sub-Saharan Africa ,Low income,-10.7957,6.30039
1601,LR,Liberia,Renewable energy consumption (% of total final energy consumption),2024,,Sub-Saharan Africa ,Low income,-10.7957,6.30039
1602,LR,Liberia,Renewable energy consumption (% of total final energy consumption),2023,,Sub-Saharan Africa ,Low income,-10.7957,6.30039
1603,LR,Liberia,Renewable energy consumption (% of total final energy consumption),2022,92.8,Sub-Saharan Africa ,Low income,-10.7957,6.30039
1604,LR,Liberia,Renewable energy consumption (% of total final energy consumption),2021,93.2,Sub-Saharan Africa ,Low income,-10.7957,6.30039
1605,LR,Liberia,Renewable energy consumption (% of total final energy consumption),2020,93.0,Sub-Saharan Africa ,Low income,-10.7957,6.30039
1606,LR,Liberia,Renewable energy consumption (% of total final energy consumption),2019,89.7,Sub-Saharan Africa ,Low income,-10.7957,6.30039
1607,LR,Liberia,Renewable energy consumption (% of total final energy consumption),2018,94.4,Sub-Saharan Africa ,Low income,-10.7957,6.30039
1608,LR,Liberia,Renewable energy consumption (% of total final energy consumption),2017,93.6,Sub-Saharan Africa ,Low income,-10.7957,6.30039
1609,LR,Liberia,Renewable energy consumption (% of total final energy consumption),2016,92.8,Sub-Saharan Africa ,Low income,-10.7957,6.30039
1610,LY,Libya,Renewable energy consumption (% of total final energy consumption),2025,,"Middle East, North Africa, Afghanistan & Pakistan",Upper middle income,13.1072,32.8578
1611,LY,Libya,Renewable energy consumption (% of total final energy consumption),2024,,"Middle East, North Africa, Afghanistan & Pakistan",Upper middle income,13.1072,32.8578
1612,LY,Libya,Renewable energy consumption (% of total final energy consumption),2023,,"Middle East, North Africa, Afghanistan & Pakistan",Upper middle income,13.1072,32.8578
1613,LY,Libya,Renewable energy consumption (% of total final energy consumption),2022,,"Middle East, North Africa, Afghanistan & Pakistan",Upper middle income,13.1072,32.8578
1614,LY,Libya,Renewable energy consumption (% of total final energy consumption),2021,3.1,"Middle East, North Africa, Afghanistan & Pakistan",Upper middle income,13.1072,32.8578
1615,LY,Libya,Renewable energy consumption (% of total final energy consumption),2020,3.2,"Middle East, North Africa, Afghanistan & Pakistan",Upper middle income,13.1072,32.8578
1616,LY,Libya,Renewable energy consumption (% of total final energy consumption),2019,3.0,"Middle East, North Africa, Afghanistan & Pakistan",Upper middle income,13.1072,32.8578
1617,LY,Libya,Renewable energy consumption (% of total final energy consumption),2018,2.9,"Middle East, North Africa, Afghanistan & Pakistan",Upper middle income,13.1072,32.8578
1618,LY,Libya,Renewable energy consumption (% of total final energy consumption),2017,2.9,"Middle East, North Africa, Afghanistan & Pakistan",Upper middle income,13.1072,32.8578
1619,LY,Libya,Renewable energy consumption (% of total final energy consumption),2016,2.8,"Middle East, North Africa, Afghanistan & Pakistan",Upper middle income,13.1072,32.8578
1620,LI,Liechtenstein,Renewable energy consumption (% of total final energy consumption),2025,,Europe & Central Asia,High income,9.52148,47.1411
1621,LI,Liechtenstein,Renewable energy consumption (% of total final energy consumption),2024,,Europe & Central Asia,High income,9.52148,47.1411
1622,LI,Liechtenstein,Renewable energy consumption (% of total final energy consumption),2023,,Europe & Central Asia,High income,9.52148,47.1411
1623,LI,Liechtenstein,Renewable energy consumption (% of total final energy consumption),2022,56.9,Europe & Central Asia,High income,9.52148,47.1411
1624,LI,Liechtenstein,Renewable energy consumption (% of total final energy consumption),2021,53.6,Europe & Central Asia,High income,9.52148,47.1411
1625,LI,Liechtenstein,Renewable energy consumption (% of total final energy consumption),2020,55.2,Europe & Central Asia,High income,9.52148,47.1411
1626,LI,Liechtenstein,Renewable energy consumption (% of total final energy consumption),2019,56.1,Europe & Central Asia,High income,9.52148,47.1411
1627,LI,Liechtenstein,Renewable energy consumption (% of total final energy consumption),2018,56.8,Europe & Central Asia,High income,9.52148,47.1411
1628,LI,Liechtenstein,Renewable energy consumption (% of total final energy consumption),2017,55.3,Europe & Central Asia,High income,9.52148,47.1411
1629,LI,Liechtenstein,Renewable energy consumption (% of total final energy consumption),2016,55.8,Europe & Central Asia,High income,9.52148,47.1411
1630,LT,Lithuania,Renewable energy consumption (% of total final energy consumption),2025,,Europe & Central Asia,High income,25.2799,54.6896
1631,LT,Lithuania,Renewable energy consumption (% of total final energy consumption),2024,,Europe & Central Asia,High income,25.2799,54.6896
1632,LT,Lithuania,Renewable energy consumption (% of total final energy consumption),2023,,Europe & Central Asia,High income,25.2799,54.6896
1633,LT,Lithuania,Renewable energy consumption (% of total final energy consumption),2022,,Europe & Central Asia,High income,25.2799,54.6896
1634,LT,Lithuania,Renewable energy consumption (% of total final energy consumption),2021,33.2,Europe & Central Asia,High income,25.2799,54.6896
1635,LT,Lithuania,Renewable energy consumption (% of total final energy consumption),2020,31.7,Europe & Central Asia,High income,25.2799,54.6896
1636,LT,Lithuania,Renewable energy consumption (% of total final energy consumption),2019,33.5,Europe & Central Asia,High income,25.2799,54.6896
1637,LT,Lithuania,Renewable energy consumption (% of total final energy consumption),2018,33.7,Europe & Central Asia,High income,25.2799,54.6896
1638,LT,Lithuania,Renewable energy consumption (% of total final energy consumption),2017,33.8,Europe & Central Asia,High income,25.2799,54.6896
1639,LT,Lithuania,Renewable energy consumption (% of total final energy consumption),2016,31.5,Europe & Central Asia,High income,25.2799,54.6896
1640,LU,Luxembourg,Renewable energy consumption (% of total final energy consumption),2025,,Europe & Central Asia,High income,6.1296,49.61
1641,LU,Luxembourg,Renewable energy consumption (% of total final energy consumption),2024,,Europe & Central Asia,High income,6.1296,49.61
1642,LU,Luxembourg,Renewable energy consumption (% of total final energy consumption),2023,,Europe & Central Asia,High income,6.1296,49.61
1643,LU,Luxembourg,Renewable energy consumption (% of total final energy consumption),2022,,Europe & Central Asia,High income,6.1296,49.61
1644,LU,Luxembourg,Renewable energy consumption (% of total final energy consumption),2021,20.5,Europe & Central Asia,High income,6.1296,49.61
1645,LU,Luxembourg,Renewable energy consumption (% of total final energy consumption),2020,20.8,Europe & Central Asia,High income,6.1296,49.61
1646,LU,Luxembourg,Renewable energy consumption (% of total final energy consumption),2019,16.4,Europe & Central Asia,High income,6.1296,49.61
1647,LU,Luxembourg,Renewable energy consumption (% of total final energy consumption),2018,16.0,Europe & Central Asia,High income,6.1296,49.61
1648,LU,Luxembourg,Renewable energy consumption (% of total final energy consumption),2017,15.3,Europe & Central Asia,High income,6.1296,49.61
1649,LU,Luxembourg,Renewable energy consumption (% of total final energy consumption),2016,13.5,Europe & Central Asia,High income,6.1296,49.61
1650,MO,"Macao SAR, China",Renewable energy consumption (% of total final energy consumption),2025,,East Asia & Pacific,High income,113.55,22.1667
1651,MO,"Macao SAR, China",Renewable energy consumption (% of total final energy consumption),2024,,East Asia & Pacific,High income,113.55,22.1667
1652,MO,"Macao SAR, China",Renewable energy consumption (% of total final energy consumption),2023,,East Asia & Pacific,High income,113.55,22.1667
1653,MO,"Macao SAR, China",Renewable energy consumption (% of total final energy consumption),2022,11.0,East Asia & Pacific,High income,113.55,22.1667
1654,MO,"Macao SAR, China",Renewable energy consumption (% of total final energy consumption),2021,13.6,East Asia & Pacific,High income,113.55,22.1667
1655,MO,"Macao SAR, China",Renewable energy consumption (% of total final energy consumption),2020,11.0,East Asia & Pacific,High income,113.55,22.1667
1656,MO,"Macao SAR, China",Renewable energy consumption (% of total final energy consumption),2019,8.4,East Asia & Pacific,High income,113.55,22.1667
1657,MO,"Macao SAR, China",Renewable energy consumption (% of total final energy consumption),2018,8.4,East Asia & Pacific,High income,113.55,22.1667
1658,MO,"Macao SAR, China",Renewable energy consumption (% of total final energy consumption),2017,3.9,East Asia & Pacific,High income,113.55,22.1667
1659,MO,"Macao SAR, China",Renewable energy consumption (% of total final energy consumption),2016,5.4,East Asia & Pacific,High income,113.55,22.1667
1660,MG,Madagascar,Renewable energy consumption (% of total final energy consumption),2025,,Sub-Saharan Africa ,Low income,45.7167,-20.4667
1661,MG,Madagascar,Renewable energy consumption (% of total final energy consumption),2024,,Sub-Saharan Africa ,Low income,45.7167,-20.4667
1662,MG,Madagascar,Renewable energy consumption (% of total final energy consumption),2023,,Sub-Saharan Africa ,Low income,45.7167,-20.4667
1663,MG,Madagascar,Renewable energy consumption (% of total final energy consumption),2022,83.1,Sub-Saharan Africa ,Low income,45.7167,-20.4667
1664,MG,Madagascar,Renewable energy consumption (% of total final energy consumption),2021,83.6,Sub-Saharan Africa ,Low income,45.7167,-20.4667
1665,MG,Madagascar,Renewable energy consumption (% of total final energy consumption),2020,84.7,Sub-Saharan Africa ,Low income,45.7167,-20.4667
1666,MG,Madagascar,Renewable energy consumption (% of total final energy consumption),2019,82.5,Sub-Saharan Africa ,Low income,45.7167,-20.4667
1667,MG,Madagascar,Renewable energy consumption (% of total final energy consumption),2018,84.2,Sub-Saharan Africa ,Low income,45.7167,-20.4667
1668,MG,Madagascar,Renewable energy consumption (% of total final energy consumption),2017,81.9,Sub-Saharan Africa ,Low income,45.7167,-20.4667
1669,MG,Madagascar,Renewable energy consumption (% of total final energy consumption),2016,83.8,Sub-Saharan Africa ,Low income,45.7167,-20.4667
1670,MW,Malawi,Renewable energy consumption (% of total final energy consumption),2025,,Sub-Saharan Africa ,Low income,33.7703,-13.9899
1671,MW,Malawi,Renewable energy consumption (% of total final energy consumption),2024,,Sub-Saharan Africa ,Low income,33.7703,-13.9899
1672,MW,Malawi,Renewable energy consumption (% of total final energy consumption),2023,,Sub-Saharan Africa ,Low income,33.7703,-13.9899
1673,MW,Malawi,Renewable energy consumption (% of total final energy consumption),2022,62.9,Sub-Saharan Africa ,Low income,33.7703,-13.9899
1674,MW,Malawi,Renewable energy consumption (% of total final energy consumption),2021,71.1,Sub-Saharan Africa ,Low income,33.7703,-13.9899
1675,MW,Malawi,Renewable energy consumption (% of total final energy consumption),2020,71.5,Sub-Saharan Africa ,Low income,33.7703,-13.9899
1676,MW,Malawi,Renewable energy consumption (% of total final energy consumption),2019,70.9,Sub-Saharan Africa ,Low income,33.7703,-13.9899
1677,MW,Malawi,Renewable energy consumption (% of total final energy consumption),2018,73.2,Sub-Saharan Africa ,Low income,33.7703,-13.9899
1678,MW,Malawi,Renewable energy consumption (% of total final energy consumption),2017,76.9,Sub-Saharan Africa ,Low income,33.7703,-13.9899
1679,MW,Malawi,Renewable energy consumption (% of total final energy consumption),2016,78.9,Sub-Saharan Africa ,Low income,33.7703,-13.9899
1680,MY,Malaysia,Renewable energy consumption (% of total final energy consumption),2025,,East Asia & Pacific,Upper middle income,101.684,3.12433
1681,MY,Malaysia,Renewable energy consumption (% of total final energy consumption),2024,,East Asia & Pacific,Upper middle income,101.684,3.12433
1682,MY,Malaysia,Renewable energy consumption (% of total final energy consumption),2023,,East Asia & Pacific,Upper middle income,101.684,3.12433
1683,MY,Malaysia,Renewable energy consumption (% of total final energy consumption),2022,,East Asia & Pacific,Upper middle income,101.684,3.12433
1684,MY,Malaysia,Renewable energy consumption (% of total final energy consumption),2021,7.5,East Asia & Pacific,Upper middle income,101.684,3.12433
1685,MY,Malaysia,Renewable energy consumption (% of total final energy consumption),2020,7.0,East Asia & Pacific,Upper middle income,101.684,3.12433
1686,MY,Malaysia,Renewable energy consumption (% of total final energy consumption),2019,5.7,East Asia & Pacific,Upper middle income,101.684,3.12433
1687,MY,Malaysia,Renewable energy consumption (% of total final energy consumption),2018,5.3,East Asia & Pacific,Upper middle income,101.684,3.12433
1688,MY,Malaysia,Renewable energy consumption (% of total final energy consumption),2017,5.2,East Asia & Pacific,Upper middle income,101.684,3.12433
1689,MY,Malaysia,Renewable energy consumption (% of total final energy consumption),2016,4.4,East Asia & Pacific,Upper middle income,101.684,3.12433
1690,MV,Maldives,Renewable energy consumption (% of total final energy consumption),2025,,South Asia,Upper middle income,73.5109,4.1742
1691,MV,Maldives,Renewable energy consumption (% of total final energy consumption),2024,,South Asia,Upper middle income,73.5109,4.1742
1692,MV,Maldives,Renewable energy consumption (% of total final energy consumption),2023,,South Asia,Upper middle income,73.5109,4.1742
1693,MV,Maldives,Renewable energy consumption (% of total final energy consumption),2022,1.2,South Asia,Upper middle income,73.5109,4.1742
1694,MV,Maldives,Renewable energy consumption (% of total final energy consumption),2021,1.4,South Asia,Upper middle income,73.5109,4.1742
1695,MV,Maldives,Renewable energy consumption (% of total final energy consumption),2020,1.6,South Asia,Upper middle income,73.5109,4.1742
1696,MV,Maldives,Renewable energy consumption (% of total final energy consumption),2019,1.3,South Asia,Upper middle income,73.5109,4.1742
1697,MV,Maldives,Renewable energy consumption (% of total final energy consumption),2018,1.3,South Asia,Upper middle income,73.5109,4.1742
1698,MV,Maldives,Renewable energy consumption (% of total final energy consumption),2017,1.3,South Asia,Upper middle income,73.5109,4.1742
1699,MV,Maldives,Renewable energy consumption (% of total final energy consumption),2016,1.2,South Asia,Upper middle income,73.5109,4.1742
1700,ML,Mali,Renewable energy consumption (% of total final energy consumption),2025,,Sub-Saharan Africa ,Low income,-7.50034,13.5667
1701,ML,Mali,Renewable energy consumption (% of total final energy consumption),2024,,Sub-Saharan Africa ,Low income,-7.50034,13.5667
1702,ML,Mali,Renewable energy consumption (% of total final energy consumption),2023,,Sub-Saharan Africa ,Low income,-7.50034,13.5667
1703,ML,Mali,Renewable energy consumption (% of total final energy consumption),2022,71.1,Sub-Saharan Africa ,Low income,-7.50034,13.5667
1704,ML,Mali,Renewable energy consumption (% of total final energy consumption),2021,71.2,Sub-Saharan Africa ,Low income,-7.50034,13.5667
1705,ML,Mali,Renewable energy consumption (% of total final energy consumption),2020,72.8,Sub-Saharan Africa ,Low income,-7.50034,13.5667
1706,ML,Mali,Renewable energy consumption (% of total final energy consumption),2019,74.9,Sub-Saharan Africa ,Low income,-7.50034,13.5667
1707,ML,Mali,Renewable energy consumption (% of total final energy consumption),2018,77.2,Sub-Saharan Africa ,Low income,-7.50034,13.5667
1708,ML,Mali,Renewable energy consumption (% of total final energy consumption),2017,77.0,Sub-Saharan Africa ,Low income,-7.50034,13.5667
1709,ML,Mali,Renewable energy consumption (% of total final energy consumption),2016,77.9,Sub-Saharan Africa ,Low income,-7.50034,13.5667
1710,MT,Malta,Renewable energy consumption (% of total final energy consumption),2025,,"Middle East, North Africa, Afghanistan & Pakistan",High income,14.5189,35.9042
1711,MT,Malta,Renewable energy consumption (% of total final energy consumption),2024,,"Middle East, North Africa, Afghanistan & Pakistan",High income,14.5189,35.9042
1712,MT,Malta,Renewable energy consumption (% of total final energy consumption),2023,,"Middle East, North Africa, Afghanistan & Pakistan",High income,14.5189,35.9042
1713,MT,Malta,Renewable energy consumption (% of total final energy consumption),2022,,"Middle East, North Africa, Afghanistan & Pakistan",High income,14.5189,35.9042
1714,MT,Malta,Renewable energy consumption (% of total final energy consumption),2021,8.6,"Middle East, North Africa, Afghanistan & Pakistan",High income,14.5189,35.9042
1715,MT,Malta,Renewable energy consumption (% of total final energy consumption),2020,9.2,"Middle East, North Africa, Afghanistan & Pakistan",High income,14.5189,35.9042
1716,MT,Malta,Renewable energy consumption (% of total final energy consumption),2019,7.4,"Middle East, North Africa, Afghanistan & Pakistan",High income,14.5189,35.9042
1717,MT,Malta,Renewable energy consumption (% of total final energy consumption),2018,7.6,"Middle East, North Africa, Afghanistan & Pakistan",High income,14.5189,35.9042
1718,MT,Malta,Renewable energy consumption (% of total final energy consumption),2017,7.3,"Middle East, North Africa, Afghanistan & Pakistan",High income,14.5189,35.9042
1719,MT,Malta,Renewable energy consumption (% of total final energy consumption),2016,9.2,"Middle East, North Africa, Afghanistan & Pakistan",High income,14.5189,35.9042
1720,MH,Marshall Islands,Renewable energy consumption (% of total final energy consumption),2025,,East Asia & Pacific,Upper middle income,171.135,7.11046
1721,MH,Marshall Islands,Renewable energy consumption (% of total final energy consumption),2024,,East Asia & Pacific,Upper middle income,171.135,7.11046
1722,MH,Marshall Islands,Renewable energy consumption (% of total final energy consumption),2023,,East Asia & Pacific,Upper middle income,171.135,7.11046
1723,MH,Marshall Islands,Renewable energy consumption (% of total final energy consumption),2022,12.2,East Asia & Pacific,Upper middle income,171.135,7.11046
1724,MH,Marshall Islands,Renewable energy consumption (% of total final energy consumption),2021,12.1,East Asia & Pacific,Upper middle income,171.135,7.11046
1725,MH,Marshall Islands,Renewable energy consumption (% of total final energy consumption),2020,12.0,East Asia & Pacific,Upper middle income,171.135,7.11046
1726,MH,Marshall Islands,Renewable energy consumption (% of total final energy consumption),2019,12.1,East Asia & Pacific,Upper middle income,171.135,7.11046
1727,MH,Marshall Islands,Renewable energy consumption (% of total final energy consumption),2018,12.0,East Asia & Pacific,Upper middle income,171.135,7.11046
1728,MH,Marshall Islands,Renewable energy consumption (% of total final energy consumption),2017,12.0,East Asia & Pacific,Upper middle income,171.135,7.11046
1729,MH,Marshall Islands,Renewable energy consumption (% of total final energy consumption),2016,12.1,East Asia & Pacific,Upper middle income,171.135,7.11046
1730,MR,Mauritania,Renewable energy consumption (% of total final energy consumption),2025,,Sub-Saharan Africa ,Lower middle income,-15.9824,18.2367
1731,MR,Mauritania,Renewable energy consumption (% of total final energy consumption),2024,,Sub-Saharan Africa ,Lower middle income,-15.9824,18.2367
1732,MR,Mauritania,Renewable energy consumption (% of total final energy consumption),2023,,Sub-Saharan Africa ,Lower middle income,-15.9824,18.2367
1733,MR,Mauritania,Renewable energy consumption (% of total final energy consumption),2022,19.6,Sub-Saharan Africa ,Lower middle income,-15.9824,18.2367
1734,MR,Mauritania,Renewable energy consumption (% of total final energy consumption),2021,22.1,Sub-Saharan Africa ,Lower middle income,-15.9824,18.2367
1735,MR,Mauritania,Renewable energy consumption (% of total final energy consumption),2020,20.9,Sub-Saharan Africa ,Lower middle income,-15.9824,18.2367
1736,MR,Mauritania,Renewable energy consumption (% of total final energy consumption),2019,21.2,Sub-Saharan Africa ,Lower middle income,-15.9824,18.2367
1737,MR,Mauritania,Renewable energy consumption (% of total final energy consumption),2018,21.6,Sub-Saharan Africa ,Lower middle income,-15.9824,18.2367
1738,MR,Mauritania,Renewable energy consumption (% of total final energy consumption),2017,25.5,Sub-Saharan Africa ,Lower middle income,-15.9824,18.2367
1739,MR,Mauritania,Renewable energy consumption (% of total final energy consumption),2016,31.7,Sub-Saharan Africa ,Lower middle income,-15.9824,18.2367
1740,MU,Mauritius,Renewable energy consumption (% of total final energy consumption),2025,,Sub-Saharan Africa ,Upper middle income,57.4977,-20.1605
1741,MU,Mauritius,Renewable energy consumption (% of total final energy consumption),2024,,Sub-Saharan Africa ,Upper middle income,57.4977,-20.1605
1742,MU,Mauritius,Renewable energy consumption (% of total final energy consumption),2023,,Sub-Saharan Africa ,Upper middle income,57.4977,-20.1605
1743,MU,Mauritius,Renewable energy consumption (% of total final energy consumption),2022,,Sub-Saharan Africa ,Upper middle income,57.4977,-20.1605
1744,MU,Mauritius,Renewable energy consumption (% of total final energy consumption),2021,8.6,Sub-Saharan Africa ,Upper middle income,57.4977,-20.1605
1745,MU,Mauritius,Renewable energy consumption (% of total final energy consumption),2020,9.4,Sub-Saharan Africa ,Upper middle income,57.4977,-20.1605
1746,MU,Mauritius,Renewable energy consumption (% of total final energy consumption),2019,8.9,Sub-Saharan Africa ,Upper middle income,57.4977,-20.1605
1747,MU,Mauritius,Renewable energy consumption (% of total final energy consumption),2018,9.2,Sub-Saharan Africa ,Upper middle income,57.4977,-20.1605
1748,MU,Mauritius,Renewable energy consumption (% of total final energy consumption),2017,9.4,Sub-Saharan Africa ,Upper middle income,57.4977,-20.1605
1749,MU,Mauritius,Renewable energy consumption (% of total final energy consumption),2016,10.3,Sub-Saharan Africa ,Upper middle income,57.4977,-20.1605
1750,MX,Mexico,Renewable energy consumption (% of total final energy consumption),2025,,Latin America & Caribbean ,Upper middle income,-99.1276,19.427
1751,MX,Mexico,Renewable energy consumption (% of total final energy consumption),2024,,Latin America & Caribbean ,Upper middle income,-99.1276,19.427
1752,MX,Mexico,Renewable energy consumption (% of total final energy consumption),2023,,Latin America & Caribbean ,Upper middle income,-99.1276,19.427
1753,MX,Mexico,Renewable energy consumption (% of total final energy consumption),2022,,Latin America & Caribbean ,Upper middle income,-99.1276,19.427
1754,MX,Mexico,Renewable energy consumption (% of total final energy consumption),2021,13.0,Latin America & Caribbean ,Upper middle income,-99.1276,19.427
1755,MX,Mexico,Renewable energy consumption (% of total final energy consumption),2020,12.3,Latin America & Caribbean ,Upper middle income,-99.1276,19.427
1756,MX,Mexico,Renewable energy consumption (% of total final energy consumption),2019,10.3,Latin America & Caribbean ,Upper middle income,-99.1276,19.427
1757,MX,Mexico,Renewable energy consumption (% of total final energy consumption),2018,10.3,Latin America & Caribbean ,Upper middle income,-99.1276,19.427
1758,MX,Mexico,Renewable energy consumption (% of total final energy consumption),2017,10.1,Latin America & Caribbean ,Upper middle income,-99.1276,19.427
1759,MX,Mexico,Renewable energy consumption (% of total final energy consumption),2016,9.2,Latin America & Caribbean ,Upper middle income,-99.1276,19.427
1760,FM,"Micronesia, Fed. Sts.",Renewable energy consumption (% of total final energy consumption),2025,,East Asia & Pacific,Upper middle income,158.185,6.91771
1761,FM,"Micronesia, Fed. Sts.",Renewable energy consumption (% of total final energy consumption),2024,,East Asia & Pacific,Upper middle income,158.185,6.91771
1762,FM,"Micronesia, Fed. Sts.",Renewable energy consumption (% of total final energy consumption),2023,,East Asia & Pacific,Upper middle income,158.185,6.91771
1763,FM,"Micronesia, Fed. Sts.",Renewable energy consumption (% of total final energy consumption),2022,2.0,East Asia & Pacific,Upper middle income,158.185,6.91771
1764,FM,"Micronesia, Fed. Sts.",Renewable energy consumption (% of total final energy consumption),2021,2.1,East Asia & Pacific,Upper middle income,158.185,6.91771
1765,FM,"Micronesia, Fed. Sts.",Renewable energy consumption (% of total final energy consumption),2020,2.0,East Asia & Pacific,Upper middle income,158.185,6.91771
1766,FM,"Micronesia, Fed. Sts.",Renewable energy consumption (% of total final energy consumption),2019,2.0,East Asia & Pacific,Upper middle income,158.185,6.91771
1767,FM,"Micronesia, Fed. Sts.",Renewable energy consumption (% of total final energy consumption),2018,2.0,East Asia & Pacific,Upper middle income,158.185,6.91771
1768,FM,"Micronesia, Fed. Sts.",Renewable energy consumption (% of total final energy consumption),2017,1.7,East Asia & Pacific,Upper middle income,158.185,6.91771
1769,FM,"Micronesia, Fed. Sts.",Renewable energy consumption (% of total final energy consumption),2016,1.9,East Asia & Pacific,Upper middle income,158.185,6.91771
1770,MD,Moldova,Renewable energy consumption (% of total final energy consumption),2025,,Europe & Central Asia,Upper middle income,28.8497,47.0167
1771,MD,Moldova,Renewable energy consumption (% of total final energy consumption),2024,,Europe & Central Asia,Upper middle income,28.8497,47.0167
1772,MD,Moldova,Renewable energy consumption (% of total final energy consumption),2023,,Europe & Central Asia,Upper middle income,28.8497,47.0167
1773,MD,Moldova,Renewable energy consumption (% of total final energy consumption),2022,,Europe & Central Asia,Upper middle income,28.8497,47.0167
1774,MD,Moldova,Renewable energy consumption (% of total final energy consumption),2021,21.4,Europe & Central Asia,Upper middle income,28.8497,47.0167
1775,MD,Moldova,Renewable energy consumption (% of total final energy consumption),2020,22.3,Europe & Central Asia,Upper middle income,28.8497,47.0167
1776,MD,Moldova,Renewable energy consumption (% of total final energy consumption),2019,22.0,Europe & Central Asia,Upper middle income,28.8497,47.0167
1777,MD,Moldova,Renewable energy consumption (% of total final energy consumption),2018,25.3,Europe & Central Asia,Upper middle income,28.8497,47.0167
1778,MD,Moldova,Renewable energy consumption (% of total final energy consumption),2017,26.1,Europe & Central Asia,Upper middle income,28.8497,47.0167
1779,MD,Moldova,Renewable energy consumption (% of total final energy consumption),2016,25.3,Europe & Central Asia,Upper middle income,28.8497,47.0167
1780,MC,Monaco,Renewable energy consumption (% of total final energy consumption),2025,,Europe & Central Asia,High income,7.41891,43.7325
1781,MC,Monaco,Renewable energy consumption (% of total final energy consumption),2024,,Europe & Central Asia,High income,7.41891,43.7325
1782,MC,Monaco,Renewable energy consumption (% of total final energy consumption),2023,,Europe & Central Asia,High income,7.41891,43.7325
1783,MC,Monaco,Renewable energy consumption (% of total final energy consumption),2022,,Europe & Central Asia,High income,7.41891,43.7325
1784,MC,Monaco,Renewable energy consumption (% of total final energy consumption),2021,,Europe & Central Asia,High income,7.41891,43.7325
1785,MC,Monaco,Renewable energy consumption (% of total final energy consumption),2020,,Europe & Central Asia,High income,7.41891,43.7325
1786,MC,Monaco,Renewable energy consumption (% of total final energy consumption),2019,,Europe & Central Asia,High income,7.41891,43.7325
1787,MC,Monaco,Renewable energy consumption (% of total final energy consumption),2018,,Europe & Central Asia,High income,7.41891,43.7325
1788,MC,Monaco,Renewable energy consumption (% of total final energy consumption),2017,,Europe & Central Asia,High income,7.41891,43.7325
1789,MC,Monaco,Renewable energy consumption (% of total final energy consumption),2016,,Europe & Central Asia,High income,7.41891,43.7325
1790,MN,Mongolia,Renewable energy consumption (% of total final energy consumption),2025,,East Asia & Pacific,Upper middle income,106.937,47.9129
1791,MN,Mongolia,Renewable energy consumption (% of total final energy consumption),2024,,East Asia & Pacific,Upper middle income,106.937,47.9129
1792,MN,Mongolia,Renewable energy consumption (% of total final energy consumption),2023,,East Asia & Pacific,Upper middle income,106.937,47.9129
1793,MN,Mongolia,Renewable energy consumption (% of total final energy consumption),2022,,East Asia & Pacific,Upper middle income,106.937,47.9129
1794,MN,Mongolia,Renewable energy consumption (% of total final energy consumption),2021,3.0,East Asia & Pacific,Upper middle income,106.937,47.9129
1795,MN,Mongolia,Renewable energy consumption (% of total final energy consumption),2020,2.9,East Asia & Pacific,Upper middle income,106.937,47.9129
1796,MN,Mongolia,Renewable energy consumption (% of total final energy consumption),2019,2.3,East Asia & Pacific,Upper middle income,106.937,47.9129
1797,MN,Mongolia,Renewable energy consumption (% of total final energy consumption),2018,2.1,East Asia & Pacific,Upper middle income,106.937,47.9129
1798,MN,Mongolia,Renewable energy consumption (% of total final energy consumption),2017,1.8,East Asia & Pacific,Upper middle income,106.937,47.9129
1799,MN,Mongolia,Renewable energy consumption (% of total final energy consumption),2016,3.4,East Asia & Pacific,Upper middle income,106.937,47.9129
1800,ME,Montenegro,Renewable energy consumption (% of total final energy consumption),2025,,Europe & Central Asia,Upper middle income,19.2595,42.4602
1801,ME,Montenegro,Renewable energy consumption (% of total final energy consumption),2024,,Europe & Central Asia,Upper middle income,19.2595,42.4602
1802,ME,Montenegro,Renewable energy consumption (% of total final energy consumption),2023,,Europe & Central Asia,Upper middle income,19.2595,42.4602
1803,ME,Montenegro,Renewable energy consumption (% of total final energy consumption),2022,,Europe & Central Asia,Upper middle income,19.2595,42.4602
1804,ME,Montenegro,Renewable energy consumption (% of total final energy consumption),2021,39.6,Europe & Central Asia,Upper middle income,19.2595,42.4602
1805,ME,Montenegro,Renewable energy consumption (% of total final energy consumption),2020,39.6,Europe & Central Asia,Upper middle income,19.2595,42.4602
1806,ME,Montenegro,Renewable energy consumption (% of total final energy consumption),2019,38.7,Europe & Central Asia,Upper middle income,19.2595,42.4602
1807,ME,Montenegro,Renewable energy consumption (% of total final energy consumption),2018,40.6,Europe & Central Asia,Upper middle income,19.2595,42.4602
1808,ME,Montenegro,Renewable energy consumption (% of total final energy consumption),2017,37.8,Europe & Central Asia,Upper middle income,19.2595,42.4602
1809,ME,Montenegro,Renewable energy consumption (% of total final energy consumption),2016,43.9,Europe & Central Asia,Upper middle income,19.2595,42.4602
1810,MA,Morocco,Renewable energy consumption (% of total final energy consumption),2025,,"Middle East, North Africa, Afghanistan & Pakistan",Lower middle income,-6.8704,33.9905
1811,MA,Morocco,Renewable energy consumption (% of total final energy consumption),2024,,"Middle East, North Africa, Afghanistan & Pakistan",Lower middle income,-6.8704,33.9905
1812,MA,Morocco,Renewable energy consumption (% of total final energy consumption),2023,,"Middle East, North Africa, Afghanistan & Pakistan",Lower middle income,-6.8704,33.9905
1813,MA,Morocco,Renewable energy consumption (% of total final energy consumption),2022,,"Middle East, North Africa, Afghanistan & Pakistan",Lower middle income,-6.8704,33.9905
1814,MA,Morocco,Renewable energy consumption (% of total final energy consumption),2021,10.9,"Middle East, North Africa, Afghanistan & Pakistan",Lower middle income,-6.8704,33.9905
1815,MA,Morocco,Renewable energy consumption (% of total final energy consumption),2020,11.1,"Middle East, North Africa, Afghanistan & Pakistan",Lower middle income,-6.8704,33.9905
1816,MA,Morocco,Renewable energy consumption (% of total final energy consumption),2019,10.7,"Middle East, North Africa, Afghanistan & Pakistan",Lower middle income,-6.8704,33.9905
1817,MA,Morocco,Renewable energy consumption (% of total final energy consumption),2018,10.9,"Middle East, North Africa, Afghanistan & Pakistan",Lower middle income,-6.8704,33.9905
1818,MA,Morocco,Renewable energy consumption (% of total final energy consumption),2017,10.4,"Middle East, North Africa, Afghanistan & Pakistan",Lower middle income,-6.8704,33.9905
1819,MA,Morocco,Renewable energy consumption (% of total final energy consumption),2016,11.1,"Middle East, North Africa, Afghanistan & Pakistan",Lower middle income,-6.8704,33.9905
1820,MZ,Mozambique,Renewable energy consumption (% of total final energy consumption),2025,,Sub-Saharan Africa ,Low income,32.5713,-25.9664
1821,MZ,Mozambique,Renewable energy consumption (% of total final energy consumption),2024,,Sub-Saharan Africa ,Low income,32.5713,-25.9664
1822,MZ,Mozambique,Renewable energy consumption (% of total final energy consumption),2023,,Sub-Saharan Africa ,Low income,32.5713,-25.9664
1823,MZ,Mozambique,Renewable energy consumption (% of total final energy consumption),2022,,Sub-Saharan Africa ,Low income,32.5713,-25.9664
1824,MZ,Mozambique,Renewable energy consumption (% of total final energy consumption),2021,76.9,Sub-Saharan Africa ,Low income,32.5713,-25.9664
1825,MZ,Mozambique,Renewable energy consumption (% of total final energy consumption),2020,80.2,Sub-Saharan Africa ,Low income,32.5713,-25.9664
1826,MZ,Mozambique,Renewable energy consumption (% of total final energy consumption),2019,77.5,Sub-Saharan Africa ,Low income,32.5713,-25.9664
1827,MZ,Mozambique,Renewable energy consumption (% of total final energy consumption),2018,79.0,Sub-Saharan Africa ,Low income,32.5713,-25.9664
1828,MZ,Mozambique,Renewable energy consumption (% of total final energy consumption),2017,78.2,Sub-Saharan Africa ,Low income,32.5713,-25.9664
1829,MZ,Mozambique,Renewable energy consumption (% of total final energy consumption),2016,77.4,Sub-Saharan Africa ,Low income,32.5713,-25.9664
1830,MM,Myanmar,Renewable energy consumption (% of total final energy consumption),2025,,East Asia & Pacific,Lower middle income,95.9562,21.914
1831,MM,Myanmar,Renewable energy consumption (% of total final energy consumption),2024,,East Asia & Pacific,Lower middle income,95.9562,21.914
1832,MM,Myanmar,Renewable energy consumption (% of total final energy consumption),2023,,East Asia & Pacific,Lower middle income,95.9562,21.914
1833,MM,Myanmar,Renewable energy consumption (% of total final energy consumption),2022,,East Asia & Pacific,Lower middle income,95.9562,21.914
1834,MM,Myanmar,Renewable energy consumption (% of total final energy consumption),2021,62.9,East Asia & Pacific,Lower middle income,95.9562,21.914
1835,MM,Myanmar,Renewable energy consumption (% of total final energy consumption),2020,59.2,East Asia & Pacific,Lower middle income,95.9562,21.914
1836,MM,Myanmar,Renewable energy consumption (% of total final energy consumption),2019,58.5,East Asia & Pacific,Lower middle income,95.9562,21.914
1837,MM,Myanmar,Renewable energy consumption (% of total final energy consumption),2018,59.4,East Asia & Pacific,Lower middle income,95.9562,21.914
1838,MM,Myanmar,Renewable energy consumption (% of total final energy consumption),2017,59.5,East Asia & Pacific,Lower middle income,95.9562,21.914
1839,MM,Myanmar,Renewable energy consumption (% of total final energy consumption),2016,68.8,East Asia & Pacific,Lower middle income,95.9562,21.914
1840,NA,Namibia,Renewable energy consumption (% of total final energy consumption),2025,,Sub-Saharan Africa ,Lower middle income,17.0931,-22.5648
1841,NA,Namibia,Renewable energy consumption (% of total final energy consumption),2024,,Sub-Saharan Africa ,Lower middle income,17.0931,-22.5648
1842,NA,Namibia,Renewable energy consumption (% of total final energy consumption),2023,,Sub-Saharan Africa ,Lower middle income,17.0931,-22.5648
1843,NA,Namibia,Renewable energy consumption (% of total final energy consumption),2022,,Sub-Saharan Africa ,Lower middle income,17.0931,-22.5648
1844,NA,Namibia,Renewable energy consumption (% of total final energy consumption),2021,30.0,Sub-Saharan Africa ,Lower middle income,17.0931,-22.5648
1845,NA,Namibia,Renewable energy consumption (% of total final energy consumption),2020,31.2,Sub-Saharan Africa ,Lower middle income,17.0931,-22.5648
1846,NA,Namibia,Renewable energy consumption (% of total final energy consumption),2019,30.2,Sub-Saharan Africa ,Lower middle income,17.0931,-22.5648
1847,NA,Namibia,Renewable energy consumption (% of total final energy consumption),2018,30.9,Sub-Saharan Africa ,Lower middle income,17.0931,-22.5648
1848,NA,Namibia,Renewable energy consumption (% of total final energy consumption),2017,30.2,Sub-Saharan Africa ,Lower middle income,17.0931,-22.5648
1849,NA,Namibia,Renewable energy consumption (% of total final energy consumption),2016,29.2,Sub-Saharan Africa ,Lower middle income,17.0931,-22.5648
1850,NR,Naoero,Renewable energy consumption (% of total final energy consumption),2025,,East Asia & Pacific,High income,166.920867,-0.5477
1851,NR,Naoero,Renewable energy consumption (% of total final energy consumption),2024,,East Asia & Pacific,High income,166.920867,-0.5477
1852,NR,Naoero,Renewable energy consumption (% of total final energy consumption),2023,,East Asia & Pacific,High income,166.920867,-0.5477
1853,NR,Naoero,Renewable energy consumption (% of total final energy consumption),2022,1.9,East Asia & Pacific,High income,166.920867,-0.5477
1854,NR,Naoero,Renewable energy consumption (% of total final energy consumption),2021,1.6,East Asia & Pacific,High income,166.920867,-0.5477
1855,NR,Naoero,Renewable energy consumption (% of total final energy consumption),2020,1.3,East Asia & Pacific,High income,166.920867,-0.5477
1856,NR,Naoero,Renewable energy consumption (% of total final energy consumption),2019,0.6,East Asia & Pacific,High income,166.920867,-0.5477
1857,NR,Naoero,Renewable energy consumption (% of total final energy consumption),2018,0.7,East Asia & Pacific,High income,166.920867,-0.5477
1858,NR,Naoero,Renewable energy consumption (% of total final energy consumption),2017,0.6,East Asia & Pacific,High income,166.920867,-0.5477
1859,NR,Naoero,Renewable energy consumption (% of total final energy consumption),2016,0.2,East Asia & Pacific,High income,166.920867,-0.5477
1860,NP,Nepal,Renewable energy consumption (% of total final energy consumption),2025,,South Asia,Lower middle income,85.3157,27.6939
1861,NP,Nepal,Renewable energy consumption (% of total final energy consumption),2024,,South Asia,Lower middle income,85.3157,27.6939
1862,NP,Nepal,Renewable energy consumption (% of total final energy consumption),2023,,South Asia,Lower middle income,85.3157,27.6939
1863,NP,Nepal,Renewable energy consumption (% of total final energy consumption),2022,,South Asia,Lower middle income,85.3157,27.6939
1864,NP,Nepal,Renewable energy consumption (% of total final energy consumption),2021,73.7,South Asia,Lower middle income,85.3157,27.6939
1865,NP,Nepal,Renewable energy consumption (% of total final energy consumption),2020,73.1,South Asia,Lower middle income,85.3157,27.6939
1866,NP,Nepal,Renewable energy consumption (% of total final energy consumption),2019,78.2,South Asia,Lower middle income,85.3157,27.6939
1867,NP,Nepal,Renewable energy consumption (% of total final energy consumption),2018,75.0,South Asia,Lower middle income,85.3157,27.6939
1868,NP,Nepal,Renewable energy consumption (% of total final energy consumption),2017,76.8,South Asia,Lower middle income,85.3157,27.6939
1869,NP,Nepal,Renewable energy consumption (% of total final energy consumption),2016,79.4,South Asia,Lower middle income,85.3157,27.6939
1870,NL,Netherlands,Renewable energy consumption (% of total final energy consumption),2025,,Europe & Central Asia,High income,4.89095,52.3738
1871,NL,Netherlands,Renewable energy consumption (% of total final energy consumption),2024,,Europe & Central Asia,High income,4.89095,52.3738
1872,NL,Netherlands,Renewable energy consumption (% of total final energy consumption),2023,,Europe & Central Asia,High income,4.89095,52.3738
1873,NL,Netherlands,Renewable energy consumption (% of total final energy consumption),2022,,Europe & Central Asia,High income,4.89095,52.3738
1874,NL,Netherlands,Renewable energy consumption (% of total final energy consumption),2021,12.2,Europe & Central Asia,High income,4.89095,52.3738
1875,NL,Netherlands,Renewable energy consumption (% of total final energy consumption),2020,10.7,Europe & Central Asia,High income,4.89095,52.3738
1876,NL,Netherlands,Renewable energy consumption (% of total final energy consumption),2019,8.6,Europe & Central Asia,High income,4.89095,52.3738
1877,NL,Netherlands,Renewable energy consumption (% of total final energy consumption),2018,7.4,Europe & Central Asia,High income,4.89095,52.3738
1878,NL,Netherlands,Renewable energy consumption (% of total final energy consumption),2017,6.4,Europe & Central Asia,High income,4.89095,52.3738
1879,NL,Netherlands,Renewable energy consumption (% of total final energy consumption),2016,5.6,Europe & Central Asia,High income,4.89095,52.3738
1880,NC,New Caledonia,Renewable energy consumption (% of total final energy consumption),2025,,East Asia & Pacific,High income,166.464,-22.2677
1881,NC,New Caledonia,Renewable energy consumption (% of total final energy consumption),2024,,East Asia & Pacific,High income,166.464,-22.2677
1882,NC,New Caledonia,Renewable energy consumption (% of total final energy consumption),2023,,East Asia & Pacific,High income,166.464,-22.2677
1883,NC,New Caledonia,Renewable energy consumption (% of total final energy consumption),2022,9.6,East Asia & Pacific,High income,166.464,-22.2677
1884,NC,New Caledonia,Renewable energy consumption (% of total final energy consumption),2021,8.3,East Asia & Pacific,High income,166.464,-22.2677
1885,NC,New Caledonia,Renewable energy consumption (% of total final energy consumption),2020,6.1,East Asia & Pacific,High income,166.464,-22.2677
1886,NC,New Caledonia,Renewable energy consumption (% of total final energy consumption),2019,5.2,East Asia & Pacific,High income,166.464,-22.2677
1887,NC,New Caledonia,Renewable energy consumption (% of total final energy consumption),2018,4.6,East Asia & Pacific,High income,166.464,-22.2677
1888,NC,New Caledonia,Renewable energy consumption (% of total final energy consumption),2017,5.1,East Asia & Pacific,High income,166.464,-22.2677
1889,NC,New Caledonia,Renewable energy consumption (% of total final energy consumption),2016,3.7,East Asia & Pacific,High income,166.464,-22.2677
1890,NZ,New Zealand,Renewable energy consumption (% of total final energy consumption),2025,,East Asia & Pacific,High income,174.776,-41.2865
1891,NZ,New Zealand,Renewable energy consumption (% of total final energy consumption),2024,,East Asia & Pacific,High income,174.776,-41.2865
1892,NZ,New Zealand,Renewable energy consumption (% of total final energy consumption),2023,,East Asia & Pacific,High income,174.776,-41.2865
1893,NZ,New Zealand,Renewable energy consumption (% of total final energy consumption),2022,,East Asia & Pacific,High income,174.776,-41.2865
1894,NZ,New Zealand,Renewable energy consumption (% of total final energy consumption),2021,28.9,East Asia & Pacific,High income,174.776,-41.2865
1895,NZ,New Zealand,Renewable energy consumption (% of total final energy consumption),2020,28.7,East Asia & Pacific,High income,174.776,-41.2865
1896,NZ,New Zealand,Renewable energy consumption (% of total final energy consumption),2019,28.0,East Asia & Pacific,High income,174.776,-41.2865
1897,NZ,New Zealand,Renewable energy consumption (% of total final energy consumption),2018,28.9,East Asia & Pacific,High income,174.776,-41.2865
1898,NZ,New Zealand,Renewable energy consumption (% of total final energy consumption),2017,28.4,East Asia & Pacific,High income,174.776,-41.2865
1899,NZ,New Zealand,Renewable energy consumption (% of total final energy consumption),2016,30.1,East Asia & Pacific,High income,174.776,-41.2865
1900,NI,Nicaragua,Renewable energy consumption (% of total final energy consumption),2025,,Latin America & Caribbean ,Lower middle income,-86.2734,12.1475
1901,NI,Nicaragua,Renewable energy consumption (% of total final energy consumption),2024,,Latin America & Caribbean ,Lower middle income,-86.2734,12.1475
1902,NI,Nicaragua,Renewable energy consumption (% of total final energy consumption),2023,,Latin America & Caribbean ,Lower middle income,-86.2734,12.1475
1903,NI,Nicaragua,Renewable energy consumption (% of total final energy consumption),2022,,Latin America & Caribbean ,Lower middle income,-86.2734,12.1475
1904,NI,Nicaragua,Renewable energy consumption (% of total final energy consumption),2021,50.4,Latin America & Caribbean ,Lower middle income,-86.2734,12.1475
1905,NI,Nicaragua,Renewable energy consumption (% of total final energy consumption),2020,52.2,Latin America & Caribbean ,Lower middle income,-86.2734,12.1475
1906,NI,Nicaragua,Renewable energy consumption (% of total final energy consumption),2019,50.5,Latin America & Caribbean ,Lower middle income,-86.2734,12.1475
1907,NI,Nicaragua,Renewable energy consumption (% of total final energy consumption),2018,51.3,Latin America & Caribbean ,Lower middle income,-86.2734,12.1475
1908,NI,Nicaragua,Renewable energy consumption (% of total final energy consumption),2017,48.9,Latin America & Caribbean ,Lower middle income,-86.2734,12.1475
1909,NI,Nicaragua,Renewable energy consumption (% of total final energy consumption),2016,49.5,Latin America & Caribbean ,Lower middle income,-86.2734,12.1475
1910,NE,Niger,Renewable energy consumption (% of total final energy consumption),2025,,Sub-Saharan Africa ,Low income,2.1073,13.514
1911,NE,Niger,Renewable energy consumption (% of total final energy consumption),2024,,Sub-Saharan Africa ,Low income,2.1073,13.514
1912,NE,Niger,Renewable energy consumption (% of total final energy consumption),2023,,Sub-Saharan Africa ,Low income,2.1073,13.514
1913,NE,Niger,Renewable energy consumption (% of total final energy consumption),2022,,Sub-Saharan Africa ,Low income,2.1073,13.514
1914,NE,Niger,Renewable energy consumption (% of total final energy consumption),2021,79.6,Sub-Saharan Africa ,Low income,2.1073,13.514
1915,NE,Niger,Renewable energy consumption (% of total final energy consumption),2020,81.9,Sub-Saharan Africa ,Low income,2.1073,13.514
1916,NE,Niger,Renewable energy consumption (% of total final energy consumption),2019,80.7,Sub-Saharan Africa ,Low income,2.1073,13.514
1917,NE,Niger,Renewable energy consumption (% of total final energy consumption),2018,82.0,Sub-Saharan Africa ,Low income,2.1073,13.514
1918,NE,Niger,Renewable energy consumption (% of total final energy consumption),2017,82.0,Sub-Saharan Africa ,Low income,2.1073,13.514
1919,NE,Niger,Renewable energy consumption (% of total final energy consumption),2016,80.2,Sub-Saharan Africa ,Low income,2.1073,13.514
1920,NG,Nigeria,Renewable energy consumption (% of total final energy consumption),2025,,Sub-Saharan Africa ,Lower middle income,7.48906,9.05804
1921,NG,Nigeria,Renewable energy consumption (% of total final energy consumption),2024,,Sub-Saharan Africa ,Lower middle income,7.48906,9.05804
1922,NG,Nigeria,Renewable energy consumption (% of total final energy consumption),2023,,Sub-Saharan Africa ,Lower middle income,7.48906,9.05804
1923,NG,Nigeria,Renewable energy consumption (% of total final energy consumption),2022,,Sub-Saharan Africa ,Lower middle income,7.48906,9.05804
1924,NG,Nigeria,Renewable energy consumption (% of total final energy consumption),2021,80.3,Sub-Saharan Africa ,Lower middle income,7.48906,9.05804
1925,NG,Nigeria,Renewable energy consumption (% of total final energy consumption),2020,81.8,Sub-Saharan Africa ,Lower middle income,7.48906,9.05804
1926,NG,Nigeria,Renewable energy consumption (% of total final energy consumption),2019,80.1,Sub-Saharan Africa ,Lower middle income,7.48906,9.05804
1927,NG,Nigeria,Renewable energy consumption (% of total final energy consumption),2018,80.8,Sub-Saharan Africa ,Lower middle income,7.48906,9.05804
1928,NG,Nigeria,Renewable energy consumption (% of total final energy consumption),2017,81.6,Sub-Saharan Africa ,Lower middle income,7.48906,9.05804
1929,NG,Nigeria,Renewable energy consumption (% of total final energy consumption),2016,81.1,Sub-Saharan Africa ,Lower middle income,7.48906,9.05804
1930,MK,North Macedonia,Renewable energy consumption (% of total final energy consumption),2025,,Europe & Central Asia,Upper middle income,21.4361,42.0024
1931,MK,North Macedonia,Renewable energy consumption (% of total final energy consumption),2024,,Europe & Central Asia,Upper middle income,21.4361,42.0024
1932,MK,North Macedonia,Renewable energy consumption (% of total final energy consumption),2023,,Europe & Central Asia,Upper middle income,21.4361,42.0024
1933,MK,North Macedonia,Renewable energy consumption (% of total final energy consumption),2022,,Europe & Central Asia,Upper middle income,21.4361,42.0024
1934,MK,North Macedonia,Renewable energy consumption (% of total final energy consumption),2021,19.5,Europe & Central Asia,Upper middle income,21.4361,42.0024
1935,MK,North Macedonia,Renewable energy consumption (% of total final energy consumption),2020,20.0,Europe & Central Asia,Upper middle income,21.4361,42.0024
1936,MK,North Macedonia,Renewable energy consumption (% of total final energy consumption),2019,17.0,Europe & Central Asia,Upper middle income,21.4361,42.0024
1937,MK,North Macedonia,Renewable energy consumption (% of total final energy consumption),2018,20.9,Europe & Central Asia,Upper middle income,21.4361,42.0024
1938,MK,North Macedonia,Renewable energy consumption (% of total final energy consumption),2017,19.0,Europe & Central Asia,Upper middle income,21.4361,42.0024
1939,MK,North Macedonia,Renewable energy consumption (% of total final energy consumption),2016,21.4,Europe & Central Asia,Upper middle income,21.4361,42.0024
1940,MP,Northern Mariana Islands,Renewable energy consumption (% of total final energy consumption),2025,,East Asia & Pacific,High income,145.765,15.1935
1941,MP,Northern Mariana Islands,Renewable energy consumption (% of total final energy consumption),2024,,East Asia & Pacific,High income,145.765,15.1935
1942,MP,Northern Mariana Islands,Renewable energy consumption (% of total final energy consumption),2023,,East Asia & Pacific,High income,145.765,15.1935
1943,MP,Northern Mariana Islands,Renewable energy consumption (% of total final energy consumption),2022,0.5,East Asia & Pacific,High income,145.765,15.1935
1944,MP,Northern Mariana Islands,Renewable energy consumption (% of total final energy consumption),2021,0.5,East Asia & Pacific,High income,145.765,15.1935
1945,MP,Northern Mariana Islands,Renewable energy consumption (% of total final energy consumption),2020,0.3,East Asia & Pacific,High income,145.765,15.1935
1946,MP,Northern Mariana Islands,Renewable energy consumption (% of total final energy consumption),2019,0.0,East Asia & Pacific,High income,145.765,15.1935
1947,MP,Northern Mariana Islands,Renewable energy consumption (% of total final energy consumption),2018,0.0,East Asia & Pacific,High income,145.765,15.1935
1948,MP,Northern Mariana Islands,Renewable energy consumption (% of total final energy consumption),2017,0.0,East Asia & Pacific,High income,145.765,15.1935
1949,MP,Northern Mariana Islands,Renewable energy consumption (% of total final energy consumption),2016,0.0,East Asia & Pacific,High income,145.765,15.1935
1950,NO,Norway,Renewable energy consumption (% of total final energy consumption),2025,,Europe & Central Asia,High income,10.7387,59.9138
1951,NO,Norway,Renewable energy consumption (% of total final energy consumption),2024,,Europe & Central Asia,High income,10.7387,59.9138
1952,NO,Norway,Renewable energy consumption (% of total final energy consumption),2023,,Europe & Central Asia,High income,10.7387,59.9138
1953,NO,Norway,Renewable energy consumption (% of total final energy consumption),2022,,Europe & Central Asia,High income,10.7387,59.9138
1954,NO,Norway,Renewable energy consumption (% of total final energy consumption),2021,61.4,Europe & Central Asia,High income,10.7387,59.9138
1955,NO,Norway,Renewable energy consumption (% of total final energy consumption),2020,60.9,Europe & Central Asia,High income,10.7387,59.9138
1956,NO,Norway,Renewable energy consumption (% of total final energy consumption),2019,59.8,Europe & Central Asia,High income,10.7387,59.9138
1957,NO,Norway,Renewable energy consumption (% of total final energy consumption),2018,58.9,Europe & Central Asia,High income,10.7387,59.9138
1958,NO,Norway,Renewable energy consumption (% of total final energy consumption),2017,58.9,Europe & Central Asia,High income,10.7387,59.9138
1959,NO,Norway,Renewable energy consumption (% of total final energy consumption),2016,57.7,Europe & Central Asia,High income,10.7387,59.9138
1960,OM,Oman,Renewable energy consumption (% of total final energy consumption),2025,,"Middle East, North Africa, Afghanistan & Pakistan",High income,58.5874,23.6105
1961,OM,Oman,Renewable energy consumption (% of total final energy consumption),2024,,"Middle East, North Africa, Afghanistan & Pakistan",High income,58.5874,23.6105
1962,OM,Oman,Renewable energy consumption (% of total final energy consumption),2023,,"Middle East, North Africa, Afghanistan & Pakistan",High income,58.5874,23.6105
1963,OM,Oman,Renewable energy consumption (% of total final energy consumption),2022,,"Middle East, North Africa, Afghanistan & Pakistan",High income,58.5874,23.6105
1964,OM,Oman,Renewable energy consumption (% of total final energy consumption),2021,0.1,"Middle East, North Africa, Afghanistan & Pakistan",High income,58.5874,23.6105
1965,OM,Oman,Renewable energy consumption (% of total final energy consumption),2020,0.1,"Middle East, North Africa, Afghanistan & Pakistan",High income,58.5874,23.6105
1966,OM,Oman,Renewable energy consumption (% of total final energy consumption),2019,0.0,"Middle East, North Africa, Afghanistan & Pakistan",High income,58.5874,23.6105
1967,OM,Oman,Renewable energy consumption (% of total final energy consumption),2018,0.0,"Middle East, North Africa, Afghanistan & Pakistan",High income,58.5874,23.6105
1968,OM,Oman,Renewable energy consumption (% of total final energy consumption),2017,0.0,"Middle East, North Africa, Afghanistan & Pakistan",High income,58.5874,23.6105
1969,OM,Oman,Renewable energy consumption (% of total final energy consumption),2016,0.0,"Middle East, North Africa, Afghanistan & Pakistan",High income,58.5874,23.6105
1970,PK,Pakistan,Renewable energy consumption (% of total final energy consumption),2025,,"Middle East, North Africa, Afghanistan & Pakistan",Lower middle income,72.8,30.5167
1971,PK,Pakistan,Renewable energy consumption (% of total final energy consumption),2024,,"Middle East, North Africa, Afghanistan & Pakistan",Lower middle income,72.8,30.5167
1972,PK,Pakistan,Renewable energy consumption (% of total final energy consumption),2023,,"Middle East, North Africa, Afghanistan & Pakistan",Lower middle income,72.8,30.5167
1973,PK,Pakistan,Renewable energy consumption (% of total final energy consumption),2022,,"Middle East, North Africa, Afghanistan & Pakistan",Lower middle income,72.8,30.5167
1974,PK,Pakistan,Renewable energy consumption (% of total final energy consumption),2021,41.6,"Middle East, North Africa, Afghanistan & Pakistan",Lower middle income,72.8,30.5167
1975,PK,Pakistan,Renewable energy consumption (% of total final energy consumption),2020,42.7,"Middle East, North Africa, Afghanistan & Pakistan",Lower middle income,72.8,30.5167
1976,PK,Pakistan,Renewable energy consumption (% of total final energy consumption),2019,45.9,"Middle East, North Africa, Afghanistan & Pakistan",Lower middle income,72.8,30.5167
1977,PK,Pakistan,Renewable energy consumption (% of total final energy consumption),2018,43.4,"Middle East, North Africa, Afghanistan & Pakistan",Lower middle income,72.8,30.5167
1978,PK,Pakistan,Renewable energy consumption (% of total final energy consumption),2017,42.1,"Middle East, North Africa, Afghanistan & Pakistan",Lower middle income,72.8,30.5167
1979,PK,Pakistan,Renewable energy consumption (% of total final energy consumption),2016,43.7,"Middle East, North Africa, Afghanistan & Pakistan",Lower middle income,72.8,30.5167
1980,PW,Palau,Renewable energy consumption (% of total final energy consumption),2025,,East Asia & Pacific,High income,134.479,7.34194
1981,PW,Palau,Renewable energy consumption (% of total final energy consumption),2024,,East Asia & Pacific,High income,134.479,7.34194
1982,PW,Palau,Renewable energy consumption (% of total final energy consumption),2023,,East Asia & Pacific,High income,134.479,7.34194
1983,PW,Palau,Renewable energy consumption (% of total final energy consumption),2022,0.9,East Asia & Pacific,High income,134.479,7.34194
1984,PW,Palau,Renewable energy consumption (% of total final energy consumption),2021,0.9,East Asia & Pacific,High income,134.479,7.34194
1985,PW,Palau,Renewable energy consumption (% of total final energy consumption),2020,0.9,East Asia & Pacific,High income,134.479,7.34194
1986,PW,Palau,Renewable energy consumption (% of total final energy consumption),2019,0.9,East Asia & Pacific,High income,134.479,7.34194
1987,PW,Palau,Renewable energy consumption (% of total final energy consumption),2018,0.6,East Asia & Pacific,High income,134.479,7.34194
1988,PW,Palau,Renewable energy consumption (% of total final energy consumption),2017,0.6,East Asia & Pacific,High income,134.479,7.34194
1989,PW,Palau,Renewable energy consumption (% of total final energy consumption),2016,0.6,East Asia & Pacific,High income,134.479,7.34194
1990,PA,Panama,Renewable energy consumption (% of total final energy consumption),2025,,Latin America & Caribbean ,High income,-79.5188,8.99427
1991,PA,Panama,Renewable energy consumption (% of total final energy consumption),2024,,Latin America & Caribbean ,High income,-79.5188,8.99427
1992,PA,Panama,Renewable energy consumption (% of total final energy consumption),2023,,Latin America & Caribbean ,High income,-79.5188,8.99427
1993,PA,Panama,Renewable energy consumption (% of total final energy consumption),2022,,Latin America & Caribbean ,High income,-79.5188,8.99427
1994,PA,Panama,Renewable energy consumption (% of total final energy consumption),2021,28.0,Latin America & Caribbean ,High income,-79.5188,8.99427
1995,PA,Panama,Renewable energy consumption (% of total final energy consumption),2020,28.5,Latin America & Caribbean ,High income,-79.5188,8.99427
1996,PA,Panama,Renewable energy consumption (% of total final energy consumption),2019,19.0,Latin America & Caribbean ,High income,-79.5188,8.99427
1997,PA,Panama,Renewable energy consumption (% of total final energy consumption),2018,24.5,Latin America & Caribbean ,High income,-79.5188,8.99427
1998,PA,Panama,Renewable energy consumption (% of total final energy consumption),2017,23.6,Latin America & Caribbean ,High income,-79.5188,8.99427
1999,PA,Panama,Renewable energy consumption (% of total final energy consumption),2016,22.1,Latin America & Caribbean ,High income,-79.5188,8.99427
2000,PG,Papua New Guinea,Renewable energy consumption (% of total final energy consumption),2025,,East Asia & Pacific,Lower middle income,147.194,-9.47357
2001,PG,Papua New Guinea,Renewable energy consumption (% of total final energy consumption),2024,,East Asia & Pacific,Lower middle income,147.194,-9.47357
2002,PG,Papua New Guinea,Renewable energy consumption (% of total final energy consumption),2023,,East Asia & Pacific,Lower middle income,147.194,-9.47357
2003,PG,Papua New Guinea,Renewable energy consumption (% of total final energy consumption),2022,54.6,East Asia & Pacific,Lower middle income,147.194,-9.47357
2004,PG,Papua New Guinea,Renewable energy consumption (% of total final energy consumption),2021,54.5,East Asia & Pacific,Lower middle income,147.194,-9.47357
2005,PG,Papua New Guinea,Renewable energy consumption (% of total final energy consumption),2020,53.6,East Asia & Pacific,Lower middle income,147.194,-9.47357
2006,PG,Papua New Guinea,Renewable energy consumption (% of total final energy consumption),2019,53.2,East Asia & Pacific,Lower middle income,147.194,-9.47357
2007,PG,Papua New Guinea,Renewable energy consumption (% of total final energy consumption),2018,53.4,East Asia & Pacific,Lower middle income,147.194,-9.47357
2008,PG,Papua New Guinea,Renewable energy consumption (% of total final energy consumption),2017,54.7,East Asia & Pacific,Lower middle income,147.194,-9.47357
2009,PG,Papua New Guinea,Renewable energy consumption (% of total final energy consumption),2016,54.8,East Asia & Pacific,Lower middle income,147.194,-9.47357
2010,PY,Paraguay,Renewable energy consumption (% of total final energy consumption),2025,,Latin America & Caribbean ,Upper middle income,-57.6362,-25.3005
2011,PY,Paraguay,Renewable energy consumption (% of total final energy consumption),2024,,Latin America & Caribbean ,Upper middle income,-57.6362,-25.3005
2012,PY,Paraguay,Renewable energy consumption (% of total final energy consumption),2023,,Latin America & Caribbean ,Upper middle income,-57.6362,-25.3005
2013,PY,Paraguay,Renewable energy consumption (% of total final energy consumption),2022,,Latin America & Caribbean ,Upper middle income,-57.6362,-25.3005
2014,PY,Paraguay,Renewable energy consumption (% of total final energy consumption),2021,58.8,Latin America & Caribbean ,Upper middle income,-57.6362,-25.3005
2015,PY,Paraguay,Renewable energy consumption (% of total final energy consumption),2020,61.5,Latin America & Caribbean ,Upper middle income,-57.6362,-25.3005
2016,PY,Paraguay,Renewable energy consumption (% of total final energy consumption),2019,60.1,Latin America & Caribbean ,Upper middle income,-57.6362,-25.3005
2017,PY,Paraguay,Renewable energy consumption (% of total final energy consumption),2018,59.2,Latin America & Caribbean ,Upper middle income,-57.6362,-25.3005
2018,PY,Paraguay,Renewable energy consumption (% of total final energy consumption),2017,60.1,Latin America & Caribbean ,Upper middle income,-57.6362,-25.3005
2019,PY,Paraguay,Renewable energy consumption (% of total final energy consumption),2016,62.5,Latin America & Caribbean ,Upper middle income,-57.6362,-25.3005
2020,PE,Peru,Renewable energy consumption (% of total final energy consumption),2025,,Latin America & Caribbean ,Upper middle income,-77.0465,-12.0931
2021,PE,Peru,Renewable energy consumption (% of total final energy consumption),2024,,Latin America & Caribbean ,Upper middle income,-77.0465,-12.0931
2022,PE,Peru,Renewable energy consumption (% of total final energy consumption),2023,,Latin America & Caribbean ,Upper middle income,-77.0465,-12.0931
2023,PE,Peru,Renewable energy consumption (% of total final energy consumption),2022,,Latin America & Caribbean ,Upper middle income,-77.0465,-12.0931
2024,PE,Peru,Renewable energy consumption (% of total final energy consumption),2021,30.6,Latin America & Caribbean ,Upper middle income,-77.0465,-12.0931
2025,PE,Peru,Renewable energy consumption (% of total final energy consumption),2020,31.6,Latin America & Caribbean ,Upper middle income,-77.0465,-12.0931
2026,PE,Peru,Renewable energy consumption (% of total final energy consumption),2019,27.1,Latin America & Caribbean ,Upper middle income,-77.0465,-12.0931
2027,PE,Peru,Renewable energy consumption (% of total final energy consumption),2018,27.9,Latin America & Caribbean ,Upper middle income,-77.0465,-12.0931
2028,PE,Peru,Renewable energy consumption (% of total final energy consumption),2017,27.6,Latin America & Caribbean ,Upper middle income,-77.0465,-12.0931
2029,PE,Peru,Renewable energy consumption (% of total final energy consumption),2016,27.2,Latin America & Caribbean ,Upper middle income,-77.0465,-12.0931
2030,PH,Philippines,Renewable energy consumption (% of total final energy consumption),2025,,East Asia & Pacific,Upper middle income,121.035,14.5515
2031,PH,Philippines,Renewable energy consumption (% of total final energy consumption),2024,,East Asia & Pacific,Upper middle income,121.035,14.5515
2032,PH,Philippines,Renewable energy consumption (% of total final energy consumption),2023,,East Asia & Pacific,Upper middle income,121.035,14.5515
2033,PH,Philippines,Renewable energy consumption (% of total final energy consumption),2022,,East Asia & Pacific,Upper middle income,121.035,14.5515
2034,PH,Philippines,Renewable energy consumption (% of total final energy consumption),2021,28.0,East Asia & Pacific,Upper middle income,121.035,14.5515
2035,PH,Philippines,Renewable energy consumption (% of total final energy consumption),2020,29.1,East Asia & Pacific,Upper middle income,121.035,14.5515
2036,PH,Philippines,Renewable energy consumption (% of total final energy consumption),2019,26.9,East Asia & Pacific,Upper middle income,121.035,14.5515
2037,PH,Philippines,Renewable energy consumption (% of total final energy consumption),2018,27.6,East Asia & Pacific,Upper middle income,121.035,14.5515
2038,PH,Philippines,Renewable energy consumption (% of total final energy consumption),2017,27.8,East Asia & Pacific,Upper middle income,121.035,14.5515
2039,PH,Philippines,Renewable energy consumption (% of total final energy consumption),2016,28.6,East Asia & Pacific,Upper middle income,121.035,14.5515
2040,PL,Poland,Renewable energy consumption (% of total final energy consumption),2025,,Europe & Central Asia,High income,21.02,52.26
2041,PL,Poland,Renewable energy consumption (% of total final energy consumption),2024,,Europe & Central Asia,High income,21.02,52.26
2042,PL,Poland,Renewable energy consumption (% of total final energy consumption),2023,,Europe & Central Asia,High income,21.02,52.26
2043,PL,Poland,Renewable energy consumption (% of total final energy consumption),2022,,Europe & Central Asia,High income,21.02,52.26
2044,PL,Poland,Renewable energy consumption (% of total final energy consumption),2021,15.2,Europe & Central Asia,High income,21.02,52.26
2045,PL,Poland,Renewable energy consumption (% of total final energy consumption),2020,16.1,Europe & Central Asia,High income,21.02,52.26
2046,PL,Poland,Renewable energy consumption (% of total final energy consumption),2019,15.6,Europe & Central Asia,High income,21.02,52.26
2047,PL,Poland,Renewable energy consumption (% of total final energy consumption),2018,15.1,Europe & Central Asia,High income,21.02,52.26
2048,PL,Poland,Renewable energy consumption (% of total final energy consumption),2017,11.1,Europe & Central Asia,High income,21.02,52.26
2049,PL,Poland,Renewable energy consumption (% of total final energy consumption),2016,11.3,Europe & Central Asia,High income,21.02,52.26
2050,PT,Portugal,Renewable energy consumption (% of total final energy consumption),2025,,Europe & Central Asia,High income,-9.13552,38.7072
2051,PT,Portugal,Renewable energy consumption (% of total final energy consumption),2024,,Europe & Central Asia,High income,-9.13552,38.7072
2052,PT,Portugal,Renewable energy consumption (% of total final energy consumption),2023,,Europe & Central Asia,High income,-9.13552,38.7072
2053,PT,Portugal,Renewable energy consumption (% of total final energy consumption),2022,,Europe & Central Asia,High income,-9.13552,38.7072
2054,PT,Portugal,Renewable energy consumption (% of total final energy consumption),2021,32.3,Europe & Central Asia,High income,-9.13552,38.7072
2055,PT,Portugal,Renewable energy consumption (% of total final energy consumption),2020,31.3,Europe & Central Asia,High income,-9.13552,38.7072
2056,PT,Portugal,Renewable energy consumption (% of total final energy consumption),2019,28.2,Europe & Central Asia,High income,-9.13552,38.7072
2057,PT,Portugal,Renewable energy consumption (% of total final energy consumption),2018,27.5,Europe & Central Asia,High income,-9.13552,38.7072
2058,PT,Portugal,Renewable energy consumption (% of total final energy consumption),2017,24.4,Europe & Central Asia,High income,-9.13552,38.7072
2059,PT,Portugal,Renewable energy consumption (% of total final energy consumption),2016,29.0,Europe & Central Asia,High income,-9.13552,38.7072
2060,PR,Puerto Rico (US),Renewable energy consumption (% of total final energy consumption),2025,,Latin America & Caribbean ,High income,-66,18.23
2061,PR,Puerto Rico (US),Renewable energy consumption (% of total final energy consumption),2024,,Latin America & Caribbean ,High income,-66,18.23
2062,PR,Puerto Rico (US),Renewable energy consumption (% of total final energy consumption),2023,,Latin America & Caribbean ,High income,-66,18.23
2063,PR,Puerto Rico (US),Renewable energy consumption (% of total final energy consumption),2022,2.5,Latin America & Caribbean ,High income,-66,18.23
2064,PR,Puerto Rico (US),Renewable energy consumption (% of total final energy consumption),2021,2.6,Latin America & Caribbean ,High income,-66,18.23
2065,PR,Puerto Rico (US),Renewable energy consumption (% of total final energy consumption),2020,2.5,Latin America & Caribbean ,High income,-66,18.23
2066,PR,Puerto Rico (US),Renewable energy consumption (% of total final energy consumption),2019,2.4,Latin America & Caribbean ,High income,-66,18.23
2067,PR,Puerto Rico (US),Renewable energy consumption (% of total final energy consumption),2018,1.4,Latin America & Caribbean ,High income,-66,18.23
2068,PR,Puerto Rico (US),Renewable energy consumption (% of total final energy consumption),2017,2.3,Latin America & Caribbean ,High income,-66,18.23
2069,PR,Puerto Rico (US),Renewable energy consumption (% of total final energy consumption),2016,1.9,Latin America & Caribbean ,High income,-66,18.23
2070,QA,Qatar,Renewable energy consumption (% of total final energy consumption),2025,,"Middle East, North Africa, Afghanistan & Pakistan",High income,51.5082,25.2948
2071,QA,Qatar,Renewable energy consumption (% of total final energy consumption),2024,,"Middle East, North Africa, Afghanistan & Pakistan",High income,51.5082,25.2948
2072,QA,Qatar,Renewable energy consumption (% of total final energy consumption),2023,,"Middle East, North Africa, Afghanistan & Pakistan",High income,51.5082,25.2948
2073,QA,Qatar,Renewable energy consumption (% of total final energy consumption),2022,,"Middle East, North Africa, Afghanistan & Pakistan",High income,51.5082,25.2948
2074,QA,Qatar,Renewable energy consumption (% of total final energy consumption),2021,0.0,"Middle East, North Africa, Afghanistan & Pakistan",High income,51.5082,25.2948
2075,QA,Qatar,Renewable energy consumption (% of total final energy consumption),2020,0.0,"Middle East, North Africa, Afghanistan & Pakistan",High income,51.5082,25.2948
2076,QA,Qatar,Renewable energy consumption (% of total final energy consumption),2019,0.1,"Middle East, North Africa, Afghanistan & Pakistan",High income,51.5082,25.2948
2077,QA,Qatar,Renewable energy consumption (% of total final energy consumption),2018,0.0,"Middle East, North Africa, Afghanistan & Pakistan",High income,51.5082,25.2948
2078,QA,Qatar,Renewable energy consumption (% of total final energy consumption),2017,0.1,"Middle East, North Africa, Afghanistan & Pakistan",High income,51.5082,25.2948
2079,QA,Qatar,Renewable energy consumption (% of total final energy consumption),2016,0.1,"Middle East, North Africa, Afghanistan & Pakistan",High income,51.5082,25.2948
2080,RO,Romania,Renewable energy consumption (% of total final energy consumption),2025,,Europe & Central Asia,High income,26.0979,44.4479
2081,RO,Romania,Renewable energy consumption (% of total final energy consumption),2024,,Europe & Central Asia,High income,26.0979,44.4479
2082,RO,Romania,Renewable energy consumption (% of total final energy consumption),2023,,Europe & Central Asia,High income,26.0979,44.4479
2083,RO,Romania,Renewable energy consumption (% of total final energy consumption),2022,,Europe & Central Asia,High income,26.0979,44.4479
2084,RO,Romania,Renewable energy consumption (% of total final energy consumption),2021,23.6,Europe & Central Asia,High income,26.0979,44.4479
2085,RO,Romania,Renewable energy consumption (% of total final energy consumption),2020,24.1,Europe & Central Asia,High income,26.0979,44.4479
2086,RO,Romania,Renewable energy consumption (% of total final energy consumption),2019,23.5,Europe & Central Asia,High income,26.0979,44.4479
2087,RO,Romania,Renewable energy consumption (% of total final energy consumption),2018,23.0,Europe & Central Asia,High income,26.0979,44.4479
2088,RO,Romania,Renewable energy consumption (% of total final energy consumption),2017,23.4,Europe & Central Asia,High income,26.0979,44.4479
2089,RO,Romania,Renewable energy consumption (% of total final energy consumption),2016,24.4,Europe & Central Asia,High income,26.0979,44.4479
2090,RU,Russian Federation,Renewable energy consumption (% of total final energy consumption),2025,,Europe & Central Asia,High income,37.6176,55.7558
2091,RU,Russian Federation,Renewable energy consumption (% of total final energy consumption),2024,,Europe & Central Asia,High income,37.6176,55.7558
2092,RU,Russian Federation,Renewable energy consumption (% of total final energy consumption),2023,,Europe & Central Asia,High income,37.6176,55.7558
2093,RU,Russian Federation,Renewable energy consumption (% of total final energy consumption),2022,,Europe & Central Asia,High income,37.6176,55.7558
2094,RU,Russian Federation,Renewable energy consumption (% of total final energy consumption),2021,3.5,Europe & Central Asia,High income,37.6176,55.7558
2095,RU,Russian Federation,Renewable energy consumption (% of total final energy consumption),2020,3.7,Europe & Central Asia,High income,37.6176,55.7558
2096,RU,Russian Federation,Renewable energy consumption (% of total final energy consumption),2019,3.2,Europe & Central Asia,High income,37.6176,55.7558
2097,RU,Russian Federation,Renewable energy consumption (% of total final energy consumption),2018,3.2,Europe & Central Asia,High income,37.6176,55.7558
2098,RU,Russian Federation,Renewable energy consumption (% of total final energy consumption),2017,3.2,Europe & Central Asia,High income,37.6176,55.7558
2099,RU,Russian Federation,Renewable energy consumption (% of total final energy consumption),2016,3.4,Europe & Central Asia,High income,37.6176,55.7558
2100,RW,Rwanda,Renewable energy consumption (% of total final energy consumption),2025,,Sub-Saharan Africa ,Low income,30.0587,-1.95325
2101,RW,Rwanda,Renewable energy consumption (% of total final energy consumption),2024,,Sub-Saharan Africa ,Low income,30.0587,-1.95325
2102,RW,Rwanda,Renewable energy consumption (% of total final energy consumption),2023,,Sub-Saharan Africa ,Low income,30.0587,-1.95325
2103,RW,Rwanda,Renewable energy consumption (% of total final energy consumption),2022,79.9,Sub-Saharan Africa ,Low income,30.0587,-1.95325
2104,RW,Rwanda,Renewable energy consumption (% of total final energy consumption),2021,79.4,Sub-Saharan Africa ,Low income,30.0587,-1.95325
2105,RW,Rwanda,Renewable energy consumption (% of total final energy consumption),2020,81.7,Sub-Saharan Africa ,Low income,30.0587,-1.95325
2106,RW,Rwanda,Renewable energy consumption (% of total final energy consumption),2019,81.8,Sub-Saharan Africa ,Low income,30.0587,-1.95325
2107,RW,Rwanda,Renewable energy consumption (% of total final energy consumption),2018,82.8,Sub-Saharan Africa ,Low income,30.0587,-1.95325
2108,RW,Rwanda,Renewable energy consumption (% of total final energy consumption),2017,84.5,Sub-Saharan Africa ,Low income,30.0587,-1.95325
2109,RW,Rwanda,Renewable energy consumption (% of total final energy consumption),2016,85.5,Sub-Saharan Africa ,Low income,30.0587,-1.95325
2110,WS,Samoa,Renewable energy consumption (% of total final energy consumption),2025,,East Asia & Pacific,Upper middle income,-171.752,-13.8314
2111,WS,Samoa,Renewable energy consumption (% of total final energy consumption),2024,,East Asia & Pacific,Upper middle income,-171.752,-13.8314
2112,WS,Samoa,Renewable energy consumption (% of total final energy consumption),2023,,East Asia & Pacific,Upper middle income,-171.752,-13.8314
2113,WS,Samoa,Renewable energy consumption (% of total final energy consumption),2022,35.9,East Asia & Pacific,Upper middle income,-171.752,-13.8314
2114,WS,Samoa,Renewable energy consumption (% of total final energy consumption),2021,36.0,East Asia & Pacific,Upper middle income,-171.752,-13.8314
2115,WS,Samoa,Renewable energy consumption (% of total final energy consumption),2020,35.6,East Asia & Pacific,Upper middle income,-171.752,-13.8314
2116,WS,Samoa,Renewable energy consumption (% of total final energy consumption),2019,34.2,East Asia & Pacific,Upper middle income,-171.752,-13.8314
2117,WS,Samoa,Renewable energy consumption (% of total final energy consumption),2018,36.6,East Asia & Pacific,Upper middle income,-171.752,-13.8314
2118,WS,Samoa,Renewable energy consumption (% of total final energy consumption),2017,35.8,East Asia & Pacific,Upper middle income,-171.752,-13.8314
2119,WS,Samoa,Renewable energy consumption (% of total final energy consumption),2016,36.8,East Asia & Pacific,Upper middle income,-171.752,-13.8314
2120,SM,San Marino,Renewable energy consumption (% of total final energy consumption),2025,,Europe & Central Asia,High income,12.4486,43.9322
2121,SM,San Marino,Renewable energy consumption (% of total final energy consumption),2024,,Europe & Central Asia,High income,12.4486,43.9322
2122,SM,San Marino,Renewable energy consumption (% of total final energy consumption),2023,,Europe & Central Asia,High income,12.4486,43.9322
2123,SM,San Marino,Renewable energy consumption (% of total final energy consumption),2022,,Europe & Central Asia,High income,12.4486,43.9322
2124,SM,San Marino,Renewable energy consumption (% of total final energy consumption),2021,,Europe & Central Asia,High income,12.4486,43.9322
2125,SM,San Marino,Renewable energy consumption (% of total final energy consumption),2020,,Europe & Central Asia,High income,12.4486,43.9322
2126,SM,San Marino,Renewable energy consumption (% of total final energy consumption),2019,,Europe & Central Asia,High income,12.4486,43.9322
2127,SM,San Marino,Renewable energy consumption (% of total final energy consumption),2018,,Europe & Central Asia,High income,12.4486,43.9322
2128,SM,San Marino,Renewable energy consumption (% of total final energy consumption),2017,,Europe & Central Asia,High income,12.4486,43.9322
2129,SM,San Marino,Renewable energy consumption (% of total final energy consumption),2016,,Europe & Central Asia,High income,12.4486,43.9322
2130,ST,Sao Tome and Principe,Renewable energy consumption (% of total final energy consumption),2025,,Sub-Saharan Africa ,Lower middle income,6.6071,0.20618
2131,ST,Sao Tome and Principe,Renewable energy consumption (% of total final energy consumption),2024,,Sub-Saharan Africa ,Lower middle income,6.6071,0.20618
2132,ST,Sao Tome and Principe,Renewable energy consumption (% of total final energy consumption),2023,,Sub-Saharan Africa ,Lower middle income,6.6071,0.20618
2133,ST,Sao Tome and Principe,Renewable energy consumption (% of total final energy consumption),2022,42.5,Sub-Saharan Africa ,Lower middle income,6.6071,0.20618
2134,ST,Sao Tome and Principe,Renewable energy consumption (% of total final energy consumption),2021,40.8,Sub-Saharan Africa ,Lower middle income,6.6071,0.20618
2135,ST,Sao Tome and Principe,Renewable energy consumption (% of total final energy consumption),2020,41.6,Sub-Saharan Africa ,Lower middle income,6.6071,0.20618
2136,ST,Sao Tome and Principe,Renewable energy consumption (% of total final energy consumption),2019,38.6,Sub-Saharan Africa ,Lower middle income,6.6071,0.20618
2137,ST,Sao Tome and Principe,Renewable energy consumption (% of total final energy consumption),2018,40.6,Sub-Saharan Africa ,Lower middle income,6.6071,0.20618
2138,ST,Sao Tome and Principe,Renewable energy consumption (% of total final energy consumption),2017,39.2,Sub-Saharan Africa ,Lower middle income,6.6071,0.20618
2139,ST,Sao Tome and Principe,Renewable energy consumption (% of total final energy consumption),2016,38.1,Sub-Saharan Africa ,Lower middle income,6.6071,0.20618
2140,SA,Saudi Arabia,Renewable energy consumption (% of total final energy consumption),2025,,"Middle East, North Africa, Afghanistan & Pakistan",High income,46.6977,24.6748
2141,SA,Saudi Arabia,Renewable energy consumption (% of total final energy consumption),2024,,"Middle East, North Africa, Afghanistan & Pakistan",High income,46.6977,24.6748
2142,SA,Saudi Arabia,Renewable energy consumption (% of total final energy consumption),2023,,"Middle East, North Africa, Afghanistan & Pakistan",High income,46.6977,24.6748
2143,SA,Saudi Arabia,Renewable energy consumption (% of total final energy consumption),2022,,"Middle East, North Africa, Afghanistan & Pakistan",High income,46.6977,24.6748
2144,SA,Saudi Arabia,Renewable energy consumption (% of total final energy consumption),2021,0.1,"Middle East, North Africa, Afghanistan & Pakistan",High income,46.6977,24.6748
2145,SA,Saudi Arabia,Renewable energy consumption (% of total final energy consumption),2020,0.1,"Middle East, North Africa, Afghanistan & Pakistan",High income,46.6977,24.6748
2146,SA,Saudi Arabia,Renewable energy consumption (% of total final energy consumption),2019,0.0,"Middle East, North Africa, Afghanistan & Pakistan",High income,46.6977,24.6748
2147,SA,Saudi Arabia,Renewable energy consumption (% of total final energy consumption),2018,0.0,"Middle East, North Africa, Afghanistan & Pakistan",High income,46.6977,24.6748
2148,SA,Saudi Arabia,Renewable energy consumption (% of total final energy consumption),2017,0.0,"Middle East, North Africa, Afghanistan & Pakistan",High income,46.6977,24.6748
2149,SA,Saudi Arabia,Renewable energy consumption (% of total final energy consumption),2016,0.0,"Middle East, North Africa, Afghanistan & Pakistan",High income,46.6977,24.6748
2150,SN,Senegal,Renewable energy consumption (% of total final energy consumption),2025,,Sub-Saharan Africa ,Lower middle income,-17.4734,14.7247
2151,SN,Senegal,Renewable energy consumption (% of total final energy consumption),2024,,Sub-Saharan Africa ,Lower middle income,-17.4734,14.7247
2152,SN,Senegal,Renewable energy consumption (% of total final energy consumption),2023,,Sub-Saharan Africa ,Lower middle income,-17.4734,14.7247
2153,SN,Senegal,Renewable energy consumption (% of total final energy consumption),2022,,Sub-Saharan Africa ,Lower middle income,-17.4734,14.7247
2154,SN,Senegal,Renewable energy consumption (% of total final energy consumption),2021,35.4,Sub-Saharan Africa ,Lower middle income,-17.4734,14.7247
2155,SN,Senegal,Renewable energy consumption (% of total final energy consumption),2020,38.7,Sub-Saharan Africa ,Lower middle income,-17.4734,14.7247
2156,SN,Senegal,Renewable energy consumption (% of total final energy consumption),2019,36.2,Sub-Saharan Africa ,Lower middle income,-17.4734,14.7247
2157,SN,Senegal,Renewable energy consumption (% of total final energy consumption),2018,34.2,Sub-Saharan Africa ,Lower middle income,-17.4734,14.7247
2158,SN,Senegal,Renewable energy consumption (% of total final energy consumption),2017,36.8,Sub-Saharan Africa ,Lower middle income,-17.4734,14.7247
2159,SN,Senegal,Renewable energy consumption (% of total final energy consumption),2016,36.7,Sub-Saharan Africa ,Lower middle income,-17.4734,14.7247
2160,RS,Serbia,Renewable energy consumption (% of total final energy consumption),2025,,Europe & Central Asia,Upper middle income,20.4656,44.8024
2161,RS,Serbia,Renewable energy consumption (% of total final energy consumption),2024,,Europe & Central Asia,Upper middle income,20.4656,44.8024
2162,RS,Serbia,Renewable energy consumption (% of total final energy consumption),2023,,Europe & Central Asia,Upper middle income,20.4656,44.8024
2163,RS,Serbia,Renewable energy consumption (% of total final energy consumption),2022,,Europe & Central Asia,Upper middle income,20.4656,44.8024
2164,RS,Serbia,Renewable energy consumption (% of total final energy consumption),2021,27.2,Europe & Central Asia,Upper middle income,20.4656,44.8024
2165,RS,Serbia,Renewable energy consumption (% of total final energy consumption),2020,26.0,Europe & Central Asia,Upper middle income,20.4656,44.8024
2166,RS,Serbia,Renewable energy consumption (% of total final energy consumption),2019,21.4,Europe & Central Asia,Upper middle income,20.4656,44.8024
2167,RS,Serbia,Renewable energy consumption (% of total final energy consumption),2018,21.0,Europe & Central Asia,Upper middle income,20.4656,44.8024
2168,RS,Serbia,Renewable energy consumption (% of total final energy consumption),2017,20.0,Europe & Central Asia,Upper middle income,20.4656,44.8024
2169,RS,Serbia,Renewable energy consumption (% of total final energy consumption),2016,20.9,Europe & Central Asia,Upper middle income,20.4656,44.8024
2170,SC,Seychelles,Renewable energy consumption (% of total final energy consumption),2025,,Sub-Saharan Africa ,High income,55.4466,-4.6309
2171,SC,Seychelles,Renewable energy consumption (% of total final energy consumption),2024,,Sub-Saharan Africa ,High income,55.4466,-4.6309
2172,SC,Seychelles,Renewable energy consumption (% of total final energy consumption),2023,,Sub-Saharan Africa ,High income,55.4466,-4.6309
2173,SC,Seychelles,Renewable energy consumption (% of total final energy consumption),2022,1.9,Sub-Saharan Africa ,High income,55.4466,-4.6309
2174,SC,Seychelles,Renewable energy consumption (% of total final energy consumption),2021,1.7,Sub-Saharan Africa ,High income,55.4466,-4.6309
2175,SC,Seychelles,Renewable energy consumption (% of total final energy consumption),2020,1.3,Sub-Saharan Africa ,High income,55.4466,-4.6309
2176,SC,Seychelles,Renewable energy consumption (% of total final energy consumption),2019,1.2,Sub-Saharan Africa ,High income,55.4466,-4.6309
2177,SC,Seychelles,Renewable energy consumption (% of total final energy consumption),2018,1.2,Sub-Saharan Africa ,High income,55.4466,-4.6309
2178,SC,Seychelles,Renewable energy consumption (% of total final energy consumption),2017,1.2,Sub-Saharan Africa ,High income,55.4466,-4.6309
2179,SC,Seychelles,Renewable energy consumption (% of total final energy consumption),2016,1.2,Sub-Saharan Africa ,High income,55.4466,-4.6309
2180,SL,Sierra Leone,Renewable energy consumption (% of total final energy consumption),2025,,Sub-Saharan Africa ,Low income,-13.2134,8.4821
2181,SL,Sierra Leone,Renewable energy consumption (% of total final energy consumption),2024,,Sub-Saharan Africa ,Low income,-13.2134,8.4821
2182,SL,Sierra Leone,Renewable energy consumption (% of total final energy consumption),2023,,Sub-Saharan Africa ,Low income,-13.2134,8.4821
2183,SL,Sierra Leone,Renewable energy consumption (% of total final energy consumption),2022,71.6,Sub-Saharan Africa ,Low income,-13.2134,8.4821
2184,SL,Sierra Leone,Renewable energy consumption (% of total final energy consumption),2021,71.1,Sub-Saharan Africa ,Low income,-13.2134,8.4821
2185,SL,Sierra Leone,Renewable energy consumption (% of total final energy consumption),2020,75.1,Sub-Saharan Africa ,Low income,-13.2134,8.4821
2186,SL,Sierra Leone,Renewable energy consumption (% of total final energy consumption),2019,75.4,Sub-Saharan Africa ,Low income,-13.2134,8.4821
2187,SL,Sierra Leone,Renewable energy consumption (% of total final energy consumption),2018,75.9,Sub-Saharan Africa ,Low income,-13.2134,8.4821
2188,SL,Sierra Leone,Renewable energy consumption (% of total final energy consumption),2017,74.6,Sub-Saharan Africa ,Low income,-13.2134,8.4821
2189,SL,Sierra Leone,Renewable energy consumption (% of total final energy consumption),2016,73.6,Sub-Saharan Africa ,Low income,-13.2134,8.4821
2190,SG,Singapore,Renewable energy consumption (% of total final energy consumption),2025,,East Asia & Pacific,High income,103.85,1.28941
2191,SG,Singapore,Renewable energy consumption (% of total final energy consumption),2024,,East Asia & Pacific,High income,103.85,1.28941
2192,SG,Singapore,Renewable energy consumption (% of total final energy consumption),2023,,East Asia & Pacific,High income,103.85,1.28941
2193,SG,Singapore,Renewable energy consumption (% of total final energy consumption),2022,,East Asia & Pacific,High income,103.85,1.28941
2194,SG,Singapore,Renewable energy consumption (% of total final energy consumption),2021,1.1,East Asia & Pacific,High income,103.85,1.28941
2195,SG,Singapore,Renewable energy consumption (% of total final energy consumption),2020,0.9,East Asia & Pacific,High income,103.85,1.28941
2196,SG,Singapore,Renewable energy consumption (% of total final energy consumption),2019,0.9,East Asia & Pacific,High income,103.85,1.28941
2197,SG,Singapore,Renewable energy consumption (% of total final energy consumption),2018,0.8,East Asia & Pacific,High income,103.85,1.28941
2198,SG,Singapore,Renewable energy consumption (% of total final energy consumption),2017,0.7,East Asia & Pacific,High income,103.85,1.28941
2199,SG,Singapore,Renewable energy consumption (% of total final energy consumption),2016,0.7,East Asia & Pacific,High income,103.85,1.28941
2200,SX,Sint Maarten (Dutch part),Renewable energy consumption (% of total final energy consumption),2025,,Latin America & Caribbean ,High income,,
2201,SX,Sint Maarten (Dutch part),Renewable energy consumption (% of total final energy consumption),2024,,Latin America & Caribbean ,High income,,
2202,SX,Sint Maarten (Dutch part),Renewable energy consumption (% of total final energy consumption),2023,,Latin America & Caribbean ,High income,,
2203,SX,Sint Maarten (Dutch part),Renewable energy consumption (% of total final energy consumption),2022,0.0,Latin America & Caribbean ,High income,,
2204,SX,Sint Maarten (Dutch part),Renewable energy consumption (% of total final energy consumption),2021,0.0,Latin America & Caribbean ,High income,,
2205,SX,Sint Maarten (Dutch part),Renewable energy consumption (% of total final energy consumption),2020,0.0,Latin America & Caribbean ,High income,,
2206,SX,Sint Maarten (Dutch part),Renewable energy consumption (% of total final energy consumption),2019,0.0,Latin America & Caribbean ,High income,,
2207,SX,Sint Maarten (Dutch part),Renewable energy consumption (% of total final energy consumption),2018,0.0,Latin America & Caribbean ,High income,,
2208,SX,Sint Maarten (Dutch part),Renewable energy consumption (% of total final energy consumption),2017,0.0,Latin America & Caribbean ,High income,,
2209,SX,Sint Maarten (Dutch part),Renewable energy consumption (% of total final energy consumption),2016,0.0,Latin America & Caribbean ,High income,,
2210,SK,Slovak Republic,Renewable energy consumption (% of total final energy consumption),2025,,Europe & Central Asia,High income,17.1073,48.1484
2211,SK,Slovak Republic,Renewable energy consumption (% of total final energy consumption),2024,,Europe & Central Asia,High income,17.1073,48.1484
2212,SK,Slovak Republic,Renewable energy consumption (% of total final energy consumption),2023,,Europe & Central Asia,High income,17.1073,48.1484
2213,SK,Slovak Republic,Renewable energy consumption (% of total final energy consumption),2022,,Europe & Central Asia,High income,17.1073,48.1484
2214,SK,Slovak Republic,Renewable energy consumption (% of total final energy consumption),2021,17.9,Europe & Central Asia,High income,17.1073,48.1484
2215,SK,Slovak Republic,Renewable energy consumption (% of total final energy consumption),2020,17.6,Europe & Central Asia,High income,17.1073,48.1484
2216,SK,Slovak Republic,Renewable energy consumption (% of total final energy consumption),2019,17.6,Europe & Central Asia,High income,17.1073,48.1484
2217,SK,Slovak Republic,Renewable energy consumption (% of total final energy consumption),2018,12.4,Europe & Central Asia,High income,17.1073,48.1484
2218,SK,Slovak Republic,Renewable energy consumption (% of total final energy consumption),2017,12.4,Europe & Central Asia,High income,17.1073,48.1484
2219,SK,Slovak Republic,Renewable energy consumption (% of total final energy consumption),2016,13.1,Europe & Central Asia,High income,17.1073,48.1484
2220,SI,Slovenia,Renewable energy consumption (% of total final energy consumption),2025,,Europe & Central Asia,High income,14.5044,46.0546
2221,SI,Slovenia,Renewable energy consumption (% of total final energy consumption),2024,,Europe & Central Asia,High income,14.5044,46.0546
2222,SI,Slovenia,Renewable energy consumption (% of total final energy consumption),2023,,Europe & Central Asia,High income,14.5044,46.0546
2223,SI,Slovenia,Renewable energy consumption (% of total final energy consumption),2022,,Europe & Central Asia,High income,14.5044,46.0546
2224,SI,Slovenia,Renewable energy consumption (% of total final energy consumption),2021,23.4,Europe & Central Asia,High income,14.5044,46.0546
2225,SI,Slovenia,Renewable energy consumption (% of total final energy consumption),2020,22.7,Europe & Central Asia,High income,14.5044,46.0546
2226,SI,Slovenia,Renewable energy consumption (% of total final energy consumption),2019,20.9,Europe & Central Asia,High income,14.5044,46.0546
2227,SI,Slovenia,Renewable energy consumption (% of total final energy consumption),2018,20.6,Europe & Central Asia,High income,14.5044,46.0546
2228,SI,Slovenia,Renewable energy consumption (% of total final energy consumption),2017,19.7,Europe & Central Asia,High income,14.5044,46.0546
2229,SI,Slovenia,Renewable energy consumption (% of total final energy consumption),2016,21.0,Europe & Central Asia,High income,14.5044,46.0546
2230,SB,Solomon Islands,Renewable energy consumption (% of total final energy consumption),2025,,East Asia & Pacific,Lower middle income,159.949,-9.42676
2231,SB,Solomon Islands,Renewable energy consumption (% of total final energy consumption),2024,,East Asia & Pacific,Lower middle income,159.949,-9.42676
2232,SB,Solomon Islands,Renewable energy consumption (% of total final energy consumption),2023,,East Asia & Pacific,Lower middle income,159.949,-9.42676
2233,SB,Solomon Islands,Renewable energy consumption (% of total final energy consumption),2022,50.1,East Asia & Pacific,Lower middle income,159.949,-9.42676
2234,SB,Solomon Islands,Renewable energy consumption (% of total final energy consumption),2021,49.1,East Asia & Pacific,Lower middle income,159.949,-9.42676
2235,SB,Solomon Islands,Renewable energy consumption (% of total final energy consumption),2020,49.0,East Asia & Pacific,Lower middle income,159.949,-9.42676
2236,SB,Solomon Islands,Renewable energy consumption (% of total final energy consumption),2019,48.4,East Asia & Pacific,Lower middle income,159.949,-9.42676
2237,SB,Solomon Islands,Renewable energy consumption (% of total final energy consumption),2018,48.6,East Asia & Pacific,Lower middle income,159.949,-9.42676
2238,SB,Solomon Islands,Renewable energy consumption (% of total final energy consumption),2017,49.0,East Asia & Pacific,Lower middle income,159.949,-9.42676
2239,SB,Solomon Islands,Renewable energy consumption (% of total final energy consumption),2016,48.7,East Asia & Pacific,Lower middle income,159.949,-9.42676
2240,SO,"Somalia, Fed. Rep.",Renewable energy consumption (% of total final energy consumption),2025,,Sub-Saharan Africa ,Low income,45.3254,2.07515
2241,SO,"Somalia, Fed. Rep.",Renewable energy consumption (% of total final energy consumption),2024,,Sub-Saharan Africa ,Low income,45.3254,2.07515
2242,SO,"Somalia, Fed. Rep.",Renewable energy consumption (% of total final energy consumption),2023,,Sub-Saharan Africa ,Low income,45.3254,2.07515
2243,SO,"Somalia, Fed. Rep.",Renewable energy consumption (% of total final energy consumption),2022,95.4,Sub-Saharan Africa ,Low income,45.3254,2.07515
2244,SO,"Somalia, Fed. Rep.",Renewable energy consumption (% of total final energy consumption),2021,95.4,Sub-Saharan Africa ,Low income,45.3254,2.07515
2245,SO,"Somalia, Fed. Rep.",Renewable energy consumption (% of total final energy consumption),2020,95.5,Sub-Saharan Africa ,Low income,45.3254,2.07515
2246,SO,"Somalia, Fed. Rep.",Renewable energy consumption (% of total final energy consumption),2019,95.0,Sub-Saharan Africa ,Low income,45.3254,2.07515
2247,SO,"Somalia, Fed. Rep.",Renewable energy consumption (% of total final energy consumption),2018,94.9,Sub-Saharan Africa ,Low income,45.3254,2.07515
2248,SO,"Somalia, Fed. Rep.",Renewable energy consumption (% of total final energy consumption),2017,94.9,Sub-Saharan Africa ,Low income,45.3254,2.07515
2249,SO,"Somalia, Fed. Rep.",Renewable energy consumption (% of total final energy consumption),2016,94.8,Sub-Saharan Africa ,Low income,45.3254,2.07515
2250,ZA,South Africa,Renewable energy consumption (% of total final energy consumption),2025,,Sub-Saharan Africa ,Upper middle income,28.1871,-25.746
2251,ZA,South Africa,Renewable energy consumption (% of total final energy consumption),2024,,Sub-Saharan Africa ,Upper middle income,28.1871,-25.746
2252,ZA,South Africa,Renewable energy consumption (% of total final energy consumption),2023,,Sub-Saharan Africa ,Upper middle income,28.1871,-25.746
2253,ZA,South Africa,Renewable energy consumption (% of total final energy consumption),2022,,Sub-Saharan Africa ,Upper middle income,28.1871,-25.746
2254,ZA,South Africa,Renewable energy consumption (% of total final energy consumption),2021,9.7,Sub-Saharan Africa ,Upper middle income,28.1871,-25.746
2255,ZA,South Africa,Renewable energy consumption (% of total final energy consumption),2020,9.8,Sub-Saharan Africa ,Upper middle income,28.1871,-25.746
2256,ZA,South Africa,Renewable energy consumption (% of total final energy consumption),2019,8.7,Sub-Saharan Africa ,Upper middle income,28.1871,-25.746
2257,ZA,South Africa,Renewable energy consumption (% of total final energy consumption),2018,8.0,Sub-Saharan Africa ,Upper middle income,28.1871,-25.746
2258,ZA,South Africa,Renewable energy consumption (% of total final energy consumption),2017,7.9,Sub-Saharan Africa ,Upper middle income,28.1871,-25.746
2259,ZA,South Africa,Renewable energy consumption (% of total final energy consumption),2016,7.8,Sub-Saharan Africa ,Upper middle income,28.1871,-25.746
2260,SS,South Sudan,Renewable energy consumption (% of total final energy consumption),2025,,Sub-Saharan Africa ,Low income,31.6,4.85
2261,SS,South Sudan,Renewable energy consumption (% of total final energy consumption),2024,,Sub-Saharan Africa ,Low income,31.6,4.85
2262,SS,South Sudan,Renewable energy consumption (% of total final energy consumption),2023,,Sub-Saharan Africa ,Low income,31.6,4.85
2263,SS,South Sudan,Renewable energy consumption (% of total final energy consumption),2022,,Sub-Saharan Africa ,Low income,31.6,4.85
2264,SS,South Sudan,Renewable energy consumption (% of total final energy consumption),2021,32.4,Sub-Saharan Africa ,Low income,31.6,4.85
2265,SS,South Sudan,Renewable energy consumption (% of total final energy consumption),2020,32.8,Sub-Saharan Africa ,Low income,31.6,4.85
2266,SS,South Sudan,Renewable energy consumption (% of total final energy consumption),2019,31.4,Sub-Saharan Africa ,Low income,31.6,4.85
2267,SS,South Sudan,Renewable energy consumption (% of total final energy consumption),2018,31.5,Sub-Saharan Africa ,Low income,31.6,4.85
2268,SS,South Sudan,Renewable energy consumption (% of total final energy consumption),2017,35.1,Sub-Saharan Africa ,Low income,31.6,4.85
2269,SS,South Sudan,Renewable energy consumption (% of total final energy consumption),2016,28.7,Sub-Saharan Africa ,Low income,31.6,4.85
2270,ES,Spain,Renewable energy consumption (% of total final energy consumption),2025,,Europe & Central Asia,High income,-3.70327,40.4167
2271,ES,Spain,Renewable energy consumption (% of total final energy consumption),2024,,Europe & Central Asia,High income,-3.70327,40.4167
2272,ES,Spain,Renewable energy consumption (% of total final energy consumption),2023,,Europe & Central Asia,High income,-3.70327,40.4167
2273,ES,Spain,Renewable energy consumption (% of total final energy consumption),2022,,Europe & Central Asia,High income,-3.70327,40.4167
2274,ES,Spain,Renewable energy consumption (% of total final energy consumption),2021,19.0,Europe & Central Asia,High income,-3.70327,40.4167
2275,ES,Spain,Renewable energy consumption (% of total final energy consumption),2020,19.3,Europe & Central Asia,High income,-3.70327,40.4167
2276,ES,Spain,Renewable energy consumption (% of total final energy consumption),2019,16.7,Europe & Central Asia,High income,-3.70327,40.4167
2277,ES,Spain,Renewable energy consumption (% of total final energy consumption),2018,16.9,Europe & Central Asia,High income,-3.70327,40.4167
2278,ES,Spain,Renewable energy consumption (% of total final energy consumption),2017,15.2,Europe & Central Asia,High income,-3.70327,40.4167
2279,ES,Spain,Renewable energy consumption (% of total final energy consumption),2016,16.7,Europe & Central Asia,High income,-3.70327,40.4167
2280,LK,Sri Lanka,Renewable energy consumption (% of total final energy consumption),2025,,South Asia,Upper middle income,79.8528,6.92148
2281,LK,Sri Lanka,Renewable energy consumption (% of total final energy consumption),2024,,South Asia,Upper middle income,79.8528,6.92148
2282,LK,Sri Lanka,Renewable energy consumption (% of total final energy consumption),2023,,South Asia,Upper middle income,79.8528,6.92148
2283,LK,Sri Lanka,Renewable energy consumption (% of total final energy consumption),2022,,South Asia,Upper middle income,79.8528,6.92148
2284,LK,Sri Lanka,Renewable energy consumption (% of total final energy consumption),2021,48.8,South Asia,Upper middle income,79.8528,6.92148
2285,LK,Sri Lanka,Renewable energy consumption (% of total final energy consumption),2020,49.3,South Asia,Upper middle income,79.8528,6.92148
2286,LK,Sri Lanka,Renewable energy consumption (% of total final energy consumption),2019,46.1,South Asia,Upper middle income,79.8528,6.92148
2287,LK,Sri Lanka,Renewable energy consumption (% of total final energy consumption),2018,47.9,South Asia,Upper middle income,79.8528,6.92148
2288,LK,Sri Lanka,Renewable energy consumption (% of total final energy consumption),2017,45.8,South Asia,Upper middle income,79.8528,6.92148
2289,LK,Sri Lanka,Renewable energy consumption (% of total final energy consumption),2016,45.1,South Asia,Upper middle income,79.8528,6.92148
2290,KN,St. Kitts and Nevis,Renewable energy consumption (% of total final energy consumption),2025,,Latin America & Caribbean ,High income,-62.7309,17.3
2291,KN,St. Kitts and Nevis,Renewable energy consumption (% of total final energy consumption),2024,,Latin America & Caribbean ,High income,-62.7309,17.3
2292,KN,St. Kitts and Nevis,Renewable energy consumption (% of total final energy consumption),2023,,Latin America & Caribbean ,High income,-62.7309,17.3
2293,KN,St. Kitts and Nevis,Renewable energy consumption (% of total final energy consumption),2022,1.5,Latin America & Caribbean ,High income,-62.7309,17.3
2294,KN,St. Kitts and Nevis,Renewable energy consumption (% of total final energy consumption),2021,1.6,Latin America & Caribbean ,High income,-62.7309,17.3
2295,KN,St. Kitts and Nevis,Renewable energy consumption (% of total final energy consumption),2020,1.6,Latin America & Caribbean ,High income,-62.7309,17.3
2296,KN,St. Kitts and Nevis,Renewable energy consumption (% of total final energy consumption),2019,1.3,Latin America & Caribbean ,High income,-62.7309,17.3
2297,KN,St. Kitts and Nevis,Renewable energy consumption (% of total final energy consumption),2018,1.3,Latin America & Caribbean ,High income,-62.7309,17.3
2298,KN,St. Kitts and Nevis,Renewable energy consumption (% of total final energy consumption),2017,1.3,Latin America & Caribbean ,High income,-62.7309,17.3
2299,KN,St. Kitts and Nevis,Renewable energy consumption (% of total final energy consumption),2016,1.7,Latin America & Caribbean ,High income,-62.7309,17.3
2300,LC,St. Lucia,Renewable energy consumption (% of total final energy consumption),2025,,Latin America & Caribbean ,Upper middle income,-60.9832,14
2301,LC,St. Lucia,Renewable energy consumption (% of total final energy consumption),2024,,Latin America & Caribbean ,Upper middle income,-60.9832,14
2302,LC,St. Lucia,Renewable energy consumption (% of total final energy consumption),2023,,Latin America & Caribbean ,Upper middle income,-60.9832,14
2303,LC,St. Lucia,Renewable energy consumption (% of total final energy consumption),2022,9.7,Latin America & Caribbean ,Upper middle income,-60.9832,14
2304,LC,St. Lucia,Renewable energy consumption (% of total final energy consumption),2021,9.7,Latin America & Caribbean ,Upper middle income,-60.9832,14
2305,LC,St. Lucia,Renewable energy consumption (% of total final energy consumption),2020,10.0,Latin America & Caribbean ,Upper middle income,-60.9832,14
2306,LC,St. Lucia,Renewable energy consumption (% of total final energy consumption),2019,10.0,Latin America & Caribbean ,Upper middle income,-60.9832,14
2307,LC,St. Lucia,Renewable energy consumption (% of total final energy consumption),2018,10.2,Latin America & Caribbean ,Upper middle income,-60.9832,14
2308,LC,St. Lucia,Renewable energy consumption (% of total final energy consumption),2017,10.2,Latin America & Caribbean ,Upper middle income,-60.9832,14
2309,LC,St. Lucia,Renewable energy consumption (% of total final energy consumption),2016,11.2,Latin America & Caribbean ,Upper middle income,-60.9832,14
2310,MF,St. Martin (French part),Renewable energy consumption (% of total final energy consumption),2025,,Latin America & Caribbean ,High income,,
2311,MF,St. Martin (French part),Renewable energy consumption (% of total final energy consumption),2024,,Latin America & Caribbean ,High income,,
2312,MF,St. Martin (French part),Renewable energy consumption (% of total final energy consumption),2023,,Latin America & Caribbean ,High income,,
2313,MF,St. Martin (French part),Renewable energy consumption (% of total final energy consumption),2022,,Latin America & Caribbean ,High income,,
2314,MF,St. Martin (French part),Renewable energy consumption (% of total final energy consumption),2021,,Latin America & Caribbean ,High income,,
2315,MF,St. Martin (French part),Renewable energy consumption (% of total final energy consumption),2020,,Latin America & Caribbean ,High income,,
2316,MF,St. Martin (French part),Renewable energy consumption (% of total final energy consumption),2019,,Latin America & Caribbean ,High income,,
2317,MF,St. Martin (French part),Renewable energy consumption (% of total final energy consumption),2018,,Latin America & Caribbean ,High income,,
2318,MF,St. Martin (French part),Renewable energy consumption (% of total final energy consumption),2017,,Latin America & Caribbean ,High income,,
2319,MF,St. Martin (French part),Renewable energy consumption (% of total final energy consumption),2016,,Latin America & Caribbean ,High income,,
2320,VC,St. Vincent and the Grenadines,Renewable energy consumption (% of total final energy consumption),2025,,Latin America & Caribbean ,Upper middle income,-61.2653,13.2035
2321,VC,St. Vincent and the Grenadines,Renewable energy consumption (% of total final energy consumption),2024,,Latin America & Caribbean ,Upper middle income,-61.2653,13.2035
2322,VC,St. Vincent and the Grenadines,Renewable energy consumption (% of total final energy consumption),2023,,Latin America & Caribbean ,Upper middle income,-61.2653,13.2035
2323,VC,St. Vincent and the Grenadines,Renewable energy consumption (% of total final energy consumption),2022,5.1,Latin America & Caribbean ,Upper middle income,-61.2653,13.2035
2324,VC,St. Vincent and the Grenadines,Renewable energy consumption (% of total final energy consumption),2021,5.0,Latin America & Caribbean ,Upper middle income,-61.2653,13.2035
2325,VC,St. Vincent and the Grenadines,Renewable energy consumption (% of total final energy consumption),2020,5.2,Latin America & Caribbean ,Upper middle income,-61.2653,13.2035
2326,VC,St. Vincent and the Grenadines,Renewable energy consumption (% of total final energy consumption),2019,5.4,Latin America & Caribbean ,Upper middle income,-61.2653,13.2035
2327,VC,St. Vincent and the Grenadines,Renewable energy consumption (% of total final energy consumption),2018,4.9,Latin America & Caribbean ,Upper middle income,-61.2653,13.2035
2328,VC,St. Vincent and the Grenadines,Renewable energy consumption (% of total final energy consumption),2017,5.3,Latin America & Caribbean ,Upper middle income,-61.2653,13.2035
2329,VC,St. Vincent and the Grenadines,Renewable energy consumption (% of total final energy consumption),2016,4.1,Latin America & Caribbean ,Upper middle income,-61.2653,13.2035
2330,SD,Sudan,Renewable energy consumption (% of total final energy consumption),2025,,Sub-Saharan Africa ,Low income,32.5363,15.5932
2331,SD,Sudan,Renewable energy consumption (% of total final energy consumption),2024,,Sub-Saharan Africa ,Low income,32.5363,15.5932
2332,SD,Sudan,Renewable energy consumption (% of total final energy consumption),2023,,Sub-Saharan Africa ,Low income,32.5363,15.5932
2333,SD,Sudan,Renewable energy consumption (% of total final energy consumption),2022,,Sub-Saharan Africa ,Low income,32.5363,15.5932
2334,SD,Sudan,Renewable energy consumption (% of total final energy consumption),2021,61.0,Sub-Saharan Africa ,Low income,32.5363,15.5932
2335,SD,Sudan,Renewable energy consumption (% of total final energy consumption),2020,62.6,Sub-Saharan Africa ,Low income,32.5363,15.5932
2336,SD,Sudan,Renewable energy consumption (% of total final energy consumption),2019,59.4,Sub-Saharan Africa ,Low income,32.5363,15.5932
2337,SD,Sudan,Renewable energy consumption (% of total final energy consumption),2018,59.8,Sub-Saharan Africa ,Low income,32.5363,15.5932
2338,SD,Sudan,Renewable energy consumption (% of total final energy consumption),2017,59.4,Sub-Saharan Africa ,Low income,32.5363,15.5932
2339,SD,Sudan,Renewable energy consumption (% of total final energy consumption),2016,58.9,Sub-Saharan Africa ,Low income,32.5363,15.5932
2340,SR,Suriname,Renewable energy consumption (% of total final energy consumption),2025,,Latin America & Caribbean ,Upper middle income,-55.1679,5.8232
2341,SR,Suriname,Renewable energy consumption (% of total final energy consumption),2024,,Latin America & Caribbean ,Upper middle income,-55.1679,5.8232
2342,SR,Suriname,Renewable energy consumption (% of total final energy consumption),2023,,Latin America & Caribbean ,Upper middle income,-55.1679,5.8232
2343,SR,Suriname,Renewable energy consumption (% of total final energy consumption),2022,,Latin America & Caribbean ,Upper middle income,-55.1679,5.8232
2344,SR,Suriname,Renewable energy consumption (% of total final energy consumption),2021,14.5,Latin America & Caribbean ,Upper middle income,-55.1679,5.8232
2345,SR,Suriname,Renewable energy consumption (% of total final energy consumption),2020,14.6,Latin America & Caribbean ,Upper middle income,-55.1679,5.8232
2346,SR,Suriname,Renewable energy consumption (% of total final energy consumption),2019,14.9,Latin America & Caribbean ,Upper middle income,-55.1679,5.8232
2347,SR,Suriname,Renewable energy consumption (% of total final energy consumption),2018,18.3,Latin America & Caribbean ,Upper middle income,-55.1679,5.8232
2348,SR,Suriname,Renewable energy consumption (% of total final energy consumption),2017,15.5,Latin America & Caribbean ,Upper middle income,-55.1679,5.8232
2349,SR,Suriname,Renewable energy consumption (% of total final energy consumption),2016,11.1,Latin America & Caribbean ,Upper middle income,-55.1679,5.8232
2350,SE,Sweden,Renewable energy consumption (% of total final energy consumption),2025,,Europe & Central Asia,High income,18.0645,59.3327
2351,SE,Sweden,Renewable energy consumption (% of total final energy consumption),2024,,Europe & Central Asia,High income,18.0645,59.3327
2352,SE,Sweden,Renewable energy consumption (% of total final energy consumption),2023,,Europe & Central Asia,High income,18.0645,59.3327
2353,SE,Sweden,Renewable energy consumption (% of total final energy consumption),2022,,Europe & Central Asia,High income,18.0645,59.3327
2354,SE,Sweden,Renewable energy consumption (% of total final energy consumption),2021,57.9,Europe & Central Asia,High income,18.0645,59.3327
2355,SE,Sweden,Renewable energy consumption (% of total final energy consumption),2020,57.8,Europe & Central Asia,High income,18.0645,59.3327
2356,SE,Sweden,Renewable energy consumption (% of total final energy consumption),2019,52.9,Europe & Central Asia,High income,18.0645,59.3327
2357,SE,Sweden,Renewable energy consumption (% of total final energy consumption),2018,51.6,Europe & Central Asia,High income,18.0645,59.3327
2358,SE,Sweden,Renewable energy consumption (% of total final energy consumption),2017,51.8,Europe & Central Asia,High income,18.0645,59.3327
2359,SE,Sweden,Renewable energy consumption (% of total final energy consumption),2016,50.9,Europe & Central Asia,High income,18.0645,59.3327
2360,CH,Switzerland,Renewable energy consumption (% of total final energy consumption),2025,,Europe & Central Asia,High income,7.44821,46.948
2361,CH,Switzerland,Renewable energy consumption (% of total final energy consumption),2024,,Europe & Central Asia,High income,7.44821,46.948
2362,CH,Switzerland,Renewable energy consumption (% of total final energy consumption),2023,,Europe & Central Asia,High income,7.44821,46.948
2363,CH,Switzerland,Renewable energy consumption (% of total final energy consumption),2022,,Europe & Central Asia,High income,7.44821,46.948
2364,CH,Switzerland,Renewable energy consumption (% of total final energy consumption),2021,27.7,Europe & Central Asia,High income,7.44821,46.948
2365,CH,Switzerland,Renewable energy consumption (% of total final energy consumption),2020,26.4,Europe & Central Asia,High income,7.44821,46.948
2366,CH,Switzerland,Renewable energy consumption (% of total final energy consumption),2019,24.8,Europe & Central Asia,High income,7.44821,46.948
2367,CH,Switzerland,Renewable energy consumption (% of total final energy consumption),2018,24.2,Europe & Central Asia,High income,7.44821,46.948
2368,CH,Switzerland,Renewable energy consumption (% of total final energy consumption),2017,25.0,Europe & Central Asia,High income,7.44821,46.948
2369,CH,Switzerland,Renewable energy consumption (% of total final energy consumption),2016,24.1,Europe & Central Asia,High income,7.44821,46.948
2370,SY,Syrian Arab Republic,Renewable energy consumption (% of total final energy consumption),2025,,"Middle East, North Africa, Afghanistan & Pakistan",Low income,36.3119,33.5146
2371,SY,Syrian Arab Republic,Renewable energy consumption (% of total final energy consumption),2024,,"Middle East, North Africa, Afghanistan & Pakistan",Low income,36.3119,33.5146
2372,SY,Syrian Arab Republic,Renewable energy consumption (% of total final energy consumption),2023,,"Middle East, North Africa, Afghanistan & Pakistan",Low income,36.3119,33.5146
2373,SY,Syrian Arab Republic,Renewable energy consumption (% of total final energy consumption),2022,,"Middle East, North Africa, Afghanistan & Pakistan",Low income,36.3119,33.5146
2374,SY,Syrian Arab Republic,Renewable energy consumption (% of total final energy consumption),2021,1.1,"Middle East, North Africa, Afghanistan & Pakistan",Low income,36.3119,33.5146
2375,SY,Syrian Arab Republic,Renewable energy consumption (% of total final energy consumption),2020,1.1,"Middle East, North Africa, Afghanistan & Pakistan",Low income,36.3119,33.5146
2376,SY,Syrian Arab Republic,Renewable energy consumption (% of total final energy consumption),2019,1.0,"Middle East, North Africa, Afghanistan & Pakistan",Low income,36.3119,33.5146
2377,SY,Syrian Arab Republic,Renewable energy consumption (% of total final energy consumption),2018,0.9,"Middle East, North Africa, Afghanistan & Pakistan",Low income,36.3119,33.5146
2378,SY,Syrian Arab Republic,Renewable energy consumption (% of total final energy consumption),2017,1.1,"Middle East, North Africa, Afghanistan & Pakistan",Low income,36.3119,33.5146
2379,SY,Syrian Arab Republic,Renewable energy consumption (% of total final energy consumption),2016,1.3,"Middle East, North Africa, Afghanistan & Pakistan",Low income,36.3119,33.5146
2380,TJ,Tajikistan,Renewable energy consumption (% of total final energy consumption),2025,,Europe & Central Asia,Lower middle income,68.7864,38.5878
2381,TJ,Tajikistan,Renewable energy consumption (% of total final energy consumption),2024,,Europe & Central Asia,Lower middle income,68.7864,38.5878
2382,TJ,Tajikistan,Renewable energy consumption (% of total final energy consumption),2023,,Europe & Central Asia,Lower middle income,68.7864,38.5878
2383,TJ,Tajikistan,Renewable energy consumption (% of total final energy consumption),2022,,Europe & Central Asia,Lower middle income,68.7864,38.5878
2384,TJ,Tajikistan,Renewable energy consumption (% of total final energy consumption),2021,34.9,Europe & Central Asia,Lower middle income,68.7864,38.5878
2385,TJ,Tajikistan,Renewable energy consumption (% of total final energy consumption),2020,38.8,Europe & Central Asia,Lower middle income,68.7864,38.5878
2386,TJ,Tajikistan,Renewable energy consumption (% of total final energy consumption),2019,40.1,Europe & Central Asia,Lower middle income,68.7864,38.5878
2387,TJ,Tajikistan,Renewable energy consumption (% of total final energy consumption),2018,41.6,Europe & Central Asia,Lower middle income,68.7864,38.5878
2388,TJ,Tajikistan,Renewable energy consumption (% of total final energy consumption),2017,44.2,Europe & Central Asia,Lower middle income,68.7864,38.5878
2389,TJ,Tajikistan,Renewable energy consumption (% of total final energy consumption),2016,43.7,Europe & Central Asia,Lower middle income,68.7864,38.5878
2390,TZ,Tanzania,Renewable energy consumption (% of total final energy consumption),2025,,Sub-Saharan Africa ,Lower middle income,35.7382,-6.17486
2391,TZ,Tanzania,Renewable energy consumption (% of total final energy consumption),2024,,Sub-Saharan Africa ,Lower middle income,35.7382,-6.17486
2392,TZ,Tanzania,Renewable energy consumption (% of total final energy consumption),2023,,Sub-Saharan Africa ,Lower middle income,35.7382,-6.17486
2393,TZ,Tanzania,Renewable energy consumption (% of total final energy consumption),2022,,Sub-Saharan Africa ,Lower middle income,35.7382,-6.17486
2394,TZ,Tanzania,Renewable energy consumption (% of total final energy consumption),2021,78.3,Sub-Saharan Africa ,Lower middle income,35.7382,-6.17486
2395,TZ,Tanzania,Renewable energy consumption (% of total final energy consumption),2020,80.8,Sub-Saharan Africa ,Lower middle income,35.7382,-6.17486
2396,TZ,Tanzania,Renewable energy consumption (% of total final energy consumption),2019,80.4,Sub-Saharan Africa ,Lower middle income,35.7382,-6.17486
2397,TZ,Tanzania,Renewable energy consumption (% of total final energy consumption),2018,81.3,Sub-Saharan Africa ,Lower middle income,35.7382,-6.17486
2398,TZ,Tanzania,Renewable energy consumption (% of total final energy consumption),2017,82.0,Sub-Saharan Africa ,Lower middle income,35.7382,-6.17486
2399,TZ,Tanzania,Renewable energy consumption (% of total final energy consumption),2016,81.7,Sub-Saharan Africa ,Lower middle income,35.7382,-6.17486
2400,TH,Thailand,Renewable energy consumption (% of total final energy consumption),2025,,East Asia & Pacific,Upper middle income,100.521,13.7308
2401,TH,Thailand,Renewable energy consumption (% of total final energy consumption),2024,,East Asia & Pacific,Upper middle income,100.521,13.7308
2402,TH,Thailand,Renewable energy consumption (% of total final energy consumption),2023,,East Asia & Pacific,Upper middle income,100.521,13.7308
2403,TH,Thailand,Renewable energy consumption (% of total final energy consumption),2022,,East Asia & Pacific,Upper middle income,100.521,13.7308
2404,TH,Thailand,Renewable energy consumption (% of total final energy consumption),2021,19.0,East Asia & Pacific,Upper middle income,100.521,13.7308
2405,TH,Thailand,Renewable energy consumption (% of total final energy consumption),2020,20.9,East Asia & Pacific,Upper middle income,100.521,13.7308
2406,TH,Thailand,Renewable energy consumption (% of total final energy consumption),2019,23.9,East Asia & Pacific,Upper middle income,100.521,13.7308
2407,TH,Thailand,Renewable energy consumption (% of total final energy consumption),2018,23.7,East Asia & Pacific,Upper middle income,100.521,13.7308
2408,TH,Thailand,Renewable energy consumption (% of total final energy consumption),2017,22.2,East Asia & Pacific,Upper middle income,100.521,13.7308
2409,TH,Thailand,Renewable energy consumption (% of total final energy consumption),2016,22.4,East Asia & Pacific,Upper middle income,100.521,13.7308
2410,TL,Timor-Leste,Renewable energy consumption (% of total final energy consumption),2025,,East Asia & Pacific,Lower middle income,125.567,-8.56667
2411,TL,Timor-Leste,Renewable energy consumption (% of total final energy consumption),2024,,East Asia & Pacific,Lower middle income,125.567,-8.56667
2412,TL,Timor-Leste,Renewable energy consumption (% of total final energy consumption),2023,,East Asia & Pacific,Lower middle income,125.567,-8.56667
2413,TL,Timor-Leste,Renewable energy consumption (% of total final energy consumption),2022,11.4,East Asia & Pacific,Lower middle income,125.567,-8.56667
2414,TL,Timor-Leste,Renewable energy consumption (% of total final energy consumption),2021,12.1,East Asia & Pacific,Lower middle income,125.567,-8.56667
2415,TL,Timor-Leste,Renewable energy consumption (% of total final energy consumption),2020,11.4,East Asia & Pacific,Lower middle income,125.567,-8.56667
2416,TL,Timor-Leste,Renewable energy consumption (% of total final energy consumption),2019,11.7,East Asia & Pacific,Lower middle income,125.567,-8.56667
2417,TL,Timor-Leste,Renewable energy consumption (% of total final energy consumption),2018,12.7,East Asia & Pacific,Lower middle income,125.567,-8.56667
2418,TL,Timor-Leste,Renewable energy consumption (% of total final energy consumption),2017,13.2,East Asia & Pacific,Lower middle income,125.567,-8.56667
2419,TL,Timor-Leste,Renewable energy consumption (% of total final energy consumption),2016,12.7,East Asia & Pacific,Lower middle income,125.567,-8.56667
2420,TG,Togo,Renewable energy consumption (% of total final energy consumption),2025,,Sub-Saharan Africa ,Lower middle income,1.2255,6.1228
2421,TG,Togo,Renewable energy consumption (% of total final energy consumption),2024,,Sub-Saharan Africa ,Lower middle income,1.2255,6.1228
2422,TG,Togo,Renewable energy consumption (% of total final energy consumption),2023,,Sub-Saharan Africa ,Lower middle income,1.2255,6.1228
2423,TG,Togo,Renewable energy consumption (% of total final energy consumption),2022,,Sub-Saharan Africa ,Lower middle income,1.2255,6.1228
2424,TG,Togo,Renewable energy consumption (% of total final energy consumption),2021,75.1,Sub-Saharan Africa ,Lower middle income,1.2255,6.1228
2425,TG,Togo,Renewable energy consumption (% of total final energy consumption),2020,76.2,Sub-Saharan Africa ,Lower middle income,1.2255,6.1228
2426,TG,Togo,Renewable energy consumption (% of total final energy consumption),2019,78.6,Sub-Saharan Africa ,Lower middle income,1.2255,6.1228
2427,TG,Togo,Renewable energy consumption (% of total final energy consumption),2018,76.7,Sub-Saharan Africa ,Lower middle income,1.2255,6.1228
2428,TG,Togo,Renewable energy consumption (% of total final energy consumption),2017,78.4,Sub-Saharan Africa ,Lower middle income,1.2255,6.1228
2429,TG,Togo,Renewable energy consumption (% of total final energy consumption),2016,80.7,Sub-Saharan Africa ,Lower middle income,1.2255,6.1228
2430,TO,Tonga,Renewable energy consumption (% of total final energy consumption),2025,,East Asia & Pacific,Upper middle income,-175.216,-21.136
2431,TO,Tonga,Renewable energy consumption (% of total final energy consumption),2024,,East Asia & Pacific,Upper middle income,-175.216,-21.136
2432,TO,Tonga,Renewable energy consumption (% of total final energy consumption),2023,,East Asia & Pacific,Upper middle income,-175.216,-21.136
2433,TO,Tonga,Renewable energy consumption (% of total final energy consumption),2022,2.3,East Asia & Pacific,Upper middle income,-175.216,-21.136
2434,TO,Tonga,Renewable energy consumption (% of total final energy consumption),2021,1.8,East Asia & Pacific,Upper middle income,-175.216,-21.136
2435,TO,Tonga,Renewable energy consumption (% of total final energy consumption),2020,1.9,East Asia & Pacific,Upper middle income,-175.216,-21.136
2436,TO,Tonga,Renewable energy consumption (% of total final energy consumption),2019,1.8,East Asia & Pacific,Upper middle income,-175.216,-21.136
2437,TO,Tonga,Renewable energy consumption (% of total final energy consumption),2018,1.8,East Asia & Pacific,Upper middle income,-175.216,-21.136
2438,TO,Tonga,Renewable energy consumption (% of total final energy consumption),2017,2.0,East Asia & Pacific,Upper middle income,-175.216,-21.136
2439,TO,Tonga,Renewable energy consumption (% of total final energy consumption),2016,2.0,East Asia & Pacific,Upper middle income,-175.216,-21.136
2440,TT,Trinidad and Tobago,Renewable energy consumption (% of total final energy consumption),2025,,Latin America & Caribbean ,High income,-61.4789,10.6596
2441,TT,Trinidad and Tobago,Renewable energy consumption (% of total final energy consumption),2024,,Latin America & Caribbean ,High income,-61.4789,10.6596
2442,TT,Trinidad and Tobago,Renewable energy consumption (% of total final energy consumption),2023,,Latin America & Caribbean ,High income,-61.4789,10.6596
2443,TT,Trinidad and Tobago,Renewable energy consumption (% of total final energy consumption),2022,,Latin America & Caribbean ,High income,-61.4789,10.6596
2444,TT,Trinidad and Tobago,Renewable energy consumption (% of total final energy consumption),2021,0.5,Latin America & Caribbean ,High income,-61.4789,10.6596
2445,TT,Trinidad and Tobago,Renewable energy consumption (% of total final energy consumption),2020,0.5,Latin America & Caribbean ,High income,-61.4789,10.6596
2446,TT,Trinidad and Tobago,Renewable energy consumption (% of total final energy consumption),2019,0.4,Latin America & Caribbean ,High income,-61.4789,10.6596
2447,TT,Trinidad and Tobago,Renewable energy consumption (% of total final energy consumption),2018,0.5,Latin America & Caribbean ,High income,-61.4789,10.6596
2448,TT,Trinidad and Tobago,Renewable energy consumption (% of total final energy consumption),2017,0.4,Latin America & Caribbean ,High income,-61.4789,10.6596
2449,TT,Trinidad and Tobago,Renewable energy consumption (% of total final energy consumption),2016,0.4,Latin America & Caribbean ,High income,-61.4789,10.6596
2450,TN,Tunisia,Renewable energy consumption (% of total final energy consumption),2025,,"Middle East, North Africa, Afghanistan & Pakistan",Lower middle income,10.21,36.7899
2451,TN,Tunisia,Renewable energy consumption (% of total final energy consumption),2024,,"Middle East, North Africa, Afghanistan & Pakistan",Lower middle income,10.21,36.7899
2452,TN,Tunisia,Renewable energy consumption (% of total final energy consumption),2023,,"Middle East, North Africa, Afghanistan & Pakistan",Lower middle income,10.21,36.7899
2453,TN,Tunisia,Renewable energy consumption (% of total final energy consumption),2022,,"Middle East, North Africa, Afghanistan & Pakistan",Lower middle income,10.21,36.7899
2454,TN,Tunisia,Renewable energy consumption (% of total final energy consumption),2021,11.6,"Middle East, North Africa, Afghanistan & Pakistan",Lower middle income,10.21,36.7899
2455,TN,Tunisia,Renewable energy consumption (% of total final energy consumption),2020,12.9,"Middle East, North Africa, Afghanistan & Pakistan",Lower middle income,10.21,36.7899
2456,TN,Tunisia,Renewable energy consumption (% of total final energy consumption),2019,12.2,"Middle East, North Africa, Afghanistan & Pakistan",Lower middle income,10.21,36.7899
2457,TN,Tunisia,Renewable energy consumption (% of total final energy consumption),2018,11.9,"Middle East, North Africa, Afghanistan & Pakistan",Lower middle income,10.21,36.7899
2458,TN,Tunisia,Renewable energy consumption (% of total final energy consumption),2017,11.8,"Middle East, North Africa, Afghanistan & Pakistan",Lower middle income,10.21,36.7899
2459,TN,Tunisia,Renewable energy consumption (% of total final energy consumption),2016,12.4,"Middle East, North Africa, Afghanistan & Pakistan",Lower middle income,10.21,36.7899
2460,TR,Turkiye,Renewable energy consumption (% of total final energy consumption),2025,,Europe & Central Asia,Upper middle income,32.3606,39.7153
2461,TR,Turkiye,Renewable energy consumption (% of total final energy consumption),2024,,Europe & Central Asia,Upper middle income,32.3606,39.7153
2462,TR,Turkiye,Renewable energy consumption (% of total final energy consumption),2023,,Europe & Central Asia,Upper middle income,32.3606,39.7153
2463,TR,Turkiye,Renewable energy consumption (% of total final energy consumption),2022,,Europe & Central Asia,Upper middle income,32.3606,39.7153
2464,TR,Turkiye,Renewable energy consumption (% of total final energy consumption),2021,12.0,Europe & Central Asia,Upper middle income,32.3606,39.7153
2465,TR,Turkiye,Renewable energy consumption (% of total final energy consumption),2020,13.7,Europe & Central Asia,Upper middle income,32.3606,39.7153
2466,TR,Turkiye,Renewable energy consumption (% of total final energy consumption),2019,14.1,Europe & Central Asia,Upper middle income,32.3606,39.7153
2467,TR,Turkiye,Renewable energy consumption (% of total final energy consumption),2018,11.8,Europe & Central Asia,Upper middle income,32.3606,39.7153
2468,TR,Turkiye,Renewable energy consumption (% of total final energy consumption),2017,11.4,Europe & Central Asia,Upper middle income,32.3606,39.7153
2469,TR,Turkiye,Renewable energy consumption (% of total final energy consumption),2016,13.2,Europe & Central Asia,Upper middle income,32.3606,39.7153
2470,TM,Turkmenistan,Renewable energy consumption (% of total final energy consumption),2025,,Europe & Central Asia,Upper middle income,58.3794,37.9509
2471,TM,Turkmenistan,Renewable energy consumption (% of total final energy consumption),2024,,Europe & Central Asia,Upper middle income,58.3794,37.9509
2472,TM,Turkmenistan,Renewable energy consumption (% of total final energy consumption),2023,,Europe & Central Asia,Upper middle income,58.3794,37.9509
2473,TM,Turkmenistan,Renewable energy consumption (% of total final energy consumption),2022,,Europe & Central Asia,Upper middle income,58.3794,37.9509
2474,TM,Turkmenistan,Renewable energy consumption (% of total final energy consumption),2021,0.1,Europe & Central Asia,Upper middle income,58.3794,37.9509
2475,TM,Turkmenistan,Renewable energy consumption (% of total final energy consumption),2020,0.1,Europe & Central Asia,Upper middle income,58.3794,37.9509
2476,TM,Turkmenistan,Renewable energy consumption (% of total final energy consumption),2019,0.1,Europe & Central Asia,Upper middle income,58.3794,37.9509
2477,TM,Turkmenistan,Renewable energy consumption (% of total final energy consumption),2018,0.1,Europe & Central Asia,Upper middle income,58.3794,37.9509
2478,TM,Turkmenistan,Renewable energy consumption (% of total final energy consumption),2017,0.1,Europe & Central Asia,Upper middle income,58.3794,37.9509
2479,TM,Turkmenistan,Renewable energy consumption (% of total final energy consumption),2016,0.1,Europe & Central Asia,Upper middle income,58.3794,37.9509
2480,TC,Turks and Caicos Islands,Renewable energy consumption (% of total final energy consumption),2025,,Latin America & Caribbean ,High income,-71.141389,21.4602778
2481,TC,Turks and Caicos Islands,Renewable energy consumption (% of total final energy consumption),2024,,Latin America & Caribbean ,High income,-71.141389,21.4602778
2482,TC,Turks and Caicos Islands,Renewable energy consumption (% of total final energy consumption),2023,,Latin America & Caribbean ,High income,-71.141389,21.4602778
2483,TC,Turks and Caicos Islands,Renewable energy consumption (% of total final energy consumption),2022,0.8,Latin America & Caribbean ,High income,-71.141389,21.4602778
2484,TC,Turks and Caicos Islands,Renewable energy consumption (% of total final energy consumption),2021,0.8,Latin America & Caribbean ,High income,-71.141389,21.4602778
2485,TC,Turks and Caicos Islands,Renewable energy consumption (% of total final energy consumption),2020,0.5,Latin America & Caribbean ,High income,-71.141389,21.4602778
2486,TC,Turks and Caicos Islands,Renewable energy consumption (% of total final energy consumption),2019,0.5,Latin America & Caribbean ,High income,-71.141389,21.4602778
2487,TC,Turks and Caicos Islands,Renewable energy consumption (% of total final energy consumption),2018,0.4,Latin America & Caribbean ,High income,-71.141389,21.4602778
2488,TC,Turks and Caicos Islands,Renewable energy consumption (% of total final energy consumption),2017,0.3,Latin America & Caribbean ,High income,-71.141389,21.4602778
2489,TC,Turks and Caicos Islands,Renewable energy consumption (% of total final energy consumption),2016,0.4,Latin America & Caribbean ,High income,-71.141389,21.4602778
2490,TV,Tuvalu,Renewable energy consumption (% of total final energy consumption),2025,,East Asia & Pacific,Upper middle income,179.089567,-8.6314877
2491,TV,Tuvalu,Renewable energy consumption (% of total final energy consumption),2024,,East Asia & Pacific,Upper middle income,179.089567,-8.6314877
2492,TV,Tuvalu,Renewable energy consumption (% of total final energy consumption),2023,,East Asia & Pacific,Upper middle income,179.089567,-8.6314877
2493,TV,Tuvalu,Renewable energy consumption (% of total final energy consumption),2022,5.2,East Asia & Pacific,Upper middle income,179.089567,-8.6314877
2494,TV,Tuvalu,Renewable energy consumption (% of total final energy consumption),2021,5.0,East Asia & Pacific,Upper middle income,179.089567,-8.6314877
2495,TV,Tuvalu,Renewable energy consumption (% of total final energy consumption),2020,5.0,East Asia & Pacific,Upper middle income,179.089567,-8.6314877
2496,TV,Tuvalu,Renewable energy consumption (% of total final energy consumption),2019,6.3,East Asia & Pacific,Upper middle income,179.089567,-8.6314877
2497,TV,Tuvalu,Renewable energy consumption (% of total final energy consumption),2018,6.4,East Asia & Pacific,Upper middle income,179.089567,-8.6314877
2498,TV,Tuvalu,Renewable energy consumption (% of total final energy consumption),2017,7.0,East Asia & Pacific,Upper middle income,179.089567,-8.6314877
2499,TV,Tuvalu,Renewable energy consumption (% of total final energy consumption),2016,7.3,East Asia & Pacific,Upper middle income,179.089567,-8.6314877
2500,UG,Uganda,Renewable energy consumption (% of total final energy consumption),2025,,Sub-Saharan Africa ,Low income,32.5729,0.314269
2501,UG,Uganda,Renewable energy consumption (% of total final energy consumption),2024,,Sub-Saharan Africa ,Low income,32.5729,0.314269
2502,UG,Uganda,Renewable energy consumption (% of total final energy consumption),2023,,Sub-Saharan Africa ,Low income,32.5729,0.314269
2503,UG,Uganda,Renewable energy consumption (% of total final energy consumption),2022,90.9,Sub-Saharan Africa ,Low income,32.5729,0.314269
2504,UG,Uganda,Renewable energy consumption (% of total final energy consumption),2021,91.0,Sub-Saharan Africa ,Low income,32.5729,0.314269
2505,UG,Uganda,Renewable energy consumption (% of total final energy consumption),2020,91.6,Sub-Saharan Africa ,Low income,32.5729,0.314269
2506,UG,Uganda,Renewable energy consumption (% of total final energy consumption),2019,90.5,Sub-Saharan Africa ,Low income,32.5729,0.314269
2507,UG,Uganda,Renewable energy consumption (% of total final energy consumption),2018,90.5,Sub-Saharan Africa ,Low income,32.5729,0.314269
2508,UG,Uganda,Renewable energy consumption (% of total final energy consumption),2017,91.3,Sub-Saharan Africa ,Low income,32.5729,0.314269
2509,UG,Uganda,Renewable energy consumption (% of total final energy consumption),2016,91.4,Sub-Saharan Africa ,Low income,32.5729,0.314269
2510,UA,Ukraine,Renewable energy consumption (% of total final energy consumption),2025,,Europe & Central Asia,Upper middle income,30.5038,50.4536
2511,UA,Ukraine,Renewable energy consumption (% of total final energy consumption),2024,,Europe & Central Asia,Upper middle income,30.5038,50.4536
2512,UA,Ukraine,Renewable energy consumption (% of total final energy consumption),2023,,Europe & Central Asia,Upper middle income,30.5038,50.4536
2513,UA,Ukraine,Renewable energy consumption (% of total final energy consumption),2022,,Europe & Central Asia,Upper middle income,30.5038,50.4536
2514,UA,Ukraine,Renewable energy consumption (% of total final energy consumption),2021,8.9,Europe & Central Asia,Upper middle income,30.5038,50.4536
2515,UA,Ukraine,Renewable energy consumption (% of total final energy consumption),2020,8.7,Europe & Central Asia,Upper middle income,30.5038,50.4536
2516,UA,Ukraine,Renewable energy consumption (% of total final energy consumption),2019,7.4,Europe & Central Asia,Upper middle income,30.5038,50.4536
2517,UA,Ukraine,Renewable energy consumption (% of total final energy consumption),2018,6.9,Europe & Central Asia,Upper middle income,30.5038,50.4536
2518,UA,Ukraine,Renewable energy consumption (% of total final energy consumption),2017,6.5,Europe & Central Asia,Upper middle income,30.5038,50.4536
2519,UA,Ukraine,Renewable energy consumption (% of total final energy consumption),2016,5.5,Europe & Central Asia,Upper middle income,30.5038,50.4536
2520,AE,United Arab Emirates,Renewable energy consumption (% of total final energy consumption),2025,,"Middle East, North Africa, Afghanistan & Pakistan",High income,54.3705,24.4764
2521,AE,United Arab Emirates,Renewable energy consumption (% of total final energy consumption),2024,,"Middle East, North Africa, Afghanistan & Pakistan",High income,54.3705,24.4764
2522,AE,United Arab Emirates,Renewable energy consumption (% of total final energy consumption),2023,,"Middle East, North Africa, Afghanistan & Pakistan",High income,54.3705,24.4764
2523,AE,United Arab Emirates,Renewable energy consumption (% of total final energy consumption),2022,,"Middle East, North Africa, Afghanistan & Pakistan",High income,54.3705,24.4764
2524,AE,United Arab Emirates,Renewable energy consumption (% of total final energy consumption),2021,1.0,"Middle East, North Africa, Afghanistan & Pakistan",High income,54.3705,24.4764
2525,AE,United Arab Emirates,Renewable energy consumption (% of total final energy consumption),2020,0.9,"Middle East, North Africa, Afghanistan & Pakistan",High income,54.3705,24.4764
2526,AE,United Arab Emirates,Renewable energy consumption (% of total final energy consumption),2019,0.7,"Middle East, North Africa, Afghanistan & Pakistan",High income,54.3705,24.4764
2527,AE,United Arab Emirates,Renewable energy consumption (% of total final energy consumption),2018,0.3,"Middle East, North Africa, Afghanistan & Pakistan",High income,54.3705,24.4764
2528,AE,United Arab Emirates,Renewable energy consumption (% of total final energy consumption),2017,0.2,"Middle East, North Africa, Afghanistan & Pakistan",High income,54.3705,24.4764
2529,AE,United Arab Emirates,Renewable energy consumption (% of total final energy consumption),2016,0.1,"Middle East, North Africa, Afghanistan & Pakistan",High income,54.3705,24.4764
2530,GB,United Kingdom,Renewable energy consumption (% of total final energy consumption),2025,,Europe & Central Asia,High income,-0.126236,51.5002
2531,GB,United Kingdom,Renewable energy consumption (% of total final energy consumption),2024,,Europe & Central Asia,High income,-0.126236,51.5002
2532,GB,United Kingdom,Renewable energy consumption (% of total final energy consumption),2023,,Europe & Central Asia,High income,-0.126236,51.5002
2533,GB,United Kingdom,Renewable energy consumption (% of total final energy consumption),2022,,Europe & Central Asia,High income,-0.126236,51.5002
2534,GB,United Kingdom,Renewable energy consumption (% of total final energy consumption),2021,12.2,Europe & Central Asia,High income,-0.126236,51.5002
2535,GB,United Kingdom,Renewable energy consumption (% of total final energy consumption),2020,13.6,Europe & Central Asia,High income,-0.126236,51.5002
2536,GB,United Kingdom,Renewable energy consumption (% of total final energy consumption),2019,11.4,Europe & Central Asia,High income,-0.126236,51.5002
2537,GB,United Kingdom,Renewable energy consumption (% of total final energy consumption),2018,10.2,Europe & Central Asia,High income,-0.126236,51.5002
2538,GB,United Kingdom,Renewable energy consumption (% of total final energy consumption),2017,8.8,Europe & Central Asia,High income,-0.126236,51.5002
2539,GB,United Kingdom,Renewable energy consumption (% of total final energy consumption),2016,7.7,Europe & Central Asia,High income,-0.126236,51.5002
2540,US,United States,Renewable energy consumption (% of total final energy consumption),2025,,North America,High income,-77.032,38.8895
2541,US,United States,Renewable energy consumption (% of total final energy consumption),2024,,North America,High income,-77.032,38.8895
2542,US,United States,Renewable energy consumption (% of total final energy consumption),2023,,North America,High income,-77.032,38.8895
2543,US,United States,Renewable energy consumption (% of total final energy consumption),2022,,North America,High income,-77.032,38.8895
2544,US,United States,Renewable energy consumption (% of total final energy consumption),2021,10.9,North America,High income,-77.032,38.8895
2545,US,United States,Renewable energy consumption (% of total final energy consumption),2020,11.0,North America,High income,-77.032,38.8895
2546,US,United States,Renewable energy consumption (% of total final energy consumption),2019,10.2,North America,High income,-77.032,38.8895
2547,US,United States,Renewable energy consumption (% of total final energy consumption),2018,9.9,North America,High income,-77.032,38.8895
2548,US,United States,Renewable energy consumption (% of total final energy consumption),2017,9.7,North America,High income,-77.032,38.8895
2549,US,United States,Renewable energy consumption (% of total final energy consumption),2016,9.3,North America,High income,-77.032,38.8895
2550,UY,Uruguay,Renewable energy consumption (% of total final energy consumption),2025,,Latin America & Caribbean ,High income,-56.0675,-34.8941
2551,UY,Uruguay,Renewable energy consumption (% of total final energy consumption),2024,,Latin America & Caribbean ,High income,-56.0675,-34.8941
2552,UY,Uruguay,Renewable energy consumption (% of total final energy consumption),2023,,Latin America & Caribbean ,High income,-56.0675,-34.8941
2553,UY,Uruguay,Renewable energy consumption (% of total final energy consumption),2022,,Latin America & Caribbean ,High income,-56.0675,-34.8941
2554,UY,Uruguay,Renewable energy consumption (% of total final energy consumption),2021,57.8,Latin America & Caribbean ,High income,-56.0675,-34.8941
2555,UY,Uruguay,Renewable energy consumption (% of total final energy consumption),2020,61.2,Latin America & Caribbean ,High income,-56.0675,-34.8941
2556,UY,Uruguay,Renewable energy consumption (% of total final energy consumption),2019,59.3,Latin America & Caribbean ,High income,-56.0675,-34.8941
2557,UY,Uruguay,Renewable energy consumption (% of total final energy consumption),2018,60.8,Latin America & Caribbean ,High income,-56.0675,-34.8941
2558,UY,Uruguay,Renewable energy consumption (% of total final energy consumption),2017,60.8,Latin America & Caribbean ,High income,-56.0675,-34.8941
2559,UY,Uruguay,Renewable energy consumption (% of total final energy consumption),2016,60.3,Latin America & Caribbean ,High income,-56.0675,-34.8941
2560,UZ,Uzbekistan,Renewable energy consumption (% of total final energy consumption),2025,,Europe & Central Asia,Lower middle income,69.269,41.3052
2561,UZ,Uzbekistan,Renewable energy consumption (% of total final energy consumption),2024,,Europe & Central Asia,Lower middle income,69.269,41.3052
2562,UZ,Uzbekistan,Renewable energy consumption (% of total final energy consumption),2023,,Europe & Central Asia,Lower middle income,69.269,41.3052
2563,UZ,Uzbekistan,Renewable energy consumption (% of total final energy consumption),2022,,Europe & Central Asia,Lower middle income,69.269,41.3052
2564,UZ,Uzbekistan,Renewable energy consumption (% of total final energy consumption),2021,1.0,Europe & Central Asia,Lower middle income,69.269,41.3052
2565,UZ,Uzbekistan,Renewable energy consumption (% of total final energy consumption),2020,1.0,Europe & Central Asia,Lower middle income,69.269,41.3052
2566,UZ,Uzbekistan,Renewable energy consumption (% of total final energy consumption),2019,1.6,Europe & Central Asia,Lower middle income,69.269,41.3052
2567,UZ,Uzbekistan,Renewable energy consumption (% of total final energy consumption),2018,1.5,Europe & Central Asia,Lower middle income,69.269,41.3052
2568,UZ,Uzbekistan,Renewable energy consumption (% of total final energy consumption),2017,1.7,Europe & Central Asia,Lower middle income,69.269,41.3052
2569,UZ,Uzbekistan,Renewable energy consumption (% of total final energy consumption),2016,1.6,Europe & Central Asia,Lower middle income,69.269,41.3052
2570,VU,Vanuatu,Renewable energy consumption (% of total final energy consumption),2025,,East Asia & Pacific,Lower middle income,168.321,-17.7404
2571,VU,Vanuatu,Renewable energy consumption (% of total final energy consumption),2024,,East Asia & Pacific,Lower middle income,168.321,-17.7404
2572,VU,Vanuatu,Renewable energy consumption (% of total final energy consumption),2023,,East Asia & Pacific,Lower middle income,168.321,-17.7404
2573,VU,Vanuatu,Renewable energy consumption (% of total final energy consumption),2022,25.0,East Asia & Pacific,Lower middle income,168.321,-17.7404
2574,VU,Vanuatu,Renewable energy consumption (% of total final energy consumption),2021,24.6,East Asia & Pacific,Lower middle income,168.321,-17.7404
2575,VU,Vanuatu,Renewable energy consumption (% of total final energy consumption),2020,26.0,East Asia & Pacific,Lower middle income,168.321,-17.7404
2576,VU,Vanuatu,Renewable energy consumption (% of total final energy consumption),2019,31.6,East Asia & Pacific,Lower middle income,168.321,-17.7404
2577,VU,Vanuatu,Renewable energy consumption (% of total final energy consumption),2018,29.7,East Asia & Pacific,Lower middle income,168.321,-17.7404
2578,VU,Vanuatu,Renewable energy consumption (% of total final energy consumption),2017,35.7,East Asia & Pacific,Lower middle income,168.321,-17.7404
2579,VU,Vanuatu,Renewable energy consumption (% of total final energy consumption),2016,33.1,East Asia & Pacific,Lower middle income,168.321,-17.7404
2580,VE,"Venezuela, RB",Renewable energy consumption (% of total final energy consumption),2025,,Latin America & Caribbean ,Lower middle income,-69.8371,9.08165
2581,VE,"Venezuela, RB",Renewable energy consumption (% of total final energy consumption),2024,,Latin America & Caribbean ,Lower middle income,-69.8371,9.08165
2582,VE,"Venezuela, RB",Renewable energy consumption (% of total final energy consumption),2023,,Latin America & Caribbean ,Lower middle income,-69.8371,9.08165
2583,VE,"Venezuela, RB",Renewable energy consumption (% of total final energy consumption),2022,,Latin America & Caribbean ,Lower middle income,-69.8371,9.08165
2584,VE,"Venezuela, RB",Renewable energy consumption (% of total final energy consumption),2021,33.7,Latin America & Caribbean ,Lower middle income,-69.8371,9.08165
2585,VE,"Venezuela, RB",Renewable energy consumption (% of total final energy consumption),2020,31.2,Latin America & Caribbean ,Lower middle income,-69.8371,9.08165
2586,VE,"Venezuela, RB",Renewable energy consumption (% of total final energy consumption),2019,15.8,Latin America & Caribbean ,Lower middle income,-69.8371,9.08165
2587,VE,"Venezuela, RB",Renewable energy consumption (% of total final energy consumption),2018,14.6,Latin America & Caribbean ,Lower middle income,-69.8371,9.08165
2588,VE,"Venezuela, RB",Renewable energy consumption (% of total final energy consumption),2017,14.3,Latin America & Caribbean ,Lower middle income,-69.8371,9.08165
2589,VE,"Venezuela, RB",Renewable energy consumption (% of total final energy consumption),2016,14.6,Latin America & Caribbean ,Lower middle income,-69.8371,9.08165
2590,VN,Viet Nam,Renewable energy consumption (% of total final energy consumption),2025,,East Asia & Pacific,Upper middle income,105.825,21.0069
2591,VN,Viet Nam,Renewable energy consumption (% of total final energy consumption),2024,,East Asia & Pacific,Upper middle income,105.825,21.0069
2592,VN,Viet Nam,Renewable energy consumption (% of total final energy consumption),2023,,East Asia & Pacific,Upper middle income,105.825,21.0069
2593,VN,Viet Nam,Renewable energy consumption (% of total final energy consumption),2022,,East Asia & Pacific,Upper middle income,105.825,21.0069
2594,VN,Viet Nam,Renewable energy consumption (% of total final energy consumption),2021,24.2,East Asia & Pacific,Upper middle income,105.825,21.0069
2595,VN,Viet Nam,Renewable energy consumption (% of total final energy consumption),2020,18.9,East Asia & Pacific,Upper middle income,105.825,21.0069
2596,VN,Viet Nam,Renewable energy consumption (% of total final energy consumption),2019,20.4,East Asia & Pacific,Upper middle income,105.825,21.0069
2597,VN,Viet Nam,Renewable energy consumption (% of total final energy consumption),2018,24.3,East Asia & Pacific,Upper middle income,105.825,21.0069
2598,VN,Viet Nam,Renewable energy consumption (% of total final energy consumption),2017,28.3,East Asia & Pacific,Upper middle income,105.825,21.0069
2599,VN,Viet Nam,Renewable energy consumption (% of total final energy consumption),2016,26.8,East Asia & Pacific,Upper middle income,105.825,21.0069
2600,VI,Virgin Islands (U.S.),Renewable energy consumption (% of total final energy consumption),2025,,Latin America & Caribbean ,High income,-64.8963,18.3358
2601,VI,Virgin Islands (U.S.),Renewable energy consumption (% of total final energy consumption),2024,,Latin America & Caribbean ,High income,-64.8963,18.3358
2602,VI,Virgin Islands (U.S.),Renewable energy consumption (% of total final energy consumption),2023,,Latin America & Caribbean ,High income,-64.8963,18.3358
2603,VI,Virgin Islands (U.S.),Renewable energy consumption (% of total final energy consumption),2022,5.9,Latin America & Caribbean ,High income,-64.8963,18.3358
2604,VI,Virgin Islands (U.S.),Renewable energy consumption (% of total final energy consumption),2021,5.9,Latin America & Caribbean ,High income,-64.8963,18.3358
2605,VI,Virgin Islands (U.S.),Renewable energy consumption (% of total final energy consumption),2020,5.9,Latin America & Caribbean ,High income,-64.8963,18.3358
2606,VI,Virgin Islands (U.S.),Renewable energy consumption (% of total final energy consumption),2019,6.2,Latin America & Caribbean ,High income,-64.8963,18.3358
2607,VI,Virgin Islands (U.S.),Renewable energy consumption (% of total final energy consumption),2018,5.8,Latin America & Caribbean ,High income,-64.8963,18.3358
2608,VI,Virgin Islands (U.S.),Renewable energy consumption (% of total final energy consumption),2017,5.3,Latin America & Caribbean ,High income,-64.8963,18.3358
2609,VI,Virgin Islands (U.S.),Renewable energy consumption (% of total final energy consumption),2016,5.7,Latin America & Caribbean ,High income,-64.8963,18.3358
2610,PS,West Bank and Gaza,Renewable energy consumption (% of total final energy consumption),2025,,"Middle East, North Africa, Afghanistan & Pakistan",Lower middle income,,
2611,PS,West Bank and Gaza,Renewable energy consumption (% of total final energy consumption),2024,,"Middle East, North Africa, Afghanistan & Pakistan",Lower middle income,,
2612,PS,West Bank and Gaza,Renewable energy consumption (% of total final energy consumption),2023,,"Middle East, North Africa, Afghanistan & Pakistan",Lower middle income,,
2613,PS,West Bank and Gaza,Renewable energy consumption (% of total final energy consumption),2022,15.4,"Middle East, North Africa, Afghanistan & Pakistan",Lower middle income,,
2614,PS,West Bank and Gaza,Renewable energy consumption (% of total final energy consumption),2021,15.4,"Middle East, North Africa, Afghanistan & Pakistan",Lower middle income,,
2615,PS,West Bank and Gaza,Renewable energy consumption (% of total final energy consumption),2020,15.0,"Middle East, North Africa, Afghanistan & Pakistan",Lower middle income,,
2616,PS,West Bank and Gaza,Renewable energy consumption (% of total final energy consumption),2019,13.9,"Middle East, North Africa, Afghanistan & Pakistan",Lower middle income,,
2617,PS,West Bank and Gaza,Renewable energy consumption (% of total final energy consumption),2018,12.7,"Middle East, North Africa, Afghanistan & Pakistan",Lower middle income,,
2618,PS,West Bank and Gaza,Renewable energy consumption (% of total final energy consumption),2017,10.5,"Middle East, North Africa, Afghanistan & Pakistan",Lower middle income,,
2619,PS,West Bank and Gaza,Renewable energy consumption (% of total final energy consumption),2016,12.3,"Middle East, North Africa, Afghanistan & Pakistan",Lower middle income,,
2620,YE,"Yemen, Rep.",Renewable energy consumption (% of total final energy consumption),2025,,"Middle East, North Africa, Afghanistan & Pakistan",Low income,44.2075,15.352
2621,YE,"Yemen, Rep.",Renewable energy consumption (% of total final energy consumption),2024,,"Middle East, North Africa, Afghanistan & Pakistan",Low income,44.2075,15.352
2622,YE,"Yemen, Rep.",Renewable energy consumption (% of total final energy consumption),2023,,"Middle East, North Africa, Afghanistan & Pakistan",Low income,44.2075,15.352
2623,YE,"Yemen, Rep.",Renewable energy consumption (% of total final energy consumption),2022,,"Middle East, North Africa, Afghanistan & Pakistan",Low income,44.2075,15.352
2624,YE,"Yemen, Rep.",Renewable energy consumption (% of total final energy consumption),2021,3.7,"Middle East, North Africa, Afghanistan & Pakistan",Low income,44.2075,15.352
2625,YE,"Yemen, Rep.",Renewable energy consumption (% of total final energy consumption),2020,3.5,"Middle East, North Africa, Afghanistan & Pakistan",Low income,44.2075,15.352
2626,YE,"Yemen, Rep.",Renewable energy consumption (% of total final energy consumption),2019,3.0,"Middle East, North Africa, Afghanistan & Pakistan",Low income,44.2075,15.352
2627,YE,"Yemen, Rep.",Renewable energy consumption (% of total final energy consumption),2018,2.9,"Middle East, North Africa, Afghanistan & Pakistan",Low income,44.2075,15.352
2628,YE,"Yemen, Rep.",Renewable energy consumption (% of total final energy consumption),2017,3.0,"Middle East, North Africa, Afghanistan & Pakistan",Low income,44.2075,15.352
2629,YE,"Yemen, Rep.",Renewable energy consumption (% of total final energy consumption),2016,2.6,"Middle East, North Africa, Afghanistan & Pakistan",Low income,44.2075,15.352
2630,ZM,Zambia,Renewable energy consumption (% of total final energy consumption),2025,,Sub-Saharan Africa ,Lower middle income,28.2937,-15.3982
2631,ZM,Zambia,Renewable energy consumption (% of total final energy consumption),2024,,Sub-Saharan Africa ,Lower middle income,28.2937,-15.3982
2632,ZM,Zambia,Renewable energy consumption (% of total final energy consumption),2023,,Sub-Saharan Africa ,Lower middle income,28.2937,-15.3982
2633,ZM,Zambia,Renewable energy consumption (% of total final energy consumption),2022,,Sub-Saharan Africa ,Lower middle income,28.2937,-15.3982
2634,ZM,Zambia,Renewable energy consumption (% of total final energy consumption),2021,83.0,Sub-Saharan Africa ,Lower middle income,28.2937,-15.3982
2635,ZM,Zambia,Renewable energy consumption (% of total final energy consumption),2020,85.4,Sub-Saharan Africa ,Lower middle income,28.2937,-15.3982
2636,ZM,Zambia,Renewable energy consumption (% of total final energy consumption),2019,86.1,Sub-Saharan Africa ,Lower middle income,28.2937,-15.3982
2637,ZM,Zambia,Renewable energy consumption (% of total final energy consumption),2018,83.8,Sub-Saharan Africa ,Lower middle income,28.2937,-15.3982
2638,ZM,Zambia,Renewable energy consumption (% of total final energy consumption),2017,83.5,Sub-Saharan Africa ,Lower middle income,28.2937,-15.3982
2639,ZM,Zambia,Renewable energy consumption (% of total final energy consumption),2016,84.0,Sub-Saharan Africa ,Lower middle income,28.2937,-15.3982
2640,ZW,Zimbabwe,Renewable energy consumption (% of total final energy consumption),2025,,Sub-Saharan Africa ,Lower middle income,31.0672,-17.8312
2641,ZW,Zimbabwe,Renewable energy consumption (% of total final energy consumption),2024,,Sub-Saharan Africa ,Lower middle income,31.0672,-17.8312
2642,ZW,Zimbabwe,Renewable energy consumption (% of total final energy consumption),2023,,Sub-Saharan Africa ,Lower middle income,31.0672,-17.8312
2643,ZW,Zimbabwe,Renewable energy consumption (% of total final energy consumption),2022,,Sub-Saharan Africa ,Lower middle income,31.0672,-17.8312
2644,ZW,Zimbabwe,Renewable energy consumption (% of total final energy consumption),2021,82.4,Sub-Saharan Africa ,Lower middle income,31.0672,-17.8312
2645,ZW,Zimbabwe,Renewable energy consumption (% of total final energy consumption),2020,84.1,Sub-Saharan Africa ,Lower middle income,31.0672,-17.8312
2646,ZW,Zimbabwe,Renewable energy consumption (% of total final energy consumption),2019,81.0,Sub-Saharan Africa ,Lower middle income,31.0672,-17.8312
2647,ZW,Zimbabwe,Renewable energy consumption (% of total final energy consumption),2018,79.7,Sub-Saharan Africa ,Lower middle income,31.0672,-17.8312
2648,ZW,Zimbabwe,Renewable energy consumption (% of total final energy consumption),2017,82.0,Sub-Saharan Africa ,Lower middle income,31.0672,-17.8312
2649,ZW,Zimbabwe,Renewable energy consumption (% of total final energy consumption),2016,81.7,Sub-Saharan Africa ,Lower middle income,31.0672,-17.8312
2650,ZH,Africa Eastern and Southern,Forest area (% of land area),2023,29.4950560821563,Aggregates,Aggregates,,
2651,ZI,Africa Western and Central,Forest area (% of land area),2023,19.5628109394299,Aggregates,Aggregates,,
2652,1A,Arab World,Forest area (% of land area),2023,2.75561651134264,Aggregates,Aggregates,,
2653,S3,Caribbean small states,Forest area (% of land area),2023,86.4007417222342,Aggregates,Aggregates,,
2654,B8,Central Europe and the Baltics,Forest area (% of land area),2023,34.6417826005353,Aggregates,Aggregates,,
2655,V2,Early-demographic dividend,Forest area (% of land area),2023,22.5747804219108,Aggregates,Aggregates,,
2656,Z4,East Asia & Pacific,Forest area (% of land area),2023,27.2571703670899,Aggregates,Aggregates,,
2657,4E,East Asia & Pacific (excluding high income),Forest area (% of land area),2023,30.6066319819383,Aggregates,Aggregates,,
2658,T4,East Asia & Pacific (IDA & IBRD countries),Forest area (% of land area),2023,30.4647057827874,Aggregates,Aggregates,,
2659,XC,Euro area,Forest area (% of land area),2023,38.7747713546581,Aggregates,Aggregates,,
2660,Z7,Europe & Central Asia,Forest area (% of land area),2023,38.5873827255494,Aggregates,Aggregates,,
2661,7E,Europe & Central Asia (excluding high income),Forest area (% of land area),2023,11.286098231221,Aggregates,Aggregates,,
2662,T7,Europe & Central Asia (IDA & IBRD countries),Forest area (% of land area),2023,39.3431148107069,Aggregates,Aggregates,,
2663,EU,European Union,Forest area (% of land area),2023,40.0585479083994,Aggregates,Aggregates,,
2664,XE,Heavily indebted poor countries (HIPC),Forest area (% of land area),2023,26.5708340269505,Aggregates,Aggregates,,
2665,XD,High income,Forest area (% of land area),2023,36.2013922699973,Aggregates,Aggregates,,
2666,XF,IBRD only,Forest area (% of land area),2023,33.7403698832084,Aggregates,Aggregates,,
2667,ZT,IDA & IBRD total,Forest area (% of land area),2023,31.5906332489337,Aggregates,Aggregates,,
2668,XH,IDA blend,Forest area (% of land area),2023,30.2943783963727,Aggregates,Aggregates,,
2669,XI,IDA only,Forest area (% of land area),2023,24.4438408985284,Aggregates,Aggregates,,
2670,XG,IDA total,Forest area (% of land area),2023,25.5797077388826,Aggregates,Aggregates,,
2671,V3,Late-demographic dividend,Forest area (% of land area),2023,39.5665785785562,Aggregates,Aggregates,,
2672,ZJ,Latin America & Caribbean,Forest area (% of land area),2023,46.1073492142796,Aggregates,Aggregates,,
2673,XJ,Latin America & Caribbean (excluding high income),Forest area (% of land area),2023,46.7180503805674,Aggregates,Aggregates,,
2674,T2,Latin America & the Caribbean (IDA & IBRD countries),Forest area (% of land area),2023,46.1810129161545,Aggregates,Aggregates,,
2675,XL,Least developed countries: UN classification,Forest area (% of land area),2023,25.5824950287118,Aggregates,Aggregates,,
2676,XO,Low & middle income,Forest area (% of land area),2023,27.7055501695387,Aggregates,Aggregates,,
2677,XM,Low income,Forest area (% of land area),2023,19.8644342374234,Aggregates,Aggregates,,
2678,XN,Lower middle income,Forest area (% of land area),2023,30.2164969333076,Aggregates,Aggregates,,
2679,ZQ,"Middle East, North Africa, Afghanistan & Pakistan",Forest area (% of land area),2023,2.20869651277954,Aggregates,Aggregates,,
2680,XQ,"Middle East, North Africa, Afghanistan & Pakistan (excluding high income)",Forest area (% of land area),2023,2.63217642863726,Aggregates,Aggregates,,
2681,T3,"Middle East, North Africa, Afghanistan & Pakistan (IDA & IBRD)",Forest area (% of land area),2023,2.6327453602461,Aggregates,Aggregates,,
2682,XP,Middle income,Forest area (% of land area),2023,29.52536867781,Aggregates,Aggregates,,
2683,XU,North America,Forest area (% of land area),2023,36.6083171305095,Aggregates,Aggregates,,
2684,OE,OECD members,Forest area (% of land area),2023,32.9429461320688,Aggregates,Aggregates,,
2685,S4,Other small states,Forest area (% of land area),2023,29.9366556806938,Aggregates,Aggregates,,
2686,S2,Pacific island small states,Forest area (% of land area),2023,68.7460639127046,Aggregates,Aggregates,,
2687,V4,Post-demographic dividend,Forest area (% of land area),2023,32.3180412570396,Aggregates,Aggregates,,
2688,V1,Pre-demographic dividend,Forest area (% of land area),2023,25.2555690812685,Aggregates,Aggregates,,
2689,S1,Small states,Forest area (% of land area),2023,64.2500500855468,Aggregates,Aggregates,,
2690,8S,South Asia,Forest area (% of land area),2023,25.5884873333417,Aggregates,Aggregates,,
2691,T5,South Asia (IDA & IBRD),Forest area (% of land area),2023,25.5884873333417,Aggregates,Aggregates,,
2692,ZG,Sub-Saharan Africa,Forest area (% of land area),2023,25.7362769848213,Aggregates,Aggregates,,
2693,ZF,Sub-Saharan Africa (excluding high income),Forest area (% of land area),2023,25.7353623699049,Aggregates,Aggregates,,
2694,T6,Sub-Saharan Africa (IDA & IBRD countries),Forest area (% of land area),2023,25.7362769848213,Aggregates,Aggregates,,
2695,XT,Upper middle income,Forest area (% of land area),2023,29.2315888712638,Aggregates,Aggregates,,
2696,1W,World,Forest area (% of land area),2023,31.0951828663057,Aggregates,Aggregates,,
2697,AF,Afghanistan,Forest area (% of land area),2023,1.85278199408184,"Middle East, North Africa, Afghanistan & Pakistan",Low income,69.1761,34.5228
2698,AL,Albania,Forest area (% of land area),2023,28.7919708029197,Europe & Central Asia,Upper middle income,19.8172,41.3317
2699,DZ,Algeria,Forest area (% of land area),2023,0.830314224054683,"Middle East, North Africa, Afghanistan & Pakistan",Upper middle income,3.05097,36.7397
2700,AS,American Samoa,Forest area (% of land area),2023,85.2,East Asia & Pacific,High income,-170.691,-14.2846
2701,AD,Andorra,Forest area (% of land area),2023,34.0425531914894,Europe & Central Asia,High income,1.5218,42.5075
2702,AO,Angola,Forest area (% of land area),2023,52.0912696719339,Sub-Saharan Africa ,Lower middle income,13.242,-8.81155
2703,AG,Antigua and Barbuda,Forest area (% of land area),2023,18.0134090909091,Latin America & Caribbean ,High income,-61.8456,17.1175
2704,AR,Argentina,Forest area (% of land area),2023,10.3212951412107,Latin America & Caribbean ,Upper middle income,-58.4173,-34.6118
2705,AM,Armenia,Forest area (% of land area),2023,11.6183158247114,Europe & Central Asia,Upper middle income,44.509,40.1596
2706,AW,Aruba,Forest area (% of land area),2023,2.33333333333333,Latin America & Caribbean ,High income,-70.0167,12.5167
2707,AU,Australia,Forest area (% of land area),2023,17.4213145571644,East Asia & Pacific,High income,149.129,-35.282
2708,AT,Austria,Forest area (% of land area),2023,47.2402653902084,Europe & Central Asia,High income,16.3798,48.2201
2709,AZ,Azerbaijan,Forest area (% of land area),2023,14.1119540229885,Europe & Central Asia,Upper middle income,49.8932,40.3834
2710,BS,"Bahamas, The",Forest area (% of land area),2023,50.9350649350649,Latin America & Caribbean ,High income,-77.339,25.0661
2711,BH,Bahrain,Forest area (% of land area),2023,0.95,"Middle East, North Africa, Afghanistan & Pakistan",High income,50.5354,26.1921
2712,BD,Bangladesh,Forest area (% of land area),2023,14.4899215263887,South Asia,Lower middle income,90.4113,23.7055
2713,BB,Barbados,Forest area (% of land area),2023,14.6511627906977,Latin America & Caribbean ,High income,-59.6105,13.0935
2714,BY,Belarus,Forest area (% of land area),2023,43.4080686559958,Europe & Central Asia,Upper middle income,27.5766,53.9678
2715,BE,Belgium,Forest area (% of land area),2023,22.604446776415,Europe & Central Asia,High income,4.36761,50.8371
2716,BZ,Belize,Forest area (% of land area),2023,54.5186321788689,Latin America & Caribbean ,Upper middle income,-88.7713,17.2534
2717,BJ,Benin,Forest area (% of land area),2023,26.4734835047889,Sub-Saharan Africa ,Lower middle income,2.6323,6.4779
2718,BM,Bermuda,Forest area (% of land area),2023,18.5185185185185,North America,High income,-64.706,32.3293
2719,BT,Bhutan,Forest area (% of land area),2023,71.60513896172,South Asia,Lower middle income,89.6177,27.5768
2720,BO,Bolivia,Forest area (% of land area),2023,46.3457431920982,Latin America & Caribbean ,Lower middle income,-66.1936,-13.9908
2721,BA,Bosnia and Herzegovina,Forest area (% of land area),2023,42.7326171875,Europe & Central Asia,Upper middle income,18.4214,43.8607
2722,BW,Botswana,Forest area (% of land area),2023,26.2908263194114,Sub-Saharan Africa ,Upper middle income,25.9201,-24.6544
2723,BR,Brazil,Forest area (% of land area),2023,58.9818729765235,Latin America & Caribbean ,Upper middle income,-47.9292,-15.7801
2724,VG,British Virgin Islands,Forest area (% of land area),2023,24.1333333333333,Latin America & Caribbean ,High income,-64.623056,18.431389
2725,BN,Brunei Darussalam,Forest area (% of land area),2023,72.1062618595825,East Asia & Pacific,High income,114.946,4.94199
2726,BG,Bulgaria,Forest area (% of land area),2023,36.2196020633751,Europe & Central Asia,High income,23.3238,42.7105
2727,BF,Burkina Faso,Forest area (% of land area),2023,22.172514619883,Sub-Saharan Africa ,Low income,-1.53395,12.3605
2728,BI,Burundi,Forest area (% of land area),2023,10.8894080996885,Sub-Saharan Africa ,Low income,29.3639,-3.3784
2729,CV,Cabo Verde,Forest area (% of land area),2023,11.5682382133995,Sub-Saharan Africa ,Upper middle income,-23.5087,14.9218
2730,KH,Cambodia,Forest area (% of land area),2023,43.0619759800589,East Asia & Pacific,Lower middle income,104.874,11.5556
2731,CM,Cameroon,Forest area (% of land area),2023,42.6741130925938,Sub-Saharan Africa ,Lower middle income,11.5174,3.8721
2732,CA,Canada,Forest area (% of land area),2023,39.4617117321106,North America,High income,-75.6919,45.4215
2733,KY,Cayman Islands,Forest area (% of land area),2023,52.4720833333333,Latin America & Caribbean ,High income,-81.3857,19.3022
2734,CF,Central African Republic,Forest area (% of land area),2023,35.6560403223217,Sub-Saharan Africa ,Low income,21.6407,5.63056
2735,TD,Chad,Forest area (% of land area),2023,3.16103105146125,Sub-Saharan Africa ,Low income,15.0445,12.1048
2736,JG,Channel Islands,Forest area (% of land area),2021,5.15151515151515,Europe & Central Asia,High income,,
2737,CL,Chile,Forest area (% of land area),2023,25.0116461113584,Latin America & Caribbean ,High income,-70.6475,-33.475
2738,CN,China,Forest area (% of land area),2023,24.0319389958256,East Asia & Pacific,Upper middle income,116.286,40.0495
2739,CO,Colombia,Forest area (% of land area),2023,52.7661596214511,Latin America & Caribbean ,Upper middle income,-74.082,4.60987
2740,KM,Comoros,Forest area (% of land area),2023,16.9801182160129,Sub-Saharan Africa ,Lower middle income,43.2418,-11.6986
2741,CD,"Congo, Dem. Rep.",Forest area (% of land area),2023,54.1898572594341,Sub-Saharan Africa ,Low income,15.3222,-4.325
2742,CG,"Congo, Rep.",Forest area (% of land area),2023,64.1317715959004,Sub-Saharan Africa ,Lower middle income,15.2662,-4.2767
2743,CR,Costa Rica,Forest area (% of land area),2023,60.3991382687035,Latin America & Caribbean ,High income,-84.0089,9.63701
2744,CI,Cote d'Ivoire,Forest area (% of land area),2023,7.85551603773585,Sub-Saharan Africa ,Lower middle income,-4.0305,5.332
2745,HR,Croatia,Forest area (% of land area),2023,34.785739814153,Europe & Central Asia,High income,15.9614,45.8069
2746,CU,Cuba,Forest area (% of land area),2023,31.233140655106,Latin America & Caribbean ,Upper middle income,-82.3667,23.1333
2747,CW,Curacao,Forest area (% of land area),2023,0.157657657657658,Latin America & Caribbean ,High income,,
2748,CY,Cyprus,Forest area (% of land area),2023,18.6655844155844,Europe & Central Asia,High income,33.3736,35.1676
2749,CZ,Czechia,Forest area (% of land area),2023,34.7623883740408,Europe & Central Asia,High income,14.4205,50.0878
2750,DK,Denmark,Forest area (% of land area),2023,15.7815,Europe & Central Asia,High income,12.5681,55.6763
2751,DJ,Djibouti,Forest area (% of land area),2023,0.260724762726488,"Middle East, North Africa, Afghanistan & Pakistan",Lower middle income,43.1425,11.5806
2752,DM,Dominica,Forest area (% of land area),2023,63.8266666666667,Latin America & Caribbean ,Upper middle income,-61.39,15.2976
2753,DO,Dominican Republic,Forest area (% of land area),2023,44.9887775472934,Latin America & Caribbean ,Upper middle income,-69.8908,18.479
2754,EC,Ecuador,Forest area (% of land area),2023,49.5450958286359,Latin America & Caribbean ,Upper middle income,-78.5243,-0.229498
2755,EG,"Egypt, Arab Rep.",Forest area (% of land area),2023,0.0451855944547692,"Middle East, North Africa, Afghanistan & Pakistan",Lower middle income,31.2461,30.0982
2756,SV,El Salvador,Forest area (% of land area),2023,27.5279922779923,Latin America & Caribbean ,Upper middle income,-89.2073,13.7034
2757,GQ,Equatorial Guinea,Forest area (% of land area),2023,86.3935828877005,Sub-Saharan Africa ,Upper middle income,8.7741,3.7523
2758,ER,Eritrea,Forest area (% of land area),2023,8.63010013352237,Sub-Saharan Africa ,Low income,38.9183,15.3315
2759,EE,Estonia,Forest area (% of land area),2023,57.0652937046572,Europe & Central Asia,High income,24.7586,59.4392
2760,SZ,Eswatini,Forest area (% of land area),2023,29.1389534883721,Sub-Saharan Africa ,Lower middle income,31.4659,-26.5225
2761,ET,Ethiopia,Forest area (% of land area),2023,14.9308975782695,Sub-Saharan Africa ,Low income,38.7468,9.02274
2762,FO,Faroe Islands,Forest area (% of land area),2023,0.0583941605839416,Europe & Central Asia,High income,-6.91181,61.8926
2763,FJ,Fiji,Forest area (% of land area),2023,63.4953475643131,East Asia & Pacific,Upper middle income,178.399,-18.1149
2764,FI,Finland,Forest area (% of land area),2023,73.7235162521384,Europe & Central Asia,High income,24.9525,60.1608
2765,FR,France,Forest area (% of land area),2023,32.4764820484275,Europe & Central Asia,High income,2.35097,48.8566
2766,PF,French Polynesia,Forest area (% of land area),2023,43.0596369922213,East Asia & Pacific,High income,-149.57,-17.535
2767,GA,Gabon,Forest area (% of land area),2023,91.1823650405558,Sub-Saharan Africa ,Upper middle income,9.45162,0.38832
2768,GM,"Gambia, The",Forest area (% of land area),2023,22.2792391304348,Sub-Saharan Africa ,Low income,-16.5885,13.4495
2769,GE,Georgia,Forest area (% of land area),2023,40.6159159591308,Europe & Central Asia,Upper middle income,44.793,41.71
2770,DE,Germany,Forest area (% of land area),2023,32.6789342643734,Europe & Central Asia,High income,13.4115,52.5235
2771,GH,Ghana,Forest area (% of land area),2023,35.1921958573042,Sub-Saharan Africa ,Lower middle income,-0.20795,5.57045
2772,GI,Gibraltar,Forest area (% of land area),2023,0.0,Europe & Central Asia,High income,,
2773,GR,Greece,Forest area (% of land area),2023,30.2699767261443,Europe & Central Asia,High income,23.7166,37.9792
2774,GL,Greenland,Forest area (% of land area),2023,0.000535997076379583,Europe & Central Asia,High income,-51.7214,64.1836
2775,GD,Grenada,Forest area (% of land area),2023,52.0588235294118,Latin America & Caribbean ,Upper middle income,-61.7449,12.0653
2776,GU,Guam,Forest area (% of land area),2023,51.8518518518518,East Asia & Pacific,High income,144.794,13.4443
2777,GT,Guatemala,Forest area (% of land area),2023,32.5961179544606,Latin America & Caribbean ,Upper middle income,-90.5328,14.6248
2778,GN,Guinea,Forest area (% of land area),2023,24.6988442129253,Sub-Saharan Africa ,Lower middle income,-13.7,9.51667
2779,GW,Guinea-Bissau,Forest area (% of land area),2023,69.5124466571835,Sub-Saharan Africa ,Low income,-15.1804,11.8037
2780,GY,Guyana,Forest area (% of land area),2023,87.0878369802027,Latin America & Caribbean ,High income,-58.1548,6.80461
2781,HT,Haiti,Forest area (% of land area),2023,12.2630624092888,Latin America & Caribbean ,Lower middle income,-72.3288,18.5392
2782,HN,Honduras,Forest area (% of land area),2023,56.2732147645008,Latin America & Caribbean ,Lower middle income,-87.4667,15.1333
2783,HU,Hungary,Forest area (% of land area),2023,22.4484341442034,Europe & Central Asia,High income,19.0408,47.4984
2784,IS,Iceland,Forest area (% of land area),2023,0.528744421303184,Europe & Central Asia,High income,-21.8952,64.1353
2785,IN,India,Forest area (% of land area),2023,24.5390304689576,South Asia,Lower middle income,77.225,28.6353
2786,ID,Indonesia,Forest area (% of land area),2023,47.7220336902463,East Asia & Pacific,Upper middle income,106.83,-6.19752
2787,IR,"Iran, Islamic Rep.",Forest area (% of land area),2023,6.64923611710324,"Middle East, North Africa, Afghanistan & Pakistan",Upper middle income,51.4447,35.6878
2788,IQ,Iraq,Forest area (% of land area),2023,1.90035242899592,"Middle East, North Africa, Afghanistan & Pakistan",Upper middle income,44.394,33.3302
2789,IE,Ireland,Forest area (% of land area),2023,11.5259108724053,Europe & Central Asia,High income,-6.26749,53.3441
2790,IM,Isle of Man,Forest area (% of land area),2023,6.07017543859649,Europe & Central Asia,High income,-4.47928,54.1509
2791,IL,Israel,Forest area (% of land area),2023,6.46950092421442,"Middle East, North Africa, Afghanistan & Pakistan",High income,35.2035,31.7717
2792,IT,Italy,Forest area (% of land area),2023,32.8944947923712,Europe & Central Asia,High income,12.4823,41.8955
2793,JM,Jamaica,Forest area (% of land area),2023,56.190757156048,Latin America & Caribbean ,Upper middle income,-76.792,17.9927
2794,JP,Japan,Forest area (% of land area),2023,68.3957811364628,East Asia & Pacific,High income,139.77,35.67
2795,JO,Jordan,Forest area (% of land area),2023,1.09804716534901,"Middle East, North Africa, Afghanistan & Pakistan",Upper middle income,35.9263,31.9497
2796,KZ,Kazakhstan,Forest area (% of land area),2023,1.31214516427751,Europe & Central Asia,Upper middle income,71.4382,51.1879
2797,KE,Kenya,Forest area (% of land area),2023,6.21662477880402,Sub-Saharan Africa ,Lower middle income,36.8126,-1.27975
2798,KI,Kiribati,Forest area (% of land area),2023,1.45679012345679,East Asia & Pacific,Lower middle income,172.979,1.32905
2799,KP,"Korea, Dem. People's Rep.",Forest area (% of land area),2023,49.5507017689561,East Asia & Pacific,Low income,125.754,39.0319
2800,KR,"Korea, Rep.",Forest area (% of land area),2023,64.108606557377,East Asia & Pacific,High income,126.957,37.5323
2801,KW,Kuwait,Forest area (% of land area),2023,0.350729517396184,"Middle East, North Africa, Afghanistan & Pakistan",High income,47.9824,29.3721
2802,KG,Kyrgyz Republic,Forest area (% of land area),2023,7.14337851929093,Europe & Central Asia,Lower middle income,74.6057,42.8851
2803,LA,Lao PDR,Forest area (% of land area),2023,71.4558058925477,East Asia & Pacific,Lower middle income,102.177,18.5826
2804,LV,Latvia,Forest area (% of land area),2023,54.9959826450265,Europe & Central Asia,High income,24.1048,56.9465
2805,LB,Lebanon,Forest area (% of land area),2023,14.1867057673509,"Middle East, North Africa, Afghanistan & Pakistan",Lower middle income,35.5134,33.8872
2806,LS,Lesotho,Forest area (% of land area),2023,1.13702239789196,Sub-Saharan Africa ,Lower middle income,27.7167,-29.5208
2807,LR,Liberia,Forest area (% of land area),2023,78.1422342192691,Sub-Saharan Africa ,Low income,-10.7957,6.30039
2808,LY,Libya,Forest area (% of land area),2023,0.123327687918433,"Middle East, North Africa, Afghanistan & Pakistan",Upper middle income,13.1072,32.8578
2809,LI,Liechtenstein,Forest area (% of land area),2023,41.875,Europe & Central Asia,High income,9.52148,47.1411
2810,LT,Lithuania,Forest area (% of land area),2023,35.2301501597444,Europe & Central Asia,High income,25.2799,54.6896
2811,LU,Luxembourg,Forest area (% of land area),2023,34.4538272103664,Europe & Central Asia,High income,6.1296,49.61
2812,MG,Madagascar,Forest area (% of land area),2023,21.2962600550017,Sub-Saharan Africa ,Low income,45.7167,-20.4667
2813,MW,Malawi,Forest area (% of land area),2023,22.4406024607552,Sub-Saharan Africa ,Low income,33.7703,-13.9899
2814,MY,Malaysia,Forest area (% of land area),2023,57.7190381981434,East Asia & Pacific,Upper middle income,101.684,3.12433
2815,MV,Maldives,Forest area (% of land area),2023,2.75167785234899,South Asia,Upper middle income,73.5109,4.1742
2816,ML,Mali,Forest area (% of land area),2023,10.896663634352,Sub-Saharan Africa ,Low income,-7.50034,13.5667
2817,MT,Malta,Forest area (% of land area),2023,1.4375,"Middle East, North Africa, Afghanistan & Pakistan",High income,14.5189,35.9042
2818,MH,Marshall Islands,Forest area (% of land area),2023,52.2222222222222,East Asia & Pacific,Upper middle income,171.135,7.11046
2819,MR,Mauritania,Forest area (% of land area),2023,0.287611138061512,Sub-Saharan Africa ,Lower middle income,-15.9824,18.2367
2820,MU,Mauritius,Forest area (% of land area),2023,19.4742113169755,Sub-Saharan Africa ,Upper middle income,57.4977,-20.1605
2821,MX,Mexico,Forest area (% of land area),2023,33.5959176419147,Latin America & Caribbean ,Upper middle income,-99.1276,19.427
2822,FM,"Micronesia, Fed. Sts.",Forest area (% of land area),2023,92.1571428571429,East Asia & Pacific,Upper middle income,158.185,6.91771
2823,MD,Moldova,Forest area (% of land area),2023,11.7370179167932,Europe & Central Asia,Upper middle income,28.8497,47.0167
2824,MC,Monaco,Forest area (% of land area),2023,0.0,Europe & Central Asia,High income,7.41891,43.7325
2825,MN,Mongolia,Forest area (% of land area),2023,9.09172405879304,East Asia & Pacific,Upper middle income,106.937,47.9129
2826,ME,Montenegro,Forest area (% of land area),2023,61.4869888475836,Europe & Central Asia,Upper middle income,19.2595,42.4602
2827,MA,Morocco,Forest area (% of land area),2023,12.9371068787811,"Middle East, North Africa, Afghanistan & Pakistan",Lower middle income,-6.8704,33.9905
2828,MZ,Mozambique,Forest area (% of land area),2023,45.8130349195046,Sub-Saharan Africa ,Low income,32.5713,-25.9664
2829,MM,Myanmar,Forest area (% of land area),2023,42.4023779245254,East Asia & Pacific,Lower middle income,95.9562,21.914
2830,NA,Namibia,Forest area (% of land area),2023,7.80511120018463,Sub-Saharan Africa ,Lower middle income,17.0931,-22.5648
2831,NR,Naoero,Forest area (% of land area),2023,0.0,East Asia & Pacific,High income,166.920867,-0.5477
2832,NP,Nepal,Forest area (% of land area),2023,41.5907220090687,South Asia,Lower middle income,85.3157,27.6939
2833,NL,Netherlands,Forest area (% of land area),2023,11.0574428274428,Europe & Central Asia,High income,4.89095,52.3738
2834,NC,New Caledonia,Forest area (% of land area),2023,45.8271334792123,East Asia & Pacific,High income,166.464,-22.2677
2835,NZ,New Zealand,Forest area (% of land area),2023,37.7892841137822,East Asia & Pacific,High income,174.776,-41.2865
2836,NI,Nicaragua,Forest area (% of land area),2023,25.8229183978727,Latin America & Caribbean ,Lower middle income,-86.2734,12.1475
2837,NE,Niger,Forest area (% of land area),2023,0.822957290597616,Sub-Saharan Africa ,Low income,2.1073,13.514
2838,NG,Nigeria,Forest area (% of land area),2023,23.2078900271199,Sub-Saharan Africa ,Lower middle income,7.48906,9.05804
2839,MK,North Macedonia,Forest area (% of land area),2023,39.7101506740682,Europe & Central Asia,Upper middle income,21.4361,42.0024
2840,MP,Northern Mariana Islands,Forest area (% of land area),2023,52.9565217391304,East Asia & Pacific,High income,145.765,15.1935
2841,NO,Norway,Forest area (% of land area),2023,33.5009745518434,Europe & Central Asia,High income,10.7387,59.9138
2842,OM,Oman,Forest area (% of land area),2023,0.00762261712439418,"Middle East, North Africa, Afghanistan & Pakistan",High income,58.5874,23.6105
2843,PK,Pakistan,Forest area (% of land area),2023,4.67242631797426,"Middle East, North Africa, Afghanistan & Pakistan",Lower middle income,72.8,30.5167
2844,PW,Palau,Forest area (% of land area),2023,90.5434782608696,East Asia & Pacific,High income,134.479,7.34194
2845,PA,Panama,Forest area (% of land area),2023,56.3439727689404,Latin America & Caribbean ,High income,-79.5188,8.99427
2846,PG,Papua New Guinea,Forest area (% of land area),2023,78.9541359360509,East Asia & Pacific,Lower middle income,147.194,-9.47357
2847,PY,Paraguay,Forest area (% of land area),2023,38.5449252640128,Latin America & Caribbean ,Upper middle income,-57.6362,-25.3005
2848,PE,Peru,Forest area (% of land area),2023,56.103020234375,Latin America & Caribbean ,Upper middle income,-77.0465,-12.0931
2849,PH,Philippines,Forest area (% of land area),2023,24.4600731126539,East Asia & Pacific,Upper middle income,121.035,14.5515
2850,PL,Poland,Forest area (% of land area),2023,31.0804192379273,Europe & Central Asia,High income,21.02,52.26
2851,PT,Portugal,Forest area (% of land area),2023,36.154994891142,Europe & Central Asia,High income,-9.13552,38.7072
2852,PR,Puerto Rico (US),Forest area (% of land area),2023,56.1217587373168,Latin America & Caribbean ,High income,-66,18.23
2853,QA,Qatar,Forest area (% of land area),2023,0.0,"Middle East, North Africa, Afghanistan & Pakistan",High income,51.5082,25.2948
2854,RO,Romania,Forest area (% of land area),2023,30.1158292767733,Europe & Central Asia,High income,26.0979,44.4479
2855,RU,Russian Federation,Forest area (% of land area),2023,49.7843605035639,Europe & Central Asia,High income,37.6176,55.7558
2856,RW,Rwanda,Forest area (% of land area),2023,11.3092825293879,Sub-Saharan Africa ,Low income,30.0587,-1.95325
2857,WS,Samoa,Forest area (% of land area),2023,57.636690647482,East Asia & Pacific,Upper middle income,-171.752,-13.8314
2858,SM,San Marino,Forest area (% of land area),2023,16.6666666666667,Europe & Central Asia,High income,12.4486,43.9322
2859,ST,Sao Tome and Principe,Forest area (% of land area),2023,52.125,Sub-Saharan Africa ,Lower middle income,6.6071,0.20618
2860,SA,Saudi Arabia,Forest area (% of land area),2023,0.454484134921779,"Middle East, North Africa, Afghanistan & Pakistan",High income,46.6977,24.6748
2861,SN,Senegal,Forest area (% of land area),2023,41.2827091881785,Sub-Saharan Africa ,Lower middle income,-17.4734,14.7247
2862,RS,Serbia,Forest area (% of land area),2023,32.3896349149721,Europe & Central Asia,Upper middle income,20.4656,44.8024
2863,SC,Seychelles,Forest area (% of land area),2023,73.2608695652174,Sub-Saharan Africa ,High income,55.4466,-4.6309
2864,SL,Sierra Leone,Forest area (% of land area),2023,34.2988362427265,Sub-Saharan Africa ,Low income,-13.2134,8.4821
2865,SG,Singapore,Forest area (% of land area),2023,20.933147632312,East Asia & Pacific,High income,103.85,1.28941
2866,SX,Sint Maarten (Dutch part),Forest area (% of land area),2023,10.8823529411765,Latin America & Caribbean ,High income,,
2867,SK,Slovak Republic,Forest area (% of land area),2023,40.05615640599,Europe & Central Asia,High income,17.1073,48.1484
2868,SI,Slovenia,Forest area (% of land area),2023,61.1748938389332,Europe & Central Asia,High income,14.5044,46.0546
2869,SB,Solomon Islands,Forest area (% of land area),2023,90.0600214362272,East Asia & Pacific,Lower middle income,159.949,-9.42676
2870,SO,"Somalia, Fed. Rep.",Forest area (% of land area),2023,9.16528517231485,Sub-Saharan Africa ,Low income,45.3254,2.07515
2871,ZA,South Africa,Forest area (% of land area),2023,13.965072665672,Sub-Saharan Africa ,Upper middle income,28.1871,-25.746
2872,SS,South Sudan,Forest area (% of land area),2023,11.3256215087114,Sub-Saharan Africa ,Low income,31.6,4.85
2873,ES,Spain,Forest area (% of land area),2023,37.1925889548355,Europe & Central Asia,High income,-3.70327,40.4167
2874,LK,Sri Lanka,Forest area (% of land area),2023,34.0048496605238,South Asia,Upper middle income,79.8528,6.92148
2875,KN,St. Kitts and Nevis,Forest area (% of land area),2023,42.3076923076923,Latin America & Caribbean ,High income,-62.7309,17.3
2876,LC,St. Lucia,Forest area (% of land area),2023,34.0491803278688,Latin America & Caribbean ,Upper middle income,-60.9832,14
2877,MF,St. Martin (French part),Forest area (% of land area),2023,24.8,Latin America & Caribbean ,High income,,
2878,VC,St. Vincent and the Grenadines,Forest area (% of land area),2023,73.1794871794872,Latin America & Caribbean ,Upper middle income,-61.2653,13.2035
2879,SD,Sudan,Forest area (% of land area),2023,9.55196466809422,Sub-Saharan Africa ,Low income,32.5363,15.5932
2880,SR,Suriname,Forest area (% of land area),2023,94.44758351333,Latin America & Caribbean ,Upper middle income,-55.1679,5.8232
2881,SE,Sweden,Forest area (% of land area),2023,68.7013529108454,Europe & Central Asia,High income,18.0645,59.3327
2882,CH,Switzerland,Forest area (% of land area),2023,32.3827380818297,Europe & Central Asia,High income,7.44821,46.948
2883,SY,Syrian Arab Republic,Forest area (% of land area),2023,2.84310842454937,"Middle East, North Africa, Afghanistan & Pakistan",Low income,36.3119,33.5146
2884,TJ,Tajikistan,Forest area (% of land area),2023,3.07514950644859,Europe & Central Asia,Lower middle income,68.7864,38.5878
2885,TZ,Tanzania,Forest area (% of land area),2023,50.0541883043576,Sub-Saharan Africa ,Lower middle income,35.7382,-6.17486
2886,TH,Thailand,Forest area (% of land area),2023,38.6873886746658,East Asia & Pacific,Upper middle income,100.521,13.7308
2887,TL,Timor-Leste,Forest area (% of land area),2023,61.6610625420309,East Asia & Pacific,Lower middle income,125.567,-8.56667
2888,TG,Togo,Forest area (% of land area),2023,22.0700496414782,Sub-Saharan Africa ,Lower middle income,1.2255,6.1228
2889,TO,Tonga,Forest area (% of land area),2023,12.4305555555556,East Asia & Pacific,Upper middle income,-175.216,-21.136
2890,TT,Trinidad and Tobago,Forest area (% of land area),2023,44.2358674463938,Latin America & Caribbean ,High income,-61.4789,10.6596
2891,TN,Tunisia,Forest area (% of land area),2023,4.55278063851699,"Middle East, North Africa, Afghanistan & Pakistan",Lower middle income,10.21,36.7899
2892,TR,Turkiye,Forest area (% of land area),2023,29.4795681041539,Europe & Central Asia,Upper middle income,32.3606,39.7153
2893,TM,Turkmenistan,Forest area (% of land area),2023,8.78215904496414,Europe & Central Asia,Upper middle income,58.3794,37.9509
2894,TC,Turks and Caicos Islands,Forest area (% of land area),2023,11.0736842105263,Latin America & Caribbean ,High income,-71.141389,21.4602778
2895,TV,Tuvalu,Forest area (% of land area),2023,33.3333333333333,East Asia & Pacific,Upper middle income,179.089567,-8.6314877
2896,UG,Uganda,Forest area (% of land area),2023,11.0419703770197,Sub-Saharan Africa ,Low income,32.5729,0.314269
2897,UA,Ukraine,Forest area (% of land area),2023,16.7552640662755,Europe & Central Asia,Upper middle income,30.5038,50.4536
2898,AE,United Arab Emirates,Forest area (% of land area),2023,4.46775556181357,"Middle East, North Africa, Afghanistan & Pakistan",High income,54.3705,24.4764
2899,GB,United Kingdom,Forest area (% of land area),2023,13.2907130161617,Europe & Central Asia,High income,-0.126236,51.5002
2900,US,United States,Forest area (% of land area),2023,33.8669264120375,North America,High income,-77.032,38.8895
2901,UY,Uruguay,Forest area (% of land area),2023,11.9643469317792,Latin America & Caribbean ,High income,-56.0675,-34.8941
2902,UZ,Uzbekistan,Forest area (% of land area),2023,8.54914331101781,Europe & Central Asia,Lower middle income,69.269,41.3052
2903,VU,Vanuatu,Forest area (% of land area),2023,36.2838392124692,East Asia & Pacific,Lower middle income,168.321,-17.7404
2904,VE,"Venezuela, RB",Forest area (% of land area),2023,52.2338793719177,Latin America & Caribbean ,Lower middle income,-69.8371,9.08165
2905,VN,Viet Nam,Forest area (% of land area),2023,47.4454820708996,East Asia & Pacific,Upper middle income,105.825,21.0069
2906,VI,Virgin Islands (U.S.),Forest area (% of land area),2023,58.1714285714286,Latin America & Caribbean ,High income,-64.8963,18.3358
2907,PS,West Bank and Gaza,Forest area (% of land area),2023,1.68298755186722,"Middle East, North Africa, Afghanistan & Pakistan",Lower middle income,,
2908,YE,"Yemen, Rep.",Forest area (% of land area),2023,1.03983180862549,"Middle East, North Africa, Afghanistan & Pakistan",Low income,44.2075,15.352
2909,ZM,Zambia,Forest area (% of land area),2023,59.523784150984,Sub-Saharan Africa ,Lower middle income,28.2937,-15.3982
2910,ZW,Zimbabwe,Forest area (% of land area),2023,44.7366421093447,Sub-Saharan Africa ,Lower middle income,31.0672,-17.8312
