,country_id,country_value,indicator_name,year,value,region,incomeLevel,longitude,latitude
0,ZH,Africa Eastern and Southern,Poverty headcount ratio at national poverty lines (% of population),2025,,Aggregates,Aggregates,,
1,ZH,Africa Eastern and Southern,Poverty headcount ratio at national poverty lines (% of population),2024,,Aggregates,Aggregates,,
2,ZH,Africa Eastern and Southern,Poverty headcount ratio at national poverty lines (% of population),2023,,Aggregates,Aggregates,,
3,ZH,Africa Eastern and Southern,Poverty headcount ratio at national poverty lines (% of population),2022,,Aggregates,Aggregates,,
4,ZH,Africa Eastern and Southern,Poverty headcount ratio at national poverty lines (% of population),2021,,Aggregates,Aggregates,,
5,ZH,Africa Eastern and Southern,Poverty headcount ratio at national poverty lines (% of population),2020,,Aggregates,Aggregates,,
6,ZH,Africa Eastern and Southern,Poverty headcount ratio at national poverty lines (% of population),2019,,Aggregates,Aggregates,,
7,ZH,Africa Eastern and Southern,Poverty headcount ratio at national poverty lines (% of population),2018,,Aggregates,Aggregates,,
8,ZH,Africa Eastern and Southern,Poverty headcount ratio at national poverty lines (% of population),2017,,Aggregates,Aggregates,,
9,ZH,Africa Eastern and Southern,Poverty headcount ratio at national poverty lines (% of population),2016,,Aggregates,Aggregates,,
10,ZI,Africa Western and Central,Poverty headcount ratio at national poverty lines (% of population),2025,,Aggregates,Aggregates,,
11,ZI,Africa Western and Central,Poverty headcount ratio at national poverty lines (% of population),2024,,Aggregates,Aggregates,,
12,ZI,Africa Western and Central,Poverty headcount ratio at national poverty lines (% of population),2023,,Aggregates,Aggregates,,
13,ZI,Africa Western and Central,Poverty headcount ratio at national poverty lines (% of population),2022,,Aggregates,Aggregates,,
14,ZI,Africa Western and Central,Poverty headcount ratio at national poverty lines (% of population),2021,,Aggregates,Aggregates,,
15,ZI,Africa Western and Central,Poverty headcount ratio at national poverty lines (% of population),2020,,Aggregates,Aggregates,,
16,ZI,Africa Western and Central,Poverty headcount ratio at national poverty lines (% of population),2019,,Aggregates,Aggregates,,
17,ZI,Africa Western and Central,Poverty headcount ratio at national poverty lines (% of population),2018,,Aggregates,Aggregates,,
18,ZI,Africa Western and Central,Poverty headcount ratio at national poverty lines (% of population),2017,,Aggregates,Aggregates,,
19,ZI,Africa Western and Central,Poverty headcount ratio at national poverty lines (% of population),2016,,Aggregates,Aggregates,,
20,1A,Arab World,Poverty headcount ratio at national poverty lines (% of population),2025,,Aggregates,Aggregates,,
21,1A,Arab World,Poverty headcount ratio at national poverty lines (% of population),2024,,Aggregates,Aggregates,,
22,1A,Arab World,Poverty headcount ratio at national poverty lines (% of population),2023,,Aggregates,Aggregates,,
23,1A,Arab World,Poverty headcount ratio at national poverty lines (% of population),2022,,Aggregates,Aggregates,,
24,1A,Arab World,Poverty headcount ratio at national poverty lines (% of population),2021,,Aggregates,Aggregates,,
25,1A,Arab World,Poverty headcount ratio at national poverty lines (% of population),2020,,Aggregates,Aggregates,,
26,1A,Arab World,Poverty headcount ratio at national poverty lines (% of population),2019,,Aggregates,Aggregates,,
27,1A,Arab World,Poverty headcount ratio at national poverty lines (% of population),2018,,Aggregates,Aggregates,,
28,1A,Arab World,Poverty headcount ratio at national poverty lines (% of population),2017,,Aggregates,Aggregates,,
29,1A,Arab World,Poverty headcount ratio at national poverty lines (% of population),2016,,Aggregates,Aggregates,,
30,S3,Caribbean small states,Poverty headcount ratio at national poverty lines (% of population),2025,,Aggregates,Aggregates,,
31,S3,Caribbean small states,Poverty headcount ratio at national poverty lines (% of population),2024,,Aggregates,Aggregates,,
32,S3,Caribbean small states,Poverty headcount ratio at national poverty lines (% of population),2023,,Aggregates,Aggregates,,
33,S3,Caribbean small states,Poverty headcount ratio at national poverty lines (% of population),2022,,Aggregates,Aggregates,,
34,S3,Caribbean small states,Poverty headcount ratio at national poverty lines (% of population),2021,,Aggregates,Aggregates,,
35,S3,Caribbean small states,Poverty headcount ratio at national poverty lines (% of population),2020,,Aggregates,Aggregates,,
36,S3,Caribbean small states,Poverty headcount ratio at national poverty lines (% of population),2019,,Aggregates,Aggregates,,
37,S3,Caribbean small states,Poverty headcount ratio at national poverty lines (% of population),2018,,Aggregates,Aggregates,,
38,S3,Caribbean small states,Poverty headcount ratio at national poverty lines (% of population),2017,,Aggregates,Aggregates,,
39,S3,Caribbean small states,Poverty headcount ratio at national poverty lines (% of population),2016,,Aggregates,Aggregates,,
40,B8,Central Europe and the Baltics,Poverty headcount ratio at national poverty lines (% of population),2025,,Aggregates,Aggregates,,
41,B8,Central Europe and the Baltics,Poverty headcount ratio at national poverty lines (% of population),2024,,Aggregates,Aggregates,,
42,B8,Central Europe and the Baltics,Poverty headcount ratio at national poverty lines (% of population),2023,,Aggregates,Aggregates,,
43,B8,Central Europe and the Baltics,Poverty headcount ratio at national poverty lines (% of population),2022,,Aggregates,Aggregates,,
44,B8,Central Europe and the Baltics,Poverty headcount ratio at national poverty lines (% of population),2021,,Aggregates,Aggregates,,
45,B8,Central Europe and the Baltics,Poverty headcount ratio at national poverty lines (% of population),2020,,Aggregates,Aggregates,,
46,B8,Central Europe and the Baltics,Poverty headcount ratio at national poverty lines (% of population),2019,,Aggregates,Aggregates,,
47,B8,Central Europe and the Baltics,Poverty headcount ratio at national poverty lines (% of population),2018,,Aggregates,Aggregates,,
48,B8,Central Europe and the Baltics,Poverty headcount ratio at national poverty lines (% of population),2017,,Aggregates,Aggregates,,
49,B8,Central Europe and the Baltics,Poverty headcount ratio at national poverty lines (% of population),2016,,Aggregates,Aggregates,,
50,V2,Early-demographic dividend,Poverty headcount ratio at national poverty lines (% of population),2025,,Aggregates,Aggregates,,
51,V2,Early-demographic dividend,Poverty headcount ratio at national poverty lines (% of population),2024,,Aggregates,Aggregates,,
52,V2,Early-demographic dividend,Poverty headcount ratio at national poverty lines (% of population),2023,,Aggregates,Aggregates,,
53,V2,Early-demographic dividend,Poverty headcount ratio at national poverty lines (% of population),2022,,Aggregates,Aggregates,,
54,V2,Early-demographic dividend,Poverty headcount ratio at national poverty lines (% of population),2021,,Aggregates,Aggregates,,
55,V2,Early-demographic dividend,Poverty headcount ratio at national poverty lines (% of population),2020,,Aggregates,Aggregates,,
56,V2,Early-demographic dividend,Poverty headcount ratio at national poverty lines (% of population),2019,,Aggregates,Aggregates,,
57,V2,Early-demographic dividend,Poverty headcount ratio at national poverty lines (% of population),2018,,Aggregates,Aggregates,,
58,V2,Early-demographic dividend,Poverty headcount ratio at national poverty lines (% of population),2017,,Aggregates,Aggregates,,
59,V2,Early-demographic dividend,Poverty headcount ratio at national poverty lines (% of population),2016,,Aggregates,Aggregates,,
60,Z4,East Asia & Pacific,Poverty headcount ratio at national poverty lines (% of population),2025,,Aggregates,Aggregates,,
61,Z4,East Asia & Pacific,Poverty headcount ratio at national poverty lines (% of population),2024,,Aggregates,Aggregates,,
62,Z4,East Asia & Pacific,Poverty headcount ratio at national poverty lines (% of population),2023,,Aggregates,Aggregates,,
63,Z4,East Asia & Pacific,Poverty headcount ratio at national poverty lines (% of population),2022,,Aggregates,Aggregates,,
64,Z4,East Asia & Pacific,Poverty headcount ratio at national poverty lines (% of population),2021,,Aggregates,Aggregates,,
65,Z4,East Asia & Pacific,Poverty headcount ratio at national poverty lines (% of population),2020,,Aggregates,Aggregates,,
66,Z4,East Asia & Pacific,Poverty headcount ratio at national poverty lines (% of population),2019,,Aggregates,Aggregates,,
67,Z4,East Asia & Pacific,Poverty headcount ratio at national poverty lines (% of population),2018,,Aggregates,Aggregates,,
68,Z4,East Asia & Pacific,Poverty headcount ratio at national poverty lines (% of population),2017,,Aggregates,Aggregates,,
69,Z4,East Asia & Pacific,Poverty headcount ratio at national poverty lines (% of population),2016,,Aggregates,Aggregates,,
70,4E,East Asia & Pacific (excluding high income),Poverty headcount ratio at national poverty lines (% of population),2025,,Aggregates,Aggregates,,
71,4E,East Asia & Pacific (excluding high income),Poverty headcount ratio at national poverty lines (% of population),2024,,Aggregates,Aggregates,,
72,4E,East Asia & Pacific (excluding high income),Poverty headcount ratio at national poverty lines (% of population),2023,,Aggregates,Aggregates,,
73,4E,East Asia & Pacific (excluding high income),Poverty headcount ratio at national poverty lines (% of population),2022,,Aggregates,Aggregates,,
74,4E,East Asia & Pacific (excluding high income),Poverty headcount ratio at national poverty lines (% of population),2021,,Aggregates,Aggregates,,
75,4E,East Asia & Pacific (excluding high income),Poverty headcount ratio at national poverty lines (% of population),2020,,Aggregates,Aggregates,,
76,4E,East Asia & Pacific (excluding high income),Poverty headcount ratio at national poverty lines (% of population),2019,,Aggregates,Aggregates,,
77,4E,East Asia & Pacific (excluding high income),Poverty headcount ratio at national poverty lines (% of population),2018,,Aggregates,Aggregates,,
78,4E,East Asia & Pacific (excluding high income),Poverty headcount ratio at national poverty lines (% of population),2017,,Aggregates,Aggregates,,
79,4E,East Asia & Pacific (excluding high income),Poverty headcount ratio at national poverty lines (% of population),2016,,Aggregates,Aggregates,,
80,T4,East Asia & Pacific (IDA & IBRD countries),Poverty headcount ratio at national poverty lines (% of population),2025,,Aggregates,Aggregates,,
81,T4,East Asia & Pacific (IDA & IBRD countries),Poverty headcount ratio at national poverty lines (% of population),2024,,Aggregates,Aggregates,,
82,T4,East Asia & Pacific (IDA & IBRD countries),Poverty headcount ratio at national poverty lines (% of population),2023,,Aggregates,Aggregates,,
83,T4,East Asia & Pacific (IDA & IBRD countries),Poverty headcount ratio at national poverty lines (% of population),2022,,Aggregates,Aggregates,,
84,T4,East Asia & Pacific (IDA & IBRD countries),Poverty headcount ratio at national poverty lines (% of population),2021,,Aggregates,Aggregates,,
85,T4,East Asia & Pacific (IDA & IBRD countries),Poverty headcount ratio at national poverty lines (% of population),2020,,Aggregates,Aggregates,,
86,T4,East Asia & Pacific (IDA & IBRD countries),Poverty headcount ratio at national poverty lines (% of population),2019,,Aggregates,Aggregates,,
87,T4,East Asia & Pacific (IDA & IBRD countries),Poverty headcount ratio at national poverty lines (% of population),2018,,Aggregates,Aggregates,,
88,T4,East Asia & Pacific (IDA & IBRD countries),Poverty headcount ratio at national poverty lines (% of population),2017,,Aggregates,Aggregates,,
89,T4,East Asia & Pacific (IDA & IBRD countries),Poverty headcount ratio at national poverty lines (% of population),2016,,Aggregates,Aggregates,,
90,XC,Euro area,Poverty headcount ratio at national poverty lines (% of population),2025,,Aggregates,Aggregates,,
91,XC,Euro area,Poverty headcount ratio at national poverty lines (% of population),2024,,Aggregates,Aggregates,,
92,XC,Euro area,Poverty headcount ratio at national poverty lines (% of population),2023,,Aggregates,Aggregates,,
93,XC,Euro area,Poverty headcount ratio at national poverty lines (% of population),2022,,Aggregates,Aggregates,,
94,XC,Euro area,Poverty headcount ratio at national poverty lines (% of population),2021,,Aggregates,Aggregates,,
95,XC,Euro area,Poverty headcount ratio at national poverty lines (% of population),2020,,Aggregates,Aggregates,,
96,XC,Euro area,Poverty headcount ratio at national poverty lines (% of population),2019,,Aggregates,Aggregates,,
97,XC,Euro area,Poverty headcount ratio at national poverty lines (% of population),2018,,Aggregates,Aggregates,,
98,XC,Euro area,Poverty headcount ratio at national poverty lines (% of population),2017,,Aggregates,Aggregates,,
99,XC,Euro area,Poverty headcount ratio at national poverty lines (% of population),2016,,Aggregates,Aggregates,,
100,Z7,Europe & Central Asia,Poverty headcount ratio at national poverty lines (% of population),2025,,Aggregates,Aggregates,,
101,Z7,Europe & Central Asia,Poverty headcount ratio at national poverty lines (% of population),2024,,Aggregates,Aggregates,,
102,Z7,Europe & Central Asia,Poverty headcount ratio at national poverty lines (% of population),2023,,Aggregates,Aggregates,,
103,Z7,Europe & Central Asia,Poverty headcount ratio at national poverty lines (% of population),2022,,Aggregates,Aggregates,,
104,Z7,Europe & Central Asia,Poverty headcount ratio at national poverty lines (% of population),2021,,Aggregates,Aggregates,,
105,Z7,Europe & Central Asia,Poverty headcount ratio at national poverty lines (% of population),2020,,Aggregates,Aggregates,,
106,Z7,Europe & Central Asia,Poverty headcount ratio at national poverty lines (% of population),2019,,Aggregates,Aggregates,,
107,Z7,Europe & Central Asia,Poverty headcount ratio at national poverty lines (% of population),2018,,Aggregates,Aggregates,,
108,Z7,Europe & Central Asia,Poverty headcount ratio at national poverty lines (% of population),2017,,Aggregates,Aggregates,,
109,Z7,Europe & Central Asia,Poverty headcount ratio at national poverty lines (% of population),2016,,Aggregates,Aggregates,,
110,7E,Europe & Central Asia (excluding high income),Poverty headcount ratio at national poverty lines (% of population),2025,,Aggregates,Aggregates,,
111,7E,Europe & Central Asia (excluding high income),Poverty headcount ratio at national poverty lines (% of population),2024,,Aggregates,Aggregates,,
112,7E,Europe & Central Asia (excluding high income),Poverty headcount ratio at national poverty lines (% of population),2023,,Aggregates,Aggregates,,
113,7E,Europe & Central Asia (excluding high income),Poverty headcount ratio at national poverty lines (% of population),2022,,Aggregates,Aggregates,,
114,7E,Europe & Central Asia (excluding high income),Poverty headcount ratio at national poverty lines (% of population),2021,,Aggregates,Aggregates,,
115,7E,Europe & Central Asia (excluding high income),Poverty headcount ratio at national poverty lines (% of population),2020,,Aggregates,Aggregates,,
116,7E,Europe & Central Asia (excluding high income),Poverty headcount ratio at national poverty lines (% of population),2019,,Aggregates,Aggregates,,
117,7E,Europe & Central Asia (excluding high income),Poverty headcount ratio at national poverty lines (% of population),2018,,Aggregates,Aggregates,,
118,7E,Europe & Central Asia (excluding high income),Poverty headcount ratio at national poverty lines (% of population),2017,,Aggregates,Aggregates,,
119,7E,Europe & Central Asia (excluding high income),Poverty headcount ratio at national poverty lines (% of population),2016,,Aggregates,Aggregates,,
120,T7,Europe & Central Asia (IDA & IBRD countries),Poverty headcount ratio at national poverty lines (% of population),2025,,Aggregates,Aggregates,,
121,T7,Europe & Central Asia (IDA & IBRD countries),Poverty headcount ratio at national poverty lines (% of population),2024,,Aggregates,Aggregates,,
122,T7,Europe & Central Asia (IDA & IBRD countries),Poverty headcount ratio at national poverty lines (% of population),2023,,Aggregates,Aggregates,,
123,T7,Europe & Central Asia (IDA & IBRD countries),Poverty headcount ratio at national poverty lines (% of population),2022,,Aggregates,Aggregates,,
124,T7,Europe & Central Asia (IDA & IBRD countries),Poverty headcount ratio at national poverty lines (% of population),2021,,Aggregates,Aggregates,,
125,T7,Europe & Central Asia (IDA & IBRD countries),Poverty headcount ratio at national poverty lines (% of population),2020,,Aggregates,Aggregates,,
126,T7,Europe & Central Asia (IDA & IBRD countries),Poverty headcount ratio at national poverty lines (% of population),2019,,Aggregates,Aggregates,,
127,T7,Europe & Central Asia (IDA & IBRD countries),Poverty headcount ratio at national poverty lines (% of population),2018,,Aggregates,Aggregates,,
128,T7,Europe & Central Asia (IDA & IBRD countries),Poverty headcount ratio at national poverty lines (% of population),2017,,Aggregates,Aggregates,,
129,T7,Europe & Central Asia (IDA & IBRD countries),Poverty headcount ratio at national poverty lines (% of population),2016,,Aggregates,Aggregates,,
130,EU,European Union,Poverty headcount ratio at national poverty lines (% of population),2025,,Aggregates,Aggregates,,
131,EU,European Union,Poverty headcount ratio at national poverty lines (% of population),2024,,Aggregates,Aggregates,,
132,EU,European Union,Poverty headcount ratio at national poverty lines (% of population),2023,,Aggregates,Aggregates,,
133,EU,European Union,Poverty headcount ratio at national poverty lines (% of population),2022,,Aggregates,Aggregates,,
134,EU,European Union,Poverty headcount ratio at national poverty lines (% of population),2021,,Aggregates,Aggregates,,
135,EU,European Union,Poverty headcount ratio at national poverty lines (% of population),2020,,Aggregates,Aggregates,,
136,EU,European Union,Poverty headcount ratio at national poverty lines (% of population),2019,,Aggregates,Aggregates,,
137,EU,European Union,Poverty headcount ratio at national poverty lines (% of population),2018,,Aggregates,Aggregates,,
138,EU,European Union,Poverty headcount ratio at national poverty lines (% of population),2017,,Aggregates,Aggregates,,
139,EU,European Union,Poverty headcount ratio at national poverty lines (% of population),2016,,Aggregates,Aggregates,,
140,XE,Heavily indebted poor countries (HIPC),Poverty headcount ratio at national poverty lines (% of population),2025,,Aggregates,Aggregates,,
141,XE,Heavily indebted poor countries (HIPC),Poverty headcount ratio at national poverty lines (% of population),2024,,Aggregates,Aggregates,,
142,XE,Heavily indebted poor countries (HIPC),Poverty headcount ratio at national poverty lines (% of population),2023,,Aggregates,Aggregates,,
143,XE,Heavily indebted poor countries (HIPC),Poverty headcount ratio at national poverty lines (% of population),2022,,Aggregates,Aggregates,,
144,XE,Heavily indebted poor countries (HIPC),Poverty headcount ratio at national poverty lines (% of population),2021,,Aggregates,Aggregates,,
145,XE,Heavily indebted poor countries (HIPC),Poverty headcount ratio at national poverty lines (% of population),2020,,Aggregates,Aggregates,,
146,XE,Heavily indebted poor countries (HIPC),Poverty headcount ratio at national poverty lines (% of population),2019,,Aggregates,Aggregates,,
147,XE,Heavily indebted poor countries (HIPC),Poverty headcount ratio at national poverty lines (% of population),2018,,Aggregates,Aggregates,,
148,XE,Heavily indebted poor countries (HIPC),Poverty headcount ratio at national poverty lines (% of population),2017,,Aggregates,Aggregates,,
149,XE,Heavily indebted poor countries (HIPC),Poverty headcount ratio at national poverty lines (% of population),2016,,Aggregates,Aggregates,,
150,XD,High income,Poverty headcount ratio at national poverty lines (% of population),2025,,Aggregates,Aggregates,,
151,XD,High income,Poverty headcount ratio at national poverty lines (% of population),2024,,Aggregates,Aggregates,,
152,XD,High income,Poverty headcount ratio at national poverty lines (% of population),2023,,Aggregates,Aggregates,,
153,XD,High income,Poverty headcount ratio at national poverty lines (% of population),2022,,Aggregates,Aggregates,,
154,XD,High income,Poverty headcount ratio at national poverty lines (% of population),2021,,Aggregates,Aggregates,,
155,XD,High income,Poverty headcount ratio at national poverty lines (% of population),2020,,Aggregates,Aggregates,,
156,XD,High income,Poverty headcount ratio at national poverty lines (% of population),2019,,Aggregates,Aggregates,,
157,XD,High income,Poverty headcount ratio at national poverty lines (% of population),2018,,Aggregates,Aggregates,,
158,XD,High income,Poverty headcount ratio at national poverty lines (% of population),2017,,Aggregates,Aggregates,,
159,XD,High income,Poverty headcount ratio at national poverty lines (% of population),2016,,Aggregates,Aggregates,,
160,XF,IBRD only,Poverty headcount ratio at national poverty lines (% of population),2025,,Aggregates,Aggregates,,
161,XF,IBRD only,Poverty headcount ratio at national poverty lines (% of population),2024,,Aggregates,Aggregates,,
162,XF,IBRD only,Poverty headcount ratio at national poverty lines (% of population),2023,,Aggregates,Aggregates,,
163,XF,IBRD only,Poverty headcount ratio at national poverty lines (% of population),2022,,Aggregates,Aggregates,,
164,XF,IBRD only,Poverty headcount ratio at national poverty lines (% of population),2021,,Aggregates,Aggregates,,
165,XF,IBRD only,Poverty headcount ratio at national poverty lines (% of population),2020,,Aggregates,Aggregates,,
166,XF,IBRD only,Poverty headcount ratio at national poverty lines (% of population),2019,,Aggregates,Aggregates,,
167,XF,IBRD only,Poverty headcount ratio at national poverty lines (% of population),2018,,Aggregates,Aggregates,,
168,XF,IBRD only,Poverty headcount ratio at national poverty lines (% of population),2017,,Aggregates,Aggregates,,
169,XF,IBRD only,Poverty headcount ratio at national poverty lines (% of population),2016,,Aggregates,Aggregates,,
170,ZT,IDA & IBRD total,Poverty headcount ratio at national poverty lines (% of population),2025,,Aggregates,Aggregates,,
171,ZT,IDA & IBRD total,Poverty headcount ratio at national poverty lines (% of population),2024,,Aggregates,Aggregates,,
172,ZT,IDA & IBRD total,Poverty headcount ratio at national poverty lines (% of population),2023,,Aggregates,Aggregates,,
173,ZT,IDA & IBRD total,Poverty headcount ratio at national poverty lines (% of population),2022,,Aggregates,Aggregates,,
174,ZT,IDA & IBRD total,Poverty headcount ratio at national poverty lines (% of population),2021,,Aggregates,Aggregates,,
175,ZT,IDA & IBRD total,Poverty headcount ratio at national poverty lines (% of population),2020,,Aggregates,Aggregates,,
176,ZT,IDA & IBRD total,Poverty headcount ratio at national poverty lines (% of population),2019,,Aggregates,Aggregates,,
177,ZT,IDA & IBRD total,Poverty headcount ratio at national poverty lines (% of population),2018,,Aggregates,Aggregates,,
178,ZT,IDA & IBRD total,Poverty headcount ratio at national poverty lines (% of population),2017,,Aggregates,Aggregates,,
179,ZT,IDA & IBRD total,Poverty headcount ratio at national poverty lines (% of population),2016,,Aggregates,Aggregates,,
180,XH,IDA blend,Poverty headcount ratio at national poverty lines (% of population),2025,,Aggregates,Aggregates,,
181,XH,IDA blend,Poverty headcount ratio at national poverty lines (% of population),2024,,Aggregates,Aggregates,,
182,XH,IDA blend,Poverty headcount ratio at national poverty lines (% of population),2023,,Aggregates,Aggregates,,
183,XH,IDA blend,Poverty headcount ratio at national poverty lines (% of population),2022,,Aggregates,Aggregates,,
184,XH,IDA blend,Poverty headcount ratio at national poverty lines (% of population),2021,,Aggregates,Aggregates,,
185,XH,IDA blend,Poverty headcount ratio at national poverty lines (% of population),2020,,Aggregates,Aggregates,,
186,XH,IDA blend,Poverty headcount ratio at national poverty lines (% of population),2019,,Aggregates,Aggregates,,
187,XH,IDA blend,Poverty headcount ratio at national poverty lines (% of population),2018,,Aggregates,Aggregates,,
188,XH,IDA blend,Poverty headcount ratio at national poverty lines (% of population),2017,,Aggregates,Aggregates,,
189,XH,IDA blend,Poverty headcount ratio at national poverty lines (% of population),2016,,Aggregates,Aggregates,,
190,XI,IDA only,Poverty headcount ratio at national poverty lines (% of population),2025,,Aggregates,Aggregates,,
191,XI,IDA only,Poverty headcount ratio at national poverty lines (% of population),2024,,Aggregates,Aggregates,,
192,XI,IDA only,Poverty headcount ratio at national poverty lines (% of population),2023,,Aggregates,Aggregates,,
193,XI,IDA only,Poverty headcount ratio at national poverty lines (% of population),2022,,Aggregates,Aggregates,,
194,XI,IDA only,Poverty headcount ratio at national poverty lines (% of population),2021,,Aggregates,Aggregates,,
195,XI,IDA only,Poverty headcount ratio at national poverty lines (% of population),2020,,Aggregates,Aggregates,,
196,XI,IDA only,Poverty headcount ratio at national poverty lines (% of population),2019,,Aggregates,Aggregates,,
197,XI,IDA only,Poverty headcount ratio at national poverty lines (% of population),2018,,Aggregates,Aggregates,,
198,XI,IDA only,Poverty headcount ratio at national poverty lines (% of population),2017,,Aggregates,Aggregates,,
199,XI,IDA only,Poverty headcount ratio at national poverty lines (% of population),2016,,Aggregates,Aggregates,,
200,XG,IDA total,Poverty headcount ratio at national poverty lines (% of population),2025,,Aggregates,Aggregates,,
201,XG,IDA total,Poverty headcount ratio at national poverty lines (% of population),2024,,Aggregates,Aggregates,,
202,XG,IDA total,Poverty headcount ratio at national poverty lines (% of population),2023,,Aggregates,Aggregates,,
203,XG,IDA total,Poverty headcount ratio at national poverty lines (% of population),2022,,Aggregates,Aggregates,,
204,XG,IDA total,Poverty headcount ratio at national poverty lines (% of population),2021,,Aggregates,Aggregates,,
205,XG,IDA total,Poverty headcount ratio at national poverty lines (% of population),2020,,Aggregates,Aggregates,,
206,XG,IDA total,Poverty headcount ratio at national poverty lines (% of population),2019,,Aggregates,Aggregates,,
207,XG,IDA total,Poverty headcount ratio at national poverty lines (% of population),2018,,Aggregates,Aggregates,,
208,XG,IDA total,Poverty headcount ratio at national poverty lines (% of population),2017,,Aggregates,Aggregates,,
209,XG,IDA total,Poverty headcount ratio at national poverty lines (% of population),2016,,Aggregates,Aggregates,,
210,V3,Late-demographic dividend,Poverty headcount ratio at national poverty lines (% of population),2025,,Aggregates,Aggregates,,
211,V3,Late-demographic dividend,Poverty headcount ratio at national poverty lines (% of population),2024,,Aggregates,Aggregates,,
212,V3,Late-demographic dividend,Poverty headcount ratio at national poverty lines (% of population),2023,,Aggregates,Aggregates,,
213,V3,Late-demographic dividend,Poverty headcount ratio at national poverty lines (% of population),2022,,Aggregates,Aggregates,,
214,V3,Late-demographic dividend,Poverty headcount ratio at national poverty lines (% of population),2021,,Aggregates,Aggregates,,
215,V3,Late-demographic dividend,Poverty headcount ratio at national poverty lines (% of population),2020,,Aggregates,Aggregates,,
216,V3,Late-demographic dividend,Poverty headcount ratio at national poverty lines (% of population),2019,,Aggregates,Aggregates,,
217,V3,Late-demographic dividend,Poverty headcount ratio at national poverty lines (% of population),2018,,Aggregates,Aggregates,,
218,V3,Late-demographic dividend,Poverty headcount ratio at national poverty lines (% of population),2017,,Aggregates,Aggregates,,
219,V3,Late-demographic dividend,Poverty headcount ratio at national poverty lines (% of population),2016,,Aggregates,Aggregates,,
220,ZJ,Latin America & Caribbean,Poverty headcount ratio at national poverty lines (% of population),2025,,Aggregates,Aggregates,,
221,ZJ,Latin America & Caribbean,Poverty headcount ratio at national poverty lines (% of population),2024,,Aggregates,Aggregates,,
222,ZJ,Latin America & Caribbean,Poverty headcount ratio at national poverty lines (% of population),2023,,Aggregates,Aggregates,,
223,ZJ,Latin America & Caribbean,Poverty headcount ratio at national poverty lines (% of population),2022,,Aggregates,Aggregates,,
224,ZJ,Latin America & Caribbean,Poverty headcount ratio at national poverty lines (% of population),2021,,Aggregates,Aggregates,,
225,ZJ,Latin America & Caribbean,Poverty headcount ratio at national poverty lines (% of population),2020,,Aggregates,Aggregates,,
226,ZJ,Latin America & Caribbean,Poverty headcount ratio at national poverty lines (% of population),2019,,Aggregates,Aggregates,,
227,ZJ,Latin America & Caribbean,Poverty headcount ratio at national poverty lines (% of population),2018,,Aggregates,Aggregates,,
228,ZJ,Latin America & Caribbean,Poverty headcount ratio at national poverty lines (% of population),2017,,Aggregates,Aggregates,,
229,ZJ,Latin America & Caribbean,Poverty headcount ratio at national poverty lines (% of population),2016,,Aggregates,Aggregates,,
230,XJ,Latin America & Caribbean (excluding high income),Poverty headcount ratio at national poverty lines (% of population),2025,,Aggregates,Aggregates,,
231,XJ,Latin America & Caribbean (excluding high income),Poverty headcount ratio at national poverty lines (% of population),2024,,Aggregates,Aggregates,,
232,XJ,Latin America & Caribbean (excluding high income),Poverty headcount ratio at national poverty lines (% of population),2023,,Aggregates,Aggregates,,
233,XJ,Latin America & Caribbean (excluding high income),Poverty headcount ratio at national poverty lines (% of population),2022,,Aggregates,Aggregates,,
234,XJ,Latin America & Caribbean (excluding high income),Poverty headcount ratio at national poverty lines (% of population),2021,,Aggregates,Aggregates,,
235,XJ,Latin America & Caribbean (excluding high income),Poverty headcount ratio at national poverty lines (% of population),2020,,Aggregates,Aggregates,,
236,XJ,Latin America & Caribbean (excluding high income),Poverty headcount ratio at national poverty lines (% of population),2019,,Aggregates,Aggregates,,
237,XJ,Latin America & Caribbean (excluding high income),Poverty headcount ratio at national poverty lines (% of population),2018,,Aggregates,Aggregates,,
238,XJ,Latin America & Caribbean (excluding high income),Poverty headcount ratio at national poverty lines (% of population),2017,,Aggregates,Aggregates,,
239,XJ,Latin America & Caribbean (excluding high income),Poverty headcount ratio at national poverty lines (% of population),2016,,Aggregates,Aggregates,,
240,T2,Latin America & the Caribbean (IDA & IBRD countries),Poverty headcount ratio at national poverty lines (% of population),2025,,Aggregates,Aggregates,,
241,T2,Latin America & the Caribbean (IDA & IBRD countries),Poverty headcount ratio at national poverty lines (% of population),2024,,Aggregates,Aggregates,,
242,T2,Latin America & the Caribbean (IDA & IBRD countries),Poverty headcount ratio at national poverty lines (% of population),2023,,Aggregates,Aggregates,,
243,T2,Latin America & the Caribbean (IDA & IBRD countries),Poverty headcount ratio at national poverty lines (% of population),2022,,Aggregates,Aggregates,,
244,T2,Latin America & the Caribbean (IDA & IBRD countries),Poverty headcount ratio at national poverty lines (% of population),2021,,Aggregates,Aggregates,,
245,T2,Latin America & the Caribbean (IDA & IBRD countries),Poverty headcount ratio at national poverty lines (% of population),2020,,Aggregates,Aggregates,,
246,T2,Latin America & the Caribbean (IDA & IBRD countries),Poverty headcount ratio at national poverty lines (% of population),2019,,Aggregates,Aggregates,,
247,T2,Latin America & the Caribbean (IDA & IBRD countries),Poverty headcount ratio at national poverty lines (% of population),2018,,Aggregates,Aggregates,,
248,T2,Latin America & the Caribbean (IDA & IBRD countries),Poverty headcount ratio at national poverty lines (% of population),2017,,Aggregates,Aggregates,,
249,T2,Latin America & the Caribbean (IDA & IBRD countries),Poverty headcount ratio at national poverty lines (% of population),2016,,Aggregates,Aggregates,,
250,XL,Least developed countries: UN classification,Poverty headcount ratio at national poverty lines (% of population),2025,,Aggregates,Aggregates,,
251,XL,Least developed countries: UN classification,Poverty headcount ratio at national poverty lines (% of population),2024,,Aggregates,Aggregates,,
252,XL,Least developed countries: UN classification,Poverty headcount ratio at national poverty lines (% of population),2023,,Aggregates,Aggregates,,
253,XL,Least developed countries: UN classification,Poverty headcount ratio at national poverty lines (% of population),2022,,Aggregates,Aggregates,,
254,XL,Least developed countries: UN classification,Poverty headcount ratio at national poverty lines (% of population),2021,,Aggregates,Aggregates,,
255,XL,Least developed countries: UN classification,Poverty headcount ratio at national poverty lines (% of population),2020,,Aggregates,Aggregates,,
256,XL,Least developed countries: UN classification,Poverty headcount ratio at national poverty lines (% of population),2019,,Aggregates,Aggregates,,
257,XL,Least developed countries: UN classification,Poverty headcount ratio at national poverty lines (% of population),2018,,Aggregates,Aggregates,,
258,XL,Least developed countries: UN classification,Poverty headcount ratio at national poverty lines (% of population),2017,,Aggregates,Aggregates,,
259,XL,Least developed countries: UN classification,Poverty headcount ratio at national poverty lines (% of population),2016,,Aggregates,Aggregates,,
260,XO,Low & middle income,Poverty headcount ratio at national poverty lines (% of population),2025,,Aggregates,Aggregates,,
261,XO,Low & middle income,Poverty headcount ratio at national poverty lines (% of population),2024,,Aggregates,Aggregates,,
262,XO,Low & middle income,Poverty headcount ratio at national poverty lines (% of population),2023,,Aggregates,Aggregates,,
263,XO,Low & middle income,Poverty headcount ratio at national poverty lines (% of population),2022,,Aggregates,Aggregates,,
264,XO,Low & middle income,Poverty headcount ratio at national poverty lines (% of population),2021,,Aggregates,Aggregates,,
265,XO,Low & middle income,Poverty headcount ratio at national poverty lines (% of population),2020,,Aggregates,Aggregates,,
266,XO,Low & middle income,Poverty headcount ratio at national poverty lines (% of population),2019,,Aggregates,Aggregates,,
267,XO,Low & middle income,Poverty headcount ratio at national poverty lines (% of population),2018,,Aggregates,Aggregates,,
268,XO,Low & middle income,Poverty headcount ratio at national poverty lines (% of population),2017,,Aggregates,Aggregates,,
269,XO,Low & middle income,Poverty headcount ratio at national poverty lines (% of population),2016,,Aggregates,Aggregates,,
270,XM,Low income,Poverty headcount ratio at national poverty lines (% of population),2025,,Aggregates,Aggregates,,
271,XM,Low income,Poverty headcount ratio at national poverty lines (% of population),2024,,Aggregates,Aggregates,,
272,XM,Low income,Poverty headcount ratio at national poverty lines (% of population),2023,,Aggregates,Aggregates,,
273,XM,Low income,Poverty headcount ratio at national poverty lines (% of population),2022,,Aggregates,Aggregates,,
274,XM,Low income,Poverty headcount ratio at national poverty lines (% of population),2021,,Aggregates,Aggregates,,
275,XM,Low income,Poverty headcount ratio at national poverty lines (% of population),2020,,Aggregates,Aggregates,,
276,XM,Low income,Poverty headcount ratio at national poverty lines (% of population),2019,,Aggregates,Aggregates,,
277,XM,Low income,Poverty headcount ratio at national poverty lines (% of population),2018,,Aggregates,Aggregates,,
278,XM,Low income,Poverty headcount ratio at national poverty lines (% of population),2017,,Aggregates,Aggregates,,
279,XM,Low income,Poverty headcount ratio at national poverty lines (% of population),2016,,Aggregates,Aggregates,,
280,XN,Lower middle income,Poverty headcount ratio at national poverty lines (% of population),2025,,Aggregates,Aggregates,,
281,XN,Lower middle income,Poverty headcount ratio at national poverty lines (% of population),2024,,Aggregates,Aggregates,,
282,XN,Lower middle income,Poverty headcount ratio at national poverty lines (% of population),2023,,Aggregates,Aggregates,,
283,XN,Lower middle income,Poverty headcount ratio at national poverty lines (% of population),2022,,Aggregates,Aggregates,,
284,XN,Lower middle income,Poverty headcount ratio at national poverty lines (% of population),2021,,Aggregates,Aggregates,,
285,XN,Lower middle income,Poverty headcount ratio at national poverty lines (% of population),2020,,Aggregates,Aggregates,,
286,XN,Lower middle income,Poverty headcount ratio at national poverty lines (% of population),2019,,Aggregates,Aggregates,,
287,XN,Lower middle income,Poverty headcount ratio at national poverty lines (% of population),2018,,Aggregates,Aggregates,,
288,XN,Lower middle income,Poverty headcount ratio at national poverty lines (% of population),2017,,Aggregates,Aggregates,,
289,XN,Lower middle income,Poverty headcount ratio at national poverty lines (% of population),2016,,Aggregates,Aggregates,,
290,ZQ,"Middle East, North Africa, Afghanistan & Pakistan",Poverty headcount ratio at national poverty lines (% of population),2025,,Aggregates,Aggregates,,
291,ZQ,"Middle East, North Africa, Afghanistan & Pakistan",Poverty headcount ratio at national poverty lines (% of population),2024,,Aggregates,Aggregates,,
292,ZQ,"Middle East, North Africa, Afghanistan & Pakistan",Poverty headcount ratio at national poverty lines (% of population),2023,,Aggregates,Aggregates,,
293,ZQ,"Middle East, North Africa, Afghanistan & Pakistan",Poverty headcount ratio at national poverty lines (% of population),2022,,Aggregates,Aggregates,,
294,ZQ,"Middle East, North Africa, Afghanistan & Pakistan",Poverty headcount ratio at national poverty lines (% of population),2021,,Aggregates,Aggregates,,
295,ZQ,"Middle East, North Africa, Afghanistan & Pakistan",Poverty headcount ratio at national poverty lines (% of population),2020,,Aggregates,Aggregates,,
296,ZQ,"Middle East, North Africa, Afghanistan & Pakistan",Poverty headcount ratio at national poverty lines (% of population),2019,,Aggregates,Aggregates,,
297,ZQ,"Middle East, North Africa, Afghanistan & Pakistan",Poverty headcount ratio at national poverty lines (% of population),2018,,Aggregates,Aggregates,,
298,ZQ,"Middle East, North Africa, Afghanistan & Pakistan",Poverty headcount ratio at national poverty lines (% of population),2017,,Aggregates,Aggregates,,
299,ZQ,"Middle East, North Africa, Afghanistan & Pakistan",Poverty headcount ratio at national poverty lines (% of population),2016,,Aggregates,Aggregates,,
300,XQ,"Middle East, North Africa, Afghanistan & Pakistan (excluding high income)",Poverty headcount ratio at national poverty lines (% of population),2025,,Aggregates,Aggregates,,
301,XQ,"Middle East, North Africa, Afghanistan & Pakistan (excluding high income)",Poverty headcount ratio at national poverty lines (% of population),2024,,Aggregates,Aggregates,,
302,XQ,"Middle East, North Africa, Afghanistan & Pakistan (excluding high income)",Poverty headcount ratio at national poverty lines (% of population),2023,,Aggregates,Aggregates,,
303,XQ,"Middle East, North Africa, Afghanistan & Pakistan (excluding high income)",Poverty headcount ratio at national poverty lines (% of population),2022,,Aggregates,Aggregates,,
304,XQ,"Middle East, North Africa, Afghanistan & Pakistan (excluding high income)",Poverty headcount ratio at national poverty lines (% of population),2021,,Aggregates,Aggregates,,
305,XQ,"Middle East, North Africa, Afghanistan & Pakistan (excluding high income)",Poverty headcount ratio at national poverty lines (% of population),2020,,Aggregates,Aggregates,,
306,XQ,"Middle East, North Africa, Afghanistan & Pakistan (excluding high income)",Poverty headcount ratio at national poverty lines (% of population),2019,,Aggregates,Aggregates,,
307,XQ,"Middle East, North Africa, Afghanistan & Pakistan (excluding high income)",Poverty headcount ratio at national poverty lines (% of population),2018,,Aggregates,Aggregates,,
308,XQ,"Middle East, North Africa, Afghanistan & Pakistan (excluding high income)",Poverty headcount ratio at national poverty lines (% of population),2017,,Aggregates,Aggregates,,
309,XQ,"Middle East, North Africa, Afghanistan & Pakistan (excluding high income)",Poverty headcount ratio at national poverty lines (% of population),2016,,Aggregates,Aggregates,,
310,T3,"Middle East, North Africa, Afghanistan & Pakistan (IDA & IBRD)",Poverty headcount ratio at national poverty lines (% of population),2025,,Aggregates,Aggregates,,
311,T3,"Middle East, North Africa, Afghanistan & Pakistan (IDA & IBRD)",Poverty headcount ratio at national poverty lines (% of population),2024,,Aggregates,Aggregates,,
312,T3,"Middle East, North Africa, Afghanistan & Pakistan (IDA & IBRD)",Poverty headcount ratio at national poverty lines (% of population),2023,,Aggregates,Aggregates,,
313,T3,"Middle East, North Africa, Afghanistan & Pakistan (IDA & IBRD)",Poverty headcount ratio at national poverty lines (% of population),2022,,Aggregates,Aggregates,,
314,T3,"Middle East, North Africa, Afghanistan & Pakistan (IDA & IBRD)",Poverty headcount ratio at national poverty lines (% of population),2021,,Aggregates,Aggregates,,
315,T3,"Middle East, North Africa, Afghanistan & Pakistan (IDA & IBRD)",Poverty headcount ratio at national poverty lines (% of population),2020,,Aggregates,Aggregates,,
316,T3,"Middle East, North Africa, Afghanistan & Pakistan (IDA & IBRD)",Poverty headcount ratio at national poverty lines (% of population),2019,,Aggregates,Aggregates,,
317,T3,"Middle East, North Africa, Afghanistan & Pakistan (IDA & IBRD)",Poverty headcount ratio at national poverty lines (% of population),2018,,Aggregates,Aggregates,,
318,T3,"Middle East, North Africa, Afghanistan & Pakistan (IDA & IBRD)",Poverty headcount ratio at national poverty lines (% of population),2017,,Aggregates,Aggregates,,
319,T3,"Middle East, North Africa, Afghanistan & Pakistan (IDA & IBRD)",Poverty headcount ratio at national poverty lines (% of population),2016,,Aggregates,Aggregates,,
320,XP,Middle income,Poverty headcount ratio at national poverty lines (% of population),2025,,Aggregates,Aggregates,,
321,XP,Middle income,Poverty headcount ratio at national poverty lines (% of population),2024,,Aggregates,Aggregates,,
322,XP,Middle income,Poverty headcount ratio at national poverty lines (% of population),2023,,Aggregates,Aggregates,,
323,XP,Middle income,Poverty headcount ratio at national poverty lines (% of population),2022,,Aggregates,Aggregates,,
324,XP,Middle income,Poverty headcount ratio at national poverty lines (% of population),2021,,Aggregates,Aggregates,,
325,XP,Middle income,Poverty headcount ratio at national poverty lines (% of population),2020,,Aggregates,Aggregates,,
326,XP,Middle income,Poverty headcount ratio at national poverty lines (% of population),2019,,Aggregates,Aggregates,,
327,XP,Middle income,Poverty headcount ratio at national poverty lines (% of population),2018,,Aggregates,Aggregates,,
328,XP,Middle income,Poverty headcount ratio at national poverty lines (% of population),2017,,Aggregates,Aggregates,,
329,XP,Middle income,Poverty headcount ratio at national poverty lines (% of population),2016,,Aggregates,Aggregates,,
330,XU,North America,Poverty headcount ratio at national poverty lines (% of population),2025,,Aggregates,Aggregates,,
331,XU,North America,Poverty headcount ratio at national poverty lines (% of population),2024,,Aggregates,Aggregates,,
332,XU,North America,Poverty headcount ratio at national poverty lines (% of population),2023,,Aggregates,Aggregates,,
333,XU,North America,Poverty headcount ratio at national poverty lines (% of population),2022,,Aggregates,Aggregates,,
334,XU,North America,Poverty headcount ratio at national poverty lines (% of population),2021,,Aggregates,Aggregates,,
335,XU,North America,Poverty headcount ratio at national poverty lines (% of population),2020,,Aggregates,Aggregates,,
336,XU,North America,Poverty headcount ratio at national poverty lines (% of population),2019,,Aggregates,Aggregates,,
337,XU,North America,Poverty headcount ratio at national poverty lines (% of population),2018,,Aggregates,Aggregates,,
338,XU,North America,Poverty headcount ratio at national poverty lines (% of population),2017,,Aggregates,Aggregates,,
339,XU,North America,Poverty headcount ratio at national poverty lines (% of population),2016,,Aggregates,Aggregates,,
340,XY,Not classified,Poverty headcount ratio at national poverty lines (% of population),2025,,Aggregates,Aggregates,,
341,XY,Not classified,Poverty headcount ratio at national poverty lines (% of population),2024,,Aggregates,Aggregates,,
342,XY,Not classified,Poverty headcount ratio at national poverty lines (% of population),2023,,Aggregates,Aggregates,,
343,XY,Not classified,Poverty headcount ratio at national poverty lines (% of population),2022,,Aggregates,Aggregates,,
344,XY,Not classified,Poverty headcount ratio at national poverty lines (% of population),2021,,Aggregates,Aggregates,,
345,XY,Not classified,Poverty headcount ratio at national poverty lines (% of population),2020,,Aggregates,Aggregates,,
346,XY,Not classified,Poverty headcount ratio at national poverty lines (% of population),2019,,Aggregates,Aggregates,,
347,XY,Not classified,Poverty headcount ratio at national poverty lines (% of population),2018,,Aggregates,Aggregates,,
348,XY,Not classified,Poverty headcount ratio at national poverty lines (% of population),2017,,Aggregates,Aggregates,,
349,XY,Not classified,Poverty headcount ratio at national poverty lines (% of population),2016,,Aggregates,Aggregates,,
350,OE,OECD members,Poverty headcount ratio at national poverty lines (% of population),2025,,Aggregates,Aggregates,,
351,OE,OECD members,Poverty headcount ratio at national poverty lines (% of population),2024,,Aggregates,Aggregates,,
352,OE,OECD members,Poverty headcount ratio at national poverty lines (% of population),2023,,Aggregates,Aggregates,,
353,OE,OECD members,Poverty headcount ratio at national poverty lines (% of population),2022,,Aggregates,Aggregates,,
354,OE,OECD members,Poverty headcount ratio at national poverty lines (% of population),2021,,Aggregates,Aggregates,,
355,OE,OECD members,Poverty headcount ratio at national poverty lines (% of population),2020,,Aggregates,Aggregates,,
356,OE,OECD members,Poverty headcount ratio at national poverty lines (% of population),2019,,Aggregates,Aggregates,,
357,OE,OECD members,Poverty headcount ratio at national poverty lines (% of population),2018,,Aggregates,Aggregates,,
358,OE,OECD members,Poverty headcount ratio at national poverty lines (% of population),2017,,Aggregates,Aggregates,,
359,OE,OECD members,Poverty headcount ratio at national poverty lines (% of population),2016,,Aggregates,Aggregates,,
360,S4,Other small states,Poverty headcount ratio at national poverty lines (% of population),2025,,Aggregates,Aggregates,,
361,S4,Other small states,Poverty headcount ratio at national poverty lines (% of population),2024,,Aggregates,Aggregates,,
362,S4,Other small states,Poverty headcount ratio at national poverty lines (% of population),2023,,Aggregates,Aggregates,,
363,S4,Other small states,Poverty headcount ratio at national poverty lines (% of population),2022,,Aggregates,Aggregates,,
364,S4,Other small states,Poverty headcount ratio at national poverty lines (% of population),2021,,Aggregates,Aggregates,,
365,S4,Other small states,Poverty headcount ratio at national poverty lines (% of population),2020,,Aggregates,Aggregates,,
366,S4,Other small states,Poverty headcount ratio at national poverty lines (% of population),2019,,Aggregates,Aggregates,,
367,S4,Other small states,Poverty headcount ratio at national poverty lines (% of population),2018,,Aggregates,Aggregates,,
368,S4,Other small states,Poverty headcount ratio at national poverty lines (% of population),2017,,Aggregates,Aggregates,,
369,S4,Other small states,Poverty headcount ratio at national poverty lines (% of population),2016,,Aggregates,Aggregates,,
370,S2,Pacific island small states,Poverty headcount ratio at national poverty lines (% of population),2025,,Aggregates,Aggregates,,
371,S2,Pacific island small states,Poverty headcount ratio at national poverty lines (% of population),2024,,Aggregates,Aggregates,,
372,S2,Pacific island small states,Poverty headcount ratio at national poverty lines (% of population),2023,,Aggregates,Aggregates,,
373,S2,Pacific island small states,Poverty headcount ratio at national poverty lines (% of population),2022,,Aggregates,Aggregates,,
374,S2,Pacific island small states,Poverty headcount ratio at national poverty lines (% of population),2021,,Aggregates,Aggregates,,
375,S2,Pacific island small states,Poverty headcount ratio at national poverty lines (% of population),2020,,Aggregates,Aggregates,,
376,S2,Pacific island small states,Poverty headcount ratio at national poverty lines (% of population),2019,,Aggregates,Aggregates,,
377,S2,Pacific island small states,Poverty headcount ratio at national poverty lines (% of population),2018,,Aggregates,Aggregates,,
378,S2,Pacific island small states,Poverty headcount ratio at national poverty lines (% of population),2017,,Aggregates,Aggregates,,
379,S2,Pacific island small states,Poverty headcount ratio at national poverty lines (% of population),2016,,Aggregates,Aggregates,,
380,V4,Post-demographic dividend,Poverty headcount ratio at national poverty lines (% of population),2025,,Aggregates,Aggregates,,
381,V4,Post-demographic dividend,Poverty headcount ratio at national poverty lines (% of population),2024,,Aggregates,Aggregates,,
382,V4,Post-demographic dividend,Poverty headcount ratio at national poverty lines (% of population),2023,,Aggregates,Aggregates,,
383,V4,Post-demographic dividend,Poverty headcount ratio at national poverty lines (% of population),2022,,Aggregates,Aggregates,,
384,V4,Post-demographic dividend,Poverty headcount ratio at national poverty lines (% of population),2021,,Aggregates,Aggregates,,
385,V4,Post-demographic dividend,Poverty headcount ratio at national poverty lines (% of population),2020,,Aggregates,Aggregates,,
386,V4,Post-demographic dividend,Poverty headcount ratio at national poverty lines (% of population),2019,,Aggregates,Aggregates,,
387,V4,Post-demographic dividend,Poverty headcount ratio at national poverty lines (% of population),2018,,Aggregates,Aggregates,,
388,V4,Post-demographic dividend,Poverty headcount ratio at national poverty lines (% of population),2017,,Aggregates,Aggregates,,
389,V4,Post-demographic dividend,Poverty headcount ratio at national poverty lines (% of population),2016,,Aggregates,Aggregates,,
390,V1,Pre-demographic dividend,Poverty headcount ratio at national poverty lines (% of population),2025,,Aggregates,Aggregates,,
391,V1,Pre-demographic dividend,Poverty headcount ratio at national poverty lines (% of population),2024,,Aggregates,Aggregates,,
392,V1,Pre-demographic dividend,Poverty headcount ratio at national poverty lines (% of population),2023,,Aggregates,Aggregates,,
393,V1,Pre-demographic dividend,Poverty headcount ratio at national poverty lines (% of population),2022,,Aggregates,Aggregates,,
394,V1,Pre-demographic dividend,Poverty headcount ratio at national poverty lines (% of population),2021,,Aggregates,Aggregates,,
395,V1,Pre-demographic dividend,Poverty headcount ratio at national poverty lines (% of population),2020,,Aggregates,Aggregates,,
396,V1,Pre-demographic dividend,Poverty headcount ratio at national poverty lines (% of population),2019,,Aggregates,Aggregates,,
397,V1,Pre-demographic dividend,Poverty headcount ratio at national poverty lines (% of population),2018,,Aggregates,Aggregates,,
398,V1,Pre-demographic dividend,Poverty headcount ratio at national poverty lines (% of population),2017,,Aggregates,Aggregates,,
399,V1,Pre-demographic dividend,Poverty headcount ratio at national poverty lines (% of population),2016,,Aggregates,Aggregates,,
400,S1,Small states,Poverty headcount ratio at national poverty lines (% of population),2025,,Aggregates,Aggregates,,
401,S1,Small states,Poverty headcount ratio at national poverty lines (% of population),2024,,Aggregates,Aggregates,,
402,S1,Small states,Poverty headcount ratio at national poverty lines (% of population),2023,,Aggregates,Aggregates,,
403,S1,Small states,Poverty headcount ratio at national poverty lines (% of population),2022,,Aggregates,Aggregates,,
404,S1,Small states,Poverty headcount ratio at national poverty lines (% of population),2021,,Aggregates,Aggregates,,
405,S1,Small states,Poverty headcount ratio at national poverty lines (% of population),2020,,Aggregates,Aggregates,,
406,S1,Small states,Poverty headcount ratio at national poverty lines (% of population),2019,,Aggregates,Aggregates,,
407,S1,Small states,Poverty headcount ratio at national poverty lines (% of population),2018,,Aggregates,Aggregates,,
408,S1,Small states,Poverty headcount ratio at national poverty lines (% of population),2017,,Aggregates,Aggregates,,
409,S1,Small states,Poverty headcount ratio at national poverty lines (% of population),2016,,Aggregates,Aggregates,,
410,8S,South Asia,Poverty headcount ratio at national poverty lines (% of population),2025,,Aggregates,Aggregates,,
411,8S,South Asia,Poverty headcount ratio at national poverty lines (% of population),2024,,Aggregates,Aggregates,,
412,8S,South Asia,Poverty headcount ratio at national poverty lines (% of population),2023,,Aggregates,Aggregates,,
413,8S,South Asia,Poverty headcount ratio at national poverty lines (% of population),2022,,Aggregates,Aggregates,,
414,8S,South Asia,Poverty headcount ratio at national poverty lines (% of population),2021,,Aggregates,Aggregates,,
415,8S,South Asia,Poverty headcount ratio at national poverty lines (% of population),2020,,Aggregates,Aggregates,,
416,8S,South Asia,Poverty headcount ratio at national poverty lines (% of population),2019,,Aggregates,Aggregates,,
417,8S,South Asia,Poverty headcount ratio at national poverty lines (% of population),2018,,Aggregates,Aggregates,,
418,8S,South Asia,Poverty headcount ratio at national poverty lines (% of population),2017,,Aggregates,Aggregates,,
419,8S,South Asia,Poverty headcount ratio at national poverty lines (% of population),2016,,Aggregates,Aggregates,,
420,T5,South Asia (IDA & IBRD),Poverty headcount ratio at national poverty lines (% of population),2025,,Aggregates,Aggregates,,
421,T5,South Asia (IDA & IBRD),Poverty headcount ratio at national poverty lines (% of population),2024,,Aggregates,Aggregates,,
422,T5,South Asia (IDA & IBRD),Poverty headcount ratio at national poverty lines (% of population),2023,,Aggregates,Aggregates,,
423,T5,South Asia (IDA & IBRD),Poverty headcount ratio at national poverty lines (% of population),2022,,Aggregates,Aggregates,,
424,T5,South Asia (IDA & IBRD),Poverty headcount ratio at national poverty lines (% of population),2021,,Aggregates,Aggregates,,
425,T5,South Asia (IDA & IBRD),Poverty headcount ratio at national poverty lines (% of population),2020,,Aggregates,Aggregates,,
426,T5,South Asia (IDA & IBRD),Poverty headcount ratio at national poverty lines (% of population),2019,,Aggregates,Aggregates,,
427,T5,South Asia (IDA & IBRD),Poverty headcount ratio at national poverty lines (% of population),2018,,Aggregates,Aggregates,,
428,T5,South Asia (IDA & IBRD),Poverty headcount ratio at national poverty lines (% of population),2017,,Aggregates,Aggregates,,
429,T5,South Asia (IDA & IBRD),Poverty headcount ratio at national poverty lines (% of population),2016,,Aggregates,Aggregates,,
430,ZG,Sub-Saharan Africa,Poverty headcount ratio at national poverty lines (% of population),2025,,Aggregates,Aggregates,,
431,ZG,Sub-Saharan Africa,Poverty headcount ratio at national poverty lines (% of population),2024,,Aggregates,Aggregates,,
432,ZG,Sub-Saharan Africa,Poverty headcount ratio at national poverty lines (% of population),2023,,Aggregates,Aggregates,,
433,ZG,Sub-Saharan Africa,Poverty headcount ratio at national poverty lines (% of population),2022,,Aggregates,Aggregates,,
434,ZG,Sub-Saharan Africa,Poverty headcount ratio at national poverty lines (% of population),2021,,Aggregates,Aggregates,,
435,ZG,Sub-Saharan Africa,Poverty headcount ratio at national poverty lines (% of population),2020,,Aggregates,Aggregates,,
436,ZG,Sub-Saharan Africa,Poverty headcount ratio at national poverty lines (% of population),2019,,Aggregates,Aggregates,,
437,ZG,Sub-Saharan Africa,Poverty headcount ratio at national poverty lines (% of population),2018,,Aggregates,Aggregates,,
438,ZG,Sub-Saharan Africa,Poverty headcount ratio at national poverty lines (% of population),2017,,Aggregates,Aggregates,,
439,ZG,Sub-Saharan Africa,Poverty headcount ratio at national poverty lines (% of population),2016,,Aggregates,Aggregates,,
440,ZF,Sub-Saharan Africa (excluding high income),Poverty headcount ratio at national poverty lines (% of population),2025,,Aggregates,Aggregates,,
441,ZF,Sub-Saharan Africa (excluding high income),Poverty headcount ratio at national poverty lines (% of population),2024,,Aggregates,Aggregates,,
442,ZF,Sub-Saharan Africa (excluding high income),Poverty headcount ratio at national poverty lines (% of population),2023,,Aggregates,Aggregates,,
443,ZF,Sub-Saharan Africa (excluding high income),Poverty headcount ratio at national poverty lines (% of population),2022,,Aggregates,Aggregates,,
444,ZF,Sub-Saharan Africa (excluding high income),Poverty headcount ratio at national poverty lines (% of population),2021,,Aggregates,Aggregates,,
445,ZF,Sub-Saharan Africa (excluding high income),Poverty headcount ratio at national poverty lines (% of population),2020,,Aggregates,Aggregates,,
446,ZF,Sub-Saharan Africa (excluding high income),Poverty headcount ratio at national poverty lines (% of population),2019,,Aggregates,Aggregates,,
447,ZF,Sub-Saharan Africa (excluding high income),Poverty headcount ratio at national poverty lines (% of population),2018,,Aggregates,Aggregates,,
448,ZF,Sub-Saharan Africa (excluding high income),Poverty headcount ratio at national poverty lines (% of population),2017,,Aggregates,Aggregates,,
449,ZF,Sub-Saharan Africa (excluding high income),Poverty headcount ratio at national poverty lines (% of population),2016,,Aggregates,Aggregates,,
450,T6,Sub-Saharan Africa (IDA & IBRD countries),Poverty headcount ratio at national poverty lines (% of population),2025,,Aggregates,Aggregates,,
451,T6,Sub-Saharan Africa (IDA & IBRD countries),Poverty headcount ratio at national poverty lines (% of population),2024,,Aggregates,Aggregates,,
452,T6,Sub-Saharan Africa (IDA & IBRD countries),Poverty headcount ratio at national poverty lines (% of population),2023,,Aggregates,Aggregates,,
453,T6,Sub-Saharan Africa (IDA & IBRD countries),Poverty headcount ratio at national poverty lines (% of population),2022,,Aggregates,Aggregates,,
454,T6,Sub-Saharan Africa (IDA & IBRD countries),Poverty headcount ratio at national poverty lines (% of population),2021,,Aggregates,Aggregates,,
455,T6,Sub-Saharan Africa (IDA & IBRD countries),Poverty headcount ratio at national poverty lines (% of population),2020,,Aggregates,Aggregates,,
456,T6,Sub-Saharan Africa (IDA & IBRD countries),Poverty headcount ratio at national poverty lines (% of population),2019,,Aggregates,Aggregates,,
457,T6,Sub-Saharan Africa (IDA & IBRD countries),Poverty headcount ratio at national poverty lines (% of population),2018,,Aggregates,Aggregates,,
458,T6,Sub-Saharan Africa (IDA & IBRD countries),Poverty headcount ratio at national poverty lines (% of population),2017,,Aggregates,Aggregates,,
459,T6,Sub-Saharan Africa (IDA & IBRD countries),Poverty headcount ratio at national poverty lines (% of population),2016,,Aggregates,Aggregates,,
460,XT,Upper middle income,Poverty headcount ratio at national poverty lines (% of population),2025,,Aggregates,Aggregates,,
461,XT,Upper middle income,Poverty headcount ratio at national poverty lines (% of population),2024,,Aggregates,Aggregates,,
462,XT,Upper middle income,Poverty headcount ratio at national poverty lines (% of population),2023,,Aggregates,Aggregates,,
463,XT,Upper middle income,Poverty headcount ratio at national poverty lines (% of population),2022,,Aggregates,Aggregates,,
464,XT,Upper middle income,Poverty headcount ratio at national poverty lines (% of population),2021,,Aggregates,Aggregates,,
465,XT,Upper middle income,Poverty headcount ratio at national poverty lines (% of population),2020,,Aggregates,Aggregates,,
466,XT,Upper middle income,Poverty headcount ratio at national poverty lines (% of population),2019,,Aggregates,Aggregates,,
467,XT,Upper middle income,Poverty headcount ratio at national poverty lines (% of population),2018,,Aggregates,Aggregates,,
468,XT,Upper middle income,Poverty headcount ratio at national poverty lines (% of population),2017,,Aggregates,Aggregates,,
469,XT,Upper middle income,Poverty headcount ratio at national poverty lines (% of population),2016,,Aggregates,Aggregates,,
470,1W,World,Poverty headcount ratio at national poverty lines (% of population),2025,,Aggregates,Aggregates,,
471,1W,World,Poverty headcount ratio at national poverty lines (% of population),2024,,Aggregates,Aggregates,,
472,1W,World,Poverty headcount ratio at national poverty lines (% of population),2023,,Aggregates,Aggregates,,
473,1W,World,Poverty headcount ratio at national poverty lines (% of population),2022,,Aggregates,Aggregates,,
474,1W,World,Poverty headcount ratio at national poverty lines (% of population),2021,,Aggregates,Aggregates,,
475,1W,World,Poverty headcount ratio at national poverty lines (% of population),2020,,Aggregates,Aggregates,,
476,1W,World,Poverty headcount ratio at national poverty lines (% of population),2019,,Aggregates,Aggregates,,
477,1W,World,Poverty headcount ratio at national poverty lines (% of population),2018,,Aggregates,Aggregates,,
478,1W,World,Poverty headcount ratio at national poverty lines (% of population),2017,,Aggregates,Aggregates,,
479,1W,World,Poverty headcount ratio at national poverty lines (% of population),2016,,Aggregates,Aggregates,,
480,AF,Afghanistan,Poverty headcount ratio at national poverty lines (% of population),2025,,"Middle East, North Africa, Afghanistan & Pakistan",Low income,69.1761,34.5228
481,AF,Afghanistan,Poverty headcount ratio at national poverty lines (% of population),2024,,"Middle East, North Africa, Afghanistan & Pakistan",Low income,69.1761,34.5228
482,AF,Afghanistan,Poverty headcount ratio at national poverty lines (% of population),2023,,"Middle East, North Africa, Afghanistan & Pakistan",Low income,69.1761,34.5228
483,AF,Afghanistan,Poverty headcount ratio at national poverty lines (% of population),2022,,"Middle East, North Africa, Afghanistan & Pakistan",Low income,69.1761,34.5228
484,AF,Afghanistan,Poverty headcount ratio at national poverty lines (% of population),2021,,"Middle East, North Africa, Afghanistan & Pakistan",Low income,69.1761,34.5228
485,AF,Afghanistan,Poverty headcount ratio at national poverty lines (% of population),2020,,"Middle East, North Africa, Afghanistan & Pakistan",Low income,69.1761,34.5228
486,AF,Afghanistan,Poverty headcount ratio at national poverty lines (% of population),2019,47.1,"Middle East, North Africa, Afghanistan & Pakistan",Low income,69.1761,34.5228
487,AF,Afghanistan,Poverty headcount ratio at national poverty lines (% of population),2018,,"Middle East, North Africa, Afghanistan & Pakistan",Low income,69.1761,34.5228
488,AF,Afghanistan,Poverty headcount ratio at national poverty lines (% of population),2017,,"Middle East, North Africa, Afghanistan & Pakistan",Low income,69.1761,34.5228
489,AF,Afghanistan,Poverty headcount ratio at national poverty lines (% of population),2016,54.5,"Middle East, North Africa, Afghanistan & Pakistan",Low income,69.1761,34.5228
490,AL,Albania,Poverty headcount ratio at national poverty lines (% of population),2025,,Europe & Central Asia,Upper middle income,19.8172,41.3317
491,AL,Albania,Poverty headcount ratio at national poverty lines (% of population),2024,,Europe & Central Asia,Upper middle income,19.8172,41.3317
492,AL,Albania,Poverty headcount ratio at national poverty lines (% of population),2023,,Europe & Central Asia,Upper middle income,19.8172,41.3317
493,AL,Albania,Poverty headcount ratio at national poverty lines (% of population),2022,19.7,Europe & Central Asia,Upper middle income,19.8172,41.3317
494,AL,Albania,Poverty headcount ratio at national poverty lines (% of population),2021,20.6,Europe & Central Asia,Upper middle income,19.8172,41.3317
495,AL,Albania,Poverty headcount ratio at national poverty lines (% of population),2020,22.0,Europe & Central Asia,Upper middle income,19.8172,41.3317
496,AL,Albania,Poverty headcount ratio at national poverty lines (% of population),2019,21.8,Europe & Central Asia,Upper middle income,19.8172,41.3317
497,AL,Albania,Poverty headcount ratio at national poverty lines (% of population),2018,23.0,Europe & Central Asia,Upper middle income,19.8172,41.3317
498,AL,Albania,Poverty headcount ratio at national poverty lines (% of population),2017,23.4,Europe & Central Asia,Upper middle income,19.8172,41.3317
499,AL,Albania,Poverty headcount ratio at national poverty lines (% of population),2016,23.7,Europe & Central Asia,Upper middle income,19.8172,41.3317
500,DZ,Algeria,Poverty headcount ratio at national poverty lines (% of population),2025,,"Middle East, North Africa, Afghanistan & Pakistan",Upper middle income,3.05097,36.7397
501,DZ,Algeria,Poverty headcount ratio at national poverty lines (% of population),2024,,"Middle East, North Africa, Afghanistan & Pakistan",Upper middle income,3.05097,36.7397
502,DZ,Algeria,Poverty headcount ratio at national poverty lines (% of population),2023,,"Middle East, North Africa, Afghanistan & Pakistan",Upper middle income,3.05097,36.7397
503,DZ,Algeria,Poverty headcount ratio at national poverty lines (% of population),2022,,"Middle East, North Africa, Afghanistan & Pakistan",Upper middle income,3.05097,36.7397
504,DZ,Algeria,Poverty headcount ratio at national poverty lines (% of population),2021,,"Middle East, North Africa, Afghanistan & Pakistan",Upper middle income,3.05097,36.7397
505,DZ,Algeria,Poverty headcount ratio at national poverty lines (% of population),2020,,"Middle East, North Africa, Afghanistan & Pakistan",Upper middle income,3.05097,36.7397
506,DZ,Algeria,Poverty headcount ratio at national poverty lines (% of population),2019,,"Middle East, North Africa, Afghanistan & Pakistan",Upper middle income,3.05097,36.7397
507,DZ,Algeria,Poverty headcount ratio at national poverty lines (% of population),2018,,"Middle East, North Africa, Afghanistan & Pakistan",Upper middle income,3.05097,36.7397
508,DZ,Algeria,Poverty headcount ratio at national poverty lines (% of population),2017,,"Middle East, North Africa, Afghanistan & Pakistan",Upper middle income,3.05097,36.7397
509,DZ,Algeria,Poverty headcount ratio at national poverty lines (% of population),2016,,"Middle East, North Africa, Afghanistan & Pakistan",Upper middle income,3.05097,36.7397
510,AS,American Samoa,Poverty headcount ratio at national poverty lines (% of population),2025,,East Asia & Pacific,High income,-170.691,-14.2846
511,AS,American Samoa,Poverty headcount ratio at national poverty lines (% of population),2024,,East Asia & Pacific,High income,-170.691,-14.2846
512,AS,American Samoa,Poverty headcount ratio at national poverty lines (% of population),2023,,East Asia & Pacific,High income,-170.691,-14.2846
513,AS,American Samoa,Poverty headcount ratio at national poverty lines (% of population),2022,,East Asia & Pacific,High income,-170.691,-14.2846
514,AS,American Samoa,Poverty headcount ratio at national poverty lines (% of population),2021,,East Asia & Pacific,High income,-170.691,-14.2846
515,AS,American Samoa,Poverty headcount ratio at national poverty lines (% of population),2020,,East Asia & Pacific,High income,-170.691,-14.2846
516,AS,American Samoa,Poverty headcount ratio at national poverty lines (% of population),2019,,East Asia & Pacific,High income,-170.691,-14.2846
517,AS,American Samoa,Poverty headcount ratio at national poverty lines (% of population),2018,,East Asia & Pacific,High income,-170.691,-14.2846
518,AS,American Samoa,Poverty headcount ratio at national poverty lines (% of population),2017,,East Asia & Pacific,High income,-170.691,-14.2846
519,AS,American Samoa,Poverty headcount ratio at national poverty lines (% of population),2016,,East Asia & Pacific,High income,-170.691,-14.2846
520,AD,Andorra,Poverty headcount ratio at national poverty lines (% of population),2025,,Europe & Central Asia,High income,1.5218,42.5075
521,AD,Andorra,Poverty headcount ratio at national poverty lines (% of population),2024,,Europe & Central Asia,High income,1.5218,42.5075
522,AD,Andorra,Poverty headcount ratio at national poverty lines (% of population),2023,,Europe & Central Asia,High income,1.5218,42.5075
523,AD,Andorra,Poverty headcount ratio at national poverty lines (% of population),2022,,Europe & Central Asia,High income,1.5218,42.5075
524,AD,Andorra,Poverty headcount ratio at national poverty lines (% of population),2021,,Europe & Central Asia,High income,1.5218,42.5075
525,AD,Andorra,Poverty headcount ratio at national poverty lines (% of population),2020,,Europe & Central Asia,High income,1.5218,42.5075
526,AD,Andorra,Poverty headcount ratio at national poverty lines (% of population),2019,,Europe & Central Asia,High income,1.5218,42.5075
527,AD,Andorra,Poverty headcount ratio at national poverty lines (% of population),2018,,Europe & Central Asia,High income,1.5218,42.5075
528,AD,Andorra,Poverty headcount ratio at national poverty lines (% of population),2017,,Europe & Central Asia,High income,1.5218,42.5075
529,AD,Andorra,Poverty headcount ratio at national poverty lines (% of population),2016,,Europe & Central Asia,High income,1.5218,42.5075
530,AO,Angola,Poverty headcount ratio at national poverty lines (% of population),2025,,Sub-Saharan Africa ,Lower middle income,13.242,-8.81155
531,AO,Angola,Poverty headcount ratio at national poverty lines (% of population),2024,,Sub-Saharan Africa ,Lower middle income,13.242,-8.81155
532,AO,Angola,Poverty headcount ratio at national poverty lines (% of population),2023,,Sub-Saharan Africa ,Lower middle income,13.242,-8.81155
533,AO,Angola,Poverty headcount ratio at national poverty lines (% of population),2022,,Sub-Saharan Africa ,Lower middle income,13.242,-8.81155
534,AO,Angola,Poverty headcount ratio at national poverty lines (% of population),2021,,Sub-Saharan Africa ,Lower middle income,13.242,-8.81155
535,AO,Angola,Poverty headcount ratio at national poverty lines (% of population),2020,,Sub-Saharan Africa ,Lower middle income,13.242,-8.81155
536,AO,Angola,Poverty headcount ratio at national poverty lines (% of population),2019,,Sub-Saharan Africa ,Lower middle income,13.242,-8.81155
537,AO,Angola,Poverty headcount ratio at national poverty lines (% of population),2018,32.3,Sub-Saharan Africa ,Lower middle income,13.242,-8.81155
538,AO,Angola,Poverty headcount ratio at national poverty lines (% of population),2017,,Sub-Saharan Africa ,Lower middle income,13.242,-8.81155
539,AO,Angola,Poverty headcount ratio at national poverty lines (% of population),2016,,Sub-Saharan Africa ,Lower middle income,13.242,-8.81155
540,AG,Antigua and Barbuda,Poverty headcount ratio at national poverty lines (% of population),2025,,Latin America & Caribbean ,High income,-61.8456,17.1175
541,AG,Antigua and Barbuda,Poverty headcount ratio at national poverty lines (% of population),2024,,Latin America & Caribbean ,High income,-61.8456,17.1175
542,AG,Antigua and Barbuda,Poverty headcount ratio at national poverty lines (% of population),2023,,Latin America & Caribbean ,High income,-61.8456,17.1175
543,AG,Antigua and Barbuda,Poverty headcount ratio at national poverty lines (% of population),2022,,Latin America & Caribbean ,High income,-61.8456,17.1175
544,AG,Antigua and Barbuda,Poverty headcount ratio at national poverty lines (% of population),2021,,Latin America & Caribbean ,High income,-61.8456,17.1175
545,AG,Antigua and Barbuda,Poverty headcount ratio at national poverty lines (% of population),2020,,Latin America & Caribbean ,High income,-61.8456,17.1175
546,AG,Antigua and Barbuda,Poverty headcount ratio at national poverty lines (% of population),2019,,Latin America & Caribbean ,High income,-61.8456,17.1175
547,AG,Antigua and Barbuda,Poverty headcount ratio at national poverty lines (% of population),2018,,Latin America & Caribbean ,High income,-61.8456,17.1175
548,AG,Antigua and Barbuda,Poverty headcount ratio at national poverty lines (% of population),2017,,Latin America & Caribbean ,High income,-61.8456,17.1175
549,AG,Antigua and Barbuda,Poverty headcount ratio at national poverty lines (% of population),2016,,Latin America & Caribbean ,High income,-61.8456,17.1175
550,AR,Argentina,Poverty headcount ratio at national poverty lines (% of population),2025,,Latin America & Caribbean ,Upper middle income,-58.4173,-34.6118
551,AR,Argentina,Poverty headcount ratio at national poverty lines (% of population),2024,38.1,Latin America & Caribbean ,Upper middle income,-58.4173,-34.6118
552,AR,Argentina,Poverty headcount ratio at national poverty lines (% of population),2023,41.7,Latin America & Caribbean ,Upper middle income,-58.4173,-34.6118
553,AR,Argentina,Poverty headcount ratio at national poverty lines (% of population),2022,39.2,Latin America & Caribbean ,Upper middle income,-58.4173,-34.6118
554,AR,Argentina,Poverty headcount ratio at national poverty lines (% of population),2021,37.3,Latin America & Caribbean ,Upper middle income,-58.4173,-34.6118
555,AR,Argentina,Poverty headcount ratio at national poverty lines (% of population),2020,42.0,Latin America & Caribbean ,Upper middle income,-58.4173,-34.6118
556,AR,Argentina,Poverty headcount ratio at national poverty lines (% of population),2019,35.5,Latin America & Caribbean ,Upper middle income,-58.4173,-34.6118
557,AR,Argentina,Poverty headcount ratio at national poverty lines (% of population),2018,32.0,Latin America & Caribbean ,Upper middle income,-58.4173,-34.6118
558,AR,Argentina,Poverty headcount ratio at national poverty lines (% of population),2017,25.7,Latin America & Caribbean ,Upper middle income,-58.4173,-34.6118
559,AR,Argentina,Poverty headcount ratio at national poverty lines (% of population),2016,30.3,Latin America & Caribbean ,Upper middle income,-58.4173,-34.6118
560,AM,Armenia,Poverty headcount ratio at national poverty lines (% of population),2025,,Europe & Central Asia,Upper middle income,44.509,40.1596
561,AM,Armenia,Poverty headcount ratio at national poverty lines (% of population),2024,21.7,Europe & Central Asia,Upper middle income,44.509,40.1596
562,AM,Armenia,Poverty headcount ratio at national poverty lines (% of population),2023,,Europe & Central Asia,Upper middle income,44.509,40.1596
563,AM,Armenia,Poverty headcount ratio at national poverty lines (% of population),2022,,Europe & Central Asia,Upper middle income,44.509,40.1596
564,AM,Armenia,Poverty headcount ratio at national poverty lines (% of population),2021,26.5,Europe & Central Asia,Upper middle income,44.509,40.1596
565,AM,Armenia,Poverty headcount ratio at national poverty lines (% of population),2020,27.0,Europe & Central Asia,Upper middle income,44.509,40.1596
566,AM,Armenia,Poverty headcount ratio at national poverty lines (% of population),2019,26.4,Europe & Central Asia,Upper middle income,44.509,40.1596
567,AM,Armenia,Poverty headcount ratio at national poverty lines (% of population),2018,23.5,Europe & Central Asia,Upper middle income,44.509,40.1596
568,AM,Armenia,Poverty headcount ratio at national poverty lines (% of population),2017,25.7,Europe & Central Asia,Upper middle income,44.509,40.1596
569,AM,Armenia,Poverty headcount ratio at national poverty lines (% of population),2016,29.4,Europe & Central Asia,Upper middle income,44.509,40.1596
570,AW,Aruba,Poverty headcount ratio at national poverty lines (% of population),2025,,Latin America & Caribbean ,High income,-70.0167,12.5167
571,AW,Aruba,Poverty headcount ratio at national poverty lines (% of population),2024,,Latin America & Caribbean ,High income,-70.0167,12.5167
572,AW,Aruba,Poverty headcount ratio at national poverty lines (% of population),2023,,Latin America & Caribbean ,High income,-70.0167,12.5167
573,AW,Aruba,Poverty headcount ratio at national poverty lines (% of population),2022,,Latin America & Caribbean ,High income,-70.0167,12.5167
574,AW,Aruba,Poverty headcount ratio at national poverty lines (% of population),2021,,Latin America & Caribbean ,High income,-70.0167,12.5167
575,AW,Aruba,Poverty headcount ratio at national poverty lines (% of population),2020,,Latin America & Caribbean ,High income,-70.0167,12.5167
576,AW,Aruba,Poverty headcount ratio at national poverty lines (% of population),2019,,Latin America & Caribbean ,High income,-70.0167,12.5167
577,AW,Aruba,Poverty headcount ratio at national poverty lines (% of population),2018,,Latin America & Caribbean ,High income,-70.0167,12.5167
578,AW,Aruba,Poverty headcount ratio at national poverty lines (% of population),2017,,Latin America & Caribbean ,High income,-70.0167,12.5167
579,AW,Aruba,Poverty headcount ratio at national poverty lines (% of population),2016,,Latin America & Caribbean ,High income,-70.0167,12.5167
580,AU,Australia,Poverty headcount ratio at national poverty lines (% of population),2025,,East Asia & Pacific,High income,149.129,-35.282
581,AU,Australia,Poverty headcount ratio at national poverty lines (% of population),2024,,East Asia & Pacific,High income,149.129,-35.282
582,AU,Australia,Poverty headcount ratio at national poverty lines (% of population),2023,,East Asia & Pacific,High income,149.129,-35.282
583,AU,Australia,Poverty headcount ratio at national poverty lines (% of population),2022,,East Asia & Pacific,High income,149.129,-35.282
584,AU,Australia,Poverty headcount ratio at national poverty lines (% of population),2021,,East Asia & Pacific,High income,149.129,-35.282
585,AU,Australia,Poverty headcount ratio at national poverty lines (% of population),2020,,East Asia & Pacific,High income,149.129,-35.282
586,AU,Australia,Poverty headcount ratio at national poverty lines (% of population),2019,,East Asia & Pacific,High income,149.129,-35.282
587,AU,Australia,Poverty headcount ratio at national poverty lines (% of population),2018,,East Asia & Pacific,High income,149.129,-35.282
588,AU,Australia,Poverty headcount ratio at national poverty lines (% of population),2017,,East Asia & Pacific,High income,149.129,-35.282
589,AU,Australia,Poverty headcount ratio at national poverty lines (% of population),2016,,East Asia & Pacific,High income,149.129,-35.282
590,AT,Austria,Poverty headcount ratio at national poverty lines (% of population),2025,,Europe & Central Asia,High income,16.3798,48.2201
591,AT,Austria,Poverty headcount ratio at national poverty lines (% of population),2024,,Europe & Central Asia,High income,16.3798,48.2201
592,AT,Austria,Poverty headcount ratio at national poverty lines (% of population),2023,,Europe & Central Asia,High income,16.3798,48.2201
593,AT,Austria,Poverty headcount ratio at national poverty lines (% of population),2022,,Europe & Central Asia,High income,16.3798,48.2201
594,AT,Austria,Poverty headcount ratio at national poverty lines (% of population),2021,14.8,Europe & Central Asia,High income,16.3798,48.2201
595,AT,Austria,Poverty headcount ratio at national poverty lines (% of population),2020,14.7,Europe & Central Asia,High income,16.3798,48.2201
596,AT,Austria,Poverty headcount ratio at national poverty lines (% of population),2019,13.9,Europe & Central Asia,High income,16.3798,48.2201
597,AT,Austria,Poverty headcount ratio at national poverty lines (% of population),2018,13.3,Europe & Central Asia,High income,16.3798,48.2201
598,AT,Austria,Poverty headcount ratio at national poverty lines (% of population),2017,14.3,Europe & Central Asia,High income,16.3798,48.2201
599,AT,Austria,Poverty headcount ratio at national poverty lines (% of population),2016,14.4,Europe & Central Asia,High income,16.3798,48.2201
600,AZ,Azerbaijan,Poverty headcount ratio at national poverty lines (% of population),2025,,Europe & Central Asia,Upper middle income,49.8932,40.3834
601,AZ,Azerbaijan,Poverty headcount ratio at national poverty lines (% of population),2024,,Europe & Central Asia,Upper middle income,49.8932,40.3834
602,AZ,Azerbaijan,Poverty headcount ratio at national poverty lines (% of population),2023,,Europe & Central Asia,Upper middle income,49.8932,40.3834
603,AZ,Azerbaijan,Poverty headcount ratio at national poverty lines (% of population),2022,,Europe & Central Asia,Upper middle income,49.8932,40.3834
604,AZ,Azerbaijan,Poverty headcount ratio at national poverty lines (% of population),2021,,Europe & Central Asia,Upper middle income,49.8932,40.3834
605,AZ,Azerbaijan,Poverty headcount ratio at national poverty lines (% of population),2020,,Europe & Central Asia,Upper middle income,49.8932,40.3834
606,AZ,Azerbaijan,Poverty headcount ratio at national poverty lines (% of population),2019,,Europe & Central Asia,Upper middle income,49.8932,40.3834
607,AZ,Azerbaijan,Poverty headcount ratio at national poverty lines (% of population),2018,,Europe & Central Asia,Upper middle income,49.8932,40.3834
608,AZ,Azerbaijan,Poverty headcount ratio at national poverty lines (% of population),2017,,Europe & Central Asia,Upper middle income,49.8932,40.3834
609,AZ,Azerbaijan,Poverty headcount ratio at national poverty lines (% of population),2016,,Europe & Central Asia,Upper middle income,49.8932,40.3834
610,BS,"Bahamas, The",Poverty headcount ratio at national poverty lines (% of population),2025,,Latin America & Caribbean ,High income,-77.339,25.0661
611,BS,"Bahamas, The",Poverty headcount ratio at national poverty lines (% of population),2024,,Latin America & Caribbean ,High income,-77.339,25.0661
612,BS,"Bahamas, The",Poverty headcount ratio at national poverty lines (% of population),2023,,Latin America & Caribbean ,High income,-77.339,25.0661
613,BS,"Bahamas, The",Poverty headcount ratio at national poverty lines (% of population),2022,,Latin America & Caribbean ,High income,-77.339,25.0661
614,BS,"Bahamas, The",Poverty headcount ratio at national poverty lines (% of population),2021,,Latin America & Caribbean ,High income,-77.339,25.0661
615,BS,"Bahamas, The",Poverty headcount ratio at national poverty lines (% of population),2020,,Latin America & Caribbean ,High income,-77.339,25.0661
616,BS,"Bahamas, The",Poverty headcount ratio at national poverty lines (% of population),2019,,Latin America & Caribbean ,High income,-77.339,25.0661
617,BS,"Bahamas, The",Poverty headcount ratio at national poverty lines (% of population),2018,,Latin America & Caribbean ,High income,-77.339,25.0661
618,BS,"Bahamas, The",Poverty headcount ratio at national poverty lines (% of population),2017,,Latin America & Caribbean ,High income,-77.339,25.0661
619,BS,"Bahamas, The",Poverty headcount ratio at national poverty lines (% of population),2016,,Latin America & Caribbean ,High income,-77.339,25.0661
620,BH,Bahrain,Poverty headcount ratio at national poverty lines (% of population),2025,,"Middle East, North Africa, Afghanistan & Pakistan",High income,50.5354,26.1921
621,BH,Bahrain,Poverty headcount ratio at national poverty lines (% of population),2024,,"Middle East, North Africa, Afghanistan & Pakistan",High income,50.5354,26.1921
622,BH,Bahrain,Poverty headcount ratio at national poverty lines (% of population),2023,,"Middle East, North Africa, Afghanistan & Pakistan",High income,50.5354,26.1921
623,BH,Bahrain,Poverty headcount ratio at national poverty lines (% of population),2022,,"Middle East, North Africa, Afghanistan & Pakistan",High income,50.5354,26.1921
624,BH,Bahrain,Poverty headcount ratio at national poverty lines (% of population),2021,,"Middle East, North Africa, Afghanistan & Pakistan",High income,50.5354,26.1921
625,BH,Bahrain,Poverty headcount ratio at national poverty lines (% of population),2020,,"Middle East, North Africa, Afghanistan & Pakistan",High income,50.5354,26.1921
626,BH,Bahrain,Poverty headcount ratio at national poverty lines (% of population),2019,,"Middle East, North Africa, Afghanistan & Pakistan",High income,50.5354,26.1921
627,BH,Bahrain,Poverty headcount ratio at national poverty lines (% of population),2018,,"Middle East, North Africa, Afghanistan & Pakistan",High income,50.5354,26.1921
628,BH,Bahrain,Poverty headcount ratio at national poverty lines (% of population),2017,,"Middle East, North Africa, Afghanistan & Pakistan",High income,50.5354,26.1921
629,BH,Bahrain,Poverty headcount ratio at national poverty lines (% of population),2016,,"Middle East, North Africa, Afghanistan & Pakistan",High income,50.5354,26.1921
630,BD,Bangladesh,Poverty headcount ratio at national poverty lines (% of population),2025,,South Asia,Lower middle income,90.4113,23.7055
631,BD,Bangladesh,Poverty headcount ratio at national poverty lines (% of population),2024,,South Asia,Lower middle income,90.4113,23.7055
632,BD,Bangladesh,Poverty headcount ratio at national poverty lines (% of population),2023,,South Asia,Lower middle income,90.4113,23.7055
633,BD,Bangladesh,Poverty headcount ratio at national poverty lines (% of population),2022,18.7,South Asia,Lower middle income,90.4113,23.7055
634,BD,Bangladesh,Poverty headcount ratio at national poverty lines (% of population),2021,,South Asia,Lower middle income,90.4113,23.7055
635,BD,Bangladesh,Poverty headcount ratio at national poverty lines (% of population),2020,,South Asia,Lower middle income,90.4113,23.7055
636,BD,Bangladesh,Poverty headcount ratio at national poverty lines (% of population),2019,,South Asia,Lower middle income,90.4113,23.7055
637,BD,Bangladesh,Poverty headcount ratio at national poverty lines (% of population),2018,,South Asia,Lower middle income,90.4113,23.7055
638,BD,Bangladesh,Poverty headcount ratio at national poverty lines (% of population),2017,,South Asia,Lower middle income,90.4113,23.7055
639,BD,Bangladesh,Poverty headcount ratio at national poverty lines (% of population),2016,,South Asia,Lower middle income,90.4113,23.7055
640,BB,Barbados,Poverty headcount ratio at national poverty lines (% of population),2025,,Latin America & Caribbean ,High income,-59.6105,13.0935
641,BB,Barbados,Poverty headcount ratio at national poverty lines (% of population),2024,,Latin America & Caribbean ,High income,-59.6105,13.0935
642,BB,Barbados,Poverty headcount ratio at national poverty lines (% of population),2023,,Latin America & Caribbean ,High income,-59.6105,13.0935
643,BB,Barbados,Poverty headcount ratio at national poverty lines (% of population),2022,,Latin America & Caribbean ,High income,-59.6105,13.0935
644,BB,Barbados,Poverty headcount ratio at national poverty lines (% of population),2021,,Latin America & Caribbean ,High income,-59.6105,13.0935
645,BB,Barbados,Poverty headcount ratio at national poverty lines (% of population),2020,,Latin America & Caribbean ,High income,-59.6105,13.0935
646,BB,Barbados,Poverty headcount ratio at national poverty lines (% of population),2019,,Latin America & Caribbean ,High income,-59.6105,13.0935
647,BB,Barbados,Poverty headcount ratio at national poverty lines (% of population),2018,,Latin America & Caribbean ,High income,-59.6105,13.0935
648,BB,Barbados,Poverty headcount ratio at national poverty lines (% of population),2017,,Latin America & Caribbean ,High income,-59.6105,13.0935
649,BB,Barbados,Poverty headcount ratio at national poverty lines (% of population),2016,25.7,Latin America & Caribbean ,High income,-59.6105,13.0935
650,BY,Belarus,Poverty headcount ratio at national poverty lines (% of population),2025,,Europe & Central Asia,Upper middle income,27.5766,53.9678
651,BY,Belarus,Poverty headcount ratio at national poverty lines (% of population),2024,3.5,Europe & Central Asia,Upper middle income,27.5766,53.9678
652,BY,Belarus,Poverty headcount ratio at national poverty lines (% of population),2023,3.6,Europe & Central Asia,Upper middle income,27.5766,53.9678
653,BY,Belarus,Poverty headcount ratio at national poverty lines (% of population),2022,3.9,Europe & Central Asia,Upper middle income,27.5766,53.9678
654,BY,Belarus,Poverty headcount ratio at national poverty lines (% of population),2021,4.1,Europe & Central Asia,Upper middle income,27.5766,53.9678
655,BY,Belarus,Poverty headcount ratio at national poverty lines (% of population),2020,4.8,Europe & Central Asia,Upper middle income,27.5766,53.9678
656,BY,Belarus,Poverty headcount ratio at national poverty lines (% of population),2019,5.0,Europe & Central Asia,Upper middle income,27.5766,53.9678
657,BY,Belarus,Poverty headcount ratio at national poverty lines (% of population),2018,5.6,Europe & Central Asia,Upper middle income,27.5766,53.9678
658,BY,Belarus,Poverty headcount ratio at national poverty lines (% of population),2017,5.9,Europe & Central Asia,Upper middle income,27.5766,53.9678
659,BY,Belarus,Poverty headcount ratio at national poverty lines (% of population),2016,5.7,Europe & Central Asia,Upper middle income,27.5766,53.9678
660,BE,Belgium,Poverty headcount ratio at national poverty lines (% of population),2025,,Europe & Central Asia,High income,4.36761,50.8371
661,BE,Belgium,Poverty headcount ratio at national poverty lines (% of population),2024,,Europe & Central Asia,High income,4.36761,50.8371
662,BE,Belgium,Poverty headcount ratio at national poverty lines (% of population),2023,,Europe & Central Asia,High income,4.36761,50.8371
663,BE,Belgium,Poverty headcount ratio at national poverty lines (% of population),2022,12.3,Europe & Central Asia,High income,4.36761,50.8371
664,BE,Belgium,Poverty headcount ratio at national poverty lines (% of population),2021,13.2,Europe & Central Asia,High income,4.36761,50.8371
665,BE,Belgium,Poverty headcount ratio at national poverty lines (% of population),2020,12.7,Europe & Central Asia,High income,4.36761,50.8371
666,BE,Belgium,Poverty headcount ratio at national poverty lines (% of population),2019,14.1,Europe & Central Asia,High income,4.36761,50.8371
667,BE,Belgium,Poverty headcount ratio at national poverty lines (% of population),2018,14.8,Europe & Central Asia,High income,4.36761,50.8371
668,BE,Belgium,Poverty headcount ratio at national poverty lines (% of population),2017,,Europe & Central Asia,High income,4.36761,50.8371
669,BE,Belgium,Poverty headcount ratio at national poverty lines (% of population),2016,,Europe & Central Asia,High income,4.36761,50.8371
670,BZ,Belize,Poverty headcount ratio at national poverty lines (% of population),2025,,Latin America & Caribbean ,Upper middle income,-88.7713,17.2534
671,BZ,Belize,Poverty headcount ratio at national poverty lines (% of population),2024,,Latin America & Caribbean ,Upper middle income,-88.7713,17.2534
672,BZ,Belize,Poverty headcount ratio at national poverty lines (% of population),2023,,Latin America & Caribbean ,Upper middle income,-88.7713,17.2534
673,BZ,Belize,Poverty headcount ratio at national poverty lines (% of population),2022,,Latin America & Caribbean ,Upper middle income,-88.7713,17.2534
674,BZ,Belize,Poverty headcount ratio at national poverty lines (% of population),2021,,Latin America & Caribbean ,Upper middle income,-88.7713,17.2534
675,BZ,Belize,Poverty headcount ratio at national poverty lines (% of population),2020,,Latin America & Caribbean ,Upper middle income,-88.7713,17.2534
676,BZ,Belize,Poverty headcount ratio at national poverty lines (% of population),2019,,Latin America & Caribbean ,Upper middle income,-88.7713,17.2534
677,BZ,Belize,Poverty headcount ratio at national poverty lines (% of population),2018,52.0,Latin America & Caribbean ,Upper middle income,-88.7713,17.2534
678,BZ,Belize,Poverty headcount ratio at national poverty lines (% of population),2017,,Latin America & Caribbean ,Upper middle income,-88.7713,17.2534
679,BZ,Belize,Poverty headcount ratio at national poverty lines (% of population),2016,,Latin America & Caribbean ,Upper middle income,-88.7713,17.2534
680,BJ,Benin,Poverty headcount ratio at national poverty lines (% of population),2025,,Sub-Saharan Africa ,Lower middle income,2.6323,6.4779
681,BJ,Benin,Poverty headcount ratio at national poverty lines (% of population),2024,,Sub-Saharan Africa ,Lower middle income,2.6323,6.4779
682,BJ,Benin,Poverty headcount ratio at national poverty lines (% of population),2023,,Sub-Saharan Africa ,Lower middle income,2.6323,6.4779
683,BJ,Benin,Poverty headcount ratio at national poverty lines (% of population),2022,,Sub-Saharan Africa ,Lower middle income,2.6323,6.4779
684,BJ,Benin,Poverty headcount ratio at national poverty lines (% of population),2021,36.2,Sub-Saharan Africa ,Lower middle income,2.6323,6.4779
685,BJ,Benin,Poverty headcount ratio at national poverty lines (% of population),2020,,Sub-Saharan Africa ,Lower middle income,2.6323,6.4779
686,BJ,Benin,Poverty headcount ratio at national poverty lines (% of population),2019,,Sub-Saharan Africa ,Lower middle income,2.6323,6.4779
687,BJ,Benin,Poverty headcount ratio at national poverty lines (% of population),2018,38.5,Sub-Saharan Africa ,Lower middle income,2.6323,6.4779
688,BJ,Benin,Poverty headcount ratio at national poverty lines (% of population),2017,,Sub-Saharan Africa ,Lower middle income,2.6323,6.4779
689,BJ,Benin,Poverty headcount ratio at national poverty lines (% of population),2016,,Sub-Saharan Africa ,Lower middle income,2.6323,6.4779
690,BM,Bermuda,Poverty headcount ratio at national poverty lines (% of population),2025,,North America,High income,-64.706,32.3293
691,BM,Bermuda,Poverty headcount ratio at national poverty lines (% of population),2024,,North America,High income,-64.706,32.3293
692,BM,Bermuda,Poverty headcount ratio at national poverty lines (% of population),2023,,North America,High income,-64.706,32.3293
693,BM,Bermuda,Poverty headcount ratio at national poverty lines (% of population),2022,,North America,High income,-64.706,32.3293
694,BM,Bermuda,Poverty headcount ratio at national poverty lines (% of population),2021,,North America,High income,-64.706,32.3293
695,BM,Bermuda,Poverty headcount ratio at national poverty lines (% of population),2020,,North America,High income,-64.706,32.3293
696,BM,Bermuda,Poverty headcount ratio at national poverty lines (% of population),2019,,North America,High income,-64.706,32.3293
697,BM,Bermuda,Poverty headcount ratio at national poverty lines (% of population),2018,,North America,High income,-64.706,32.3293
698,BM,Bermuda,Poverty headcount ratio at national poverty lines (% of population),2017,,North America,High income,-64.706,32.3293
699,BM,Bermuda,Poverty headcount ratio at national poverty lines (% of population),2016,,North America,High income,-64.706,32.3293
700,BT,Bhutan,Poverty headcount ratio at national poverty lines (% of population),2025,,South Asia,Lower middle income,89.6177,27.5768
701,BT,Bhutan,Poverty headcount ratio at national poverty lines (% of population),2024,,South Asia,Lower middle income,89.6177,27.5768
702,BT,Bhutan,Poverty headcount ratio at national poverty lines (% of population),2023,,South Asia,Lower middle income,89.6177,27.5768
703,BT,Bhutan,Poverty headcount ratio at national poverty lines (% of population),2022,12.4,South Asia,Lower middle income,89.6177,27.5768
704,BT,Bhutan,Poverty headcount ratio at national poverty lines (% of population),2021,,South Asia,Lower middle income,89.6177,27.5768
705,BT,Bhutan,Poverty headcount ratio at national poverty lines (% of population),2020,,South Asia,Lower middle income,89.6177,27.5768
706,BT,Bhutan,Poverty headcount ratio at national poverty lines (% of population),2019,,South Asia,Lower middle income,89.6177,27.5768
707,BT,Bhutan,Poverty headcount ratio at national poverty lines (% of population),2018,,South Asia,Lower middle income,89.6177,27.5768
708,BT,Bhutan,Poverty headcount ratio at national poverty lines (% of population),2017,,South Asia,Lower middle income,89.6177,27.5768
709,BT,Bhutan,Poverty headcount ratio at national poverty lines (% of population),2016,,South Asia,Lower middle income,89.6177,27.5768
710,BO,Bolivia,Poverty headcount ratio at national poverty lines (% of population),2025,,Latin America & Caribbean ,Lower middle income,-66.1936,-13.9908
711,BO,Bolivia,Poverty headcount ratio at national poverty lines (% of population),2024,37.7,Latin America & Caribbean ,Lower middle income,-66.1936,-13.9908
712,BO,Bolivia,Poverty headcount ratio at national poverty lines (% of population),2023,36.5,Latin America & Caribbean ,Lower middle income,-66.1936,-13.9908
713,BO,Bolivia,Poverty headcount ratio at national poverty lines (% of population),2022,37.7,Latin America & Caribbean ,Lower middle income,-66.1936,-13.9908
714,BO,Bolivia,Poverty headcount ratio at national poverty lines (% of population),2021,36.4,Latin America & Caribbean ,Lower middle income,-66.1936,-13.9908
715,BO,Bolivia,Poverty headcount ratio at national poverty lines (% of population),2020,39.0,Latin America & Caribbean ,Lower middle income,-66.1936,-13.9908
716,BO,Bolivia,Poverty headcount ratio at national poverty lines (% of population),2019,37.2,Latin America & Caribbean ,Lower middle income,-66.1936,-13.9908
717,BO,Bolivia,Poverty headcount ratio at national poverty lines (% of population),2018,39.9,Latin America & Caribbean ,Lower middle income,-66.1936,-13.9908
718,BO,Bolivia,Poverty headcount ratio at national poverty lines (% of population),2017,42.2,Latin America & Caribbean ,Lower middle income,-66.1936,-13.9908
719,BO,Bolivia,Poverty headcount ratio at national poverty lines (% of population),2016,43.0,Latin America & Caribbean ,Lower middle income,-66.1936,-13.9908
720,BA,Bosnia and Herzegovina,Poverty headcount ratio at national poverty lines (% of population),2025,,Europe & Central Asia,Upper middle income,18.4214,43.8607
721,BA,Bosnia and Herzegovina,Poverty headcount ratio at national poverty lines (% of population),2024,,Europe & Central Asia,Upper middle income,18.4214,43.8607
722,BA,Bosnia and Herzegovina,Poverty headcount ratio at national poverty lines (% of population),2023,,Europe & Central Asia,Upper middle income,18.4214,43.8607
723,BA,Bosnia and Herzegovina,Poverty headcount ratio at national poverty lines (% of population),2022,,Europe & Central Asia,Upper middle income,18.4214,43.8607
724,BA,Bosnia and Herzegovina,Poverty headcount ratio at national poverty lines (% of population),2021,,Europe & Central Asia,Upper middle income,18.4214,43.8607
725,BA,Bosnia and Herzegovina,Poverty headcount ratio at national poverty lines (% of population),2020,,Europe & Central Asia,Upper middle income,18.4214,43.8607
726,BA,Bosnia and Herzegovina,Poverty headcount ratio at national poverty lines (% of population),2019,,Europe & Central Asia,Upper middle income,18.4214,43.8607
727,BA,Bosnia and Herzegovina,Poverty headcount ratio at national poverty lines (% of population),2018,,Europe & Central Asia,Upper middle income,18.4214,43.8607
728,BA,Bosnia and Herzegovina,Poverty headcount ratio at national poverty lines (% of population),2017,,Europe & Central Asia,Upper middle income,18.4214,43.8607
729,BA,Bosnia and Herzegovina,Poverty headcount ratio at national poverty lines (% of population),2016,,Europe & Central Asia,Upper middle income,18.4214,43.8607
730,BW,Botswana,Poverty headcount ratio at national poverty lines (% of population),2025,,Sub-Saharan Africa ,Upper middle income,25.9201,-24.6544
731,BW,Botswana,Poverty headcount ratio at national poverty lines (% of population),2024,,Sub-Saharan Africa ,Upper middle income,25.9201,-24.6544
732,BW,Botswana,Poverty headcount ratio at national poverty lines (% of population),2023,,Sub-Saharan Africa ,Upper middle income,25.9201,-24.6544
733,BW,Botswana,Poverty headcount ratio at national poverty lines (% of population),2022,,Sub-Saharan Africa ,Upper middle income,25.9201,-24.6544
734,BW,Botswana,Poverty headcount ratio at national poverty lines (% of population),2021,,Sub-Saharan Africa ,Upper middle income,25.9201,-24.6544
735,BW,Botswana,Poverty headcount ratio at national poverty lines (% of population),2020,,Sub-Saharan Africa ,Upper middle income,25.9201,-24.6544
736,BW,Botswana,Poverty headcount ratio at national poverty lines (% of population),2019,,Sub-Saharan Africa ,Upper middle income,25.9201,-24.6544
737,BW,Botswana,Poverty headcount ratio at national poverty lines (% of population),2018,,Sub-Saharan Africa ,Upper middle income,25.9201,-24.6544
738,BW,Botswana,Poverty headcount ratio at national poverty lines (% of population),2017,,Sub-Saharan Africa ,Upper middle income,25.9201,-24.6544
739,BW,Botswana,Poverty headcount ratio at national poverty lines (% of population),2016,,Sub-Saharan Africa ,Upper middle income,25.9201,-24.6544
740,BR,Brazil,Poverty headcount ratio at national poverty lines (% of population),2025,,Latin America & Caribbean ,Upper middle income,-47.9292,-15.7801
741,BR,Brazil,Poverty headcount ratio at national poverty lines (% of population),2024,,Latin America & Caribbean ,Upper middle income,-47.9292,-15.7801
742,BR,Brazil,Poverty headcount ratio at national poverty lines (% of population),2023,,Latin America & Caribbean ,Upper middle income,-47.9292,-15.7801
743,BR,Brazil,Poverty headcount ratio at national poverty lines (% of population),2022,,Latin America & Caribbean ,Upper middle income,-47.9292,-15.7801
744,BR,Brazil,Poverty headcount ratio at national poverty lines (% of population),2021,,Latin America & Caribbean ,Upper middle income,-47.9292,-15.7801
745,BR,Brazil,Poverty headcount ratio at national poverty lines (% of population),2020,,Latin America & Caribbean ,Upper middle income,-47.9292,-15.7801
746,BR,Brazil,Poverty headcount ratio at national poverty lines (% of population),2019,,Latin America & Caribbean ,Upper middle income,-47.9292,-15.7801
747,BR,Brazil,Poverty headcount ratio at national poverty lines (% of population),2018,,Latin America & Caribbean ,Upper middle income,-47.9292,-15.7801
748,BR,Brazil,Poverty headcount ratio at national poverty lines (% of population),2017,,Latin America & Caribbean ,Upper middle income,-47.9292,-15.7801
749,BR,Brazil,Poverty headcount ratio at national poverty lines (% of population),2016,,Latin America & Caribbean ,Upper middle income,-47.9292,-15.7801
750,VG,British Virgin Islands,Poverty headcount ratio at national poverty lines (% of population),2025,,Latin America & Caribbean ,High income,-64.623056,18.431389
751,VG,British Virgin Islands,Poverty headcount ratio at national poverty lines (% of population),2024,,Latin America & Caribbean ,High income,-64.623056,18.431389
752,VG,British Virgin Islands,Poverty headcount ratio at national poverty lines (% of population),2023,,Latin America & Caribbean ,High income,-64.623056,18.431389
753,VG,British Virgin Islands,Poverty headcount ratio at national poverty lines (% of population),2022,,Latin America & Caribbean ,High income,-64.623056,18.431389
754,VG,British Virgin Islands,Poverty headcount ratio at national poverty lines (% of population),2021,,Latin America & Caribbean ,High income,-64.623056,18.431389
755,VG,British Virgin Islands,Poverty headcount ratio at national poverty lines (% of population),2020,,Latin America & Caribbean ,High income,-64.623056,18.431389
756,VG,British Virgin Islands,Poverty headcount ratio at national poverty lines (% of population),2019,,Latin America & Caribbean ,High income,-64.623056,18.431389
757,VG,British Virgin Islands,Poverty headcount ratio at national poverty lines (% of population),2018,,Latin America & Caribbean ,High income,-64.623056,18.431389
758,VG,British Virgin Islands,Poverty headcount ratio at national poverty lines (% of population),2017,,Latin America & Caribbean ,High income,-64.623056,18.431389
759,VG,British Virgin Islands,Poverty headcount ratio at national poverty lines (% of population),2016,,Latin America & Caribbean ,High income,-64.623056,18.431389
760,BN,Brunei Darussalam,Poverty headcount ratio at national poverty lines (% of population),2025,,East Asia & Pacific,High income,114.946,4.94199
761,BN,Brunei Darussalam,Poverty headcount ratio at national poverty lines (% of population),2024,,East Asia & Pacific,High income,114.946,4.94199
762,BN,Brunei Darussalam,Poverty headcount ratio at national poverty lines (% of population),2023,,East Asia & Pacific,High income,114.946,4.94199
763,BN,Brunei Darussalam,Poverty headcount ratio at national poverty lines (% of population),2022,,East Asia & Pacific,High income,114.946,4.94199
764,BN,Brunei Darussalam,Poverty headcount ratio at national poverty lines (% of population),2021,,East Asia & Pacific,High income,114.946,4.94199
765,BN,Brunei Darussalam,Poverty headcount ratio at national poverty lines (% of population),2020,,East Asia & Pacific,High income,114.946,4.94199
766,BN,Brunei Darussalam,Poverty headcount ratio at national poverty lines (% of population),2019,,East Asia & Pacific,High income,114.946,4.94199
767,BN,Brunei Darussalam,Poverty headcount ratio at national poverty lines (% of population),2018,,East Asia & Pacific,High income,114.946,4.94199
768,BN,Brunei Darussalam,Poverty headcount ratio at national poverty lines (% of population),2017,,East Asia & Pacific,High income,114.946,4.94199
769,BN,Brunei Darussalam,Poverty headcount ratio at national poverty lines (% of population),2016,,East Asia & Pacific,High income,114.946,4.94199
770,BG,Bulgaria,Poverty headcount ratio at national poverty lines (% of population),2025,,Europe & Central Asia,High income,23.3238,42.7105
771,BG,Bulgaria,Poverty headcount ratio at national poverty lines (% of population),2024,,Europe & Central Asia,High income,23.3238,42.7105
772,BG,Bulgaria,Poverty headcount ratio at national poverty lines (% of population),2023,21.7,Europe & Central Asia,High income,23.3238,42.7105
773,BG,Bulgaria,Poverty headcount ratio at national poverty lines (% of population),2022,20.6,Europe & Central Asia,High income,23.3238,42.7105
774,BG,Bulgaria,Poverty headcount ratio at national poverty lines (% of population),2021,22.9,Europe & Central Asia,High income,23.3238,42.7105
775,BG,Bulgaria,Poverty headcount ratio at national poverty lines (% of population),2020,22.1,Europe & Central Asia,High income,23.3238,42.7105
776,BG,Bulgaria,Poverty headcount ratio at national poverty lines (% of population),2019,23.8,Europe & Central Asia,High income,23.3238,42.7105
777,BG,Bulgaria,Poverty headcount ratio at national poverty lines (% of population),2018,22.6,Europe & Central Asia,High income,23.3238,42.7105
778,BG,Bulgaria,Poverty headcount ratio at national poverty lines (% of population),2017,22.0,Europe & Central Asia,High income,23.3238,42.7105
779,BG,Bulgaria,Poverty headcount ratio at national poverty lines (% of population),2016,23.4,Europe & Central Asia,High income,23.3238,42.7105
780,BF,Burkina Faso,Poverty headcount ratio at national poverty lines (% of population),2025,,Sub-Saharan Africa ,Low income,-1.53395,12.3605
781,BF,Burkina Faso,Poverty headcount ratio at national poverty lines (% of population),2024,,Sub-Saharan Africa ,Low income,-1.53395,12.3605
782,BF,Burkina Faso,Poverty headcount ratio at national poverty lines (% of population),2023,,Sub-Saharan Africa ,Low income,-1.53395,12.3605
783,BF,Burkina Faso,Poverty headcount ratio at national poverty lines (% of population),2022,,Sub-Saharan Africa ,Low income,-1.53395,12.3605
784,BF,Burkina Faso,Poverty headcount ratio at national poverty lines (% of population),2021,43.2,Sub-Saharan Africa ,Low income,-1.53395,12.3605
785,BF,Burkina Faso,Poverty headcount ratio at national poverty lines (% of population),2020,,Sub-Saharan Africa ,Low income,-1.53395,12.3605
786,BF,Burkina Faso,Poverty headcount ratio at national poverty lines (% of population),2019,,Sub-Saharan Africa ,Low income,-1.53395,12.3605
787,BF,Burkina Faso,Poverty headcount ratio at national poverty lines (% of population),2018,41.4,Sub-Saharan Africa ,Low income,-1.53395,12.3605
788,BF,Burkina Faso,Poverty headcount ratio at national poverty lines (% of population),2017,,Sub-Saharan Africa ,Low income,-1.53395,12.3605
789,BF,Burkina Faso,Poverty headcount ratio at national poverty lines (% of population),2016,,Sub-Saharan Africa ,Low income,-1.53395,12.3605
790,BI,Burundi,Poverty headcount ratio at national poverty lines (% of population),2025,,Sub-Saharan Africa ,Low income,29.3639,-3.3784
791,BI,Burundi,Poverty headcount ratio at national poverty lines (% of population),2024,,Sub-Saharan Africa ,Low income,29.3639,-3.3784
792,BI,Burundi,Poverty headcount ratio at national poverty lines (% of population),2023,,Sub-Saharan Africa ,Low income,29.3639,-3.3784
793,BI,Burundi,Poverty headcount ratio at national poverty lines (% of population),2022,,Sub-Saharan Africa ,Low income,29.3639,-3.3784
794,BI,Burundi,Poverty headcount ratio at national poverty lines (% of population),2021,,Sub-Saharan Africa ,Low income,29.3639,-3.3784
795,BI,Burundi,Poverty headcount ratio at national poverty lines (% of population),2020,51.0,Sub-Saharan Africa ,Low income,29.3639,-3.3784
796,BI,Burundi,Poverty headcount ratio at national poverty lines (% of population),2019,,Sub-Saharan Africa ,Low income,29.3639,-3.3784
797,BI,Burundi,Poverty headcount ratio at national poverty lines (% of population),2018,,Sub-Saharan Africa ,Low income,29.3639,-3.3784
798,BI,Burundi,Poverty headcount ratio at national poverty lines (% of population),2017,,Sub-Saharan Africa ,Low income,29.3639,-3.3784
799,BI,Burundi,Poverty headcount ratio at national poverty lines (% of population),2016,,Sub-Saharan Africa ,Low income,29.3639,-3.3784
800,CV,Cabo Verde,Poverty headcount ratio at national poverty lines (% of population),2025,,Sub-Saharan Africa ,Upper middle income,-23.5087,14.9218
801,CV,Cabo Verde,Poverty headcount ratio at national poverty lines (% of population),2024,,Sub-Saharan Africa ,Upper middle income,-23.5087,14.9218
802,CV,Cabo Verde,Poverty headcount ratio at national poverty lines (% of population),2023,24.8,Sub-Saharan Africa ,Upper middle income,-23.5087,14.9218
803,CV,Cabo Verde,Poverty headcount ratio at national poverty lines (% of population),2022,,Sub-Saharan Africa ,Upper middle income,-23.5087,14.9218
804,CV,Cabo Verde,Poverty headcount ratio at national poverty lines (% of population),2021,,Sub-Saharan Africa ,Upper middle income,-23.5087,14.9218
805,CV,Cabo Verde,Poverty headcount ratio at national poverty lines (% of population),2020,,Sub-Saharan Africa ,Upper middle income,-23.5087,14.9218
806,CV,Cabo Verde,Poverty headcount ratio at national poverty lines (% of population),2019,,Sub-Saharan Africa ,Upper middle income,-23.5087,14.9218
807,CV,Cabo Verde,Poverty headcount ratio at national poverty lines (% of population),2018,,Sub-Saharan Africa ,Upper middle income,-23.5087,14.9218
808,CV,Cabo Verde,Poverty headcount ratio at national poverty lines (% of population),2017,,Sub-Saharan Africa ,Upper middle income,-23.5087,14.9218
809,CV,Cabo Verde,Poverty headcount ratio at national poverty lines (% of population),2016,,Sub-Saharan Africa ,Upper middle income,-23.5087,14.9218
810,KH,Cambodia,Poverty headcount ratio at national poverty lines (% of population),2025,,East Asia & Pacific,Lower middle income,104.874,11.5556
811,KH,Cambodia,Poverty headcount ratio at national poverty lines (% of population),2024,,East Asia & Pacific,Lower middle income,104.874,11.5556
812,KH,Cambodia,Poverty headcount ratio at national poverty lines (% of population),2023,,East Asia & Pacific,Lower middle income,104.874,11.5556
813,KH,Cambodia,Poverty headcount ratio at national poverty lines (% of population),2022,,East Asia & Pacific,Lower middle income,104.874,11.5556
814,KH,Cambodia,Poverty headcount ratio at national poverty lines (% of population),2021,,East Asia & Pacific,Lower middle income,104.874,11.5556
815,KH,Cambodia,Poverty headcount ratio at national poverty lines (% of population),2020,,East Asia & Pacific,Lower middle income,104.874,11.5556
816,KH,Cambodia,Poverty headcount ratio at national poverty lines (% of population),2019,,East Asia & Pacific,Lower middle income,104.874,11.5556
817,KH,Cambodia,Poverty headcount ratio at national poverty lines (% of population),2018,,East Asia & Pacific,Lower middle income,104.874,11.5556
818,KH,Cambodia,Poverty headcount ratio at national poverty lines (% of population),2017,,East Asia & Pacific,Lower middle income,104.874,11.5556
819,KH,Cambodia,Poverty headcount ratio at national poverty lines (% of population),2016,,East Asia & Pacific,Lower middle income,104.874,11.5556
820,CM,Cameroon,Poverty headcount ratio at national poverty lines (% of population),2025,,Sub-Saharan Africa ,Lower middle income,11.5174,3.8721
821,CM,Cameroon,Poverty headcount ratio at national poverty lines (% of population),2024,,Sub-Saharan Africa ,Lower middle income,11.5174,3.8721
822,CM,Cameroon,Poverty headcount ratio at national poverty lines (% of population),2023,,Sub-Saharan Africa ,Lower middle income,11.5174,3.8721
823,CM,Cameroon,Poverty headcount ratio at national poverty lines (% of population),2022,,Sub-Saharan Africa ,Lower middle income,11.5174,3.8721
824,CM,Cameroon,Poverty headcount ratio at national poverty lines (% of population),2021,37.7,Sub-Saharan Africa ,Lower middle income,11.5174,3.8721
825,CM,Cameroon,Poverty headcount ratio at national poverty lines (% of population),2020,,Sub-Saharan Africa ,Lower middle income,11.5174,3.8721
826,CM,Cameroon,Poverty headcount ratio at national poverty lines (% of population),2019,,Sub-Saharan Africa ,Lower middle income,11.5174,3.8721
827,CM,Cameroon,Poverty headcount ratio at national poverty lines (% of population),2018,,Sub-Saharan Africa ,Lower middle income,11.5174,3.8721
828,CM,Cameroon,Poverty headcount ratio at national poverty lines (% of population),2017,,Sub-Saharan Africa ,Lower middle income,11.5174,3.8721
829,CM,Cameroon,Poverty headcount ratio at national poverty lines (% of population),2016,,Sub-Saharan Africa ,Lower middle income,11.5174,3.8721
830,CA,Canada,Poverty headcount ratio at national poverty lines (% of population),2025,,North America,High income,-75.6919,45.4215
831,CA,Canada,Poverty headcount ratio at national poverty lines (% of population),2024,,North America,High income,-75.6919,45.4215
832,CA,Canada,Poverty headcount ratio at national poverty lines (% of population),2023,,North America,High income,-75.6919,45.4215
833,CA,Canada,Poverty headcount ratio at national poverty lines (% of population),2022,,North America,High income,-75.6919,45.4215
834,CA,Canada,Poverty headcount ratio at national poverty lines (% of population),2021,,North America,High income,-75.6919,45.4215
835,CA,Canada,Poverty headcount ratio at national poverty lines (% of population),2020,,North America,High income,-75.6919,45.4215
836,CA,Canada,Poverty headcount ratio at national poverty lines (% of population),2019,,North America,High income,-75.6919,45.4215
837,CA,Canada,Poverty headcount ratio at national poverty lines (% of population),2018,,North America,High income,-75.6919,45.4215
838,CA,Canada,Poverty headcount ratio at national poverty lines (% of population),2017,,North America,High income,-75.6919,45.4215
839,CA,Canada,Poverty headcount ratio at national poverty lines (% of population),2016,,North America,High income,-75.6919,45.4215
840,KY,Cayman Islands,Poverty headcount ratio at national poverty lines (% of population),2025,,Latin America & Caribbean ,High income,-81.3857,19.3022
841,KY,Cayman Islands,Poverty headcount ratio at national poverty lines (% of population),2024,,Latin America & Caribbean ,High income,-81.3857,19.3022
842,KY,Cayman Islands,Poverty headcount ratio at national poverty lines (% of population),2023,,Latin America & Caribbean ,High income,-81.3857,19.3022
843,KY,Cayman Islands,Poverty headcount ratio at national poverty lines (% of population),2022,,Latin America & Caribbean ,High income,-81.3857,19.3022
844,KY,Cayman Islands,Poverty headcount ratio at national poverty lines (% of population),2021,,Latin America & Caribbean ,High income,-81.3857,19.3022
845,KY,Cayman Islands,Poverty headcount ratio at national poverty lines (% of population),2020,,Latin America & Caribbean ,High income,-81.3857,19.3022
846,KY,Cayman Islands,Poverty headcount ratio at national poverty lines (% of population),2019,,Latin America & Caribbean ,High income,-81.3857,19.3022
847,KY,Cayman Islands,Poverty headcount ratio at national poverty lines (% of population),2018,,Latin America & Caribbean ,High income,-81.3857,19.3022
848,KY,Cayman Islands,Poverty headcount ratio at national poverty lines (% of population),2017,,Latin America & Caribbean ,High income,-81.3857,19.3022
849,KY,Cayman Islands,Poverty headcount ratio at national poverty lines (% of population),2016,,Latin America & Caribbean ,High income,-81.3857,19.3022
850,CF,Central African Republic,Poverty headcount ratio at national poverty lines (% of population),2025,,Sub-Saharan Africa ,Low income,21.6407,5.63056
851,CF,Central African Republic,Poverty headcount ratio at national poverty lines (% of population),2024,,Sub-Saharan Africa ,Low income,21.6407,5.63056
852,CF,Central African Republic,Poverty headcount ratio at national poverty lines (% of population),2023,,Sub-Saharan Africa ,Low income,21.6407,5.63056
853,CF,Central African Republic,Poverty headcount ratio at national poverty lines (% of population),2022,,Sub-Saharan Africa ,Low income,21.6407,5.63056
854,CF,Central African Republic,Poverty headcount ratio at national poverty lines (% of population),2021,68.8,Sub-Saharan Africa ,Low income,21.6407,5.63056
855,CF,Central African Republic,Poverty headcount ratio at national poverty lines (% of population),2020,,Sub-Saharan Africa ,Low income,21.6407,5.63056
856,CF,Central African Republic,Poverty headcount ratio at national poverty lines (% of population),2019,,Sub-Saharan Africa ,Low income,21.6407,5.63056
857,CF,Central African Republic,Poverty headcount ratio at national poverty lines (% of population),2018,,Sub-Saharan Africa ,Low income,21.6407,5.63056
858,CF,Central African Republic,Poverty headcount ratio at national poverty lines (% of population),2017,,Sub-Saharan Africa ,Low income,21.6407,5.63056
859,CF,Central African Republic,Poverty headcount ratio at national poverty lines (% of population),2016,,Sub-Saharan Africa ,Low income,21.6407,5.63056
860,TD,Chad,Poverty headcount ratio at national poverty lines (% of population),2025,,Sub-Saharan Africa ,Low income,15.0445,12.1048
861,TD,Chad,Poverty headcount ratio at national poverty lines (% of population),2024,,Sub-Saharan Africa ,Low income,15.0445,12.1048
862,TD,Chad,Poverty headcount ratio at national poverty lines (% of population),2023,,Sub-Saharan Africa ,Low income,15.0445,12.1048
863,TD,Chad,Poverty headcount ratio at national poverty lines (% of population),2022,44.8,Sub-Saharan Africa ,Low income,15.0445,12.1048
864,TD,Chad,Poverty headcount ratio at national poverty lines (% of population),2021,,Sub-Saharan Africa ,Low income,15.0445,12.1048
865,TD,Chad,Poverty headcount ratio at national poverty lines (% of population),2020,,Sub-Saharan Africa ,Low income,15.0445,12.1048
866,TD,Chad,Poverty headcount ratio at national poverty lines (% of population),2019,,Sub-Saharan Africa ,Low income,15.0445,12.1048
867,TD,Chad,Poverty headcount ratio at national poverty lines (% of population),2018,42.3,Sub-Saharan Africa ,Low income,15.0445,12.1048
868,TD,Chad,Poverty headcount ratio at national poverty lines (% of population),2017,,Sub-Saharan Africa ,Low income,15.0445,12.1048
869,TD,Chad,Poverty headcount ratio at national poverty lines (% of population),2016,,Sub-Saharan Africa ,Low income,15.0445,12.1048
870,JG,Channel Islands,Poverty headcount ratio at national poverty lines (% of population),2025,,Europe & Central Asia,High income,,
871,JG,Channel Islands,Poverty headcount ratio at national poverty lines (% of population),2024,,Europe & Central Asia,High income,,
872,JG,Channel Islands,Poverty headcount ratio at national poverty lines (% of population),2023,,Europe & Central Asia,High income,,
873,JG,Channel Islands,Poverty headcount ratio at national poverty lines (% of population),2022,,Europe & Central Asia,High income,,
874,JG,Channel Islands,Poverty headcount ratio at national poverty lines (% of population),2021,,Europe & Central Asia,High income,,
875,JG,Channel Islands,Poverty headcount ratio at national poverty lines (% of population),2020,,Europe & Central Asia,High income,,
876,JG,Channel Islands,Poverty headcount ratio at national poverty lines (% of population),2019,,Europe & Central Asia,High income,,
877,JG,Channel Islands,Poverty headcount ratio at national poverty lines (% of population),2018,,Europe & Central Asia,High income,,
878,JG,Channel Islands,Poverty headcount ratio at national poverty lines (% of population),2017,,Europe & Central Asia,High income,,
879,JG,Channel Islands,Poverty headcount ratio at national poverty lines (% of population),2016,,Europe & Central Asia,High income,,
880,CL,Chile,Poverty headcount ratio at national poverty lines (% of population),2025,,Latin America & Caribbean ,High income,-70.6475,-33.475
881,CL,Chile,Poverty headcount ratio at national poverty lines (% of population),2024,,Latin America & Caribbean ,High income,-70.6475,-33.475
882,CL,Chile,Poverty headcount ratio at national poverty lines (% of population),2023,,Latin America & Caribbean ,High income,-70.6475,-33.475
883,CL,Chile,Poverty headcount ratio at national poverty lines (% of population),2022,6.5,Latin America & Caribbean ,High income,-70.6475,-33.475
884,CL,Chile,Poverty headcount ratio at national poverty lines (% of population),2021,,Latin America & Caribbean ,High income,-70.6475,-33.475
885,CL,Chile,Poverty headcount ratio at national poverty lines (% of population),2020,10.7,Latin America & Caribbean ,High income,-70.6475,-33.475
886,CL,Chile,Poverty headcount ratio at national poverty lines (% of population),2019,,Latin America & Caribbean ,High income,-70.6475,-33.475
887,CL,Chile,Poverty headcount ratio at national poverty lines (% of population),2018,,Latin America & Caribbean ,High income,-70.6475,-33.475
888,CL,Chile,Poverty headcount ratio at national poverty lines (% of population),2017,8.5,Latin America & Caribbean ,High income,-70.6475,-33.475
889,CL,Chile,Poverty headcount ratio at national poverty lines (% of population),2016,,Latin America & Caribbean ,High income,-70.6475,-33.475
890,CN,China,Poverty headcount ratio at national poverty lines (% of population),2025,,East Asia & Pacific,Upper middle income,116.286,40.0495
891,CN,China,Poverty headcount ratio at national poverty lines (% of population),2024,,East Asia & Pacific,Upper middle income,116.286,40.0495
892,CN,China,Poverty headcount ratio at national poverty lines (% of population),2023,,East Asia & Pacific,Upper middle income,116.286,40.0495
893,CN,China,Poverty headcount ratio at national poverty lines (% of population),2022,,East Asia & Pacific,Upper middle income,116.286,40.0495
894,CN,China,Poverty headcount ratio at national poverty lines (% of population),2021,,East Asia & Pacific,Upper middle income,116.286,40.0495
895,CN,China,Poverty headcount ratio at national poverty lines (% of population),2020,0.0,East Asia & Pacific,Upper middle income,116.286,40.0495
896,CN,China,Poverty headcount ratio at national poverty lines (% of population),2019,0.6,East Asia & Pacific,Upper middle income,116.286,40.0495
897,CN,China,Poverty headcount ratio at national poverty lines (% of population),2018,1.7,East Asia & Pacific,Upper middle income,116.286,40.0495
898,CN,China,Poverty headcount ratio at national poverty lines (% of population),2017,3.1,East Asia & Pacific,Upper middle income,116.286,40.0495
899,CN,China,Poverty headcount ratio at national poverty lines (% of population),2016,4.5,East Asia & Pacific,Upper middle income,116.286,40.0495
900,CO,Colombia,Poverty headcount ratio at national poverty lines (% of population),2025,,Latin America & Caribbean ,Upper middle income,-74.082,4.60987
901,CO,Colombia,Poverty headcount ratio at national poverty lines (% of population),2024,31.8,Latin America & Caribbean ,Upper middle income,-74.082,4.60987
902,CO,Colombia,Poverty headcount ratio at national poverty lines (% of population),2023,34.6,Latin America & Caribbean ,Upper middle income,-74.082,4.60987
903,CO,Colombia,Poverty headcount ratio at national poverty lines (% of population),2022,36.6,Latin America & Caribbean ,Upper middle income,-74.082,4.60987
904,CO,Colombia,Poverty headcount ratio at national poverty lines (% of population),2021,39.7,Latin America & Caribbean ,Upper middle income,-74.082,4.60987
905,CO,Colombia,Poverty headcount ratio at national poverty lines (% of population),2020,43.1,Latin America & Caribbean ,Upper middle income,-74.082,4.60987
906,CO,Colombia,Poverty headcount ratio at national poverty lines (% of population),2019,36.5,Latin America & Caribbean ,Upper middle income,-74.082,4.60987
907,CO,Colombia,Poverty headcount ratio at national poverty lines (% of population),2018,35.5,Latin America & Caribbean ,Upper middle income,-74.082,4.60987
908,CO,Colombia,Poverty headcount ratio at national poverty lines (% of population),2017,35.9,Latin America & Caribbean ,Upper middle income,-74.082,4.60987
909,CO,Colombia,Poverty headcount ratio at national poverty lines (% of population),2016,36.8,Latin America & Caribbean ,Upper middle income,-74.082,4.60987
910,KM,Comoros,Poverty headcount ratio at national poverty lines (% of population),2025,,Sub-Saharan Africa ,Lower middle income,43.2418,-11.6986
911,KM,Comoros,Poverty headcount ratio at national poverty lines (% of population),2024,,Sub-Saharan Africa ,Lower middle income,43.2418,-11.6986
912,KM,Comoros,Poverty headcount ratio at national poverty lines (% of population),2023,,Sub-Saharan Africa ,Lower middle income,43.2418,-11.6986
913,KM,Comoros,Poverty headcount ratio at national poverty lines (% of population),2022,,Sub-Saharan Africa ,Lower middle income,43.2418,-11.6986
914,KM,Comoros,Poverty headcount ratio at national poverty lines (% of population),2021,,Sub-Saharan Africa ,Lower middle income,43.2418,-11.6986
915,KM,Comoros,Poverty headcount ratio at national poverty lines (% of population),2020,,Sub-Saharan Africa ,Lower middle income,43.2418,-11.6986
916,KM,Comoros,Poverty headcount ratio at national poverty lines (% of population),2019,,Sub-Saharan Africa ,Lower middle income,43.2418,-11.6986
917,KM,Comoros,Poverty headcount ratio at national poverty lines (% of population),2018,,Sub-Saharan Africa ,Lower middle income,43.2418,-11.6986
918,KM,Comoros,Poverty headcount ratio at national poverty lines (% of population),2017,,Sub-Saharan Africa ,Lower middle income,43.2418,-11.6986
919,KM,Comoros,Poverty headcount ratio at national poverty lines (% of population),2016,,Sub-Saharan Africa ,Lower middle income,43.2418,-11.6986
920,CD,"Congo, Dem. Rep.",Poverty headcount ratio at national poverty lines (% of population),2025,,Sub-Saharan Africa ,Low income,15.3222,-4.325
921,CD,"Congo, Dem. Rep.",Poverty headcount ratio at national poverty lines (% of population),2024,,Sub-Saharan Africa ,Low income,15.3222,-4.325
922,CD,"Congo, Dem. Rep.",Poverty headcount ratio at national poverty lines (% of population),2023,,Sub-Saharan Africa ,Low income,15.3222,-4.325
923,CD,"Congo, Dem. Rep.",Poverty headcount ratio at national poverty lines (% of population),2022,,Sub-Saharan Africa ,Low income,15.3222,-4.325
924,CD,"Congo, Dem. Rep.",Poverty headcount ratio at national poverty lines (% of population),2021,,Sub-Saharan Africa ,Low income,15.3222,-4.325
925,CD,"Congo, Dem. Rep.",Poverty headcount ratio at national poverty lines (% of population),2020,56.2,Sub-Saharan Africa ,Low income,15.3222,-4.325
926,CD,"Congo, Dem. Rep.",Poverty headcount ratio at national poverty lines (% of population),2019,,Sub-Saharan Africa ,Low income,15.3222,-4.325
927,CD,"Congo, Dem. Rep.",Poverty headcount ratio at national poverty lines (% of population),2018,,Sub-Saharan Africa ,Low income,15.3222,-4.325
928,CD,"Congo, Dem. Rep.",Poverty headcount ratio at national poverty lines (% of population),2017,,Sub-Saharan Africa ,Low income,15.3222,-4.325
929,CD,"Congo, Dem. Rep.",Poverty headcount ratio at national poverty lines (% of population),2016,,Sub-Saharan Africa ,Low income,15.3222,-4.325
930,CG,"Congo, Rep.",Poverty headcount ratio at national poverty lines (% of population),2025,,Sub-Saharan Africa ,Lower middle income,15.2662,-4.2767
931,CG,"Congo, Rep.",Poverty headcount ratio at national poverty lines (% of population),2024,,Sub-Saharan Africa ,Lower middle income,15.2662,-4.2767
932,CG,"Congo, Rep.",Poverty headcount ratio at national poverty lines (% of population),2023,,Sub-Saharan Africa ,Lower middle income,15.2662,-4.2767
933,CG,"Congo, Rep.",Poverty headcount ratio at national poverty lines (% of population),2022,,Sub-Saharan Africa ,Lower middle income,15.2662,-4.2767
934,CG,"Congo, Rep.",Poverty headcount ratio at national poverty lines (% of population),2021,,Sub-Saharan Africa ,Lower middle income,15.2662,-4.2767
935,CG,"Congo, Rep.",Poverty headcount ratio at national poverty lines (% of population),2020,,Sub-Saharan Africa ,Lower middle income,15.2662,-4.2767
936,CG,"Congo, Rep.",Poverty headcount ratio at national poverty lines (% of population),2019,,Sub-Saharan Africa ,Lower middle income,15.2662,-4.2767
937,CG,"Congo, Rep.",Poverty headcount ratio at national poverty lines (% of population),2018,,Sub-Saharan Africa ,Lower middle income,15.2662,-4.2767
938,CG,"Congo, Rep.",Poverty headcount ratio at national poverty lines (% of population),2017,,Sub-Saharan Africa ,Lower middle income,15.2662,-4.2767
939,CG,"Congo, Rep.",Poverty headcount ratio at national poverty lines (% of population),2016,,Sub-Saharan Africa ,Lower middle income,15.2662,-4.2767
940,CR,Costa Rica,Poverty headcount ratio at national poverty lines (% of population),2025,17.1,Latin America & Caribbean ,High income,-84.0089,9.63701
941,CR,Costa Rica,Poverty headcount ratio at national poverty lines (% of population),2024,20.3,Latin America & Caribbean ,High income,-84.0089,9.63701
942,CR,Costa Rica,Poverty headcount ratio at national poverty lines (% of population),2023,24.4,Latin America & Caribbean ,High income,-84.0089,9.63701
943,CR,Costa Rica,Poverty headcount ratio at national poverty lines (% of population),2022,25.5,Latin America & Caribbean ,High income,-84.0089,9.63701
944,CR,Costa Rica,Poverty headcount ratio at national poverty lines (% of population),2021,26.2,Latin America & Caribbean ,High income,-84.0089,9.63701
945,CR,Costa Rica,Poverty headcount ratio at national poverty lines (% of population),2020,30.0,Latin America & Caribbean ,High income,-84.0089,9.63701
946,CR,Costa Rica,Poverty headcount ratio at national poverty lines (% of population),2019,23.9,Latin America & Caribbean ,High income,-84.0089,9.63701
947,CR,Costa Rica,Poverty headcount ratio at national poverty lines (% of population),2018,22.9,Latin America & Caribbean ,High income,-84.0089,9.63701
948,CR,Costa Rica,Poverty headcount ratio at national poverty lines (% of population),2017,22.1,Latin America & Caribbean ,High income,-84.0089,9.63701
949,CR,Costa Rica,Poverty headcount ratio at national poverty lines (% of population),2016,22.9,Latin America & Caribbean ,High income,-84.0089,9.63701
950,CI,Cote d'Ivoire,Poverty headcount ratio at national poverty lines (% of population),2025,,Sub-Saharan Africa ,Lower middle income,-4.0305,5.332
951,CI,Cote d'Ivoire,Poverty headcount ratio at national poverty lines (% of population),2024,,Sub-Saharan Africa ,Lower middle income,-4.0305,5.332
952,CI,Cote d'Ivoire,Poverty headcount ratio at national poverty lines (% of population),2023,,Sub-Saharan Africa ,Lower middle income,-4.0305,5.332
953,CI,Cote d'Ivoire,Poverty headcount ratio at national poverty lines (% of population),2022,,Sub-Saharan Africa ,Lower middle income,-4.0305,5.332
954,CI,Cote d'Ivoire,Poverty headcount ratio at national poverty lines (% of population),2021,37.5,Sub-Saharan Africa ,Lower middle income,-4.0305,5.332
955,CI,Cote d'Ivoire,Poverty headcount ratio at national poverty lines (% of population),2020,,Sub-Saharan Africa ,Lower middle income,-4.0305,5.332
956,CI,Cote d'Ivoire,Poverty headcount ratio at national poverty lines (% of population),2019,,Sub-Saharan Africa ,Lower middle income,-4.0305,5.332
957,CI,Cote d'Ivoire,Poverty headcount ratio at national poverty lines (% of population),2018,39.5,Sub-Saharan Africa ,Lower middle income,-4.0305,5.332
958,CI,Cote d'Ivoire,Poverty headcount ratio at national poverty lines (% of population),2017,,Sub-Saharan Africa ,Lower middle income,-4.0305,5.332
959,CI,Cote d'Ivoire,Poverty headcount ratio at national poverty lines (% of population),2016,,Sub-Saharan Africa ,Lower middle income,-4.0305,5.332
960,HR,Croatia,Poverty headcount ratio at national poverty lines (% of population),2025,,Europe & Central Asia,High income,15.9614,45.8069
961,HR,Croatia,Poverty headcount ratio at national poverty lines (% of population),2024,20.3,Europe & Central Asia,High income,15.9614,45.8069
962,HR,Croatia,Poverty headcount ratio at national poverty lines (% of population),2023,20.3,Europe & Central Asia,High income,15.9614,45.8069
963,HR,Croatia,Poverty headcount ratio at national poverty lines (% of population),2022,,Europe & Central Asia,High income,15.9614,45.8069
964,HR,Croatia,Poverty headcount ratio at national poverty lines (% of population),2021,,Europe & Central Asia,High income,15.9614,45.8069
965,HR,Croatia,Poverty headcount ratio at national poverty lines (% of population),2020,,Europe & Central Asia,High income,15.9614,45.8069
966,HR,Croatia,Poverty headcount ratio at national poverty lines (% of population),2019,,Europe & Central Asia,High income,15.9614,45.8069
967,HR,Croatia,Poverty headcount ratio at national poverty lines (% of population),2018,,Europe & Central Asia,High income,15.9614,45.8069
968,HR,Croatia,Poverty headcount ratio at national poverty lines (% of population),2017,,Europe & Central Asia,High income,15.9614,45.8069
969,HR,Croatia,Poverty headcount ratio at national poverty lines (% of population),2016,,Europe & Central Asia,High income,15.9614,45.8069
970,CU,Cuba,Poverty headcount ratio at national poverty lines (% of population),2025,,Latin America & Caribbean ,Upper middle income,-82.3667,23.1333
971,CU,Cuba,Poverty headcount ratio at national poverty lines (% of population),2024,,Latin America & Caribbean ,Upper middle income,-82.3667,23.1333
972,CU,Cuba,Poverty headcount ratio at national poverty lines (% of population),2023,,Latin America & Caribbean ,Upper middle income,-82.3667,23.1333
973,CU,Cuba,Poverty headcount ratio at national poverty lines (% of population),2022,,Latin America & Caribbean ,Upper middle income,-82.3667,23.1333
974,CU,Cuba,Poverty headcount ratio at national poverty lines (% of population),2021,,Latin America & Caribbean ,Upper middle income,-82.3667,23.1333
975,CU,Cuba,Poverty headcount ratio at national poverty lines (% of population),2020,,Latin America & Caribbean ,Upper middle income,-82.3667,23.1333
976,CU,Cuba,Poverty headcount ratio at national poverty lines (% of population),2019,,Latin America & Caribbean ,Upper middle income,-82.3667,23.1333
977,CU,Cuba,Poverty headcount ratio at national poverty lines (% of population),2018,,Latin America & Caribbean ,Upper middle income,-82.3667,23.1333
978,CU,Cuba,Poverty headcount ratio at national poverty lines (% of population),2017,,Latin America & Caribbean ,Upper middle income,-82.3667,23.1333
979,CU,Cuba,Poverty headcount ratio at national poverty lines (% of population),2016,,Latin America & Caribbean ,Upper middle income,-82.3667,23.1333
980,CW,Curacao,Poverty headcount ratio at national poverty lines (% of population),2025,,Latin America & Caribbean ,High income,,
981,CW,Curacao,Poverty headcount ratio at national poverty lines (% of population),2024,,Latin America & Caribbean ,High income,,
982,CW,Curacao,Poverty headcount ratio at national poverty lines (% of population),2023,,Latin America & Caribbean ,High income,,
983,CW,Curacao,Poverty headcount ratio at national poverty lines (% of population),2022,,Latin America & Caribbean ,High income,,
984,CW,Curacao,Poverty headcount ratio at national poverty lines (% of population),2021,,Latin America & Caribbean ,High income,,
985,CW,Curacao,Poverty headcount ratio at national poverty lines (% of population),2020,,Latin America & Caribbean ,High income,,
986,CW,Curacao,Poverty headcount ratio at national poverty lines (% of population),2019,,Latin America & Caribbean ,High income,,
987,CW,Curacao,Poverty headcount ratio at national poverty lines (% of population),2018,,Latin America & Caribbean ,High income,,
988,CW,Curacao,Poverty headcount ratio at national poverty lines (% of population),2017,,Latin America & Caribbean ,High income,,
989,CW,Curacao,Poverty headcount ratio at national poverty lines (% of population),2016,,Latin America & Caribbean ,High income,,
990,CY,Cyprus,Poverty headcount ratio at national poverty lines (% of population),2025,,Europe & Central Asia,High income,33.3736,35.1676
991,CY,Cyprus,Poverty headcount ratio at national poverty lines (% of population),2024,,Europe & Central Asia,High income,33.3736,35.1676
992,CY,Cyprus,Poverty headcount ratio at national poverty lines (% of population),2023,,Europe & Central Asia,High income,33.3736,35.1676
993,CY,Cyprus,Poverty headcount ratio at national poverty lines (% of population),2022,,Europe & Central Asia,High income,33.3736,35.1676
994,CY,Cyprus,Poverty headcount ratio at national poverty lines (% of population),2021,13.9,Europe & Central Asia,High income,33.3736,35.1676
995,CY,Cyprus,Poverty headcount ratio at national poverty lines (% of population),2020,13.8,Europe & Central Asia,High income,33.3736,35.1676
996,CY,Cyprus,Poverty headcount ratio at national poverty lines (% of population),2019,14.3,Europe & Central Asia,High income,33.3736,35.1676
997,CY,Cyprus,Poverty headcount ratio at national poverty lines (% of population),2018,14.7,Europe & Central Asia,High income,33.3736,35.1676
998,CY,Cyprus,Poverty headcount ratio at national poverty lines (% of population),2017,15.4,Europe & Central Asia,High income,33.3736,35.1676
999,CY,Cyprus,Poverty headcount ratio at national poverty lines (% of population),2016,15.7,Europe & Central Asia,High income,33.3736,35.1676
1000,CZ,Czechia,Poverty headcount ratio at national poverty lines (% of population),2025,,Europe & Central Asia,High income,14.4205,50.0878
1001,CZ,Czechia,Poverty headcount ratio at national poverty lines (% of population),2024,,Europe & Central Asia,High income,14.4205,50.0878
1002,CZ,Czechia,Poverty headcount ratio at national poverty lines (% of population),2023,,Europe & Central Asia,High income,14.4205,50.0878
1003,CZ,Czechia,Poverty headcount ratio at national poverty lines (% of population),2022,,Europe & Central Asia,High income,14.4205,50.0878
1004,CZ,Czechia,Poverty headcount ratio at national poverty lines (% of population),2021,10.2,Europe & Central Asia,High income,14.4205,50.0878
1005,CZ,Czechia,Poverty headcount ratio at national poverty lines (% of population),2020,8.6,Europe & Central Asia,High income,14.4205,50.0878
1006,CZ,Czechia,Poverty headcount ratio at national poverty lines (% of population),2019,9.5,Europe & Central Asia,High income,14.4205,50.0878
1007,CZ,Czechia,Poverty headcount ratio at national poverty lines (% of population),2018,10.1,Europe & Central Asia,High income,14.4205,50.0878
1008,CZ,Czechia,Poverty headcount ratio at national poverty lines (% of population),2017,9.6,Europe & Central Asia,High income,14.4205,50.0878
1009,CZ,Czechia,Poverty headcount ratio at national poverty lines (% of population),2016,9.1,Europe & Central Asia,High income,14.4205,50.0878
1010,DK,Denmark,Poverty headcount ratio at national poverty lines (% of population),2025,,Europe & Central Asia,High income,12.5681,55.6763
1011,DK,Denmark,Poverty headcount ratio at national poverty lines (% of population),2024,,Europe & Central Asia,High income,12.5681,55.6763
1012,DK,Denmark,Poverty headcount ratio at national poverty lines (% of population),2023,,Europe & Central Asia,High income,12.5681,55.6763
1013,DK,Denmark,Poverty headcount ratio at national poverty lines (% of population),2022,,Europe & Central Asia,High income,12.5681,55.6763
1014,DK,Denmark,Poverty headcount ratio at national poverty lines (% of population),2021,12.4,Europe & Central Asia,High income,12.5681,55.6763
1015,DK,Denmark,Poverty headcount ratio at national poverty lines (% of population),2020,12.3,Europe & Central Asia,High income,12.5681,55.6763
1016,DK,Denmark,Poverty headcount ratio at national poverty lines (% of population),2019,12.1,Europe & Central Asia,High income,12.5681,55.6763
1017,DK,Denmark,Poverty headcount ratio at national poverty lines (% of population),2018,,Europe & Central Asia,High income,12.5681,55.6763
1018,DK,Denmark,Poverty headcount ratio at national poverty lines (% of population),2017,,Europe & Central Asia,High income,12.5681,55.6763
1019,DK,Denmark,Poverty headcount ratio at national poverty lines (% of population),2016,,Europe & Central Asia,High income,12.5681,55.6763
1020,DJ,Djibouti,Poverty headcount ratio at national poverty lines (% of population),2025,,"Middle East, North Africa, Afghanistan & Pakistan",Lower middle income,43.1425,11.5806
1021,DJ,Djibouti,Poverty headcount ratio at national poverty lines (% of population),2024,,"Middle East, North Africa, Afghanistan & Pakistan",Lower middle income,43.1425,11.5806
1022,DJ,Djibouti,Poverty headcount ratio at national poverty lines (% of population),2023,,"Middle East, North Africa, Afghanistan & Pakistan",Lower middle income,43.1425,11.5806
1023,DJ,Djibouti,Poverty headcount ratio at national poverty lines (% of population),2022,,"Middle East, North Africa, Afghanistan & Pakistan",Lower middle income,43.1425,11.5806
1024,DJ,Djibouti,Poverty headcount ratio at national poverty lines (% of population),2021,,"Middle East, North Africa, Afghanistan & Pakistan",Lower middle income,43.1425,11.5806
1025,DJ,Djibouti,Poverty headcount ratio at national poverty lines (% of population),2020,,"Middle East, North Africa, Afghanistan & Pakistan",Lower middle income,43.1425,11.5806
1026,DJ,Djibouti,Poverty headcount ratio at national poverty lines (% of population),2019,,"Middle East, North Africa, Afghanistan & Pakistan",Lower middle income,43.1425,11.5806
1027,DJ,Djibouti,Poverty headcount ratio at national poverty lines (% of population),2018,,"Middle East, North Africa, Afghanistan & Pakistan",Lower middle income,43.1425,11.5806
1028,DJ,Djibouti,Poverty headcount ratio at national poverty lines (% of population),2017,21.1,"Middle East, North Africa, Afghanistan & Pakistan",Lower middle income,43.1425,11.5806
1029,DJ,Djibouti,Poverty headcount ratio at national poverty lines (% of population),2016,,"Middle East, North Africa, Afghanistan & Pakistan",Lower middle income,43.1425,11.5806
1030,DM,Dominica,Poverty headcount ratio at national poverty lines (% of population),2025,,Latin America & Caribbean ,Upper middle income,-61.39,15.2976
1031,DM,Dominica,Poverty headcount ratio at national poverty lines (% of population),2024,,Latin America & Caribbean ,Upper middle income,-61.39,15.2976
1032,DM,Dominica,Poverty headcount ratio at national poverty lines (% of population),2023,,Latin America & Caribbean ,Upper middle income,-61.39,15.2976
1033,DM,Dominica,Poverty headcount ratio at national poverty lines (% of population),2022,,Latin America & Caribbean ,Upper middle income,-61.39,15.2976
1034,DM,Dominica,Poverty headcount ratio at national poverty lines (% of population),2021,,Latin America & Caribbean ,Upper middle income,-61.39,15.2976
1035,DM,Dominica,Poverty headcount ratio at national poverty lines (% of population),2020,,Latin America & Caribbean ,Upper middle income,-61.39,15.2976
1036,DM,Dominica,Poverty headcount ratio at national poverty lines (% of population),2019,,Latin America & Caribbean ,Upper middle income,-61.39,15.2976
1037,DM,Dominica,Poverty headcount ratio at national poverty lines (% of population),2018,,Latin America & Caribbean ,Upper middle income,-61.39,15.2976
1038,DM,Dominica,Poverty headcount ratio at national poverty lines (% of population),2017,,Latin America & Caribbean ,Upper middle income,-61.39,15.2976
1039,DM,Dominica,Poverty headcount ratio at national poverty lines (% of population),2016,,Latin America & Caribbean ,Upper middle income,-61.39,15.2976
1040,DO,Dominican Republic,Poverty headcount ratio at national poverty lines (% of population),2025,17.3,Latin America & Caribbean ,Upper middle income,-69.8908,18.479
1041,DO,Dominican Republic,Poverty headcount ratio at national poverty lines (% of population),2024,19.0,Latin America & Caribbean ,Upper middle income,-69.8908,18.479
1042,DO,Dominican Republic,Poverty headcount ratio at national poverty lines (% of population),2023,23.0,Latin America & Caribbean ,Upper middle income,-69.8908,18.479
1043,DO,Dominican Republic,Poverty headcount ratio at national poverty lines (% of population),2022,27.7,Latin America & Caribbean ,Upper middle income,-69.8908,18.479
1044,DO,Dominican Republic,Poverty headcount ratio at national poverty lines (% of population),2021,30.7,Latin America & Caribbean ,Upper middle income,-69.8908,18.479
1045,DO,Dominican Republic,Poverty headcount ratio at national poverty lines (% of population),2020,30.4,Latin America & Caribbean ,Upper middle income,-69.8908,18.479
1046,DO,Dominican Republic,Poverty headcount ratio at national poverty lines (% of population),2019,25.8,Latin America & Caribbean ,Upper middle income,-69.8908,18.479
1047,DO,Dominican Republic,Poverty headcount ratio at national poverty lines (% of population),2018,28.3,Latin America & Caribbean ,Upper middle income,-69.8908,18.479
1048,DO,Dominican Republic,Poverty headcount ratio at national poverty lines (% of population),2017,31.2,Latin America & Caribbean ,Upper middle income,-69.8908,18.479
1049,DO,Dominican Republic,Poverty headcount ratio at national poverty lines (% of population),2016,34.8,Latin America & Caribbean ,Upper middle income,-69.8908,18.479
1050,EC,Ecuador,Poverty headcount ratio at national poverty lines (% of population),2025,21.4,Latin America & Caribbean ,Upper middle income,-78.5243,-0.229498
1051,EC,Ecuador,Poverty headcount ratio at national poverty lines (% of population),2024,28.0,Latin America & Caribbean ,Upper middle income,-78.5243,-0.229498
1052,EC,Ecuador,Poverty headcount ratio at national poverty lines (% of population),2023,26.0,Latin America & Caribbean ,Upper middle income,-78.5243,-0.229498
1053,EC,Ecuador,Poverty headcount ratio at national poverty lines (% of population),2022,25.2,Latin America & Caribbean ,Upper middle income,-78.5243,-0.229498
1054,EC,Ecuador,Poverty headcount ratio at national poverty lines (% of population),2021,27.7,Latin America & Caribbean ,Upper middle income,-78.5243,-0.229498
1055,EC,Ecuador,Poverty headcount ratio at national poverty lines (% of population),2020,33.0,Latin America & Caribbean ,Upper middle income,-78.5243,-0.229498
1056,EC,Ecuador,Poverty headcount ratio at national poverty lines (% of population),2019,25.0,Latin America & Caribbean ,Upper middle income,-78.5243,-0.229498
1057,EC,Ecuador,Poverty headcount ratio at national poverty lines (% of population),2018,23.2,Latin America & Caribbean ,Upper middle income,-78.5243,-0.229498
1058,EC,Ecuador,Poverty headcount ratio at national poverty lines (% of population),2017,21.5,Latin America & Caribbean ,Upper middle income,-78.5243,-0.229498
1059,EC,Ecuador,Poverty headcount ratio at national poverty lines (% of population),2016,22.9,Latin America & Caribbean ,Upper middle income,-78.5243,-0.229498
1060,EG,"Egypt, Arab Rep.",Poverty headcount ratio at national poverty lines (% of population),2025,,"Middle East, North Africa, Afghanistan & Pakistan",Lower middle income,31.2461,30.0982
1061,EG,"Egypt, Arab Rep.",Poverty headcount ratio at national poverty lines (% of population),2024,,"Middle East, North Africa, Afghanistan & Pakistan",Lower middle income,31.2461,30.0982
1062,EG,"Egypt, Arab Rep.",Poverty headcount ratio at national poverty lines (% of population),2023,,"Middle East, North Africa, Afghanistan & Pakistan",Lower middle income,31.2461,30.0982
1063,EG,"Egypt, Arab Rep.",Poverty headcount ratio at national poverty lines (% of population),2022,,"Middle East, North Africa, Afghanistan & Pakistan",Lower middle income,31.2461,30.0982
1064,EG,"Egypt, Arab Rep.",Poverty headcount ratio at national poverty lines (% of population),2021,33.5,"Middle East, North Africa, Afghanistan & Pakistan",Lower middle income,31.2461,30.0982
1065,EG,"Egypt, Arab Rep.",Poverty headcount ratio at national poverty lines (% of population),2020,,"Middle East, North Africa, Afghanistan & Pakistan",Lower middle income,31.2461,30.0982
1066,EG,"Egypt, Arab Rep.",Poverty headcount ratio at national poverty lines (% of population),2019,,"Middle East, North Africa, Afghanistan & Pakistan",Lower middle income,31.2461,30.0982
1067,EG,"Egypt, Arab Rep.",Poverty headcount ratio at national poverty lines (% of population),2018,,"Middle East, North Africa, Afghanistan & Pakistan",Lower middle income,31.2461,30.0982
1068,EG,"Egypt, Arab Rep.",Poverty headcount ratio at national poverty lines (% of population),2017,,"Middle East, North Africa, Afghanistan & Pakistan",Lower middle income,31.2461,30.0982
1069,EG,"Egypt, Arab Rep.",Poverty headcount ratio at national poverty lines (% of population),2016,,"Middle East, North Africa, Afghanistan & Pakistan",Lower middle income,31.2461,30.0982
1070,SV,El Salvador,Poverty headcount ratio at national poverty lines (% of population),2025,,Latin America & Caribbean ,Upper middle income,-89.2073,13.7034
1071,SV,El Salvador,Poverty headcount ratio at national poverty lines (% of population),2024,,Latin America & Caribbean ,Upper middle income,-89.2073,13.7034
1072,SV,El Salvador,Poverty headcount ratio at national poverty lines (% of population),2023,27.2,Latin America & Caribbean ,Upper middle income,-89.2073,13.7034
1073,SV,El Salvador,Poverty headcount ratio at national poverty lines (% of population),2022,26.6,Latin America & Caribbean ,Upper middle income,-89.2073,13.7034
1074,SV,El Salvador,Poverty headcount ratio at national poverty lines (% of population),2021,24.6,Latin America & Caribbean ,Upper middle income,-89.2073,13.7034
1075,SV,El Salvador,Poverty headcount ratio at national poverty lines (% of population),2020,26.2,Latin America & Caribbean ,Upper middle income,-89.2073,13.7034
1076,SV,El Salvador,Poverty headcount ratio at national poverty lines (% of population),2019,,Latin America & Caribbean ,Upper middle income,-89.2073,13.7034
1077,SV,El Salvador,Poverty headcount ratio at national poverty lines (% of population),2018,,Latin America & Caribbean ,Upper middle income,-89.2073,13.7034
1078,SV,El Salvador,Poverty headcount ratio at national poverty lines (% of population),2017,,Latin America & Caribbean ,Upper middle income,-89.2073,13.7034
1079,SV,El Salvador,Poverty headcount ratio at national poverty lines (% of population),2016,,Latin America & Caribbean ,Upper middle income,-89.2073,13.7034
1080,GQ,Equatorial Guinea,Poverty headcount ratio at national poverty lines (% of population),2025,,Sub-Saharan Africa ,Upper middle income,8.7741,3.7523
1081,GQ,Equatorial Guinea,Poverty headcount ratio at national poverty lines (% of population),2024,,Sub-Saharan Africa ,Upper middle income,8.7741,3.7523
1082,GQ,Equatorial Guinea,Poverty headcount ratio at national poverty lines (% of population),2023,,Sub-Saharan Africa ,Upper middle income,8.7741,3.7523
1083,GQ,Equatorial Guinea,Poverty headcount ratio at national poverty lines (% of population),2022,50.7,Sub-Saharan Africa ,Upper middle income,8.7741,3.7523
1084,GQ,Equatorial Guinea,Poverty headcount ratio at national poverty lines (% of population),2021,,Sub-Saharan Africa ,Upper middle income,8.7741,3.7523
1085,GQ,Equatorial Guinea,Poverty headcount ratio at national poverty lines (% of population),2020,,Sub-Saharan Africa ,Upper middle income,8.7741,3.7523
1086,GQ,Equatorial Guinea,Poverty headcount ratio at national poverty lines (% of population),2019,,Sub-Saharan Africa ,Upper middle income,8.7741,3.7523
1087,GQ,Equatorial Guinea,Poverty headcount ratio at national poverty lines (% of population),2018,,Sub-Saharan Africa ,Upper middle income,8.7741,3.7523
1088,GQ,Equatorial Guinea,Poverty headcount ratio at national poverty lines (% of population),2017,,Sub-Saharan Africa ,Upper middle income,8.7741,3.7523
1089,GQ,Equatorial Guinea,Poverty headcount ratio at national poverty lines (% of population),2016,,Sub-Saharan Africa ,Upper middle income,8.7741,3.7523
1090,ER,Eritrea,Poverty headcount ratio at national poverty lines (% of population),2025,,Sub-Saharan Africa ,Low income,38.9183,15.3315
1091,ER,Eritrea,Poverty headcount ratio at national poverty lines (% of population),2024,,Sub-Saharan Africa ,Low income,38.9183,15.3315
1092,ER,Eritrea,Poverty headcount ratio at national poverty lines (% of population),2023,,Sub-Saharan Africa ,Low income,38.9183,15.3315
1093,ER,Eritrea,Poverty headcount ratio at national poverty lines (% of population),2022,,Sub-Saharan Africa ,Low income,38.9183,15.3315
1094,ER,Eritrea,Poverty headcount ratio at national poverty lines (% of population),2021,,Sub-Saharan Africa ,Low income,38.9183,15.3315
1095,ER,Eritrea,Poverty headcount ratio at national poverty lines (% of population),2020,,Sub-Saharan Africa ,Low income,38.9183,15.3315
1096,ER,Eritrea,Poverty headcount ratio at national poverty lines (% of population),2019,,Sub-Saharan Africa ,Low income,38.9183,15.3315
1097,ER,Eritrea,Poverty headcount ratio at national poverty lines (% of population),2018,,Sub-Saharan Africa ,Low income,38.9183,15.3315
1098,ER,Eritrea,Poverty headcount ratio at national poverty lines (% of population),2017,,Sub-Saharan Africa ,Low income,38.9183,15.3315
1099,ER,Eritrea,Poverty headcount ratio at national poverty lines (% of population),2016,,Sub-Saharan Africa ,Low income,38.9183,15.3315
1100,EE,Estonia,Poverty headcount ratio at national poverty lines (% of population),2025,,Europe & Central Asia,High income,24.7586,59.4392
1101,EE,Estonia,Poverty headcount ratio at national poverty lines (% of population),2024,,Europe & Central Asia,High income,24.7586,59.4392
1102,EE,Estonia,Poverty headcount ratio at national poverty lines (% of population),2023,,Europe & Central Asia,High income,24.7586,59.4392
1103,EE,Estonia,Poverty headcount ratio at national poverty lines (% of population),2022,22.5,Europe & Central Asia,High income,24.7586,59.4392
1104,EE,Estonia,Poverty headcount ratio at national poverty lines (% of population),2021,22.8,Europe & Central Asia,High income,24.7586,59.4392
1105,EE,Estonia,Poverty headcount ratio at national poverty lines (% of population),2020,20.6,Europe & Central Asia,High income,24.7586,59.4392
1106,EE,Estonia,Poverty headcount ratio at national poverty lines (% of population),2019,20.7,Europe & Central Asia,High income,24.7586,59.4392
1107,EE,Estonia,Poverty headcount ratio at national poverty lines (% of population),2018,21.7,Europe & Central Asia,High income,24.7586,59.4392
1108,EE,Estonia,Poverty headcount ratio at national poverty lines (% of population),2017,21.9,Europe & Central Asia,High income,24.7586,59.4392
1109,EE,Estonia,Poverty headcount ratio at national poverty lines (% of population),2016,21.0,Europe & Central Asia,High income,24.7586,59.4392
1110,SZ,Eswatini,Poverty headcount ratio at national poverty lines (% of population),2025,,Sub-Saharan Africa ,Lower middle income,31.4659,-26.5225
1111,SZ,Eswatini,Poverty headcount ratio at national poverty lines (% of population),2024,,Sub-Saharan Africa ,Lower middle income,31.4659,-26.5225
1112,SZ,Eswatini,Poverty headcount ratio at national poverty lines (% of population),2023,,Sub-Saharan Africa ,Lower middle income,31.4659,-26.5225
1113,SZ,Eswatini,Poverty headcount ratio at national poverty lines (% of population),2022,,Sub-Saharan Africa ,Lower middle income,31.4659,-26.5225
1114,SZ,Eswatini,Poverty headcount ratio at national poverty lines (% of population),2021,,Sub-Saharan Africa ,Lower middle income,31.4659,-26.5225
1115,SZ,Eswatini,Poverty headcount ratio at national poverty lines (% of population),2020,,Sub-Saharan Africa ,Lower middle income,31.4659,-26.5225
1116,SZ,Eswatini,Poverty headcount ratio at national poverty lines (% of population),2019,,Sub-Saharan Africa ,Lower middle income,31.4659,-26.5225
1117,SZ,Eswatini,Poverty headcount ratio at national poverty lines (% of population),2018,,Sub-Saharan Africa ,Lower middle income,31.4659,-26.5225
1118,SZ,Eswatini,Poverty headcount ratio at national poverty lines (% of population),2017,,Sub-Saharan Africa ,Lower middle income,31.4659,-26.5225
1119,SZ,Eswatini,Poverty headcount ratio at national poverty lines (% of population),2016,58.9,Sub-Saharan Africa ,Lower middle income,31.4659,-26.5225
1120,ET,Ethiopia,Poverty headcount ratio at national poverty lines (% of population),2025,,Sub-Saharan Africa ,Low income,38.7468,9.02274
1121,ET,Ethiopia,Poverty headcount ratio at national poverty lines (% of population),2024,,Sub-Saharan Africa ,Low income,38.7468,9.02274
1122,ET,Ethiopia,Poverty headcount ratio at national poverty lines (% of population),2023,,Sub-Saharan Africa ,Low income,38.7468,9.02274
1123,ET,Ethiopia,Poverty headcount ratio at national poverty lines (% of population),2022,,Sub-Saharan Africa ,Low income,38.7468,9.02274
1124,ET,Ethiopia,Poverty headcount ratio at national poverty lines (% of population),2021,33.1,Sub-Saharan Africa ,Low income,38.7468,9.02274
1125,ET,Ethiopia,Poverty headcount ratio at national poverty lines (% of population),2020,,Sub-Saharan Africa ,Low income,38.7468,9.02274
1126,ET,Ethiopia,Poverty headcount ratio at national poverty lines (% of population),2019,,Sub-Saharan Africa ,Low income,38.7468,9.02274
1127,ET,Ethiopia,Poverty headcount ratio at national poverty lines (% of population),2018,,Sub-Saharan Africa ,Low income,38.7468,9.02274
1128,ET,Ethiopia,Poverty headcount ratio at national poverty lines (% of population),2017,,Sub-Saharan Africa ,Low income,38.7468,9.02274
1129,ET,Ethiopia,Poverty headcount ratio at national poverty lines (% of population),2016,,Sub-Saharan Africa ,Low income,38.7468,9.02274
1130,FO,Faroe Islands,Poverty headcount ratio at national poverty lines (% of population),2025,,Europe & Central Asia,High income,-6.91181,61.8926
1131,FO,Faroe Islands,Poverty headcount ratio at national poverty lines (% of population),2024,,Europe & Central Asia,High income,-6.91181,61.8926
1132,FO,Faroe Islands,Poverty headcount ratio at national poverty lines (% of population),2023,,Europe & Central Asia,High income,-6.91181,61.8926
1133,FO,Faroe Islands,Poverty headcount ratio at national poverty lines (% of population),2022,,Europe & Central Asia,High income,-6.91181,61.8926
1134,FO,Faroe Islands,Poverty headcount ratio at national poverty lines (% of population),2021,,Europe & Central Asia,High income,-6.91181,61.8926
1135,FO,Faroe Islands,Poverty headcount ratio at national poverty lines (% of population),2020,,Europe & Central Asia,High income,-6.91181,61.8926
1136,FO,Faroe Islands,Poverty headcount ratio at national poverty lines (% of population),2019,,Europe & Central Asia,High income,-6.91181,61.8926
1137,FO,Faroe Islands,Poverty headcount ratio at national poverty lines (% of population),2018,,Europe & Central Asia,High income,-6.91181,61.8926
1138,FO,Faroe Islands,Poverty headcount ratio at national poverty lines (% of population),2017,,Europe & Central Asia,High income,-6.91181,61.8926
1139,FO,Faroe Islands,Poverty headcount ratio at national poverty lines (% of population),2016,,Europe & Central Asia,High income,-6.91181,61.8926
1140,FJ,Fiji,Poverty headcount ratio at national poverty lines (% of population),2025,,East Asia & Pacific,Upper middle income,178.399,-18.1149
1141,FJ,Fiji,Poverty headcount ratio at national poverty lines (% of population),2024,,East Asia & Pacific,Upper middle income,178.399,-18.1149
1142,FJ,Fiji,Poverty headcount ratio at national poverty lines (% of population),2023,,East Asia & Pacific,Upper middle income,178.399,-18.1149
1143,FJ,Fiji,Poverty headcount ratio at national poverty lines (% of population),2022,,East Asia & Pacific,Upper middle income,178.399,-18.1149
1144,FJ,Fiji,Poverty headcount ratio at national poverty lines (% of population),2021,,East Asia & Pacific,Upper middle income,178.399,-18.1149
1145,FJ,Fiji,Poverty headcount ratio at national poverty lines (% of population),2020,,East Asia & Pacific,Upper middle income,178.399,-18.1149
1146,FJ,Fiji,Poverty headcount ratio at national poverty lines (% of population),2019,24.1,East Asia & Pacific,Upper middle income,178.399,-18.1149
1147,FJ,Fiji,Poverty headcount ratio at national poverty lines (% of population),2018,,East Asia & Pacific,Upper middle income,178.399,-18.1149
1148,FJ,Fiji,Poverty headcount ratio at national poverty lines (% of population),2017,,East Asia & Pacific,Upper middle income,178.399,-18.1149
1149,FJ,Fiji,Poverty headcount ratio at national poverty lines (% of population),2016,,East Asia & Pacific,Upper middle income,178.399,-18.1149
1150,FI,Finland,Poverty headcount ratio at national poverty lines (% of population),2025,,Europe & Central Asia,High income,24.9525,60.1608
1151,FI,Finland,Poverty headcount ratio at national poverty lines (% of population),2024,,Europe & Central Asia,High income,24.9525,60.1608
1152,FI,Finland,Poverty headcount ratio at national poverty lines (% of population),2023,,Europe & Central Asia,High income,24.9525,60.1608
1153,FI,Finland,Poverty headcount ratio at national poverty lines (% of population),2022,12.2,Europe & Central Asia,High income,24.9525,60.1608
1154,FI,Finland,Poverty headcount ratio at national poverty lines (% of population),2021,12.7,Europe & Central Asia,High income,24.9525,60.1608
1155,FI,Finland,Poverty headcount ratio at national poverty lines (% of population),2020,10.8,Europe & Central Asia,High income,24.9525,60.1608
1156,FI,Finland,Poverty headcount ratio at national poverty lines (% of population),2019,12.2,Europe & Central Asia,High income,24.9525,60.1608
1157,FI,Finland,Poverty headcount ratio at national poverty lines (% of population),2018,11.6,Europe & Central Asia,High income,24.9525,60.1608
1158,FI,Finland,Poverty headcount ratio at national poverty lines (% of population),2017,12.0,Europe & Central Asia,High income,24.9525,60.1608
1159,FI,Finland,Poverty headcount ratio at national poverty lines (% of population),2016,11.5,Europe & Central Asia,High income,24.9525,60.1608
1160,FR,France,Poverty headcount ratio at national poverty lines (% of population),2025,,Europe & Central Asia,High income,2.35097,48.8566
1161,FR,France,Poverty headcount ratio at national poverty lines (% of population),2024,,Europe & Central Asia,High income,2.35097,48.8566
1162,FR,France,Poverty headcount ratio at national poverty lines (% of population),2023,,Europe & Central Asia,High income,2.35097,48.8566
1163,FR,France,Poverty headcount ratio at national poverty lines (% of population),2022,,Europe & Central Asia,High income,2.35097,48.8566
1164,FR,France,Poverty headcount ratio at national poverty lines (% of population),2021,15.6,Europe & Central Asia,High income,2.35097,48.8566
1165,FR,France,Poverty headcount ratio at national poverty lines (% of population),2020,,Europe & Central Asia,High income,2.35097,48.8566
1166,FR,France,Poverty headcount ratio at national poverty lines (% of population),2019,,Europe & Central Asia,High income,2.35097,48.8566
1167,FR,France,Poverty headcount ratio at national poverty lines (% of population),2018,,Europe & Central Asia,High income,2.35097,48.8566
1168,FR,France,Poverty headcount ratio at national poverty lines (% of population),2017,,Europe & Central Asia,High income,2.35097,48.8566
1169,FR,France,Poverty headcount ratio at national poverty lines (% of population),2016,,Europe & Central Asia,High income,2.35097,48.8566
1170,PF,French Polynesia,Poverty headcount ratio at national poverty lines (% of population),2025,,East Asia & Pacific,High income,-149.57,-17.535
1171,PF,French Polynesia,Poverty headcount ratio at national poverty lines (% of population),2024,,East Asia & Pacific,High income,-149.57,-17.535
1172,PF,French Polynesia,Poverty headcount ratio at national poverty lines (% of population),2023,,East Asia & Pacific,High income,-149.57,-17.535
1173,PF,French Polynesia,Poverty headcount ratio at national poverty lines (% of population),2022,,East Asia & Pacific,High income,-149.57,-17.535
1174,PF,French Polynesia,Poverty headcount ratio at national poverty lines (% of population),2021,,East Asia & Pacific,High income,-149.57,-17.535
1175,PF,French Polynesia,Poverty headcount ratio at national poverty lines (% of population),2020,,East Asia & Pacific,High income,-149.57,-17.535
1176,PF,French Polynesia,Poverty headcount ratio at national poverty lines (% of population),2019,,East Asia & Pacific,High income,-149.57,-17.535
1177,PF,French Polynesia,Poverty headcount ratio at national poverty lines (% of population),2018,,East Asia & Pacific,High income,-149.57,-17.535
1178,PF,French Polynesia,Poverty headcount ratio at national poverty lines (% of population),2017,,East Asia & Pacific,High income,-149.57,-17.535
1179,PF,French Polynesia,Poverty headcount ratio at national poverty lines (% of population),2016,,East Asia & Pacific,High income,-149.57,-17.535
1180,GA,Gabon,Poverty headcount ratio at national poverty lines (% of population),2025,,Sub-Saharan Africa ,Upper middle income,9.45162,0.38832
1181,GA,Gabon,Poverty headcount ratio at national poverty lines (% of population),2024,,Sub-Saharan Africa ,Upper middle income,9.45162,0.38832
1182,GA,Gabon,Poverty headcount ratio at national poverty lines (% of population),2023,,Sub-Saharan Africa ,Upper middle income,9.45162,0.38832
1183,GA,Gabon,Poverty headcount ratio at national poverty lines (% of population),2022,,Sub-Saharan Africa ,Upper middle income,9.45162,0.38832
1184,GA,Gabon,Poverty headcount ratio at national poverty lines (% of population),2021,,Sub-Saharan Africa ,Upper middle income,9.45162,0.38832
1185,GA,Gabon,Poverty headcount ratio at national poverty lines (% of population),2020,,Sub-Saharan Africa ,Upper middle income,9.45162,0.38832
1186,GA,Gabon,Poverty headcount ratio at national poverty lines (% of population),2019,,Sub-Saharan Africa ,Upper middle income,9.45162,0.38832
1187,GA,Gabon,Poverty headcount ratio at national poverty lines (% of population),2018,,Sub-Saharan Africa ,Upper middle income,9.45162,0.38832
1188,GA,Gabon,Poverty headcount ratio at national poverty lines (% of population),2017,33.4,Sub-Saharan Africa ,Upper middle income,9.45162,0.38832
1189,GA,Gabon,Poverty headcount ratio at national poverty lines (% of population),2016,,Sub-Saharan Africa ,Upper middle income,9.45162,0.38832
1190,GM,"Gambia, The",Poverty headcount ratio at national poverty lines (% of population),2025,,Sub-Saharan Africa ,Low income,-16.5885,13.4495
1191,GM,"Gambia, The",Poverty headcount ratio at national poverty lines (% of population),2024,,Sub-Saharan Africa ,Low income,-16.5885,13.4495
1192,GM,"Gambia, The",Poverty headcount ratio at national poverty lines (% of population),2023,,Sub-Saharan Africa ,Low income,-16.5885,13.4495
1193,GM,"Gambia, The",Poverty headcount ratio at national poverty lines (% of population),2022,,Sub-Saharan Africa ,Low income,-16.5885,13.4495
1194,GM,"Gambia, The",Poverty headcount ratio at national poverty lines (% of population),2021,,Sub-Saharan Africa ,Low income,-16.5885,13.4495
1195,GM,"Gambia, The",Poverty headcount ratio at national poverty lines (% of population),2020,53.4,Sub-Saharan Africa ,Low income,-16.5885,13.4495
1196,GM,"Gambia, The",Poverty headcount ratio at national poverty lines (% of population),2019,,Sub-Saharan Africa ,Low income,-16.5885,13.4495
1197,GM,"Gambia, The",Poverty headcount ratio at national poverty lines (% of population),2018,,Sub-Saharan Africa ,Low income,-16.5885,13.4495
1198,GM,"Gambia, The",Poverty headcount ratio at national poverty lines (% of population),2017,,Sub-Saharan Africa ,Low income,-16.5885,13.4495
1199,GM,"Gambia, The",Poverty headcount ratio at national poverty lines (% of population),2016,,Sub-Saharan Africa ,Low income,-16.5885,13.4495
1200,GE,Georgia,Poverty headcount ratio at national poverty lines (% of population),2025,,Europe & Central Asia,Upper middle income,44.793,41.71
1201,GE,Georgia,Poverty headcount ratio at national poverty lines (% of population),2024,9.4,Europe & Central Asia,Upper middle income,44.793,41.71
1202,GE,Georgia,Poverty headcount ratio at national poverty lines (% of population),2023,11.8,Europe & Central Asia,Upper middle income,44.793,41.71
1203,GE,Georgia,Poverty headcount ratio at national poverty lines (% of population),2022,15.6,Europe & Central Asia,Upper middle income,44.793,41.71
1204,GE,Georgia,Poverty headcount ratio at national poverty lines (% of population),2021,17.5,Europe & Central Asia,Upper middle income,44.793,41.71
1205,GE,Georgia,Poverty headcount ratio at national poverty lines (% of population),2020,21.3,Europe & Central Asia,Upper middle income,44.793,41.71
1206,GE,Georgia,Poverty headcount ratio at national poverty lines (% of population),2019,19.5,Europe & Central Asia,Upper middle income,44.793,41.71
1207,GE,Georgia,Poverty headcount ratio at national poverty lines (% of population),2018,20.1,Europe & Central Asia,Upper middle income,44.793,41.71
1208,GE,Georgia,Poverty headcount ratio at national poverty lines (% of population),2017,21.9,Europe & Central Asia,Upper middle income,44.793,41.71
1209,GE,Georgia,Poverty headcount ratio at national poverty lines (% of population),2016,22.0,Europe & Central Asia,Upper middle income,44.793,41.71
1210,DE,Germany,Poverty headcount ratio at national poverty lines (% of population),2025,,Europe & Central Asia,High income,13.4115,52.5235
1211,DE,Germany,Poverty headcount ratio at national poverty lines (% of population),2024,,Europe & Central Asia,High income,13.4115,52.5235
1212,DE,Germany,Poverty headcount ratio at national poverty lines (% of population),2023,,Europe & Central Asia,High income,13.4115,52.5235
1213,DE,Germany,Poverty headcount ratio at national poverty lines (% of population),2022,,Europe & Central Asia,High income,13.4115,52.5235
1214,DE,Germany,Poverty headcount ratio at national poverty lines (% of population),2021,14.8,Europe & Central Asia,High income,13.4115,52.5235
1215,DE,Germany,Poverty headcount ratio at national poverty lines (% of population),2020,16.0,Europe & Central Asia,High income,13.4115,52.5235
1216,DE,Germany,Poverty headcount ratio at national poverty lines (% of population),2019,16.1,Europe & Central Asia,High income,13.4115,52.5235
1217,DE,Germany,Poverty headcount ratio at national poverty lines (% of population),2018,,Europe & Central Asia,High income,13.4115,52.5235
1218,DE,Germany,Poverty headcount ratio at national poverty lines (% of population),2017,,Europe & Central Asia,High income,13.4115,52.5235
1219,DE,Germany,Poverty headcount ratio at national poverty lines (% of population),2016,,Europe & Central Asia,High income,13.4115,52.5235
1220,GH,Ghana,Poverty headcount ratio at national poverty lines (% of population),2025,,Sub-Saharan Africa ,Lower middle income,-0.20795,5.57045
1221,GH,Ghana,Poverty headcount ratio at national poverty lines (% of population),2024,,Sub-Saharan Africa ,Lower middle income,-0.20795,5.57045
1222,GH,Ghana,Poverty headcount ratio at national poverty lines (% of population),2023,,Sub-Saharan Africa ,Lower middle income,-0.20795,5.57045
1223,GH,Ghana,Poverty headcount ratio at national poverty lines (% of population),2022,,Sub-Saharan Africa ,Lower middle income,-0.20795,5.57045
1224,GH,Ghana,Poverty headcount ratio at national poverty lines (% of population),2021,,Sub-Saharan Africa ,Lower middle income,-0.20795,5.57045
1225,GH,Ghana,Poverty headcount ratio at national poverty lines (% of population),2020,,Sub-Saharan Africa ,Lower middle income,-0.20795,5.57045
1226,GH,Ghana,Poverty headcount ratio at national poverty lines (% of population),2019,,Sub-Saharan Africa ,Lower middle income,-0.20795,5.57045
1227,GH,Ghana,Poverty headcount ratio at national poverty lines (% of population),2018,,Sub-Saharan Africa ,Lower middle income,-0.20795,5.57045
1228,GH,Ghana,Poverty headcount ratio at national poverty lines (% of population),2017,,Sub-Saharan Africa ,Lower middle income,-0.20795,5.57045
1229,GH,Ghana,Poverty headcount ratio at national poverty lines (% of population),2016,23.4,Sub-Saharan Africa ,Lower middle income,-0.20795,5.57045
1230,GI,Gibraltar,Poverty headcount ratio at national poverty lines (% of population),2025,,Europe & Central Asia,High income,,
1231,GI,Gibraltar,Poverty headcount ratio at national poverty lines (% of population),2024,,Europe & Central Asia,High income,,
1232,GI,Gibraltar,Poverty headcount ratio at national poverty lines (% of population),2023,,Europe & Central Asia,High income,,
1233,GI,Gibraltar,Poverty headcount ratio at national poverty lines (% of population),2022,,Europe & Central Asia,High income,,
1234,GI,Gibraltar,Poverty headcount ratio at national poverty lines (% of population),2021,,Europe & Central Asia,High income,,
1235,GI,Gibraltar,Poverty headcount ratio at national poverty lines (% of population),2020,,Europe & Central Asia,High income,,
1236,GI,Gibraltar,Poverty headcount ratio at national poverty lines (% of population),2019,,Europe & Central Asia,High income,,
1237,GI,Gibraltar,Poverty headcount ratio at national poverty lines (% of population),2018,,Europe & Central Asia,High income,,
1238,GI,Gibraltar,Poverty headcount ratio at national poverty lines (% of population),2017,,Europe & Central Asia,High income,,
1239,GI,Gibraltar,Poverty headcount ratio at national poverty lines (% of population),2016,,Europe & Central Asia,High income,,
1240,GR,Greece,Poverty headcount ratio at national poverty lines (% of population),2025,,Europe & Central Asia,High income,23.7166,37.9792
1241,GR,Greece,Poverty headcount ratio at national poverty lines (% of population),2024,,Europe & Central Asia,High income,23.7166,37.9792
1242,GR,Greece,Poverty headcount ratio at national poverty lines (% of population),2023,,Europe & Central Asia,High income,23.7166,37.9792
1243,GR,Greece,Poverty headcount ratio at national poverty lines (% of population),2022,,Europe & Central Asia,High income,23.7166,37.9792
1244,GR,Greece,Poverty headcount ratio at national poverty lines (% of population),2021,18.8,Europe & Central Asia,High income,23.7166,37.9792
1245,GR,Greece,Poverty headcount ratio at national poverty lines (% of population),2020,19.6,Europe & Central Asia,High income,23.7166,37.9792
1246,GR,Greece,Poverty headcount ratio at national poverty lines (% of population),2019,17.7,Europe & Central Asia,High income,23.7166,37.9792
1247,GR,Greece,Poverty headcount ratio at national poverty lines (% of population),2018,17.9,Europe & Central Asia,High income,23.7166,37.9792
1248,GR,Greece,Poverty headcount ratio at national poverty lines (% of population),2017,18.5,Europe & Central Asia,High income,23.7166,37.9792
1249,GR,Greece,Poverty headcount ratio at national poverty lines (% of population),2016,20.2,Europe & Central Asia,High income,23.7166,37.9792
1250,GL,Greenland,Poverty headcount ratio at national poverty lines (% of population),2025,,Europe & Central Asia,High income,-51.7214,64.1836
1251,GL,Greenland,Poverty headcount ratio at national poverty lines (% of population),2024,,Europe & Central Asia,High income,-51.7214,64.1836
1252,GL,Greenland,Poverty headcount ratio at national poverty lines (% of population),2023,,Europe & Central Asia,High income,-51.7214,64.1836
1253,GL,Greenland,Poverty headcount ratio at national poverty lines (% of population),2022,,Europe & Central Asia,High income,-51.7214,64.1836
1254,GL,Greenland,Poverty headcount ratio at national poverty lines (% of population),2021,,Europe & Central Asia,High income,-51.7214,64.1836
1255,GL,Greenland,Poverty headcount ratio at national poverty lines (% of population),2020,,Europe & Central Asia,High income,-51.7214,64.1836
1256,GL,Greenland,Poverty headcount ratio at national poverty lines (% of population),2019,,Europe & Central Asia,High income,-51.7214,64.1836
1257,GL,Greenland,Poverty headcount ratio at national poverty lines (% of population),2018,,Europe & Central Asia,High income,-51.7214,64.1836
1258,GL,Greenland,Poverty headcount ratio at national poverty lines (% of population),2017,,Europe & Central Asia,High income,-51.7214,64.1836
1259,GL,Greenland,Poverty headcount ratio at national poverty lines (% of population),2016,,Europe & Central Asia,High income,-51.7214,64.1836
1260,GD,Grenada,Poverty headcount ratio at national poverty lines (% of population),2025,,Latin America & Caribbean ,Upper middle income,-61.7449,12.0653
1261,GD,Grenada,Poverty headcount ratio at national poverty lines (% of population),2024,,Latin America & Caribbean ,Upper middle income,-61.7449,12.0653
1262,GD,Grenada,Poverty headcount ratio at national poverty lines (% of population),2023,,Latin America & Caribbean ,Upper middle income,-61.7449,12.0653
1263,GD,Grenada,Poverty headcount ratio at national poverty lines (% of population),2022,,Latin America & Caribbean ,Upper middle income,-61.7449,12.0653
1264,GD,Grenada,Poverty headcount ratio at national poverty lines (% of population),2021,,Latin America & Caribbean ,Upper middle income,-61.7449,12.0653
1265,GD,Grenada,Poverty headcount ratio at national poverty lines (% of population),2020,,Latin America & Caribbean ,Upper middle income,-61.7449,12.0653
1266,GD,Grenada,Poverty headcount ratio at national poverty lines (% of population),2019,,Latin America & Caribbean ,Upper middle income,-61.7449,12.0653
1267,GD,Grenada,Poverty headcount ratio at national poverty lines (% of population),2018,25.0,Latin America & Caribbean ,Upper middle income,-61.7449,12.0653
1268,GD,Grenada,Poverty headcount ratio at national poverty lines (% of population),2017,,Latin America & Caribbean ,Upper middle income,-61.7449,12.0653
1269,GD,Grenada,Poverty headcount ratio at national poverty lines (% of population),2016,,Latin America & Caribbean ,Upper middle income,-61.7449,12.0653
1270,GU,Guam,Poverty headcount ratio at national poverty lines (% of population),2025,,East Asia & Pacific,High income,144.794,13.4443
1271,GU,Guam,Poverty headcount ratio at national poverty lines (% of population),2024,,East Asia & Pacific,High income,144.794,13.4443
1272,GU,Guam,Poverty headcount ratio at national poverty lines (% of population),2023,,East Asia & Pacific,High income,144.794,13.4443
1273,GU,Guam,Poverty headcount ratio at national poverty lines (% of population),2022,,East Asia & Pacific,High income,144.794,13.4443
1274,GU,Guam,Poverty headcount ratio at national poverty lines (% of population),2021,,East Asia & Pacific,High income,144.794,13.4443
1275,GU,Guam,Poverty headcount ratio at national poverty lines (% of population),2020,,East Asia & Pacific,High income,144.794,13.4443
1276,GU,Guam,Poverty headcount ratio at national poverty lines (% of population),2019,,East Asia & Pacific,High income,144.794,13.4443
1277,GU,Guam,Poverty headcount ratio at national poverty lines (% of population),2018,,East Asia & Pacific,High income,144.794,13.4443
1278,GU,Guam,Poverty headcount ratio at national poverty lines (% of population),2017,,East Asia & Pacific,High income,144.794,13.4443
1279,GU,Guam,Poverty headcount ratio at national poverty lines (% of population),2016,,East Asia & Pacific,High income,144.794,13.4443
1280,GT,Guatemala,Poverty headcount ratio at national poverty lines (% of population),2025,,Latin America & Caribbean ,Upper middle income,-90.5328,14.6248
1281,GT,Guatemala,Poverty headcount ratio at national poverty lines (% of population),2024,,Latin America & Caribbean ,Upper middle income,-90.5328,14.6248
1282,GT,Guatemala,Poverty headcount ratio at national poverty lines (% of population),2023,56.0,Latin America & Caribbean ,Upper middle income,-90.5328,14.6248
1283,GT,Guatemala,Poverty headcount ratio at national poverty lines (% of population),2022,,Latin America & Caribbean ,Upper middle income,-90.5328,14.6248
1284,GT,Guatemala,Poverty headcount ratio at national poverty lines (% of population),2021,,Latin America & Caribbean ,Upper middle income,-90.5328,14.6248
1285,GT,Guatemala,Poverty headcount ratio at national poverty lines (% of population),2020,,Latin America & Caribbean ,Upper middle income,-90.5328,14.6248
1286,GT,Guatemala,Poverty headcount ratio at national poverty lines (% of population),2019,,Latin America & Caribbean ,Upper middle income,-90.5328,14.6248
1287,GT,Guatemala,Poverty headcount ratio at national poverty lines (% of population),2018,,Latin America & Caribbean ,Upper middle income,-90.5328,14.6248
1288,GT,Guatemala,Poverty headcount ratio at national poverty lines (% of population),2017,,Latin America & Caribbean ,Upper middle income,-90.5328,14.6248
1289,GT,Guatemala,Poverty headcount ratio at national poverty lines (% of population),2016,,Latin America & Caribbean ,Upper middle income,-90.5328,14.6248
1290,GN,Guinea,Poverty headcount ratio at national poverty lines (% of population),2025,,Sub-Saharan Africa ,Lower middle income,-13.7,9.51667
1291,GN,Guinea,Poverty headcount ratio at national poverty lines (% of population),2024,,Sub-Saharan Africa ,Lower middle income,-13.7,9.51667
1292,GN,Guinea,Poverty headcount ratio at national poverty lines (% of population),2023,,Sub-Saharan Africa ,Lower middle income,-13.7,9.51667
1293,GN,Guinea,Poverty headcount ratio at national poverty lines (% of population),2022,,Sub-Saharan Africa ,Lower middle income,-13.7,9.51667
1294,GN,Guinea,Poverty headcount ratio at national poverty lines (% of population),2021,,Sub-Saharan Africa ,Lower middle income,-13.7,9.51667
1295,GN,Guinea,Poverty headcount ratio at national poverty lines (% of population),2020,,Sub-Saharan Africa ,Lower middle income,-13.7,9.51667
1296,GN,Guinea,Poverty headcount ratio at national poverty lines (% of population),2019,,Sub-Saharan Africa ,Lower middle income,-13.7,9.51667
1297,GN,Guinea,Poverty headcount ratio at national poverty lines (% of population),2018,43.7,Sub-Saharan Africa ,Lower middle income,-13.7,9.51667
1298,GN,Guinea,Poverty headcount ratio at national poverty lines (% of population),2017,,Sub-Saharan Africa ,Lower middle income,-13.7,9.51667
1299,GN,Guinea,Poverty headcount ratio at national poverty lines (% of population),2016,,Sub-Saharan Africa ,Lower middle income,-13.7,9.51667
1300,GW,Guinea-Bissau,Poverty headcount ratio at national poverty lines (% of population),2025,,Sub-Saharan Africa ,Low income,-15.1804,11.8037
1301,GW,Guinea-Bissau,Poverty headcount ratio at national poverty lines (% of population),2024,,Sub-Saharan Africa ,Low income,-15.1804,11.8037
1302,GW,Guinea-Bissau,Poverty headcount ratio at national poverty lines (% of population),2023,,Sub-Saharan Africa ,Low income,-15.1804,11.8037
1303,GW,Guinea-Bissau,Poverty headcount ratio at national poverty lines (% of population),2022,,Sub-Saharan Africa ,Low income,-15.1804,11.8037
1304,GW,Guinea-Bissau,Poverty headcount ratio at national poverty lines (% of population),2021,50.5,Sub-Saharan Africa ,Low income,-15.1804,11.8037
1305,GW,Guinea-Bissau,Poverty headcount ratio at national poverty lines (% of population),2020,,Sub-Saharan Africa ,Low income,-15.1804,11.8037
1306,GW,Guinea-Bissau,Poverty headcount ratio at national poverty lines (% of population),2019,,Sub-Saharan Africa ,Low income,-15.1804,11.8037
1307,GW,Guinea-Bissau,Poverty headcount ratio at national poverty lines (% of population),2018,47.7,Sub-Saharan Africa ,Low income,-15.1804,11.8037
1308,GW,Guinea-Bissau,Poverty headcount ratio at national poverty lines (% of population),2017,,Sub-Saharan Africa ,Low income,-15.1804,11.8037
1309,GW,Guinea-Bissau,Poverty headcount ratio at national poverty lines (% of population),2016,,Sub-Saharan Africa ,Low income,-15.1804,11.8037
1310,GY,Guyana,Poverty headcount ratio at national poverty lines (% of population),2025,,Latin America & Caribbean ,High income,-58.1548,6.80461
1311,GY,Guyana,Poverty headcount ratio at national poverty lines (% of population),2024,,Latin America & Caribbean ,High income,-58.1548,6.80461
1312,GY,Guyana,Poverty headcount ratio at national poverty lines (% of population),2023,,Latin America & Caribbean ,High income,-58.1548,6.80461
1313,GY,Guyana,Poverty headcount ratio at national poverty lines (% of population),2022,,Latin America & Caribbean ,High income,-58.1548,6.80461
1314,GY,Guyana,Poverty headcount ratio at national poverty lines (% of population),2021,,Latin America & Caribbean ,High income,-58.1548,6.80461
1315,GY,Guyana,Poverty headcount ratio at national poverty lines (% of population),2020,,Latin America & Caribbean ,High income,-58.1548,6.80461
1316,GY,Guyana,Poverty headcount ratio at national poverty lines (% of population),2019,,Latin America & Caribbean ,High income,-58.1548,6.80461
1317,GY,Guyana,Poverty headcount ratio at national poverty lines (% of population),2018,,Latin America & Caribbean ,High income,-58.1548,6.80461
1318,GY,Guyana,Poverty headcount ratio at national poverty lines (% of population),2017,,Latin America & Caribbean ,High income,-58.1548,6.80461
1319,GY,Guyana,Poverty headcount ratio at national poverty lines (% of population),2016,,Latin America & Caribbean ,High income,-58.1548,6.80461
1320,HT,Haiti,Poverty headcount ratio at national poverty lines (% of population),2025,,Latin America & Caribbean ,Lower middle income,-72.3288,18.5392
1321,HT,Haiti,Poverty headcount ratio at national poverty lines (% of population),2024,,Latin America & Caribbean ,Lower middle income,-72.3288,18.5392
1322,HT,Haiti,Poverty headcount ratio at national poverty lines (% of population),2023,,Latin America & Caribbean ,Lower middle income,-72.3288,18.5392
1323,HT,Haiti,Poverty headcount ratio at national poverty lines (% of population),2022,,Latin America & Caribbean ,Lower middle income,-72.3288,18.5392
1324,HT,Haiti,Poverty headcount ratio at national poverty lines (% of population),2021,,Latin America & Caribbean ,Lower middle income,-72.3288,18.5392
1325,HT,Haiti,Poverty headcount ratio at national poverty lines (% of population),2020,,Latin America & Caribbean ,Lower middle income,-72.3288,18.5392
1326,HT,Haiti,Poverty headcount ratio at national poverty lines (% of population),2019,,Latin America & Caribbean ,Lower middle income,-72.3288,18.5392
1327,HT,Haiti,Poverty headcount ratio at national poverty lines (% of population),2018,,Latin America & Caribbean ,Lower middle income,-72.3288,18.5392
1328,HT,Haiti,Poverty headcount ratio at national poverty lines (% of population),2017,,Latin America & Caribbean ,Lower middle income,-72.3288,18.5392
1329,HT,Haiti,Poverty headcount ratio at national poverty lines (% of population),2016,,Latin America & Caribbean ,Lower middle income,-72.3288,18.5392
1330,HN,Honduras,Poverty headcount ratio at national poverty lines (% of population),2025,60.1,Latin America & Caribbean ,Lower middle income,-87.4667,15.1333
1331,HN,Honduras,Poverty headcount ratio at national poverty lines (% of population),2024,62.9,Latin America & Caribbean ,Lower middle income,-87.4667,15.1333
1332,HN,Honduras,Poverty headcount ratio at national poverty lines (% of population),2023,64.1,Latin America & Caribbean ,Lower middle income,-87.4667,15.1333
1333,HN,Honduras,Poverty headcount ratio at national poverty lines (% of population),2022,,Latin America & Caribbean ,Lower middle income,-87.4667,15.1333
1334,HN,Honduras,Poverty headcount ratio at national poverty lines (% of population),2021,73.6,Latin America & Caribbean ,Lower middle income,-87.4667,15.1333
1335,HN,Honduras,Poverty headcount ratio at national poverty lines (% of population),2020,,Latin America & Caribbean ,Lower middle income,-87.4667,15.1333
1336,HN,Honduras,Poverty headcount ratio at national poverty lines (% of population),2019,,Latin America & Caribbean ,Lower middle income,-87.4667,15.1333
1337,HN,Honduras,Poverty headcount ratio at national poverty lines (% of population),2018,,Latin America & Caribbean ,Lower middle income,-87.4667,15.1333
1338,HN,Honduras,Poverty headcount ratio at national poverty lines (% of population),2017,,Latin America & Caribbean ,Lower middle income,-87.4667,15.1333
1339,HN,Honduras,Poverty headcount ratio at national poverty lines (% of population),2016,,Latin America & Caribbean ,Lower middle income,-87.4667,15.1333
1340,HK,"Hong Kong SAR, China",Poverty headcount ratio at national poverty lines (% of population),2025,,East Asia & Pacific,High income,114.109,22.3964
1341,HK,"Hong Kong SAR, China",Poverty headcount ratio at national poverty lines (% of population),2024,,East Asia & Pacific,High income,114.109,22.3964
1342,HK,"Hong Kong SAR, China",Poverty headcount ratio at national poverty lines (% of population),2023,,East Asia & Pacific,High income,114.109,22.3964
1343,HK,"Hong Kong SAR, China",Poverty headcount ratio at national poverty lines (% of population),2022,,East Asia & Pacific,High income,114.109,22.3964
1344,HK,"Hong Kong SAR, China",Poverty headcount ratio at national poverty lines (% of population),2021,,East Asia & Pacific,High income,114.109,22.3964
1345,HK,"Hong Kong SAR, China",Poverty headcount ratio at national poverty lines (% of population),2020,,East Asia & Pacific,High income,114.109,22.3964
1346,HK,"Hong Kong SAR, China",Poverty headcount ratio at national poverty lines (% of population),2019,,East Asia & Pacific,High income,114.109,22.3964
1347,HK,"Hong Kong SAR, China",Poverty headcount ratio at national poverty lines (% of population),2018,,East Asia & Pacific,High income,114.109,22.3964
1348,HK,"Hong Kong SAR, China",Poverty headcount ratio at national poverty lines (% of population),2017,,East Asia & Pacific,High income,114.109,22.3964
1349,HK,"Hong Kong SAR, China",Poverty headcount ratio at national poverty lines (% of population),2016,,East Asia & Pacific,High income,114.109,22.3964
1350,HU,Hungary,Poverty headcount ratio at national poverty lines (% of population),2025,,Europe & Central Asia,High income,19.0408,47.4984
1351,HU,Hungary,Poverty headcount ratio at national poverty lines (% of population),2024,,Europe & Central Asia,High income,19.0408,47.4984
1352,HU,Hungary,Poverty headcount ratio at national poverty lines (% of population),2023,,Europe & Central Asia,High income,19.0408,47.4984
1353,HU,Hungary,Poverty headcount ratio at national poverty lines (% of population),2022,,Europe & Central Asia,High income,19.0408,47.4984
1354,HU,Hungary,Poverty headcount ratio at national poverty lines (% of population),2021,12.1,Europe & Central Asia,High income,19.0408,47.4984
1355,HU,Hungary,Poverty headcount ratio at national poverty lines (% of population),2020,12.6,Europe & Central Asia,High income,19.0408,47.4984
1356,HU,Hungary,Poverty headcount ratio at national poverty lines (% of population),2019,12.3,Europe & Central Asia,High income,19.0408,47.4984
1357,HU,Hungary,Poverty headcount ratio at national poverty lines (% of population),2018,12.3,Europe & Central Asia,High income,19.0408,47.4984
1358,HU,Hungary,Poverty headcount ratio at national poverty lines (% of population),2017,12.8,Europe & Central Asia,High income,19.0408,47.4984
1359,HU,Hungary,Poverty headcount ratio at national poverty lines (% of population),2016,13.4,Europe & Central Asia,High income,19.0408,47.4984
1360,IS,Iceland,Poverty headcount ratio at national poverty lines (% of population),2025,,Europe & Central Asia,High income,-21.8952,64.1353
1361,IS,Iceland,Poverty headcount ratio at national poverty lines (% of population),2024,,Europe & Central Asia,High income,-21.8952,64.1353
1362,IS,Iceland,Poverty headcount ratio at national poverty lines (% of population),2023,,Europe & Central Asia,High income,-21.8952,64.1353
1363,IS,Iceland,Poverty headcount ratio at national poverty lines (% of population),2022,,Europe & Central Asia,High income,-21.8952,64.1353
1364,IS,Iceland,Poverty headcount ratio at national poverty lines (% of population),2021,,Europe & Central Asia,High income,-21.8952,64.1353
1365,IS,Iceland,Poverty headcount ratio at national poverty lines (% of population),2020,,Europe & Central Asia,High income,-21.8952,64.1353
1366,IS,Iceland,Poverty headcount ratio at national poverty lines (% of population),2019,,Europe & Central Asia,High income,-21.8952,64.1353
1367,IS,Iceland,Poverty headcount ratio at national poverty lines (% of population),2018,,Europe & Central Asia,High income,-21.8952,64.1353
1368,IS,Iceland,Poverty headcount ratio at national poverty lines (% of population),2017,8.8,Europe & Central Asia,High income,-21.8952,64.1353
1369,IS,Iceland,Poverty headcount ratio at national poverty lines (% of population),2016,10.1,Europe & Central Asia,High income,-21.8952,64.1353
1370,IN,India,Poverty headcount ratio at national poverty lines (% of population),2025,,South Asia,Lower middle income,77.225,28.6353
1371,IN,India,Poverty headcount ratio at national poverty lines (% of population),2024,,South Asia,Lower middle income,77.225,28.6353
1372,IN,India,Poverty headcount ratio at national poverty lines (% of population),2023,,South Asia,Lower middle income,77.225,28.6353
1373,IN,India,Poverty headcount ratio at national poverty lines (% of population),2022,,South Asia,Lower middle income,77.225,28.6353
1374,IN,India,Poverty headcount ratio at national poverty lines (% of population),2021,,South Asia,Lower middle income,77.225,28.6353
1375,IN,India,Poverty headcount ratio at national poverty lines (% of population),2020,,South Asia,Lower middle income,77.225,28.6353
1376,IN,India,Poverty headcount ratio at national poverty lines (% of population),2019,,South Asia,Lower middle income,77.225,28.6353
1377,IN,India,Poverty headcount ratio at national poverty lines (% of population),2018,,South Asia,Lower middle income,77.225,28.6353
1378,IN,India,Poverty headcount ratio at national poverty lines (% of population),2017,,South Asia,Lower middle income,77.225,28.6353
1379,IN,India,Poverty headcount ratio at national poverty lines (% of population),2016,,South Asia,Lower middle income,77.225,28.6353
1380,ID,Indonesia,Poverty headcount ratio at national poverty lines (% of population),2025,,East Asia & Pacific,Upper middle income,106.83,-6.19752
1381,ID,Indonesia,Poverty headcount ratio at national poverty lines (% of population),2024,9.0,East Asia & Pacific,Upper middle income,106.83,-6.19752
1382,ID,Indonesia,Poverty headcount ratio at national poverty lines (% of population),2023,9.4,East Asia & Pacific,Upper middle income,106.83,-6.19752
1383,ID,Indonesia,Poverty headcount ratio at national poverty lines (% of population),2022,9.5,East Asia & Pacific,Upper middle income,106.83,-6.19752
1384,ID,Indonesia,Poverty headcount ratio at national poverty lines (% of population),2021,10.1,East Asia & Pacific,Upper middle income,106.83,-6.19752
1385,ID,Indonesia,Poverty headcount ratio at national poverty lines (% of population),2020,9.8,East Asia & Pacific,Upper middle income,106.83,-6.19752
1386,ID,Indonesia,Poverty headcount ratio at national poverty lines (% of population),2019,9.4,East Asia & Pacific,Upper middle income,106.83,-6.19752
1387,ID,Indonesia,Poverty headcount ratio at national poverty lines (% of population),2018,9.8,East Asia & Pacific,Upper middle income,106.83,-6.19752
1388,ID,Indonesia,Poverty headcount ratio at national poverty lines (% of population),2017,10.6,East Asia & Pacific,Upper middle income,106.83,-6.19752
1389,ID,Indonesia,Poverty headcount ratio at national poverty lines (% of population),2016,10.9,East Asia & Pacific,Upper middle income,106.83,-6.19752
1390,IR,"Iran, Islamic Rep.",Poverty headcount ratio at national poverty lines (% of population),2025,,"Middle East, North Africa, Afghanistan & Pakistan",Upper middle income,51.4447,35.6878
1391,IR,"Iran, Islamic Rep.",Poverty headcount ratio at national poverty lines (% of population),2024,,"Middle East, North Africa, Afghanistan & Pakistan",Upper middle income,51.4447,35.6878
1392,IR,"Iran, Islamic Rep.",Poverty headcount ratio at national poverty lines (% of population),2023,,"Middle East, North Africa, Afghanistan & Pakistan",Upper middle income,51.4447,35.6878
1393,IR,"Iran, Islamic Rep.",Poverty headcount ratio at national poverty lines (% of population),2022,,"Middle East, North Africa, Afghanistan & Pakistan",Upper middle income,51.4447,35.6878
1394,IR,"Iran, Islamic Rep.",Poverty headcount ratio at national poverty lines (% of population),2021,,"Middle East, North Africa, Afghanistan & Pakistan",Upper middle income,51.4447,35.6878
1395,IR,"Iran, Islamic Rep.",Poverty headcount ratio at national poverty lines (% of population),2020,,"Middle East, North Africa, Afghanistan & Pakistan",Upper middle income,51.4447,35.6878
1396,IR,"Iran, Islamic Rep.",Poverty headcount ratio at national poverty lines (% of population),2019,,"Middle East, North Africa, Afghanistan & Pakistan",Upper middle income,51.4447,35.6878
1397,IR,"Iran, Islamic Rep.",Poverty headcount ratio at national poverty lines (% of population),2018,,"Middle East, North Africa, Afghanistan & Pakistan",Upper middle income,51.4447,35.6878
1398,IR,"Iran, Islamic Rep.",Poverty headcount ratio at national poverty lines (% of population),2017,,"Middle East, North Africa, Afghanistan & Pakistan",Upper middle income,51.4447,35.6878
1399,IR,"Iran, Islamic Rep.",Poverty headcount ratio at national poverty lines (% of population),2016,,"Middle East, North Africa, Afghanistan & Pakistan",Upper middle income,51.4447,35.6878
1400,IQ,Iraq,Poverty headcount ratio at national poverty lines (% of population),2025,,"Middle East, North Africa, Afghanistan & Pakistan",Upper middle income,44.394,33.3302
1401,IQ,Iraq,Poverty headcount ratio at national poverty lines (% of population),2024,,"Middle East, North Africa, Afghanistan & Pakistan",Upper middle income,44.394,33.3302
1402,IQ,Iraq,Poverty headcount ratio at national poverty lines (% of population),2023,17.5,"Middle East, North Africa, Afghanistan & Pakistan",Upper middle income,44.394,33.3302
1403,IQ,Iraq,Poverty headcount ratio at national poverty lines (% of population),2022,,"Middle East, North Africa, Afghanistan & Pakistan",Upper middle income,44.394,33.3302
1404,IQ,Iraq,Poverty headcount ratio at national poverty lines (% of population),2021,,"Middle East, North Africa, Afghanistan & Pakistan",Upper middle income,44.394,33.3302
1405,IQ,Iraq,Poverty headcount ratio at national poverty lines (% of population),2020,,"Middle East, North Africa, Afghanistan & Pakistan",Upper middle income,44.394,33.3302
1406,IQ,Iraq,Poverty headcount ratio at national poverty lines (% of population),2019,,"Middle East, North Africa, Afghanistan & Pakistan",Upper middle income,44.394,33.3302
1407,IQ,Iraq,Poverty headcount ratio at national poverty lines (% of population),2018,,"Middle East, North Africa, Afghanistan & Pakistan",Upper middle income,44.394,33.3302
1408,IQ,Iraq,Poverty headcount ratio at national poverty lines (% of population),2017,,"Middle East, North Africa, Afghanistan & Pakistan",Upper middle income,44.394,33.3302
1409,IQ,Iraq,Poverty headcount ratio at national poverty lines (% of population),2016,,"Middle East, North Africa, Afghanistan & Pakistan",Upper middle income,44.394,33.3302
1410,IE,Ireland,Poverty headcount ratio at national poverty lines (% of population),2025,,Europe & Central Asia,High income,-6.26749,53.3441
1411,IE,Ireland,Poverty headcount ratio at national poverty lines (% of population),2024,,Europe & Central Asia,High income,-6.26749,53.3441
1412,IE,Ireland,Poverty headcount ratio at national poverty lines (% of population),2023,,Europe & Central Asia,High income,-6.26749,53.3441
1413,IE,Ireland,Poverty headcount ratio at national poverty lines (% of population),2022,,Europe & Central Asia,High income,-6.26749,53.3441
1414,IE,Ireland,Poverty headcount ratio at national poverty lines (% of population),2021,14.0,Europe & Central Asia,High income,-6.26749,53.3441
1415,IE,Ireland,Poverty headcount ratio at national poverty lines (% of population),2020,12.9,Europe & Central Asia,High income,-6.26749,53.3441
1416,IE,Ireland,Poverty headcount ratio at national poverty lines (% of population),2019,13.8,Europe & Central Asia,High income,-6.26749,53.3441
1417,IE,Ireland,Poverty headcount ratio at national poverty lines (% of population),2018,,Europe & Central Asia,High income,-6.26749,53.3441
1418,IE,Ireland,Poverty headcount ratio at national poverty lines (% of population),2017,,Europe & Central Asia,High income,-6.26749,53.3441
1419,IE,Ireland,Poverty headcount ratio at national poverty lines (% of population),2016,,Europe & Central Asia,High income,-6.26749,53.3441
1420,IM,Isle of Man,Poverty headcount ratio at national poverty lines (% of population),2025,,Europe & Central Asia,High income,-4.47928,54.1509
1421,IM,Isle of Man,Poverty headcount ratio at national poverty lines (% of population),2024,,Europe & Central Asia,High income,-4.47928,54.1509
1422,IM,Isle of Man,Poverty headcount ratio at national poverty lines (% of population),2023,,Europe & Central Asia,High income,-4.47928,54.1509
1423,IM,Isle of Man,Poverty headcount ratio at national poverty lines (% of population),2022,,Europe & Central Asia,High income,-4.47928,54.1509
1424,IM,Isle of Man,Poverty headcount ratio at national poverty lines (% of population),2021,,Europe & Central Asia,High income,-4.47928,54.1509
1425,IM,Isle of Man,Poverty headcount ratio at national poverty lines (% of population),2020,,Europe & Central Asia,High income,-4.47928,54.1509
1426,IM,Isle of Man,Poverty headcount ratio at national poverty lines (% of population),2019,,Europe & Central Asia,High income,-4.47928,54.1509
1427,IM,Isle of Man,Poverty headcount ratio at national poverty lines (% of population),2018,,Europe & Central Asia,High income,-4.47928,54.1509
1428,IM,Isle of Man,Poverty headcount ratio at national poverty lines (% of population),2017,,Europe & Central Asia,High income,-4.47928,54.1509
1429,IM,Isle of Man,Poverty headcount ratio at national poverty lines (% of population),2016,,Europe & Central Asia,High income,-4.47928,54.1509
1430,IL,Israel,Poverty headcount ratio at national poverty lines (% of population),2025,,"Middle East, North Africa, Afghanistan & Pakistan",High income,35.2035,31.7717
1431,IL,Israel,Poverty headcount ratio at national poverty lines (% of population),2024,,"Middle East, North Africa, Afghanistan & Pakistan",High income,35.2035,31.7717
1432,IL,Israel,Poverty headcount ratio at national poverty lines (% of population),2023,,"Middle East, North Africa, Afghanistan & Pakistan",High income,35.2035,31.7717
1433,IL,Israel,Poverty headcount ratio at national poverty lines (% of population),2022,,"Middle East, North Africa, Afghanistan & Pakistan",High income,35.2035,31.7717
1434,IL,Israel,Poverty headcount ratio at national poverty lines (% of population),2021,,"Middle East, North Africa, Afghanistan & Pakistan",High income,35.2035,31.7717
1435,IL,Israel,Poverty headcount ratio at national poverty lines (% of population),2020,,"Middle East, North Africa, Afghanistan & Pakistan",High income,35.2035,31.7717
1436,IL,Israel,Poverty headcount ratio at national poverty lines (% of population),2019,,"Middle East, North Africa, Afghanistan & Pakistan",High income,35.2035,31.7717
1437,IL,Israel,Poverty headcount ratio at national poverty lines (% of population),2018,,"Middle East, North Africa, Afghanistan & Pakistan",High income,35.2035,31.7717
1438,IL,Israel,Poverty headcount ratio at national poverty lines (% of population),2017,,"Middle East, North Africa, Afghanistan & Pakistan",High income,35.2035,31.7717
1439,IL,Israel,Poverty headcount ratio at national poverty lines (% of population),2016,,"Middle East, North Africa, Afghanistan & Pakistan",High income,35.2035,31.7717
1440,IT,Italy,Poverty headcount ratio at national poverty lines (% of population),2025,,Europe & Central Asia,High income,12.4823,41.8955
1441,IT,Italy,Poverty headcount ratio at national poverty lines (% of population),2024,,Europe & Central Asia,High income,12.4823,41.8955
1442,IT,Italy,Poverty headcount ratio at national poverty lines (% of population),2023,,Europe & Central Asia,High income,12.4823,41.8955
1443,IT,Italy,Poverty headcount ratio at national poverty lines (% of population),2022,,Europe & Central Asia,High income,12.4823,41.8955
1444,IT,Italy,Poverty headcount ratio at national poverty lines (% of population),2021,20.1,Europe & Central Asia,High income,12.4823,41.8955
1445,IT,Italy,Poverty headcount ratio at national poverty lines (% of population),2020,20.1,Europe & Central Asia,High income,12.4823,41.8955
1446,IT,Italy,Poverty headcount ratio at national poverty lines (% of population),2019,20.0,Europe & Central Asia,High income,12.4823,41.8955
1447,IT,Italy,Poverty headcount ratio at national poverty lines (% of population),2018,20.1,Europe & Central Asia,High income,12.4823,41.8955
1448,IT,Italy,Poverty headcount ratio at national poverty lines (% of population),2017,20.3,Europe & Central Asia,High income,12.4823,41.8955
1449,IT,Italy,Poverty headcount ratio at national poverty lines (% of population),2016,20.3,Europe & Central Asia,High income,12.4823,41.8955
1450,JM,Jamaica,Poverty headcount ratio at national poverty lines (% of population),2025,,Latin America & Caribbean ,Upper middle income,-76.792,17.9927
1451,JM,Jamaica,Poverty headcount ratio at national poverty lines (% of population),2024,,Latin America & Caribbean ,Upper middle income,-76.792,17.9927
1452,JM,Jamaica,Poverty headcount ratio at national poverty lines (% of population),2023,8.2,Latin America & Caribbean ,Upper middle income,-76.792,17.9927
1453,JM,Jamaica,Poverty headcount ratio at national poverty lines (% of population),2022,,Latin America & Caribbean ,Upper middle income,-76.792,17.9927
1454,JM,Jamaica,Poverty headcount ratio at national poverty lines (% of population),2021,16.7,Latin America & Caribbean ,Upper middle income,-76.792,17.9927
1455,JM,Jamaica,Poverty headcount ratio at national poverty lines (% of population),2020,,Latin America & Caribbean ,Upper middle income,-76.792,17.9927
1456,JM,Jamaica,Poverty headcount ratio at national poverty lines (% of population),2019,11.0,Latin America & Caribbean ,Upper middle income,-76.792,17.9927
1457,JM,Jamaica,Poverty headcount ratio at national poverty lines (% of population),2018,12.6,Latin America & Caribbean ,Upper middle income,-76.792,17.9927
1458,JM,Jamaica,Poverty headcount ratio at national poverty lines (% of population),2017,19.3,Latin America & Caribbean ,Upper middle income,-76.792,17.9927
1459,JM,Jamaica,Poverty headcount ratio at national poverty lines (% of population),2016,17.1,Latin America & Caribbean ,Upper middle income,-76.792,17.9927
1460,JP,Japan,Poverty headcount ratio at national poverty lines (% of population),2025,,East Asia & Pacific,High income,139.77,35.67
1461,JP,Japan,Poverty headcount ratio at national poverty lines (% of population),2024,,East Asia & Pacific,High income,139.77,35.67
1462,JP,Japan,Poverty headcount ratio at national poverty lines (% of population),2023,,East Asia & Pacific,High income,139.77,35.67
1463,JP,Japan,Poverty headcount ratio at national poverty lines (% of population),2022,,East Asia & Pacific,High income,139.77,35.67
1464,JP,Japan,Poverty headcount ratio at national poverty lines (% of population),2021,,East Asia & Pacific,High income,139.77,35.67
1465,JP,Japan,Poverty headcount ratio at national poverty lines (% of population),2020,,East Asia & Pacific,High income,139.77,35.67
1466,JP,Japan,Poverty headcount ratio at national poverty lines (% of population),2019,,East Asia & Pacific,High income,139.77,35.67
1467,JP,Japan,Poverty headcount ratio at national poverty lines (% of population),2018,,East Asia & Pacific,High income,139.77,35.67
1468,JP,Japan,Poverty headcount ratio at national poverty lines (% of population),2017,,East Asia & Pacific,High income,139.77,35.67
1469,JP,Japan,Poverty headcount ratio at national poverty lines (% of population),2016,,East Asia & Pacific,High income,139.77,35.67
1470,JO,Jordan,Poverty headcount ratio at national poverty lines (% of population),2025,,"Middle East, North Africa, Afghanistan & Pakistan",Upper middle income,35.9263,31.9497
1471,JO,Jordan,Poverty headcount ratio at national poverty lines (% of population),2024,,"Middle East, North Africa, Afghanistan & Pakistan",Upper middle income,35.9263,31.9497
1472,JO,Jordan,Poverty headcount ratio at national poverty lines (% of population),2023,,"Middle East, North Africa, Afghanistan & Pakistan",Upper middle income,35.9263,31.9497
1473,JO,Jordan,Poverty headcount ratio at national poverty lines (% of population),2022,,"Middle East, North Africa, Afghanistan & Pakistan",Upper middle income,35.9263,31.9497
1474,JO,Jordan,Poverty headcount ratio at national poverty lines (% of population),2021,,"Middle East, North Africa, Afghanistan & Pakistan",Upper middle income,35.9263,31.9497
1475,JO,Jordan,Poverty headcount ratio at national poverty lines (% of population),2020,,"Middle East, North Africa, Afghanistan & Pakistan",Upper middle income,35.9263,31.9497
1476,JO,Jordan,Poverty headcount ratio at national poverty lines (% of population),2019,,"Middle East, North Africa, Afghanistan & Pakistan",Upper middle income,35.9263,31.9497
1477,JO,Jordan,Poverty headcount ratio at national poverty lines (% of population),2018,15.7,"Middle East, North Africa, Afghanistan & Pakistan",Upper middle income,35.9263,31.9497
1478,JO,Jordan,Poverty headcount ratio at national poverty lines (% of population),2017,,"Middle East, North Africa, Afghanistan & Pakistan",Upper middle income,35.9263,31.9497
1479,JO,Jordan,Poverty headcount ratio at national poverty lines (% of population),2016,,"Middle East, North Africa, Afghanistan & Pakistan",Upper middle income,35.9263,31.9497
1480,KZ,Kazakhstan,Poverty headcount ratio at national poverty lines (% of population),2025,,Europe & Central Asia,Upper middle income,71.4382,51.1879
1481,KZ,Kazakhstan,Poverty headcount ratio at national poverty lines (% of population),2024,5.0,Europe & Central Asia,Upper middle income,71.4382,51.1879
1482,KZ,Kazakhstan,Poverty headcount ratio at national poverty lines (% of population),2023,5.2,Europe & Central Asia,Upper middle income,71.4382,51.1879
1483,KZ,Kazakhstan,Poverty headcount ratio at national poverty lines (% of population),2022,5.2,Europe & Central Asia,Upper middle income,71.4382,51.1879
1484,KZ,Kazakhstan,Poverty headcount ratio at national poverty lines (% of population),2021,5.2,Europe & Central Asia,Upper middle income,71.4382,51.1879
1485,KZ,Kazakhstan,Poverty headcount ratio at national poverty lines (% of population),2020,5.3,Europe & Central Asia,Upper middle income,71.4382,51.1879
1486,KZ,Kazakhstan,Poverty headcount ratio at national poverty lines (% of population),2019,4.3,Europe & Central Asia,Upper middle income,71.4382,51.1879
1487,KZ,Kazakhstan,Poverty headcount ratio at national poverty lines (% of population),2018,4.3,Europe & Central Asia,Upper middle income,71.4382,51.1879
1488,KZ,Kazakhstan,Poverty headcount ratio at national poverty lines (% of population),2017,,Europe & Central Asia,Upper middle income,71.4382,51.1879
1489,KZ,Kazakhstan,Poverty headcount ratio at national poverty lines (% of population),2016,,Europe & Central Asia,Upper middle income,71.4382,51.1879
1490,KE,Kenya,Poverty headcount ratio at national poverty lines (% of population),2025,,Sub-Saharan Africa ,Lower middle income,36.8126,-1.27975
1491,KE,Kenya,Poverty headcount ratio at national poverty lines (% of population),2024,,Sub-Saharan Africa ,Lower middle income,36.8126,-1.27975
1492,KE,Kenya,Poverty headcount ratio at national poverty lines (% of population),2023,,Sub-Saharan Africa ,Lower middle income,36.8126,-1.27975
1493,KE,Kenya,Poverty headcount ratio at national poverty lines (% of population),2022,39.8,Sub-Saharan Africa ,Lower middle income,36.8126,-1.27975
1494,KE,Kenya,Poverty headcount ratio at national poverty lines (% of population),2021,38.6,Sub-Saharan Africa ,Lower middle income,36.8126,-1.27975
1495,KE,Kenya,Poverty headcount ratio at national poverty lines (% of population),2020,42.9,Sub-Saharan Africa ,Lower middle income,36.8126,-1.27975
1496,KE,Kenya,Poverty headcount ratio at national poverty lines (% of population),2019,,Sub-Saharan Africa ,Lower middle income,36.8126,-1.27975
1497,KE,Kenya,Poverty headcount ratio at national poverty lines (% of population),2018,,Sub-Saharan Africa ,Lower middle income,36.8126,-1.27975
1498,KE,Kenya,Poverty headcount ratio at national poverty lines (% of population),2017,,Sub-Saharan Africa ,Lower middle income,36.8126,-1.27975
1499,KE,Kenya,Poverty headcount ratio at national poverty lines (% of population),2016,,Sub-Saharan Africa ,Lower middle income,36.8126,-1.27975
1500,KI,Kiribati,Poverty headcount ratio at national poverty lines (% of population),2025,,East Asia & Pacific,Lower middle income,172.979,1.32905
1501,KI,Kiribati,Poverty headcount ratio at national poverty lines (% of population),2024,,East Asia & Pacific,Lower middle income,172.979,1.32905
1502,KI,Kiribati,Poverty headcount ratio at national poverty lines (% of population),2023,5.5,East Asia & Pacific,Lower middle income,172.979,1.32905
1503,KI,Kiribati,Poverty headcount ratio at national poverty lines (% of population),2022,,East Asia & Pacific,Lower middle income,172.979,1.32905
1504,KI,Kiribati,Poverty headcount ratio at national poverty lines (% of population),2021,,East Asia & Pacific,Lower middle income,172.979,1.32905
1505,KI,Kiribati,Poverty headcount ratio at national poverty lines (% of population),2020,,East Asia & Pacific,Lower middle income,172.979,1.32905
1506,KI,Kiribati,Poverty headcount ratio at national poverty lines (% of population),2019,21.9,East Asia & Pacific,Lower middle income,172.979,1.32905
1507,KI,Kiribati,Poverty headcount ratio at national poverty lines (% of population),2018,,East Asia & Pacific,Lower middle income,172.979,1.32905
1508,KI,Kiribati,Poverty headcount ratio at national poverty lines (% of population),2017,,East Asia & Pacific,Lower middle income,172.979,1.32905
1509,KI,Kiribati,Poverty headcount ratio at national poverty lines (% of population),2016,,East Asia & Pacific,Lower middle income,172.979,1.32905
1510,KP,"Korea, Dem. People's Rep.",Poverty headcount ratio at national poverty lines (% of population),2025,,East Asia & Pacific,Low income,125.754,39.0319
1511,KP,"Korea, Dem. People's Rep.",Poverty headcount ratio at national poverty lines (% of population),2024,,East Asia & Pacific,Low income,125.754,39.0319
1512,KP,"Korea, Dem. People's Rep.",Poverty headcount ratio at national poverty lines (% of population),2023,,East Asia & Pacific,Low income,125.754,39.0319
1513,KP,"Korea, Dem. People's Rep.",Poverty headcount ratio at national poverty lines (% of population),2022,,East Asia & Pacific,Low income,125.754,39.0319
1514,KP,"Korea, Dem. People's Rep.",Poverty headcount ratio at national poverty lines (% of population),2021,,East Asia & Pacific,Low income,125.754,39.0319
1515,KP,"Korea, Dem. People's Rep.",Poverty headcount ratio at national poverty lines (% of population),2020,,East Asia & Pacific,Low income,125.754,39.0319
1516,KP,"Korea, Dem. People's Rep.",Poverty headcount ratio at national poverty lines (% of population),2019,,East Asia & Pacific,Low income,125.754,39.0319
1517,KP,"Korea, Dem. People's Rep.",Poverty headcount ratio at national poverty lines (% of population),2018,,East Asia & Pacific,Low income,125.754,39.0319
1518,KP,"Korea, Dem. People's Rep.",Poverty headcount ratio at national poverty lines (% of population),2017,,East Asia & Pacific,Low income,125.754,39.0319
1519,KP,"Korea, Dem. People's Rep.",Poverty headcount ratio at national poverty lines (% of population),2016,,East Asia & Pacific,Low income,125.754,39.0319
1520,KR,"Korea, Rep.",Poverty headcount ratio at national poverty lines (% of population),2025,,East Asia & Pacific,High income,126.957,37.5323
1521,KR,"Korea, Rep.",Poverty headcount ratio at national poverty lines (% of population),2024,,East Asia & Pacific,High income,126.957,37.5323
1522,KR,"Korea, Rep.",Poverty headcount ratio at national poverty lines (% of population),2023,,East Asia & Pacific,High income,126.957,37.5323
1523,KR,"Korea, Rep.",Poverty headcount ratio at national poverty lines (% of population),2022,,East Asia & Pacific,High income,126.957,37.5323
1524,KR,"Korea, Rep.",Poverty headcount ratio at national poverty lines (% of population),2021,,East Asia & Pacific,High income,126.957,37.5323
1525,KR,"Korea, Rep.",Poverty headcount ratio at national poverty lines (% of population),2020,,East Asia & Pacific,High income,126.957,37.5323
1526,KR,"Korea, Rep.",Poverty headcount ratio at national poverty lines (% of population),2019,,East Asia & Pacific,High income,126.957,37.5323
1527,KR,"Korea, Rep.",Poverty headcount ratio at national poverty lines (% of population),2018,,East Asia & Pacific,High income,126.957,37.5323
1528,KR,"Korea, Rep.",Poverty headcount ratio at national poverty lines (% of population),2017,,East Asia & Pacific,High income,126.957,37.5323
1529,KR,"Korea, Rep.",Poverty headcount ratio at national poverty lines (% of population),2016,,East Asia & Pacific,High income,126.957,37.5323
1530,XK,Kosovo,Poverty headcount ratio at national poverty lines (% of population),2025,,Europe & Central Asia,Upper middle income,20.926,42.565
1531,XK,Kosovo,Poverty headcount ratio at national poverty lines (% of population),2024,,Europe & Central Asia,Upper middle income,20.926,42.565
1532,XK,Kosovo,Poverty headcount ratio at national poverty lines (% of population),2023,,Europe & Central Asia,Upper middle income,20.926,42.565
1533,XK,Kosovo,Poverty headcount ratio at national poverty lines (% of population),2022,,Europe & Central Asia,Upper middle income,20.926,42.565
1534,XK,Kosovo,Poverty headcount ratio at national poverty lines (% of population),2021,,Europe & Central Asia,Upper middle income,20.926,42.565
1535,XK,Kosovo,Poverty headcount ratio at national poverty lines (% of population),2020,,Europe & Central Asia,Upper middle income,20.926,42.565
1536,XK,Kosovo,Poverty headcount ratio at national poverty lines (% of population),2019,,Europe & Central Asia,Upper middle income,20.926,42.565
1537,XK,Kosovo,Poverty headcount ratio at national poverty lines (% of population),2018,,Europe & Central Asia,Upper middle income,20.926,42.565
1538,XK,Kosovo,Poverty headcount ratio at national poverty lines (% of population),2017,,Europe & Central Asia,Upper middle income,20.926,42.565
1539,XK,Kosovo,Poverty headcount ratio at national poverty lines (% of population),2016,,Europe & Central Asia,Upper middle income,20.926,42.565
1540,KW,Kuwait,Poverty headcount ratio at national poverty lines (% of population),2025,,"Middle East, North Africa, Afghanistan & Pakistan",High income,47.9824,29.3721
1541,KW,Kuwait,Poverty headcount ratio at national poverty lines (% of population),2024,,"Middle East, North Africa, Afghanistan & Pakistan",High income,47.9824,29.3721
1542,KW,Kuwait,Poverty headcount ratio at national poverty lines (% of population),2023,,"Middle East, North Africa, Afghanistan & Pakistan",High income,47.9824,29.3721
1543,KW,Kuwait,Poverty headcount ratio at national poverty lines (% of population),2022,,"Middle East, North Africa, Afghanistan & Pakistan",High income,47.9824,29.3721
1544,KW,Kuwait,Poverty headcount ratio at national poverty lines (% of population),2021,,"Middle East, North Africa, Afghanistan & Pakistan",High income,47.9824,29.3721
1545,KW,Kuwait,Poverty headcount ratio at national poverty lines (% of population),2020,,"Middle East, North Africa, Afghanistan & Pakistan",High income,47.9824,29.3721
1546,KW,Kuwait,Poverty headcount ratio at national poverty lines (% of population),2019,,"Middle East, North Africa, Afghanistan & Pakistan",High income,47.9824,29.3721
1547,KW,Kuwait,Poverty headcount ratio at national poverty lines (% of population),2018,,"Middle East, North Africa, Afghanistan & Pakistan",High income,47.9824,29.3721
1548,KW,Kuwait,Poverty headcount ratio at national poverty lines (% of population),2017,,"Middle East, North Africa, Afghanistan & Pakistan",High income,47.9824,29.3721
1549,KW,Kuwait,Poverty headcount ratio at national poverty lines (% of population),2016,,"Middle East, North Africa, Afghanistan & Pakistan",High income,47.9824,29.3721
1550,KG,Kyrgyz Republic,Poverty headcount ratio at national poverty lines (% of population),2025,,Europe & Central Asia,Lower middle income,74.6057,42.8851
1551,KG,Kyrgyz Republic,Poverty headcount ratio at national poverty lines (% of population),2024,25.7,Europe & Central Asia,Lower middle income,74.6057,42.8851
1552,KG,Kyrgyz Republic,Poverty headcount ratio at national poverty lines (% of population),2023,29.8,Europe & Central Asia,Lower middle income,74.6057,42.8851
1553,KG,Kyrgyz Republic,Poverty headcount ratio at national poverty lines (% of population),2022,,Europe & Central Asia,Lower middle income,74.6057,42.8851
1554,KG,Kyrgyz Republic,Poverty headcount ratio at national poverty lines (% of population),2021,,Europe & Central Asia,Lower middle income,74.6057,42.8851
1555,KG,Kyrgyz Republic,Poverty headcount ratio at national poverty lines (% of population),2020,,Europe & Central Asia,Lower middle income,74.6057,42.8851
1556,KG,Kyrgyz Republic,Poverty headcount ratio at national poverty lines (% of population),2019,,Europe & Central Asia,Lower middle income,74.6057,42.8851
1557,KG,Kyrgyz Republic,Poverty headcount ratio at national poverty lines (% of population),2018,,Europe & Central Asia,Lower middle income,74.6057,42.8851
1558,KG,Kyrgyz Republic,Poverty headcount ratio at national poverty lines (% of population),2017,,Europe & Central Asia,Lower middle income,74.6057,42.8851
1559,KG,Kyrgyz Republic,Poverty headcount ratio at national poverty lines (% of population),2016,,Europe & Central Asia,Lower middle income,74.6057,42.8851
1560,LA,Lao PDR,Poverty headcount ratio at national poverty lines (% of population),2025,,East Asia & Pacific,Lower middle income,102.177,18.5826
1561,LA,Lao PDR,Poverty headcount ratio at national poverty lines (% of population),2024,15.0,East Asia & Pacific,Lower middle income,102.177,18.5826
1562,LA,Lao PDR,Poverty headcount ratio at national poverty lines (% of population),2023,,East Asia & Pacific,Lower middle income,102.177,18.5826
1563,LA,Lao PDR,Poverty headcount ratio at national poverty lines (% of population),2022,,East Asia & Pacific,Lower middle income,102.177,18.5826
1564,LA,Lao PDR,Poverty headcount ratio at national poverty lines (% of population),2021,,East Asia & Pacific,Lower middle income,102.177,18.5826
1565,LA,Lao PDR,Poverty headcount ratio at national poverty lines (% of population),2020,,East Asia & Pacific,Lower middle income,102.177,18.5826
1566,LA,Lao PDR,Poverty headcount ratio at national poverty lines (% of population),2019,,East Asia & Pacific,Lower middle income,102.177,18.5826
1567,LA,Lao PDR,Poverty headcount ratio at national poverty lines (% of population),2018,18.3,East Asia & Pacific,Lower middle income,102.177,18.5826
1568,LA,Lao PDR,Poverty headcount ratio at national poverty lines (% of population),2017,,East Asia & Pacific,Lower middle income,102.177,18.5826
1569,LA,Lao PDR,Poverty headcount ratio at national poverty lines (% of population),2016,,East Asia & Pacific,Lower middle income,102.177,18.5826
1570,LV,Latvia,Poverty headcount ratio at national poverty lines (% of population),2025,,Europe & Central Asia,High income,24.1048,56.9465
1571,LV,Latvia,Poverty headcount ratio at national poverty lines (% of population),2024,,Europe & Central Asia,High income,24.1048,56.9465
1572,LV,Latvia,Poverty headcount ratio at national poverty lines (% of population),2023,,Europe & Central Asia,High income,24.1048,56.9465
1573,LV,Latvia,Poverty headcount ratio at national poverty lines (% of population),2022,22.5,Europe & Central Asia,High income,24.1048,56.9465
1574,LV,Latvia,Poverty headcount ratio at national poverty lines (% of population),2021,22.5,Europe & Central Asia,High income,24.1048,56.9465
1575,LV,Latvia,Poverty headcount ratio at national poverty lines (% of population),2020,23.4,Europe & Central Asia,High income,24.1048,56.9465
1576,LV,Latvia,Poverty headcount ratio at national poverty lines (% of population),2019,21.6,Europe & Central Asia,High income,24.1048,56.9465
1577,LV,Latvia,Poverty headcount ratio at national poverty lines (% of population),2018,22.9,Europe & Central Asia,High income,24.1048,56.9465
1578,LV,Latvia,Poverty headcount ratio at national poverty lines (% of population),2017,23.3,Europe & Central Asia,High income,24.1048,56.9465
1579,LV,Latvia,Poverty headcount ratio at national poverty lines (% of population),2016,22.1,Europe & Central Asia,High income,24.1048,56.9465
1580,LB,Lebanon,Poverty headcount ratio at national poverty lines (% of population),2025,,"Middle East, North Africa, Afghanistan & Pakistan",Lower middle income,35.5134,33.8872
1581,LB,Lebanon,Poverty headcount ratio at national poverty lines (% of population),2024,,"Middle East, North Africa, Afghanistan & Pakistan",Lower middle income,35.5134,33.8872
1582,LB,Lebanon,Poverty headcount ratio at national poverty lines (% of population),2023,,"Middle East, North Africa, Afghanistan & Pakistan",Lower middle income,35.5134,33.8872
1583,LB,Lebanon,Poverty headcount ratio at national poverty lines (% of population),2022,,"Middle East, North Africa, Afghanistan & Pakistan",Lower middle income,35.5134,33.8872
1584,LB,Lebanon,Poverty headcount ratio at national poverty lines (% of population),2021,,"Middle East, North Africa, Afghanistan & Pakistan",Lower middle income,35.5134,33.8872
1585,LB,Lebanon,Poverty headcount ratio at national poverty lines (% of population),2020,,"Middle East, North Africa, Afghanistan & Pakistan",Lower middle income,35.5134,33.8872
1586,LB,Lebanon,Poverty headcount ratio at national poverty lines (% of population),2019,,"Middle East, North Africa, Afghanistan & Pakistan",Lower middle income,35.5134,33.8872
1587,LB,Lebanon,Poverty headcount ratio at national poverty lines (% of population),2018,,"Middle East, North Africa, Afghanistan & Pakistan",Lower middle income,35.5134,33.8872
1588,LB,Lebanon,Poverty headcount ratio at national poverty lines (% of population),2017,,"Middle East, North Africa, Afghanistan & Pakistan",Lower middle income,35.5134,33.8872
1589,LB,Lebanon,Poverty headcount ratio at national poverty lines (% of population),2016,,"Middle East, North Africa, Afghanistan & Pakistan",Lower middle income,35.5134,33.8872
1590,LS,Lesotho,Poverty headcount ratio at national poverty lines (% of population),2025,,Sub-Saharan Africa ,Lower middle income,27.7167,-29.5208
1591,LS,Lesotho,Poverty headcount ratio at national poverty lines (% of population),2024,,Sub-Saharan Africa ,Lower middle income,27.7167,-29.5208
1592,LS,Lesotho,Poverty headcount ratio at national poverty lines (% of population),2023,,Sub-Saharan Africa ,Lower middle income,27.7167,-29.5208
1593,LS,Lesotho,Poverty headcount ratio at national poverty lines (% of population),2022,,Sub-Saharan Africa ,Lower middle income,27.7167,-29.5208
1594,LS,Lesotho,Poverty headcount ratio at national poverty lines (% of population),2021,,Sub-Saharan Africa ,Lower middle income,27.7167,-29.5208
1595,LS,Lesotho,Poverty headcount ratio at national poverty lines (% of population),2020,,Sub-Saharan Africa ,Lower middle income,27.7167,-29.5208
1596,LS,Lesotho,Poverty headcount ratio at national poverty lines (% of population),2019,,Sub-Saharan Africa ,Lower middle income,27.7167,-29.5208
1597,LS,Lesotho,Poverty headcount ratio at national poverty lines (% of population),2018,,Sub-Saharan Africa ,Lower middle income,27.7167,-29.5208
1598,LS,Lesotho,Poverty headcount ratio at national poverty lines (% of population),2017,49.7,Sub-Saharan Africa ,Lower middle income,27.7167,-29.5208
1599,LS,Lesotho,Poverty headcount ratio at national poverty lines (% of population),2016,,Sub-Saharan Africa ,Lower middle income,27.7167,-29.5208
1600,LR,Liberia,Poverty headcount ratio at national poverty lines (% of population),2025,,Sub-Saharan Africa ,Low income,-10.7957,6.30039
1601,LR,Liberia,Poverty headcount ratio at national poverty lines (% of population),2024,,Sub-Saharan Africa ,Low income,-10.7957,6.30039
1602,LR,Liberia,Poverty headcount ratio at national poverty lines (% of population),2023,,Sub-Saharan Africa ,Low income,-10.7957,6.30039
1603,LR,Liberia,Poverty headcount ratio at national poverty lines (% of population),2022,,Sub-Saharan Africa ,Low income,-10.7957,6.30039
1604,LR,Liberia,Poverty headcount ratio at national poverty lines (% of population),2021,,Sub-Saharan Africa ,Low income,-10.7957,6.30039
1605,LR,Liberia,Poverty headcount ratio at national poverty lines (% of population),2020,,Sub-Saharan Africa ,Low income,-10.7957,6.30039
1606,LR,Liberia,Poverty headcount ratio at national poverty lines (% of population),2019,,Sub-Saharan Africa ,Low income,-10.7957,6.30039
1607,LR,Liberia,Poverty headcount ratio at national poverty lines (% of population),2018,,Sub-Saharan Africa ,Low income,-10.7957,6.30039
1608,LR,Liberia,Poverty headcount ratio at national poverty lines (% of population),2017,,Sub-Saharan Africa ,Low income,-10.7957,6.30039
1609,LR,Liberia,Poverty headcount ratio at national poverty lines (% of population),2016,50.9,Sub-Saharan Africa ,Low income,-10.7957,6.30039
1610,LY,Libya,Poverty headcount ratio at national poverty lines (% of population),2025,,"Middle East, North Africa, Afghanistan & Pakistan",Upper middle income,13.1072,32.8578
1611,LY,Libya,Poverty headcount ratio at national poverty lines (% of population),2024,,"Middle East, North Africa, Afghanistan & Pakistan",Upper middle income,13.1072,32.8578
1612,LY,Libya,Poverty headcount ratio at national poverty lines (% of population),2023,,"Middle East, North Africa, Afghanistan & Pakistan",Upper middle income,13.1072,32.8578
1613,LY,Libya,Poverty headcount ratio at national poverty lines (% of population),2022,,"Middle East, North Africa, Afghanistan & Pakistan",Upper middle income,13.1072,32.8578
1614,LY,Libya,Poverty headcount ratio at national poverty lines (% of population),2021,,"Middle East, North Africa, Afghanistan & Pakistan",Upper middle income,13.1072,32.8578
1615,LY,Libya,Poverty headcount ratio at national poverty lines (% of population),2020,,"Middle East, North Africa, Afghanistan & Pakistan",Upper middle income,13.1072,32.8578
1616,LY,Libya,Poverty headcount ratio at national poverty lines (% of population),2019,,"Middle East, North Africa, Afghanistan & Pakistan",Upper middle income,13.1072,32.8578
1617,LY,Libya,Poverty headcount ratio at national poverty lines (% of population),2018,,"Middle East, North Africa, Afghanistan & Pakistan",Upper middle income,13.1072,32.8578
1618,LY,Libya,Poverty headcount ratio at national poverty lines (% of population),2017,,"Middle East, North Africa, Afghanistan & Pakistan",Upper middle income,13.1072,32.8578
1619,LY,Libya,Poverty headcount ratio at national poverty lines (% of population),2016,,"Middle East, North Africa, Afghanistan & Pakistan",Upper middle income,13.1072,32.8578
1620,LI,Liechtenstein,Poverty headcount ratio at national poverty lines (% of population),2025,,Europe & Central Asia,High income,9.52148,47.1411
1621,LI,Liechtenstein,Poverty headcount ratio at national poverty lines (% of population),2024,,Europe & Central Asia,High income,9.52148,47.1411
1622,LI,Liechtenstein,Poverty headcount ratio at national poverty lines (% of population),2023,,Europe & Central Asia,High income,9.52148,47.1411
1623,LI,Liechtenstein,Poverty headcount ratio at national poverty lines (% of population),2022,,Europe & Central Asia,High income,9.52148,47.1411
1624,LI,Liechtenstein,Poverty headcount ratio at national poverty lines (% of population),2021,,Europe & Central Asia,High income,9.52148,47.1411
1625,LI,Liechtenstein,Poverty headcount ratio at national poverty lines (% of population),2020,,Europe & Central Asia,High income,9.52148,47.1411
1626,LI,Liechtenstein,Poverty headcount ratio at national poverty lines (% of population),2019,,Europe & Central Asia,High income,9.52148,47.1411
1627,LI,Liechtenstein,Poverty headcount ratio at national poverty lines (% of population),2018,,Europe & Central Asia,High income,9.52148,47.1411
1628,LI,Liechtenstein,Poverty headcount ratio at national poverty lines (% of population),2017,,Europe & Central Asia,High income,9.52148,47.1411
1629,LI,Liechtenstein,Poverty headcount ratio at national poverty lines (% of population),2016,,Europe & Central Asia,High income,9.52148,47.1411
1630,LT,Lithuania,Poverty headcount ratio at national poverty lines (% of population),2025,,Europe & Central Asia,High income,25.2799,54.6896
1631,LT,Lithuania,Poverty headcount ratio at national poverty lines (% of population),2024,,Europe & Central Asia,High income,25.2799,54.6896
1632,LT,Lithuania,Poverty headcount ratio at national poverty lines (% of population),2023,,Europe & Central Asia,High income,25.2799,54.6896
1633,LT,Lithuania,Poverty headcount ratio at national poverty lines (% of population),2022,,Europe & Central Asia,High income,25.2799,54.6896
1634,LT,Lithuania,Poverty headcount ratio at national poverty lines (% of population),2021,20.9,Europe & Central Asia,High income,25.2799,54.6896
1635,LT,Lithuania,Poverty headcount ratio at national poverty lines (% of population),2020,20.0,Europe & Central Asia,High income,25.2799,54.6896
1636,LT,Lithuania,Poverty headcount ratio at national poverty lines (% of population),2019,20.9,Europe & Central Asia,High income,25.2799,54.6896
1637,LT,Lithuania,Poverty headcount ratio at national poverty lines (% of population),2018,20.6,Europe & Central Asia,High income,25.2799,54.6896
1638,LT,Lithuania,Poverty headcount ratio at national poverty lines (% of population),2017,22.9,Europe & Central Asia,High income,25.2799,54.6896
1639,LT,Lithuania,Poverty headcount ratio at national poverty lines (% of population),2016,22.9,Europe & Central Asia,High income,25.2799,54.6896
1640,LU,Luxembourg,Poverty headcount ratio at national poverty lines (% of population),2025,,Europe & Central Asia,High income,6.1296,49.61
1641,LU,Luxembourg,Poverty headcount ratio at national poverty lines (% of population),2024,,Europe & Central Asia,High income,6.1296,49.61
1642,LU,Luxembourg,Poverty headcount ratio at national poverty lines (% of population),2023,,Europe & Central Asia,High income,6.1296,49.61
1643,LU,Luxembourg,Poverty headcount ratio at national poverty lines (% of population),2022,,Europe & Central Asia,High income,6.1296,49.61
1644,LU,Luxembourg,Poverty headcount ratio at national poverty lines (% of population),2021,17.3,Europe & Central Asia,High income,6.1296,49.61
1645,LU,Luxembourg,Poverty headcount ratio at national poverty lines (% of population),2020,,Europe & Central Asia,High income,6.1296,49.61
1646,LU,Luxembourg,Poverty headcount ratio at national poverty lines (% of population),2019,,Europe & Central Asia,High income,6.1296,49.61
1647,LU,Luxembourg,Poverty headcount ratio at national poverty lines (% of population),2018,,Europe & Central Asia,High income,6.1296,49.61
1648,LU,Luxembourg,Poverty headcount ratio at national poverty lines (% of population),2017,,Europe & Central Asia,High income,6.1296,49.61
1649,LU,Luxembourg,Poverty headcount ratio at national poverty lines (% of population),2016,,Europe & Central Asia,High income,6.1296,49.61
1650,MO,"Macao SAR, China",Poverty headcount ratio at national poverty lines (% of population),2025,,East Asia & Pacific,High income,113.55,22.1667
1651,MO,"Macao SAR, China",Poverty headcount ratio at national poverty lines (% of population),2024,,East Asia & Pacific,High income,113.55,22.1667
1652,MO,"Macao SAR, China",Poverty headcount ratio at national poverty lines (% of population),2023,,East Asia & Pacific,High income,113.55,22.1667
1653,MO,"Macao SAR, China",Poverty headcount ratio at national poverty lines (% of population),2022,,East Asia & Pacific,High income,113.55,22.1667
1654,MO,"Macao SAR, China",Poverty headcount ratio at national poverty lines (% of population),2021,,East Asia & Pacific,High income,113.55,22.1667
1655,MO,"Macao SAR, China",Poverty headcount ratio at national poverty lines (% of population),2020,,East Asia & Pacific,High income,113.55,22.1667
1656,MO,"Macao SAR, China",Poverty headcount ratio at national poverty lines (% of population),2019,,East Asia & Pacific,High income,113.55,22.1667
1657,MO,"Macao SAR, China",Poverty headcount ratio at national poverty lines (% of population),2018,,East Asia & Pacific,High income,113.55,22.1667
1658,MO,"Macao SAR, China",Poverty headcount ratio at national poverty lines (% of population),2017,,East Asia & Pacific,High income,113.55,22.1667
1659,MO,"Macao SAR, China",Poverty headcount ratio at national poverty lines (% of population),2016,,East Asia & Pacific,High income,113.55,22.1667
1660,MG,Madagascar,Poverty headcount ratio at national poverty lines (% of population),2025,,Sub-Saharan Africa ,Low income,45.7167,-20.4667
1661,MG,Madagascar,Poverty headcount ratio at national poverty lines (% of population),2024,,Sub-Saharan Africa ,Low income,45.7167,-20.4667
1662,MG,Madagascar,Poverty headcount ratio at national poverty lines (% of population),2023,,Sub-Saharan Africa ,Low income,45.7167,-20.4667
1663,MG,Madagascar,Poverty headcount ratio at national poverty lines (% of population),2022,,Sub-Saharan Africa ,Low income,45.7167,-20.4667
1664,MG,Madagascar,Poverty headcount ratio at national poverty lines (% of population),2021,75.2,Sub-Saharan Africa ,Low income,45.7167,-20.4667
1665,MG,Madagascar,Poverty headcount ratio at national poverty lines (% of population),2020,,Sub-Saharan Africa ,Low income,45.7167,-20.4667
1666,MG,Madagascar,Poverty headcount ratio at national poverty lines (% of population),2019,,Sub-Saharan Africa ,Low income,45.7167,-20.4667
1667,MG,Madagascar,Poverty headcount ratio at national poverty lines (% of population),2018,,Sub-Saharan Africa ,Low income,45.7167,-20.4667
1668,MG,Madagascar,Poverty headcount ratio at national poverty lines (% of population),2017,,Sub-Saharan Africa ,Low income,45.7167,-20.4667
1669,MG,Madagascar,Poverty headcount ratio at national poverty lines (% of population),2016,,Sub-Saharan Africa ,Low income,45.7167,-20.4667
1670,MW,Malawi,Poverty headcount ratio at national poverty lines (% of population),2025,,Sub-Saharan Africa ,Low income,33.7703,-13.9899
1671,MW,Malawi,Poverty headcount ratio at national poverty lines (% of population),2024,,Sub-Saharan Africa ,Low income,33.7703,-13.9899
1672,MW,Malawi,Poverty headcount ratio at national poverty lines (% of population),2023,,Sub-Saharan Africa ,Low income,33.7703,-13.9899
1673,MW,Malawi,Poverty headcount ratio at national poverty lines (% of population),2022,,Sub-Saharan Africa ,Low income,33.7703,-13.9899
1674,MW,Malawi,Poverty headcount ratio at national poverty lines (% of population),2021,,Sub-Saharan Africa ,Low income,33.7703,-13.9899
1675,MW,Malawi,Poverty headcount ratio at national poverty lines (% of population),2020,,Sub-Saharan Africa ,Low income,33.7703,-13.9899
1676,MW,Malawi,Poverty headcount ratio at national poverty lines (% of population),2019,50.7,Sub-Saharan Africa ,Low income,33.7703,-13.9899
1677,MW,Malawi,Poverty headcount ratio at national poverty lines (% of population),2018,,Sub-Saharan Africa ,Low income,33.7703,-13.9899
1678,MW,Malawi,Poverty headcount ratio at national poverty lines (% of population),2017,,Sub-Saharan Africa ,Low income,33.7703,-13.9899
1679,MW,Malawi,Poverty headcount ratio at national poverty lines (% of population),2016,51.5,Sub-Saharan Africa ,Low income,33.7703,-13.9899
1680,MY,Malaysia,Poverty headcount ratio at national poverty lines (% of population),2025,,East Asia & Pacific,Upper middle income,101.684,3.12433
1681,MY,Malaysia,Poverty headcount ratio at national poverty lines (% of population),2024,,East Asia & Pacific,Upper middle income,101.684,3.12433
1682,MY,Malaysia,Poverty headcount ratio at national poverty lines (% of population),2023,5.1,East Asia & Pacific,Upper middle income,101.684,3.12433
1683,MY,Malaysia,Poverty headcount ratio at national poverty lines (% of population),2022,,East Asia & Pacific,Upper middle income,101.684,3.12433
1684,MY,Malaysia,Poverty headcount ratio at national poverty lines (% of population),2021,6.2,East Asia & Pacific,Upper middle income,101.684,3.12433
1685,MY,Malaysia,Poverty headcount ratio at national poverty lines (% of population),2020,,East Asia & Pacific,Upper middle income,101.684,3.12433
1686,MY,Malaysia,Poverty headcount ratio at national poverty lines (% of population),2019,8.4,East Asia & Pacific,Upper middle income,101.684,3.12433
1687,MY,Malaysia,Poverty headcount ratio at national poverty lines (% of population),2018,,East Asia & Pacific,Upper middle income,101.684,3.12433
1688,MY,Malaysia,Poverty headcount ratio at national poverty lines (% of population),2017,,East Asia & Pacific,Upper middle income,101.684,3.12433
1689,MY,Malaysia,Poverty headcount ratio at national poverty lines (% of population),2016,,East Asia & Pacific,Upper middle income,101.684,3.12433
1690,MV,Maldives,Poverty headcount ratio at national poverty lines (% of population),2025,,South Asia,Upper middle income,73.5109,4.1742
1691,MV,Maldives,Poverty headcount ratio at national poverty lines (% of population),2024,,South Asia,Upper middle income,73.5109,4.1742
1692,MV,Maldives,Poverty headcount ratio at national poverty lines (% of population),2023,,South Asia,Upper middle income,73.5109,4.1742
1693,MV,Maldives,Poverty headcount ratio at national poverty lines (% of population),2022,,South Asia,Upper middle income,73.5109,4.1742
1694,MV,Maldives,Poverty headcount ratio at national poverty lines (% of population),2021,,South Asia,Upper middle income,73.5109,4.1742
1695,MV,Maldives,Poverty headcount ratio at national poverty lines (% of population),2020,,South Asia,Upper middle income,73.5109,4.1742
1696,MV,Maldives,Poverty headcount ratio at national poverty lines (% of population),2019,5.4,South Asia,Upper middle income,73.5109,4.1742
1697,MV,Maldives,Poverty headcount ratio at national poverty lines (% of population),2018,,South Asia,Upper middle income,73.5109,4.1742
1698,MV,Maldives,Poverty headcount ratio at national poverty lines (% of population),2017,,South Asia,Upper middle income,73.5109,4.1742
1699,MV,Maldives,Poverty headcount ratio at national poverty lines (% of population),2016,,South Asia,Upper middle income,73.5109,4.1742
1700,ML,Mali,Poverty headcount ratio at national poverty lines (% of population),2025,,Sub-Saharan Africa ,Low income,-7.50034,13.5667
1701,ML,Mali,Poverty headcount ratio at national poverty lines (% of population),2024,,Sub-Saharan Africa ,Low income,-7.50034,13.5667
1702,ML,Mali,Poverty headcount ratio at national poverty lines (% of population),2023,,Sub-Saharan Africa ,Low income,-7.50034,13.5667
1703,ML,Mali,Poverty headcount ratio at national poverty lines (% of population),2022,,Sub-Saharan Africa ,Low income,-7.50034,13.5667
1704,ML,Mali,Poverty headcount ratio at national poverty lines (% of population),2021,45.5,Sub-Saharan Africa ,Low income,-7.50034,13.5667
1705,ML,Mali,Poverty headcount ratio at national poverty lines (% of population),2020,,Sub-Saharan Africa ,Low income,-7.50034,13.5667
1706,ML,Mali,Poverty headcount ratio at national poverty lines (% of population),2019,,Sub-Saharan Africa ,Low income,-7.50034,13.5667
1707,ML,Mali,Poverty headcount ratio at national poverty lines (% of population),2018,42.1,Sub-Saharan Africa ,Low income,-7.50034,13.5667
1708,ML,Mali,Poverty headcount ratio at national poverty lines (% of population),2017,,Sub-Saharan Africa ,Low income,-7.50034,13.5667
1709,ML,Mali,Poverty headcount ratio at national poverty lines (% of population),2016,,Sub-Saharan Africa ,Low income,-7.50034,13.5667
1710,MT,Malta,Poverty headcount ratio at national poverty lines (% of population),2025,,"Middle East, North Africa, Afghanistan & Pakistan",High income,14.5189,35.9042
1711,MT,Malta,Poverty headcount ratio at national poverty lines (% of population),2024,,"Middle East, North Africa, Afghanistan & Pakistan",High income,14.5189,35.9042
1712,MT,Malta,Poverty headcount ratio at national poverty lines (% of population),2023,,"Middle East, North Africa, Afghanistan & Pakistan",High income,14.5189,35.9042
1713,MT,Malta,Poverty headcount ratio at national poverty lines (% of population),2022,,"Middle East, North Africa, Afghanistan & Pakistan",High income,14.5189,35.9042
1714,MT,Malta,Poverty headcount ratio at national poverty lines (% of population),2021,16.7,"Middle East, North Africa, Afghanistan & Pakistan",High income,14.5189,35.9042
1715,MT,Malta,Poverty headcount ratio at national poverty lines (% of population),2020,16.9,"Middle East, North Africa, Afghanistan & Pakistan",High income,14.5189,35.9042
1716,MT,Malta,Poverty headcount ratio at national poverty lines (% of population),2019,16.9,"Middle East, North Africa, Afghanistan & Pakistan",High income,14.5189,35.9042
1717,MT,Malta,Poverty headcount ratio at national poverty lines (% of population),2018,17.1,"Middle East, North Africa, Afghanistan & Pakistan",High income,14.5189,35.9042
1718,MT,Malta,Poverty headcount ratio at national poverty lines (% of population),2017,16.8,"Middle East, North Africa, Afghanistan & Pakistan",High income,14.5189,35.9042
1719,MT,Malta,Poverty headcount ratio at national poverty lines (% of population),2016,16.7,"Middle East, North Africa, Afghanistan & Pakistan",High income,14.5189,35.9042
1720,MH,Marshall Islands,Poverty headcount ratio at national poverty lines (% of population),2025,,East Asia & Pacific,Upper middle income,171.135,7.11046
1721,MH,Marshall Islands,Poverty headcount ratio at national poverty lines (% of population),2024,,East Asia & Pacific,Upper middle income,171.135,7.11046
1722,MH,Marshall Islands,Poverty headcount ratio at national poverty lines (% of population),2023,,East Asia & Pacific,Upper middle income,171.135,7.11046
1723,MH,Marshall Islands,Poverty headcount ratio at national poverty lines (% of population),2022,,East Asia & Pacific,Upper middle income,171.135,7.11046
1724,MH,Marshall Islands,Poverty headcount ratio at national poverty lines (% of population),2021,,East Asia & Pacific,Upper middle income,171.135,7.11046
1725,MH,Marshall Islands,Poverty headcount ratio at national poverty lines (% of population),2020,,East Asia & Pacific,Upper middle income,171.135,7.11046
1726,MH,Marshall Islands,Poverty headcount ratio at national poverty lines (% of population),2019,7.2,East Asia & Pacific,Upper middle income,171.135,7.11046
1727,MH,Marshall Islands,Poverty headcount ratio at national poverty lines (% of population),2018,,East Asia & Pacific,Upper middle income,171.135,7.11046
1728,MH,Marshall Islands,Poverty headcount ratio at national poverty lines (% of population),2017,,East Asia & Pacific,Upper middle income,171.135,7.11046
1729,MH,Marshall Islands,Poverty headcount ratio at national poverty lines (% of population),2016,,East Asia & Pacific,Upper middle income,171.135,7.11046
1730,MR,Mauritania,Poverty headcount ratio at national poverty lines (% of population),2025,,Sub-Saharan Africa ,Lower middle income,-15.9824,18.2367
1731,MR,Mauritania,Poverty headcount ratio at national poverty lines (% of population),2024,,Sub-Saharan Africa ,Lower middle income,-15.9824,18.2367
1732,MR,Mauritania,Poverty headcount ratio at national poverty lines (% of population),2023,,Sub-Saharan Africa ,Lower middle income,-15.9824,18.2367
1733,MR,Mauritania,Poverty headcount ratio at national poverty lines (% of population),2022,,Sub-Saharan Africa ,Lower middle income,-15.9824,18.2367
1734,MR,Mauritania,Poverty headcount ratio at national poverty lines (% of population),2021,,Sub-Saharan Africa ,Lower middle income,-15.9824,18.2367
1735,MR,Mauritania,Poverty headcount ratio at national poverty lines (% of population),2020,,Sub-Saharan Africa ,Lower middle income,-15.9824,18.2367
1736,MR,Mauritania,Poverty headcount ratio at national poverty lines (% of population),2019,31.8,Sub-Saharan Africa ,Lower middle income,-15.9824,18.2367
1737,MR,Mauritania,Poverty headcount ratio at national poverty lines (% of population),2018,,Sub-Saharan Africa ,Lower middle income,-15.9824,18.2367
1738,MR,Mauritania,Poverty headcount ratio at national poverty lines (% of population),2017,,Sub-Saharan Africa ,Lower middle income,-15.9824,18.2367
1739,MR,Mauritania,Poverty headcount ratio at national poverty lines (% of population),2016,,Sub-Saharan Africa ,Lower middle income,-15.9824,18.2367
1740,MU,Mauritius,Poverty headcount ratio at national poverty lines (% of population),2025,,Sub-Saharan Africa ,Upper middle income,57.4977,-20.1605
1741,MU,Mauritius,Poverty headcount ratio at national poverty lines (% of population),2024,,Sub-Saharan Africa ,Upper middle income,57.4977,-20.1605
1742,MU,Mauritius,Poverty headcount ratio at national poverty lines (% of population),2023,8.4,Sub-Saharan Africa ,Upper middle income,57.4977,-20.1605
1743,MU,Mauritius,Poverty headcount ratio at national poverty lines (% of population),2022,,Sub-Saharan Africa ,Upper middle income,57.4977,-20.1605
1744,MU,Mauritius,Poverty headcount ratio at national poverty lines (% of population),2021,,Sub-Saharan Africa ,Upper middle income,57.4977,-20.1605
1745,MU,Mauritius,Poverty headcount ratio at national poverty lines (% of population),2020,,Sub-Saharan Africa ,Upper middle income,57.4977,-20.1605
1746,MU,Mauritius,Poverty headcount ratio at national poverty lines (% of population),2019,,Sub-Saharan Africa ,Upper middle income,57.4977,-20.1605
1747,MU,Mauritius,Poverty headcount ratio at national poverty lines (% of population),2018,,Sub-Saharan Africa ,Upper middle income,57.4977,-20.1605
1748,MU,Mauritius,Poverty headcount ratio at national poverty lines (% of population),2017,10.4,Sub-Saharan Africa ,Upper middle income,57.4977,-20.1605
1749,MU,Mauritius,Poverty headcount ratio at national poverty lines (% of population),2016,,Sub-Saharan Africa ,Upper middle income,57.4977,-20.1605
1750,MX,Mexico,Poverty headcount ratio at national poverty lines (% of population),2025,,Latin America & Caribbean ,Upper middle income,-99.1276,19.427
1751,MX,Mexico,Poverty headcount ratio at national poverty lines (% of population),2024,29.6,Latin America & Caribbean ,Upper middle income,-99.1276,19.427
1752,MX,Mexico,Poverty headcount ratio at national poverty lines (% of population),2023,,Latin America & Caribbean ,Upper middle income,-99.1276,19.427
1753,MX,Mexico,Poverty headcount ratio at national poverty lines (% of population),2022,36.3,Latin America & Caribbean ,Upper middle income,-99.1276,19.427
1754,MX,Mexico,Poverty headcount ratio at national poverty lines (% of population),2021,,Latin America & Caribbean ,Upper middle income,-99.1276,19.427
1755,MX,Mexico,Poverty headcount ratio at national poverty lines (% of population),2020,43.9,Latin America & Caribbean ,Upper middle income,-99.1276,19.427
1756,MX,Mexico,Poverty headcount ratio at national poverty lines (% of population),2019,,Latin America & Caribbean ,Upper middle income,-99.1276,19.427
1757,MX,Mexico,Poverty headcount ratio at national poverty lines (% of population),2018,41.9,Latin America & Caribbean ,Upper middle income,-99.1276,19.427
1758,MX,Mexico,Poverty headcount ratio at national poverty lines (% of population),2017,,Latin America & Caribbean ,Upper middle income,-99.1276,19.427
1759,MX,Mexico,Poverty headcount ratio at national poverty lines (% of population),2016,43.2,Latin America & Caribbean ,Upper middle income,-99.1276,19.427
1760,FM,"Micronesia, Fed. Sts.",Poverty headcount ratio at national poverty lines (% of population),2025,,East Asia & Pacific,Upper middle income,158.185,6.91771
1761,FM,"Micronesia, Fed. Sts.",Poverty headcount ratio at national poverty lines (% of population),2024,,East Asia & Pacific,Upper middle income,158.185,6.91771
1762,FM,"Micronesia, Fed. Sts.",Poverty headcount ratio at national poverty lines (% of population),2023,,East Asia & Pacific,Upper middle income,158.185,6.91771
1763,FM,"Micronesia, Fed. Sts.",Poverty headcount ratio at national poverty lines (% of population),2022,,East Asia & Pacific,Upper middle income,158.185,6.91771
1764,FM,"Micronesia, Fed. Sts.",Poverty headcount ratio at national poverty lines (% of population),2021,,East Asia & Pacific,Upper middle income,158.185,6.91771
1765,FM,"Micronesia, Fed. Sts.",Poverty headcount ratio at national poverty lines (% of population),2020,,East Asia & Pacific,Upper middle income,158.185,6.91771
1766,FM,"Micronesia, Fed. Sts.",Poverty headcount ratio at national poverty lines (% of population),2019,,East Asia & Pacific,Upper middle income,158.185,6.91771
1767,FM,"Micronesia, Fed. Sts.",Poverty headcount ratio at national poverty lines (% of population),2018,,East Asia & Pacific,Upper middle income,158.185,6.91771
1768,FM,"Micronesia, Fed. Sts.",Poverty headcount ratio at national poverty lines (% of population),2017,,East Asia & Pacific,Upper middle income,158.185,6.91771
1769,FM,"Micronesia, Fed. Sts.",Poverty headcount ratio at national poverty lines (% of population),2016,,East Asia & Pacific,Upper middle income,158.185,6.91771
1770,MD,Moldova,Poverty headcount ratio at national poverty lines (% of population),2025,,Europe & Central Asia,Upper middle income,28.8497,47.0167
1771,MD,Moldova,Poverty headcount ratio at national poverty lines (% of population),2024,,Europe & Central Asia,Upper middle income,28.8497,47.0167
1772,MD,Moldova,Poverty headcount ratio at national poverty lines (% of population),2023,31.6,Europe & Central Asia,Upper middle income,28.8497,47.0167
1773,MD,Moldova,Poverty headcount ratio at national poverty lines (% of population),2022,31.1,Europe & Central Asia,Upper middle income,28.8497,47.0167
1774,MD,Moldova,Poverty headcount ratio at national poverty lines (% of population),2021,24.5,Europe & Central Asia,Upper middle income,28.8497,47.0167
1775,MD,Moldova,Poverty headcount ratio at national poverty lines (% of population),2020,26.8,Europe & Central Asia,Upper middle income,28.8497,47.0167
1776,MD,Moldova,Poverty headcount ratio at national poverty lines (% of population),2019,25.2,Europe & Central Asia,Upper middle income,28.8497,47.0167
1777,MD,Moldova,Poverty headcount ratio at national poverty lines (% of population),2018,,Europe & Central Asia,Upper middle income,28.8497,47.0167
1778,MD,Moldova,Poverty headcount ratio at national poverty lines (% of population),2017,,Europe & Central Asia,Upper middle income,28.8497,47.0167
1779,MD,Moldova,Poverty headcount ratio at national poverty lines (% of population),2016,,Europe & Central Asia,Upper middle income,28.8497,47.0167
1780,MC,Monaco,Poverty headcount ratio at national poverty lines (% of population),2025,,Europe & Central Asia,High income,7.41891,43.7325
1781,MC,Monaco,Poverty headcount ratio at national poverty lines (% of population),2024,,Europe & Central Asia,High income,7.41891,43.7325
1782,MC,Monaco,Poverty headcount ratio at national poverty lines (% of population),2023,,Europe & Central Asia,High income,7.41891,43.7325
1783,MC,Monaco,Poverty headcount ratio at national poverty lines (% of population),2022,,Europe & Central Asia,High income,7.41891,43.7325
1784,MC,Monaco,Poverty headcount ratio at national poverty lines (% of population),2021,,Europe & Central Asia,High income,7.41891,43.7325
1785,MC,Monaco,Poverty headcount ratio at national poverty lines (% of population),2020,,Europe & Central Asia,High income,7.41891,43.7325
1786,MC,Monaco,Poverty headcount ratio at national poverty lines (% of population),2019,,Europe & Central Asia,High income,7.41891,43.7325
1787,MC,Monaco,Poverty headcount ratio at national poverty lines (% of population),2018,,Europe & Central Asia,High income,7.41891,43.7325
1788,MC,Monaco,Poverty headcount ratio at national poverty lines (% of population),2017,,Europe & Central Asia,High income,7.41891,43.7325
1789,MC,Monaco,Poverty headcount ratio at national poverty lines (% of population),2016,,Europe & Central Asia,High income,7.41891,43.7325
1790,MN,Mongolia,Poverty headcount ratio at national poverty lines (% of population),2025,,East Asia & Pacific,Upper middle income,106.937,47.9129
1791,MN,Mongolia,Poverty headcount ratio at national poverty lines (% of population),2024,,East Asia & Pacific,Upper middle income,106.937,47.9129
1792,MN,Mongolia,Poverty headcount ratio at national poverty lines (% of population),2023,,East Asia & Pacific,Upper middle income,106.937,47.9129
1793,MN,Mongolia,Poverty headcount ratio at national poverty lines (% of population),2022,27.1,East Asia & Pacific,Upper middle income,106.937,47.9129
1794,MN,Mongolia,Poverty headcount ratio at national poverty lines (% of population),2021,,East Asia & Pacific,Upper middle income,106.937,47.9129
1795,MN,Mongolia,Poverty headcount ratio at national poverty lines (% of population),2020,,East Asia & Pacific,Upper middle income,106.937,47.9129
1796,MN,Mongolia,Poverty headcount ratio at national poverty lines (% of population),2019,,East Asia & Pacific,Upper middle income,106.937,47.9129
1797,MN,Mongolia,Poverty headcount ratio at national poverty lines (% of population),2018,,East Asia & Pacific,Upper middle income,106.937,47.9129
1798,MN,Mongolia,Poverty headcount ratio at national poverty lines (% of population),2017,,East Asia & Pacific,Upper middle income,106.937,47.9129
1799,MN,Mongolia,Poverty headcount ratio at national poverty lines (% of population),2016,,East Asia & Pacific,Upper middle income,106.937,47.9129
1800,ME,Montenegro,Poverty headcount ratio at national poverty lines (% of population),2025,,Europe & Central Asia,Upper middle income,19.2595,42.4602
1801,ME,Montenegro,Poverty headcount ratio at national poverty lines (% of population),2024,,Europe & Central Asia,Upper middle income,19.2595,42.4602
1802,ME,Montenegro,Poverty headcount ratio at national poverty lines (% of population),2023,20.0,Europe & Central Asia,Upper middle income,19.2595,42.4602
1803,ME,Montenegro,Poverty headcount ratio at national poverty lines (% of population),2022,20.1,Europe & Central Asia,Upper middle income,19.2595,42.4602
1804,ME,Montenegro,Poverty headcount ratio at national poverty lines (% of population),2021,20.3,Europe & Central Asia,Upper middle income,19.2595,42.4602
1805,ME,Montenegro,Poverty headcount ratio at national poverty lines (% of population),2020,21.2,Europe & Central Asia,Upper middle income,19.2595,42.4602
1806,ME,Montenegro,Poverty headcount ratio at national poverty lines (% of population),2019,22.6,Europe & Central Asia,Upper middle income,19.2595,42.4602
1807,ME,Montenegro,Poverty headcount ratio at national poverty lines (% of population),2018,24.5,Europe & Central Asia,Upper middle income,19.2595,42.4602
1808,ME,Montenegro,Poverty headcount ratio at national poverty lines (% of population),2017,23.8,Europe & Central Asia,Upper middle income,19.2595,42.4602
1809,ME,Montenegro,Poverty headcount ratio at national poverty lines (% of population),2016,23.6,Europe & Central Asia,Upper middle income,19.2595,42.4602
1810,MA,Morocco,Poverty headcount ratio at national poverty lines (% of population),2025,,"Middle East, North Africa, Afghanistan & Pakistan",Lower middle income,-6.8704,33.9905
1811,MA,Morocco,Poverty headcount ratio at national poverty lines (% of population),2024,,"Middle East, North Africa, Afghanistan & Pakistan",Lower middle income,-6.8704,33.9905
1812,MA,Morocco,Poverty headcount ratio at national poverty lines (% of population),2023,,"Middle East, North Africa, Afghanistan & Pakistan",Lower middle income,-6.8704,33.9905
1813,MA,Morocco,Poverty headcount ratio at national poverty lines (% of population),2022,3.9,"Middle East, North Africa, Afghanistan & Pakistan",Lower middle income,-6.8704,33.9905
1814,MA,Morocco,Poverty headcount ratio at national poverty lines (% of population),2021,,"Middle East, North Africa, Afghanistan & Pakistan",Lower middle income,-6.8704,33.9905
1815,MA,Morocco,Poverty headcount ratio at national poverty lines (% of population),2020,,"Middle East, North Africa, Afghanistan & Pakistan",Lower middle income,-6.8704,33.9905
1816,MA,Morocco,Poverty headcount ratio at national poverty lines (% of population),2019,,"Middle East, North Africa, Afghanistan & Pakistan",Lower middle income,-6.8704,33.9905
1817,MA,Morocco,Poverty headcount ratio at national poverty lines (% of population),2018,,"Middle East, North Africa, Afghanistan & Pakistan",Lower middle income,-6.8704,33.9905
1818,MA,Morocco,Poverty headcount ratio at national poverty lines (% of population),2017,,"Middle East, North Africa, Afghanistan & Pakistan",Lower middle income,-6.8704,33.9905
1819,MA,Morocco,Poverty headcount ratio at national poverty lines (% of population),2016,,"Middle East, North Africa, Afghanistan & Pakistan",Lower middle income,-6.8704,33.9905
1820,MZ,Mozambique,Poverty headcount ratio at national poverty lines (% of population),2025,,Sub-Saharan Africa ,Low income,32.5713,-25.9664
1821,MZ,Mozambique,Poverty headcount ratio at national poverty lines (% of population),2024,,Sub-Saharan Africa ,Low income,32.5713,-25.9664
1822,MZ,Mozambique,Poverty headcount ratio at national poverty lines (% of population),2023,,Sub-Saharan Africa ,Low income,32.5713,-25.9664
1823,MZ,Mozambique,Poverty headcount ratio at national poverty lines (% of population),2022,65.0,Sub-Saharan Africa ,Low income,32.5713,-25.9664
1824,MZ,Mozambique,Poverty headcount ratio at national poverty lines (% of population),2021,,Sub-Saharan Africa ,Low income,32.5713,-25.9664
1825,MZ,Mozambique,Poverty headcount ratio at national poverty lines (% of population),2020,,Sub-Saharan Africa ,Low income,32.5713,-25.9664
1826,MZ,Mozambique,Poverty headcount ratio at national poverty lines (% of population),2019,68.2,Sub-Saharan Africa ,Low income,32.5713,-25.9664
1827,MZ,Mozambique,Poverty headcount ratio at national poverty lines (% of population),2018,,Sub-Saharan Africa ,Low income,32.5713,-25.9664
1828,MZ,Mozambique,Poverty headcount ratio at national poverty lines (% of population),2017,,Sub-Saharan Africa ,Low income,32.5713,-25.9664
1829,MZ,Mozambique,Poverty headcount ratio at national poverty lines (% of population),2016,,Sub-Saharan Africa ,Low income,32.5713,-25.9664
1830,MM,Myanmar,Poverty headcount ratio at national poverty lines (% of population),2025,,East Asia & Pacific,Lower middle income,95.9562,21.914
1831,MM,Myanmar,Poverty headcount ratio at national poverty lines (% of population),2024,,East Asia & Pacific,Lower middle income,95.9562,21.914
1832,MM,Myanmar,Poverty headcount ratio at national poverty lines (% of population),2023,,East Asia & Pacific,Lower middle income,95.9562,21.914
1833,MM,Myanmar,Poverty headcount ratio at national poverty lines (% of population),2022,,East Asia & Pacific,Lower middle income,95.9562,21.914
1834,MM,Myanmar,Poverty headcount ratio at national poverty lines (% of population),2021,,East Asia & Pacific,Lower middle income,95.9562,21.914
1835,MM,Myanmar,Poverty headcount ratio at national poverty lines (% of population),2020,,East Asia & Pacific,Lower middle income,95.9562,21.914
1836,MM,Myanmar,Poverty headcount ratio at national poverty lines (% of population),2019,,East Asia & Pacific,Lower middle income,95.9562,21.914
1837,MM,Myanmar,Poverty headcount ratio at national poverty lines (% of population),2018,,East Asia & Pacific,Lower middle income,95.9562,21.914
1838,MM,Myanmar,Poverty headcount ratio at national poverty lines (% of population),2017,24.8,East Asia & Pacific,Lower middle income,95.9562,21.914
1839,MM,Myanmar,Poverty headcount ratio at national poverty lines (% of population),2016,,East Asia & Pacific,Lower middle income,95.9562,21.914
1840,NA,Namibia,Poverty headcount ratio at national poverty lines (% of population),2025,,Sub-Saharan Africa ,Lower middle income,17.0931,-22.5648
1841,NA,Namibia,Poverty headcount ratio at national poverty lines (% of population),2024,,Sub-Saharan Africa ,Lower middle income,17.0931,-22.5648
1842,NA,Namibia,Poverty headcount ratio at national poverty lines (% of population),2023,,Sub-Saharan Africa ,Lower middle income,17.0931,-22.5648
1843,NA,Namibia,Poverty headcount ratio at national poverty lines (% of population),2022,,Sub-Saharan Africa ,Lower middle income,17.0931,-22.5648
1844,NA,Namibia,Poverty headcount ratio at national poverty lines (% of population),2021,,Sub-Saharan Africa ,Lower middle income,17.0931,-22.5648
1845,NA,Namibia,Poverty headcount ratio at national poverty lines (% of population),2020,,Sub-Saharan Africa ,Lower middle income,17.0931,-22.5648
1846,NA,Namibia,Poverty headcount ratio at national poverty lines (% of population),2019,,Sub-Saharan Africa ,Lower middle income,17.0931,-22.5648
1847,NA,Namibia,Poverty headcount ratio at national poverty lines (% of population),2018,,Sub-Saharan Africa ,Lower middle income,17.0931,-22.5648
1848,NA,Namibia,Poverty headcount ratio at national poverty lines (% of population),2017,,Sub-Saharan Africa ,Lower middle income,17.0931,-22.5648
1849,NA,Namibia,Poverty headcount ratio at national poverty lines (% of population),2016,,Sub-Saharan Africa ,Lower middle income,17.0931,-22.5648
1850,NR,Naoero,Poverty headcount ratio at national poverty lines (% of population),2025,,East Asia & Pacific,High income,166.920867,-0.5477
1851,NR,Naoero,Poverty headcount ratio at national poverty lines (% of population),2024,,East Asia & Pacific,High income,166.920867,-0.5477
1852,NR,Naoero,Poverty headcount ratio at national poverty lines (% of population),2023,,East Asia & Pacific,High income,166.920867,-0.5477
1853,NR,Naoero,Poverty headcount ratio at national poverty lines (% of population),2022,,East Asia & Pacific,High income,166.920867,-0.5477
1854,NR,Naoero,Poverty headcount ratio at national poverty lines (% of population),2021,,East Asia & Pacific,High income,166.920867,-0.5477
1855,NR,Naoero,Poverty headcount ratio at national poverty lines (% of population),2020,,East Asia & Pacific,High income,166.920867,-0.5477
1856,NR,Naoero,Poverty headcount ratio at national poverty lines (% of population),2019,,East Asia & Pacific,High income,166.920867,-0.5477
1857,NR,Naoero,Poverty headcount ratio at national poverty lines (% of population),2018,,East Asia & Pacific,High income,166.920867,-0.5477
1858,NR,Naoero,Poverty headcount ratio at national poverty lines (% of population),2017,,East Asia & Pacific,High income,166.920867,-0.5477
1859,NR,Naoero,Poverty headcount ratio at national poverty lines (% of population),2016,,East Asia & Pacific,High income,166.920867,-0.5477
1860,NP,Nepal,Poverty headcount ratio at national poverty lines (% of population),2025,,South Asia,Lower middle income,85.3157,27.6939
1861,NP,Nepal,Poverty headcount ratio at national poverty lines (% of population),2024,,South Asia,Lower middle income,85.3157,27.6939
1862,NP,Nepal,Poverty headcount ratio at national poverty lines (% of population),2023,,South Asia,Lower middle income,85.3157,27.6939
1863,NP,Nepal,Poverty headcount ratio at national poverty lines (% of population),2022,20.3,South Asia,Lower middle income,85.3157,27.6939
1864,NP,Nepal,Poverty headcount ratio at national poverty lines (% of population),2021,,South Asia,Lower middle income,85.3157,27.6939
1865,NP,Nepal,Poverty headcount ratio at national poverty lines (% of population),2020,,South Asia,Lower middle income,85.3157,27.6939
1866,NP,Nepal,Poverty headcount ratio at national poverty lines (% of population),2019,,South Asia,Lower middle income,85.3157,27.6939
1867,NP,Nepal,Poverty headcount ratio at national poverty lines (% of population),2018,,South Asia,Lower middle income,85.3157,27.6939
1868,NP,Nepal,Poverty headcount ratio at national poverty lines (% of population),2017,,South Asia,Lower middle income,85.3157,27.6939
1869,NP,Nepal,Poverty headcount ratio at national poverty lines (% of population),2016,,South Asia,Lower middle income,85.3157,27.6939
1870,NL,Netherlands,Poverty headcount ratio at national poverty lines (% of population),2025,,Europe & Central Asia,High income,4.89095,52.3738
1871,NL,Netherlands,Poverty headcount ratio at national poverty lines (% of population),2024,,Europe & Central Asia,High income,4.89095,52.3738
1872,NL,Netherlands,Poverty headcount ratio at national poverty lines (% of population),2023,,Europe & Central Asia,High income,4.89095,52.3738
1873,NL,Netherlands,Poverty headcount ratio at national poverty lines (% of population),2022,,Europe & Central Asia,High income,4.89095,52.3738
1874,NL,Netherlands,Poverty headcount ratio at national poverty lines (% of population),2021,14.5,Europe & Central Asia,High income,4.89095,52.3738
1875,NL,Netherlands,Poverty headcount ratio at national poverty lines (% of population),2020,14.4,Europe & Central Asia,High income,4.89095,52.3738
1876,NL,Netherlands,Poverty headcount ratio at national poverty lines (% of population),2019,13.4,Europe & Central Asia,High income,4.89095,52.3738
1877,NL,Netherlands,Poverty headcount ratio at national poverty lines (% of population),2018,13.2,Europe & Central Asia,High income,4.89095,52.3738
1878,NL,Netherlands,Poverty headcount ratio at national poverty lines (% of population),2017,13.3,Europe & Central Asia,High income,4.89095,52.3738
1879,NL,Netherlands,Poverty headcount ratio at national poverty lines (% of population),2016,13.2,Europe & Central Asia,High income,4.89095,52.3738
1880,NC,New Caledonia,Poverty headcount ratio at national poverty lines (% of population),2025,,East Asia & Pacific,High income,166.464,-22.2677
1881,NC,New Caledonia,Poverty headcount ratio at national poverty lines (% of population),2024,,East Asia & Pacific,High income,166.464,-22.2677
1882,NC,New Caledonia,Poverty headcount ratio at national poverty lines (% of population),2023,,East Asia & Pacific,High income,166.464,-22.2677
1883,NC,New Caledonia,Poverty headcount ratio at national poverty lines (% of population),2022,,East Asia & Pacific,High income,166.464,-22.2677
1884,NC,New Caledonia,Poverty headcount ratio at national poverty lines (% of population),2021,,East Asia & Pacific,High income,166.464,-22.2677
1885,NC,New Caledonia,Poverty headcount ratio at national poverty lines (% of population),2020,,East Asia & Pacific,High income,166.464,-22.2677
1886,NC,New Caledonia,Poverty headcount ratio at national poverty lines (% of population),2019,,East Asia & Pacific,High income,166.464,-22.2677
1887,NC,New Caledonia,Poverty headcount ratio at national poverty lines (% of population),2018,,East Asia & Pacific,High income,166.464,-22.2677
1888,NC,New Caledonia,Poverty headcount ratio at national poverty lines (% of population),2017,,East Asia & Pacific,High income,166.464,-22.2677
1889,NC,New Caledonia,Poverty headcount ratio at national poverty lines (% of population),2016,,East Asia & Pacific,High income,166.464,-22.2677
1890,NZ,New Zealand,Poverty headcount ratio at national poverty lines (% of population),2025,,East Asia & Pacific,High income,174.776,-41.2865
1891,NZ,New Zealand,Poverty headcount ratio at national poverty lines (% of population),2024,,East Asia & Pacific,High income,174.776,-41.2865
1892,NZ,New Zealand,Poverty headcount ratio at national poverty lines (% of population),2023,,East Asia & Pacific,High income,174.776,-41.2865
1893,NZ,New Zealand,Poverty headcount ratio at national poverty lines (% of population),2022,,East Asia & Pacific,High income,174.776,-41.2865
1894,NZ,New Zealand,Poverty headcount ratio at national poverty lines (% of population),2021,,East Asia & Pacific,High income,174.776,-41.2865
1895,NZ,New Zealand,Poverty headcount ratio at national poverty lines (% of population),2020,,East Asia & Pacific,High income,174.776,-41.2865
1896,NZ,New Zealand,Poverty headcount ratio at national poverty lines (% of population),2019,,East Asia & Pacific,High income,174.776,-41.2865
1897,NZ,New Zealand,Poverty headcount ratio at national poverty lines (% of population),2018,,East Asia & Pacific,High income,174.776,-41.2865
1898,NZ,New Zealand,Poverty headcount ratio at national poverty lines (% of population),2017,,East Asia & Pacific,High income,174.776,-41.2865
1899,NZ,New Zealand,Poverty headcount ratio at national poverty lines (% of population),2016,,East Asia & Pacific,High income,174.776,-41.2865
1900,NI,Nicaragua,Poverty headcount ratio at national poverty lines (% of population),2025,,Latin America & Caribbean ,Lower middle income,-86.2734,12.1475
1901,NI,Nicaragua,Poverty headcount ratio at national poverty lines (% of population),2024,,Latin America & Caribbean ,Lower middle income,-86.2734,12.1475
1902,NI,Nicaragua,Poverty headcount ratio at national poverty lines (% of population),2023,,Latin America & Caribbean ,Lower middle income,-86.2734,12.1475
1903,NI,Nicaragua,Poverty headcount ratio at national poverty lines (% of population),2022,,Latin America & Caribbean ,Lower middle income,-86.2734,12.1475
1904,NI,Nicaragua,Poverty headcount ratio at national poverty lines (% of population),2021,,Latin America & Caribbean ,Lower middle income,-86.2734,12.1475
1905,NI,Nicaragua,Poverty headcount ratio at national poverty lines (% of population),2020,,Latin America & Caribbean ,Lower middle income,-86.2734,12.1475
1906,NI,Nicaragua,Poverty headcount ratio at national poverty lines (% of population),2019,,Latin America & Caribbean ,Lower middle income,-86.2734,12.1475
1907,NI,Nicaragua,Poverty headcount ratio at national poverty lines (% of population),2018,,Latin America & Caribbean ,Lower middle income,-86.2734,12.1475
1908,NI,Nicaragua,Poverty headcount ratio at national poverty lines (% of population),2017,,Latin America & Caribbean ,Lower middle income,-86.2734,12.1475
1909,NI,Nicaragua,Poverty headcount ratio at national poverty lines (% of population),2016,24.9,Latin America & Caribbean ,Lower middle income,-86.2734,12.1475
1910,NE,Niger,Poverty headcount ratio at national poverty lines (% of population),2025,,Sub-Saharan Africa ,Low income,2.1073,13.514
1911,NE,Niger,Poverty headcount ratio at national poverty lines (% of population),2024,,Sub-Saharan Africa ,Low income,2.1073,13.514
1912,NE,Niger,Poverty headcount ratio at national poverty lines (% of population),2023,,Sub-Saharan Africa ,Low income,2.1073,13.514
1913,NE,Niger,Poverty headcount ratio at national poverty lines (% of population),2022,,Sub-Saharan Africa ,Low income,2.1073,13.514
1914,NE,Niger,Poverty headcount ratio at national poverty lines (% of population),2021,41.2,Sub-Saharan Africa ,Low income,2.1073,13.514
1915,NE,Niger,Poverty headcount ratio at national poverty lines (% of population),2020,,Sub-Saharan Africa ,Low income,2.1073,13.514
1916,NE,Niger,Poverty headcount ratio at national poverty lines (% of population),2019,,Sub-Saharan Africa ,Low income,2.1073,13.514
1917,NE,Niger,Poverty headcount ratio at national poverty lines (% of population),2018,40.8,Sub-Saharan Africa ,Low income,2.1073,13.514
1918,NE,Niger,Poverty headcount ratio at national poverty lines (% of population),2017,,Sub-Saharan Africa ,Low income,2.1073,13.514
1919,NE,Niger,Poverty headcount ratio at national poverty lines (% of population),2016,,Sub-Saharan Africa ,Low income,2.1073,13.514
1920,NG,Nigeria,Poverty headcount ratio at national poverty lines (% of population),2025,,Sub-Saharan Africa ,Lower middle income,7.48906,9.05804
1921,NG,Nigeria,Poverty headcount ratio at national poverty lines (% of population),2024,,Sub-Saharan Africa ,Lower middle income,7.48906,9.05804
1922,NG,Nigeria,Poverty headcount ratio at national poverty lines (% of population),2023,,Sub-Saharan Africa ,Lower middle income,7.48906,9.05804
1923,NG,Nigeria,Poverty headcount ratio at national poverty lines (% of population),2022,56.2,Sub-Saharan Africa ,Lower middle income,7.48906,9.05804
1924,NG,Nigeria,Poverty headcount ratio at national poverty lines (% of population),2021,,Sub-Saharan Africa ,Lower middle income,7.48906,9.05804
1925,NG,Nigeria,Poverty headcount ratio at national poverty lines (% of population),2020,,Sub-Saharan Africa ,Lower middle income,7.48906,9.05804
1926,NG,Nigeria,Poverty headcount ratio at national poverty lines (% of population),2019,,Sub-Saharan Africa ,Lower middle income,7.48906,9.05804
1927,NG,Nigeria,Poverty headcount ratio at national poverty lines (% of population),2018,40.1,Sub-Saharan Africa ,Lower middle income,7.48906,9.05804
1928,NG,Nigeria,Poverty headcount ratio at national poverty lines (% of population),2017,,Sub-Saharan Africa ,Lower middle income,7.48906,9.05804
1929,NG,Nigeria,Poverty headcount ratio at national poverty lines (% of population),2016,,Sub-Saharan Africa ,Lower middle income,7.48906,9.05804
1930,MK,North Macedonia,Poverty headcount ratio at national poverty lines (% of population),2025,,Europe & Central Asia,Upper middle income,21.4361,42.0024
1931,MK,North Macedonia,Poverty headcount ratio at national poverty lines (% of population),2024,,Europe & Central Asia,Upper middle income,21.4361,42.0024
1932,MK,North Macedonia,Poverty headcount ratio at national poverty lines (% of population),2023,21.9,Europe & Central Asia,Upper middle income,21.4361,42.0024
1933,MK,North Macedonia,Poverty headcount ratio at national poverty lines (% of population),2022,22.2,Europe & Central Asia,Upper middle income,21.4361,42.0024
1934,MK,North Macedonia,Poverty headcount ratio at national poverty lines (% of population),2021,22.9,Europe & Central Asia,Upper middle income,21.4361,42.0024
1935,MK,North Macedonia,Poverty headcount ratio at national poverty lines (% of population),2020,23.0,Europe & Central Asia,Upper middle income,21.4361,42.0024
1936,MK,North Macedonia,Poverty headcount ratio at national poverty lines (% of population),2019,21.8,Europe & Central Asia,Upper middle income,21.4361,42.0024
1937,MK,North Macedonia,Poverty headcount ratio at national poverty lines (% of population),2018,21.6,Europe & Central Asia,Upper middle income,21.4361,42.0024
1938,MK,North Macedonia,Poverty headcount ratio at national poverty lines (% of population),2017,21.9,Europe & Central Asia,Upper middle income,21.4361,42.0024
1939,MK,North Macedonia,Poverty headcount ratio at national poverty lines (% of population),2016,22.2,Europe & Central Asia,Upper middle income,21.4361,42.0024
1940,MP,Northern Mariana Islands,Poverty headcount ratio at national poverty lines (% of population),2025,,East Asia & Pacific,High income,145.765,15.1935
1941,MP,Northern Mariana Islands,Poverty headcount ratio at national poverty lines (% of population),2024,,East Asia & Pacific,High income,145.765,15.1935
1942,MP,Northern Mariana Islands,Poverty headcount ratio at national poverty lines (% of population),2023,,East Asia & Pacific,High income,145.765,15.1935
1943,MP,Northern Mariana Islands,Poverty headcount ratio at national poverty lines (% of population),2022,,East Asia & Pacific,High income,145.765,15.1935
1944,MP,Northern Mariana Islands,Poverty headcount ratio at national poverty lines (% of population),2021,,East Asia & Pacific,High income,145.765,15.1935
1945,MP,Northern Mariana Islands,Poverty headcount ratio at national poverty lines (% of population),2020,,East Asia & Pacific,High income,145.765,15.1935
1946,MP,Northern Mariana Islands,Poverty headcount ratio at national poverty lines (% of population),2019,,East Asia & Pacific,High income,145.765,15.1935
1947,MP,Northern Mariana Islands,Poverty headcount ratio at national poverty lines (% of population),2018,,East Asia & Pacific,High income,145.765,15.1935
1948,MP,Northern Mariana Islands,Poverty headcount ratio at national poverty lines (% of population),2017,,East Asia & Pacific,High income,145.765,15.1935
1949,MP,Northern Mariana Islands,Poverty headcount ratio at national poverty lines (% of population),2016,,East Asia & Pacific,High income,145.765,15.1935
1950,NO,Norway,Poverty headcount ratio at national poverty lines (% of population),2025,,Europe & Central Asia,High income,10.7387,59.9138
1951,NO,Norway,Poverty headcount ratio at national poverty lines (% of population),2024,,Europe & Central Asia,High income,10.7387,59.9138
1952,NO,Norway,Poverty headcount ratio at national poverty lines (% of population),2023,,Europe & Central Asia,High income,10.7387,59.9138
1953,NO,Norway,Poverty headcount ratio at national poverty lines (% of population),2022,,Europe & Central Asia,High income,10.7387,59.9138
1954,NO,Norway,Poverty headcount ratio at national poverty lines (% of population),2021,12.2,Europe & Central Asia,High income,10.7387,59.9138
1955,NO,Norway,Poverty headcount ratio at national poverty lines (% of population),2020,12.6,Europe & Central Asia,High income,10.7387,59.9138
1956,NO,Norway,Poverty headcount ratio at national poverty lines (% of population),2019,,Europe & Central Asia,High income,10.7387,59.9138
1957,NO,Norway,Poverty headcount ratio at national poverty lines (% of population),2018,,Europe & Central Asia,High income,10.7387,59.9138
1958,NO,Norway,Poverty headcount ratio at national poverty lines (% of population),2017,,Europe & Central Asia,High income,10.7387,59.9138
1959,NO,Norway,Poverty headcount ratio at national poverty lines (% of population),2016,,Europe & Central Asia,High income,10.7387,59.9138
1960,OM,Oman,Poverty headcount ratio at national poverty lines (% of population),2025,,"Middle East, North Africa, Afghanistan & Pakistan",High income,58.5874,23.6105
1961,OM,Oman,Poverty headcount ratio at national poverty lines (% of population),2024,,"Middle East, North Africa, Afghanistan & Pakistan",High income,58.5874,23.6105
1962,OM,Oman,Poverty headcount ratio at national poverty lines (% of population),2023,,"Middle East, North Africa, Afghanistan & Pakistan",High income,58.5874,23.6105
1963,OM,Oman,Poverty headcount ratio at national poverty lines (% of population),2022,,"Middle East, North Africa, Afghanistan & Pakistan",High income,58.5874,23.6105
1964,OM,Oman,Poverty headcount ratio at national poverty lines (% of population),2021,,"Middle East, North Africa, Afghanistan & Pakistan",High income,58.5874,23.6105
1965,OM,Oman,Poverty headcount ratio at national poverty lines (% of population),2020,,"Middle East, North Africa, Afghanistan & Pakistan",High income,58.5874,23.6105
1966,OM,Oman,Poverty headcount ratio at national poverty lines (% of population),2019,,"Middle East, North Africa, Afghanistan & Pakistan",High income,58.5874,23.6105
1967,OM,Oman,Poverty headcount ratio at national poverty lines (% of population),2018,,"Middle East, North Africa, Afghanistan & Pakistan",High income,58.5874,23.6105
1968,OM,Oman,Poverty headcount ratio at national poverty lines (% of population),2017,,"Middle East, North Africa, Afghanistan & Pakistan",High income,58.5874,23.6105
1969,OM,Oman,Poverty headcount ratio at national poverty lines (% of population),2016,,"Middle East, North Africa, Afghanistan & Pakistan",High income,58.5874,23.6105
1970,PK,Pakistan,Poverty headcount ratio at national poverty lines (% of population),2025,,"Middle East, North Africa, Afghanistan & Pakistan",Lower middle income,72.8,30.5167
1971,PK,Pakistan,Poverty headcount ratio at national poverty lines (% of population),2024,,"Middle East, North Africa, Afghanistan & Pakistan",Lower middle income,72.8,30.5167
1972,PK,Pakistan,Poverty headcount ratio at national poverty lines (% of population),2023,,"Middle East, North Africa, Afghanistan & Pakistan",Lower middle income,72.8,30.5167
1973,PK,Pakistan,Poverty headcount ratio at national poverty lines (% of population),2022,,"Middle East, North Africa, Afghanistan & Pakistan",Lower middle income,72.8,30.5167
1974,PK,Pakistan,Poverty headcount ratio at national poverty lines (% of population),2021,,"Middle East, North Africa, Afghanistan & Pakistan",Lower middle income,72.8,30.5167
1975,PK,Pakistan,Poverty headcount ratio at national poverty lines (% of population),2020,,"Middle East, North Africa, Afghanistan & Pakistan",Lower middle income,72.8,30.5167
1976,PK,Pakistan,Poverty headcount ratio at national poverty lines (% of population),2019,,"Middle East, North Africa, Afghanistan & Pakistan",Lower middle income,72.8,30.5167
1977,PK,Pakistan,Poverty headcount ratio at national poverty lines (% of population),2018,21.9,"Middle East, North Africa, Afghanistan & Pakistan",Lower middle income,72.8,30.5167
1978,PK,Pakistan,Poverty headcount ratio at national poverty lines (% of population),2017,,"Middle East, North Africa, Afghanistan & Pakistan",Lower middle income,72.8,30.5167
1979,PK,Pakistan,Poverty headcount ratio at national poverty lines (% of population),2016,,"Middle East, North Africa, Afghanistan & Pakistan",Lower middle income,72.8,30.5167
1980,PW,Palau,Poverty headcount ratio at national poverty lines (% of population),2025,,East Asia & Pacific,High income,134.479,7.34194
1981,PW,Palau,Poverty headcount ratio at national poverty lines (% of population),2024,,East Asia & Pacific,High income,134.479,7.34194
1982,PW,Palau,Poverty headcount ratio at national poverty lines (% of population),2023,,East Asia & Pacific,High income,134.479,7.34194
1983,PW,Palau,Poverty headcount ratio at national poverty lines (% of population),2022,,East Asia & Pacific,High income,134.479,7.34194
1984,PW,Palau,Poverty headcount ratio at national poverty lines (% of population),2021,,East Asia & Pacific,High income,134.479,7.34194
1985,PW,Palau,Poverty headcount ratio at national poverty lines (% of population),2020,,East Asia & Pacific,High income,134.479,7.34194
1986,PW,Palau,Poverty headcount ratio at national poverty lines (% of population),2019,,East Asia & Pacific,High income,134.479,7.34194
1987,PW,Palau,Poverty headcount ratio at national poverty lines (% of population),2018,,East Asia & Pacific,High income,134.479,7.34194
1988,PW,Palau,Poverty headcount ratio at national poverty lines (% of population),2017,,East Asia & Pacific,High income,134.479,7.34194
1989,PW,Palau,Poverty headcount ratio at national poverty lines (% of population),2016,,East Asia & Pacific,High income,134.479,7.34194
1990,PA,Panama,Poverty headcount ratio at national poverty lines (% of population),2025,,Latin America & Caribbean ,High income,-79.5188,8.99427
1991,PA,Panama,Poverty headcount ratio at national poverty lines (% of population),2024,,Latin America & Caribbean ,High income,-79.5188,8.99427
1992,PA,Panama,Poverty headcount ratio at national poverty lines (% of population),2023,21.7,Latin America & Caribbean ,High income,-79.5188,8.99427
1993,PA,Panama,Poverty headcount ratio at national poverty lines (% of population),2022,22.2,Latin America & Caribbean ,High income,-79.5188,8.99427
1994,PA,Panama,Poverty headcount ratio at national poverty lines (% of population),2021,21.8,Latin America & Caribbean ,High income,-79.5188,8.99427
1995,PA,Panama,Poverty headcount ratio at national poverty lines (% of population),2020,,Latin America & Caribbean ,High income,-79.5188,8.99427
1996,PA,Panama,Poverty headcount ratio at national poverty lines (% of population),2019,21.5,Latin America & Caribbean ,High income,-79.5188,8.99427
1997,PA,Panama,Poverty headcount ratio at national poverty lines (% of population),2018,21.4,Latin America & Caribbean ,High income,-79.5188,8.99427
1998,PA,Panama,Poverty headcount ratio at national poverty lines (% of population),2017,20.7,Latin America & Caribbean ,High income,-79.5188,8.99427
1999,PA,Panama,Poverty headcount ratio at national poverty lines (% of population),2016,22.1,Latin America & Caribbean ,High income,-79.5188,8.99427
2000,PG,Papua New Guinea,Poverty headcount ratio at national poverty lines (% of population),2025,,East Asia & Pacific,Lower middle income,147.194,-9.47357
2001,PG,Papua New Guinea,Poverty headcount ratio at national poverty lines (% of population),2024,,East Asia & Pacific,Lower middle income,147.194,-9.47357
2002,PG,Papua New Guinea,Poverty headcount ratio at national poverty lines (% of population),2023,,East Asia & Pacific,Lower middle income,147.194,-9.47357
2003,PG,Papua New Guinea,Poverty headcount ratio at national poverty lines (% of population),2022,,East Asia & Pacific,Lower middle income,147.194,-9.47357
2004,PG,Papua New Guinea,Poverty headcount ratio at national poverty lines (% of population),2021,,East Asia & Pacific,Lower middle income,147.194,-9.47357
2005,PG,Papua New Guinea,Poverty headcount ratio at national poverty lines (% of population),2020,,East Asia & Pacific,Lower middle income,147.194,-9.47357
2006,PG,Papua New Guinea,Poverty headcount ratio at national poverty lines (% of population),2019,,East Asia & Pacific,Lower middle income,147.194,-9.47357
2007,PG,Papua New Guinea,Poverty headcount ratio at national poverty lines (% of population),2018,,East Asia & Pacific,Lower middle income,147.194,-9.47357
2008,PG,Papua New Guinea,Poverty headcount ratio at national poverty lines (% of population),2017,,East Asia & Pacific,Lower middle income,147.194,-9.47357
2009,PG,Papua New Guinea,Poverty headcount ratio at national poverty lines (% of population),2016,,East Asia & Pacific,Lower middle income,147.194,-9.47357
2010,PY,Paraguay,Poverty headcount ratio at national poverty lines (% of population),2025,,Latin America & Caribbean ,Upper middle income,-57.6362,-25.3005
2011,PY,Paraguay,Poverty headcount ratio at national poverty lines (% of population),2024,20.1,Latin America & Caribbean ,Upper middle income,-57.6362,-25.3005
2012,PY,Paraguay,Poverty headcount ratio at national poverty lines (% of population),2023,22.7,Latin America & Caribbean ,Upper middle income,-57.6362,-25.3005
2013,PY,Paraguay,Poverty headcount ratio at national poverty lines (% of population),2022,25.5,Latin America & Caribbean ,Upper middle income,-57.6362,-25.3005
2014,PY,Paraguay,Poverty headcount ratio at national poverty lines (% of population),2021,,Latin America & Caribbean ,Upper middle income,-57.6362,-25.3005
2015,PY,Paraguay,Poverty headcount ratio at national poverty lines (% of population),2020,,Latin America & Caribbean ,Upper middle income,-57.6362,-25.3005
2016,PY,Paraguay,Poverty headcount ratio at national poverty lines (% of population),2019,,Latin America & Caribbean ,Upper middle income,-57.6362,-25.3005
2017,PY,Paraguay,Poverty headcount ratio at national poverty lines (% of population),2018,,Latin America & Caribbean ,Upper middle income,-57.6362,-25.3005
2018,PY,Paraguay,Poverty headcount ratio at national poverty lines (% of population),2017,,Latin America & Caribbean ,Upper middle income,-57.6362,-25.3005
2019,PY,Paraguay,Poverty headcount ratio at national poverty lines (% of population),2016,,Latin America & Caribbean ,Upper middle income,-57.6362,-25.3005
2020,PE,Peru,Poverty headcount ratio at national poverty lines (% of population),2025,,Latin America & Caribbean ,Upper middle income,-77.0465,-12.0931
2021,PE,Peru,Poverty headcount ratio at national poverty lines (% of population),2024,27.6,Latin America & Caribbean ,Upper middle income,-77.0465,-12.0931
2022,PE,Peru,Poverty headcount ratio at national poverty lines (% of population),2023,29.0,Latin America & Caribbean ,Upper middle income,-77.0465,-12.0931
2023,PE,Peru,Poverty headcount ratio at national poverty lines (% of population),2022,27.5,Latin America & Caribbean ,Upper middle income,-77.0465,-12.0931
2024,PE,Peru,Poverty headcount ratio at national poverty lines (% of population),2021,25.9,Latin America & Caribbean ,Upper middle income,-77.0465,-12.0931
2025,PE,Peru,Poverty headcount ratio at national poverty lines (% of population),2020,30.1,Latin America & Caribbean ,Upper middle income,-77.0465,-12.0931
2026,PE,Peru,Poverty headcount ratio at national poverty lines (% of population),2019,20.2,Latin America & Caribbean ,Upper middle income,-77.0465,-12.0931
2027,PE,Peru,Poverty headcount ratio at national poverty lines (% of population),2018,20.5,Latin America & Caribbean ,Upper middle income,-77.0465,-12.0931
2028,PE,Peru,Poverty headcount ratio at national poverty lines (% of population),2017,21.7,Latin America & Caribbean ,Upper middle income,-77.0465,-12.0931
2029,PE,Peru,Poverty headcount ratio at national poverty lines (% of population),2016,20.7,Latin America & Caribbean ,Upper middle income,-77.0465,-12.0931
2030,PH,Philippines,Poverty headcount ratio at national poverty lines (% of population),2025,,East Asia & Pacific,Upper middle income,121.035,14.5515
2031,PH,Philippines,Poverty headcount ratio at national poverty lines (% of population),2024,,East Asia & Pacific,Upper middle income,121.035,14.5515
2032,PH,Philippines,Poverty headcount ratio at national poverty lines (% of population),2023,15.5,East Asia & Pacific,Upper middle income,121.035,14.5515
2033,PH,Philippines,Poverty headcount ratio at national poverty lines (% of population),2022,,East Asia & Pacific,Upper middle income,121.035,14.5515
2034,PH,Philippines,Poverty headcount ratio at national poverty lines (% of population),2021,18.1,East Asia & Pacific,Upper middle income,121.035,14.5515
2035,PH,Philippines,Poverty headcount ratio at national poverty lines (% of population),2020,,East Asia & Pacific,Upper middle income,121.035,14.5515
2036,PH,Philippines,Poverty headcount ratio at national poverty lines (% of population),2019,,East Asia & Pacific,Upper middle income,121.035,14.5515
2037,PH,Philippines,Poverty headcount ratio at national poverty lines (% of population),2018,16.7,East Asia & Pacific,Upper middle income,121.035,14.5515
2038,PH,Philippines,Poverty headcount ratio at national poverty lines (% of population),2017,,East Asia & Pacific,Upper middle income,121.035,14.5515
2039,PH,Philippines,Poverty headcount ratio at national poverty lines (% of population),2016,,East Asia & Pacific,Upper middle income,121.035,14.5515
2040,PL,Poland,Poverty headcount ratio at national poverty lines (% of population),2025,,Europe & Central Asia,High income,21.02,52.26
2041,PL,Poland,Poverty headcount ratio at national poverty lines (% of population),2024,13.3,Europe & Central Asia,High income,21.02,52.26
2042,PL,Poland,Poverty headcount ratio at national poverty lines (% of population),2023,12.2,Europe & Central Asia,High income,21.02,52.26
2043,PL,Poland,Poverty headcount ratio at national poverty lines (% of population),2022,11.7,Europe & Central Asia,High income,21.02,52.26
2044,PL,Poland,Poverty headcount ratio at national poverty lines (% of population),2021,12.1,Europe & Central Asia,High income,21.02,52.26
2045,PL,Poland,Poverty headcount ratio at national poverty lines (% of population),2020,11.8,Europe & Central Asia,High income,21.02,52.26
2046,PL,Poland,Poverty headcount ratio at national poverty lines (% of population),2019,,Europe & Central Asia,High income,21.02,52.26
2047,PL,Poland,Poverty headcount ratio at national poverty lines (% of population),2018,,Europe & Central Asia,High income,21.02,52.26
2048,PL,Poland,Poverty headcount ratio at national poverty lines (% of population),2017,,Europe & Central Asia,High income,21.02,52.26
2049,PL,Poland,Poverty headcount ratio at national poverty lines (% of population),2016,,Europe & Central Asia,High income,21.02,52.26
2050,PT,Portugal,Poverty headcount ratio at national poverty lines (% of population),2025,,Europe & Central Asia,High income,-9.13552,38.7072
2051,PT,Portugal,Poverty headcount ratio at national poverty lines (% of population),2024,,Europe & Central Asia,High income,-9.13552,38.7072
2052,PT,Portugal,Poverty headcount ratio at national poverty lines (% of population),2023,,Europe & Central Asia,High income,-9.13552,38.7072
2053,PT,Portugal,Poverty headcount ratio at national poverty lines (% of population),2022,,Europe & Central Asia,High income,-9.13552,38.7072
2054,PT,Portugal,Poverty headcount ratio at national poverty lines (% of population),2021,16.4,Europe & Central Asia,High income,-9.13552,38.7072
2055,PT,Portugal,Poverty headcount ratio at national poverty lines (% of population),2020,18.4,Europe & Central Asia,High income,-9.13552,38.7072
2056,PT,Portugal,Poverty headcount ratio at national poverty lines (% of population),2019,16.2,Europe & Central Asia,High income,-9.13552,38.7072
2057,PT,Portugal,Poverty headcount ratio at national poverty lines (% of population),2018,17.2,Europe & Central Asia,High income,-9.13552,38.7072
2058,PT,Portugal,Poverty headcount ratio at national poverty lines (% of population),2017,17.3,Europe & Central Asia,High income,-9.13552,38.7072
2059,PT,Portugal,Poverty headcount ratio at national poverty lines (% of population),2016,18.3,Europe & Central Asia,High income,-9.13552,38.7072
2060,PR,Puerto Rico (US),Poverty headcount ratio at national poverty lines (% of population),2025,,Latin America & Caribbean ,High income,-66,18.23
2061,PR,Puerto Rico (US),Poverty headcount ratio at national poverty lines (% of population),2024,,Latin America & Caribbean ,High income,-66,18.23
2062,PR,Puerto Rico (US),Poverty headcount ratio at national poverty lines (% of population),2023,,Latin America & Caribbean ,High income,-66,18.23
2063,PR,Puerto Rico (US),Poverty headcount ratio at national poverty lines (% of population),2022,,Latin America & Caribbean ,High income,-66,18.23
2064,PR,Puerto Rico (US),Poverty headcount ratio at national poverty lines (% of population),2021,,Latin America & Caribbean ,High income,-66,18.23
2065,PR,Puerto Rico (US),Poverty headcount ratio at national poverty lines (% of population),2020,,Latin America & Caribbean ,High income,-66,18.23
2066,PR,Puerto Rico (US),Poverty headcount ratio at national poverty lines (% of population),2019,,Latin America & Caribbean ,High income,-66,18.23
2067,PR,Puerto Rico (US),Poverty headcount ratio at national poverty lines (% of population),2018,,Latin America & Caribbean ,High income,-66,18.23
2068,PR,Puerto Rico (US),Poverty headcount ratio at national poverty lines (% of population),2017,,Latin America & Caribbean ,High income,-66,18.23
2069,PR,Puerto Rico (US),Poverty headcount ratio at national poverty lines (% of population),2016,,Latin America & Caribbean ,High income,-66,18.23
2070,QA,Qatar,Poverty headcount ratio at national poverty lines (% of population),2025,,"Middle East, North Africa, Afghanistan & Pakistan",High income,51.5082,25.2948
2071,QA,Qatar,Poverty headcount ratio at national poverty lines (% of population),2024,,"Middle East, North Africa, Afghanistan & Pakistan",High income,51.5082,25.2948
2072,QA,Qatar,Poverty headcount ratio at national poverty lines (% of population),2023,,"Middle East, North Africa, Afghanistan & Pakistan",High income,51.5082,25.2948
2073,QA,Qatar,Poverty headcount ratio at national poverty lines (% of population),2022,,"Middle East, North Africa, Afghanistan & Pakistan",High income,51.5082,25.2948
2074,QA,Qatar,Poverty headcount ratio at national poverty lines (% of population),2021,,"Middle East, North Africa, Afghanistan & Pakistan",High income,51.5082,25.2948
2075,QA,Qatar,Poverty headcount ratio at national poverty lines (% of population),2020,,"Middle East, North Africa, Afghanistan & Pakistan",High income,51.5082,25.2948
2076,QA,Qatar,Poverty headcount ratio at national poverty lines (% of population),2019,,"Middle East, North Africa, Afghanistan & Pakistan",High income,51.5082,25.2948
2077,QA,Qatar,Poverty headcount ratio at national poverty lines (% of population),2018,,"Middle East, North Africa, Afghanistan & Pakistan",High income,51.5082,25.2948
2078,QA,Qatar,Poverty headcount ratio at national poverty lines (% of population),2017,,"Middle East, North Africa, Afghanistan & Pakistan",High income,51.5082,25.2948
2079,QA,Qatar,Poverty headcount ratio at national poverty lines (% of population),2016,,"Middle East, North Africa, Afghanistan & Pakistan",High income,51.5082,25.2948
2080,RO,Romania,Poverty headcount ratio at national poverty lines (% of population),2025,,Europe & Central Asia,High income,26.0979,44.4479
2081,RO,Romania,Poverty headcount ratio at national poverty lines (% of population),2024,,Europe & Central Asia,High income,26.0979,44.4479
2082,RO,Romania,Poverty headcount ratio at national poverty lines (% of population),2023,19.0,Europe & Central Asia,High income,26.0979,44.4479
2083,RO,Romania,Poverty headcount ratio at national poverty lines (% of population),2022,21.1,Europe & Central Asia,High income,26.0979,44.4479
2084,RO,Romania,Poverty headcount ratio at national poverty lines (% of population),2021,21.2,Europe & Central Asia,High income,26.0979,44.4479
2085,RO,Romania,Poverty headcount ratio at national poverty lines (% of population),2020,22.5,Europe & Central Asia,High income,26.0979,44.4479
2086,RO,Romania,Poverty headcount ratio at national poverty lines (% of population),2019,23.4,Europe & Central Asia,High income,26.0979,44.4479
2087,RO,Romania,Poverty headcount ratio at national poverty lines (% of population),2018,23.8,Europe & Central Asia,High income,26.0979,44.4479
2088,RO,Romania,Poverty headcount ratio at national poverty lines (% of population),2017,23.5,Europe & Central Asia,High income,26.0979,44.4479
2089,RO,Romania,Poverty headcount ratio at national poverty lines (% of population),2016,23.6,Europe & Central Asia,High income,26.0979,44.4479
2090,RU,Russian Federation,Poverty headcount ratio at national poverty lines (% of population),2025,,Europe & Central Asia,High income,37.6176,55.7558
2091,RU,Russian Federation,Poverty headcount ratio at national poverty lines (% of population),2024,7.2,Europe & Central Asia,High income,37.6176,55.7558
2092,RU,Russian Federation,Poverty headcount ratio at national poverty lines (% of population),2023,8.3,Europe & Central Asia,High income,37.6176,55.7558
2093,RU,Russian Federation,Poverty headcount ratio at national poverty lines (% of population),2022,9.0,Europe & Central Asia,High income,37.6176,55.7558
2094,RU,Russian Federation,Poverty headcount ratio at national poverty lines (% of population),2021,11.1,Europe & Central Asia,High income,37.6176,55.7558
2095,RU,Russian Federation,Poverty headcount ratio at national poverty lines (% of population),2020,12.2,Europe & Central Asia,High income,37.6176,55.7558
2096,RU,Russian Federation,Poverty headcount ratio at national poverty lines (% of population),2019,12.4,Europe & Central Asia,High income,37.6176,55.7558
2097,RU,Russian Federation,Poverty headcount ratio at national poverty lines (% of population),2018,12.7,Europe & Central Asia,High income,37.6176,55.7558
2098,RU,Russian Federation,Poverty headcount ratio at national poverty lines (% of population),2017,13.0,Europe & Central Asia,High income,37.6176,55.7558
2099,RU,Russian Federation,Poverty headcount ratio at national poverty lines (% of population),2016,13.3,Europe & Central Asia,High income,37.6176,55.7558
2100,RW,Rwanda,Poverty headcount ratio at national poverty lines (% of population),2025,,Sub-Saharan Africa ,Low income,30.0587,-1.95325
2101,RW,Rwanda,Poverty headcount ratio at national poverty lines (% of population),2024,,Sub-Saharan Africa ,Low income,30.0587,-1.95325
2102,RW,Rwanda,Poverty headcount ratio at national poverty lines (% of population),2023,27.4,Sub-Saharan Africa ,Low income,30.0587,-1.95325
2103,RW,Rwanda,Poverty headcount ratio at national poverty lines (% of population),2022,,Sub-Saharan Africa ,Low income,30.0587,-1.95325
2104,RW,Rwanda,Poverty headcount ratio at national poverty lines (% of population),2021,,Sub-Saharan Africa ,Low income,30.0587,-1.95325
2105,RW,Rwanda,Poverty headcount ratio at national poverty lines (% of population),2020,,Sub-Saharan Africa ,Low income,30.0587,-1.95325
2106,RW,Rwanda,Poverty headcount ratio at national poverty lines (% of population),2019,,Sub-Saharan Africa ,Low income,30.0587,-1.95325
2107,RW,Rwanda,Poverty headcount ratio at national poverty lines (% of population),2018,,Sub-Saharan Africa ,Low income,30.0587,-1.95325
2108,RW,Rwanda,Poverty headcount ratio at national poverty lines (% of population),2017,,Sub-Saharan Africa ,Low income,30.0587,-1.95325
2109,RW,Rwanda,Poverty headcount ratio at national poverty lines (% of population),2016,,Sub-Saharan Africa ,Low income,30.0587,-1.95325
2110,WS,Samoa,Poverty headcount ratio at national poverty lines (% of population),2025,,East Asia & Pacific,Upper middle income,-171.752,-13.8314
2111,WS,Samoa,Poverty headcount ratio at national poverty lines (% of population),2024,,East Asia & Pacific,Upper middle income,-171.752,-13.8314
2112,WS,Samoa,Poverty headcount ratio at national poverty lines (% of population),2023,,East Asia & Pacific,Upper middle income,-171.752,-13.8314
2113,WS,Samoa,Poverty headcount ratio at national poverty lines (% of population),2022,,East Asia & Pacific,Upper middle income,-171.752,-13.8314
2114,WS,Samoa,Poverty headcount ratio at national poverty lines (% of population),2021,,East Asia & Pacific,Upper middle income,-171.752,-13.8314
2115,WS,Samoa,Poverty headcount ratio at national poverty lines (% of population),2020,,East Asia & Pacific,Upper middle income,-171.752,-13.8314
2116,WS,Samoa,Poverty headcount ratio at national poverty lines (% of population),2019,,East Asia & Pacific,Upper middle income,-171.752,-13.8314
2117,WS,Samoa,Poverty headcount ratio at national poverty lines (% of population),2018,21.9,East Asia & Pacific,Upper middle income,-171.752,-13.8314
2118,WS,Samoa,Poverty headcount ratio at national poverty lines (% of population),2017,,East Asia & Pacific,Upper middle income,-171.752,-13.8314
2119,WS,Samoa,Poverty headcount ratio at national poverty lines (% of population),2016,,East Asia & Pacific,Upper middle income,-171.752,-13.8314
2120,SM,San Marino,Poverty headcount ratio at national poverty lines (% of population),2025,,Europe & Central Asia,High income,12.4486,43.9322
2121,SM,San Marino,Poverty headcount ratio at national poverty lines (% of population),2024,,Europe & Central Asia,High income,12.4486,43.9322
2122,SM,San Marino,Poverty headcount ratio at national poverty lines (% of population),2023,,Europe & Central Asia,High income,12.4486,43.9322
2123,SM,San Marino,Poverty headcount ratio at national poverty lines (% of population),2022,,Europe & Central Asia,High income,12.4486,43.9322
2124,SM,San Marino,Poverty headcount ratio at national poverty lines (% of population),2021,,Europe & Central Asia,High income,12.4486,43.9322
2125,SM,San Marino,Poverty headcount ratio at national poverty lines (% of population),2020,,Europe & Central Asia,High income,12.4486,43.9322
2126,SM,San Marino,Poverty headcount ratio at national poverty lines (% of population),2019,,Europe & Central Asia,High income,12.4486,43.9322
2127,SM,San Marino,Poverty headcount ratio at national poverty lines (% of population),2018,,Europe & Central Asia,High income,12.4486,43.9322
2128,SM,San Marino,Poverty headcount ratio at national poverty lines (% of population),2017,,Europe & Central Asia,High income,12.4486,43.9322
2129,SM,San Marino,Poverty headcount ratio at national poverty lines (% of population),2016,,Europe & Central Asia,High income,12.4486,43.9322
2130,ST,Sao Tome and Principe,Poverty headcount ratio at national poverty lines (% of population),2025,,Sub-Saharan Africa ,Lower middle income,6.6071,0.20618
2131,ST,Sao Tome and Principe,Poverty headcount ratio at national poverty lines (% of population),2024,,Sub-Saharan Africa ,Lower middle income,6.6071,0.20618
2132,ST,Sao Tome and Principe,Poverty headcount ratio at national poverty lines (% of population),2023,,Sub-Saharan Africa ,Lower middle income,6.6071,0.20618
2133,ST,Sao Tome and Principe,Poverty headcount ratio at national poverty lines (% of population),2022,,Sub-Saharan Africa ,Lower middle income,6.6071,0.20618
2134,ST,Sao Tome and Principe,Poverty headcount ratio at national poverty lines (% of population),2021,,Sub-Saharan Africa ,Lower middle income,6.6071,0.20618
2135,ST,Sao Tome and Principe,Poverty headcount ratio at national poverty lines (% of population),2020,,Sub-Saharan Africa ,Lower middle income,6.6071,0.20618
2136,ST,Sao Tome and Principe,Poverty headcount ratio at national poverty lines (% of population),2019,,Sub-Saharan Africa ,Lower middle income,6.6071,0.20618
2137,ST,Sao Tome and Principe,Poverty headcount ratio at national poverty lines (% of population),2018,,Sub-Saharan Africa ,Lower middle income,6.6071,0.20618
2138,ST,Sao Tome and Principe,Poverty headcount ratio at national poverty lines (% of population),2017,55.5,Sub-Saharan Africa ,Lower middle income,6.6071,0.20618
2139,ST,Sao Tome and Principe,Poverty headcount ratio at national poverty lines (% of population),2016,,Sub-Saharan Africa ,Lower middle income,6.6071,0.20618
2140,SA,Saudi Arabia,Poverty headcount ratio at national poverty lines (% of population),2025,,"Middle East, North Africa, Afghanistan & Pakistan",High income,46.6977,24.6748
2141,SA,Saudi Arabia,Poverty headcount ratio at national poverty lines (% of population),2024,,"Middle East, North Africa, Afghanistan & Pakistan",High income,46.6977,24.6748
2142,SA,Saudi Arabia,Poverty headcount ratio at national poverty lines (% of population),2023,,"Middle East, North Africa, Afghanistan & Pakistan",High income,46.6977,24.6748
2143,SA,Saudi Arabia,Poverty headcount ratio at national poverty lines (% of population),2022,,"Middle East, North Africa, Afghanistan & Pakistan",High income,46.6977,24.6748
2144,SA,Saudi Arabia,Poverty headcount ratio at national poverty lines (% of population),2021,,"Middle East, North Africa, Afghanistan & Pakistan",High income,46.6977,24.6748
2145,SA,Saudi Arabia,Poverty headcount ratio at national poverty lines (% of population),2020,,"Middle East, North Africa, Afghanistan & Pakistan",High income,46.6977,24.6748
2146,SA,Saudi Arabia,Poverty headcount ratio at national poverty lines (% of population),2019,,"Middle East, North Africa, Afghanistan & Pakistan",High income,46.6977,24.6748
2147,SA,Saudi Arabia,Poverty headcount ratio at national poverty lines (% of population),2018,,"Middle East, North Africa, Afghanistan & Pakistan",High income,46.6977,24.6748
2148,SA,Saudi Arabia,Poverty headcount ratio at national poverty lines (% of population),2017,,"Middle East, North Africa, Afghanistan & Pakistan",High income,46.6977,24.6748
2149,SA,Saudi Arabia,Poverty headcount ratio at national poverty lines (% of population),2016,,"Middle East, North Africa, Afghanistan & Pakistan",High income,46.6977,24.6748
2150,SN,Senegal,Poverty headcount ratio at national poverty lines (% of population),2025,,Sub-Saharan Africa ,Lower middle income,-17.4734,14.7247
2151,SN,Senegal,Poverty headcount ratio at national poverty lines (% of population),2024,,Sub-Saharan Africa ,Lower middle income,-17.4734,14.7247
2152,SN,Senegal,Poverty headcount ratio at national poverty lines (% of population),2023,,Sub-Saharan Africa ,Lower middle income,-17.4734,14.7247
2153,SN,Senegal,Poverty headcount ratio at national poverty lines (% of population),2022,,Sub-Saharan Africa ,Lower middle income,-17.4734,14.7247
2154,SN,Senegal,Poverty headcount ratio at national poverty lines (% of population),2021,37.5,Sub-Saharan Africa ,Lower middle income,-17.4734,14.7247
2155,SN,Senegal,Poverty headcount ratio at national poverty lines (% of population),2020,,Sub-Saharan Africa ,Lower middle income,-17.4734,14.7247
2156,SN,Senegal,Poverty headcount ratio at national poverty lines (% of population),2019,,Sub-Saharan Africa ,Lower middle income,-17.4734,14.7247
2157,SN,Senegal,Poverty headcount ratio at national poverty lines (% of population),2018,37.8,Sub-Saharan Africa ,Lower middle income,-17.4734,14.7247
2158,SN,Senegal,Poverty headcount ratio at national poverty lines (% of population),2017,,Sub-Saharan Africa ,Lower middle income,-17.4734,14.7247
2159,SN,Senegal,Poverty headcount ratio at national poverty lines (% of population),2016,,Sub-Saharan Africa ,Lower middle income,-17.4734,14.7247
2160,RS,Serbia,Poverty headcount ratio at national poverty lines (% of population),2025,,Europe & Central Asia,Upper middle income,20.4656,44.8024
2161,RS,Serbia,Poverty headcount ratio at national poverty lines (% of population),2024,,Europe & Central Asia,Upper middle income,20.4656,44.8024
2162,RS,Serbia,Poverty headcount ratio at national poverty lines (% of population),2023,19.7,Europe & Central Asia,Upper middle income,20.4656,44.8024
2163,RS,Serbia,Poverty headcount ratio at national poverty lines (% of population),2022,19.9,Europe & Central Asia,Upper middle income,20.4656,44.8024
2164,RS,Serbia,Poverty headcount ratio at national poverty lines (% of population),2021,20.2,Europe & Central Asia,Upper middle income,20.4656,44.8024
2165,RS,Serbia,Poverty headcount ratio at national poverty lines (% of population),2020,21.4,Europe & Central Asia,Upper middle income,20.4656,44.8024
2166,RS,Serbia,Poverty headcount ratio at national poverty lines (% of population),2019,22.4,Europe & Central Asia,Upper middle income,20.4656,44.8024
2167,RS,Serbia,Poverty headcount ratio at national poverty lines (% of population),2018,23.0,Europe & Central Asia,Upper middle income,20.4656,44.8024
2168,RS,Serbia,Poverty headcount ratio at national poverty lines (% of population),2017,24.3,Europe & Central Asia,Upper middle income,20.4656,44.8024
2169,RS,Serbia,Poverty headcount ratio at national poverty lines (% of population),2016,25.7,Europe & Central Asia,Upper middle income,20.4656,44.8024
2170,SC,Seychelles,Poverty headcount ratio at national poverty lines (% of population),2025,,Sub-Saharan Africa ,High income,55.4466,-4.6309
2171,SC,Seychelles,Poverty headcount ratio at national poverty lines (% of population),2024,,Sub-Saharan Africa ,High income,55.4466,-4.6309
2172,SC,Seychelles,Poverty headcount ratio at national poverty lines (% of population),2023,,Sub-Saharan Africa ,High income,55.4466,-4.6309
2173,SC,Seychelles,Poverty headcount ratio at national poverty lines (% of population),2022,,Sub-Saharan Africa ,High income,55.4466,-4.6309
2174,SC,Seychelles,Poverty headcount ratio at national poverty lines (% of population),2021,,Sub-Saharan Africa ,High income,55.4466,-4.6309
2175,SC,Seychelles,Poverty headcount ratio at national poverty lines (% of population),2020,,Sub-Saharan Africa ,High income,55.4466,-4.6309
2176,SC,Seychelles,Poverty headcount ratio at national poverty lines (% of population),2019,,Sub-Saharan Africa ,High income,55.4466,-4.6309
2177,SC,Seychelles,Poverty headcount ratio at national poverty lines (% of population),2018,25.3,Sub-Saharan Africa ,High income,55.4466,-4.6309
2178,SC,Seychelles,Poverty headcount ratio at national poverty lines (% of population),2017,,Sub-Saharan Africa ,High income,55.4466,-4.6309
2179,SC,Seychelles,Poverty headcount ratio at national poverty lines (% of population),2016,,Sub-Saharan Africa ,High income,55.4466,-4.6309
2180,SL,Sierra Leone,Poverty headcount ratio at national poverty lines (% of population),2025,,Sub-Saharan Africa ,Low income,-13.2134,8.4821
2181,SL,Sierra Leone,Poverty headcount ratio at national poverty lines (% of population),2024,,Sub-Saharan Africa ,Low income,-13.2134,8.4821
2182,SL,Sierra Leone,Poverty headcount ratio at national poverty lines (% of population),2023,,Sub-Saharan Africa ,Low income,-13.2134,8.4821
2183,SL,Sierra Leone,Poverty headcount ratio at national poverty lines (% of population),2022,,Sub-Saharan Africa ,Low income,-13.2134,8.4821
2184,SL,Sierra Leone,Poverty headcount ratio at national poverty lines (% of population),2021,,Sub-Saharan Africa ,Low income,-13.2134,8.4821
2185,SL,Sierra Leone,Poverty headcount ratio at national poverty lines (% of population),2020,,Sub-Saharan Africa ,Low income,-13.2134,8.4821
2186,SL,Sierra Leone,Poverty headcount ratio at national poverty lines (% of population),2019,,Sub-Saharan Africa ,Low income,-13.2134,8.4821
2187,SL,Sierra Leone,Poverty headcount ratio at national poverty lines (% of population),2018,56.8,Sub-Saharan Africa ,Low income,-13.2134,8.4821
2188,SL,Sierra Leone,Poverty headcount ratio at national poverty lines (% of population),2017,,Sub-Saharan Africa ,Low income,-13.2134,8.4821
2189,SL,Sierra Leone,Poverty headcount ratio at national poverty lines (% of population),2016,,Sub-Saharan Africa ,Low income,-13.2134,8.4821
2190,SG,Singapore,Poverty headcount ratio at national poverty lines (% of population),2025,,East Asia & Pacific,High income,103.85,1.28941
2191,SG,Singapore,Poverty headcount ratio at national poverty lines (% of population),2024,,East Asia & Pacific,High income,103.85,1.28941
2192,SG,Singapore,Poverty headcount ratio at national poverty lines (% of population),2023,,East Asia & Pacific,High income,103.85,1.28941
2193,SG,Singapore,Poverty headcount ratio at national poverty lines (% of population),2022,,East Asia & Pacific,High income,103.85,1.28941
2194,SG,Singapore,Poverty headcount ratio at national poverty lines (% of population),2021,,East Asia & Pacific,High income,103.85,1.28941
2195,SG,Singapore,Poverty headcount ratio at national poverty lines (% of population),2020,,East Asia & Pacific,High income,103.85,1.28941
2196,SG,Singapore,Poverty headcount ratio at national poverty lines (% of population),2019,,East Asia & Pacific,High income,103.85,1.28941
2197,SG,Singapore,Poverty headcount ratio at national poverty lines (% of population),2018,,East Asia & Pacific,High income,103.85,1.28941
2198,SG,Singapore,Poverty headcount ratio at national poverty lines (% of population),2017,,East Asia & Pacific,High income,103.85,1.28941
2199,SG,Singapore,Poverty headcount ratio at national poverty lines (% of population),2016,,East Asia & Pacific,High income,103.85,1.28941
2200,SX,Sint Maarten (Dutch part),Poverty headcount ratio at national poverty lines (% of population),2025,,Latin America & Caribbean ,High income,,
2201,SX,Sint Maarten (Dutch part),Poverty headcount ratio at national poverty lines (% of population),2024,,Latin America & Caribbean ,High income,,
2202,SX,Sint Maarten (Dutch part),Poverty headcount ratio at national poverty lines (% of population),2023,,Latin America & Caribbean ,High income,,
2203,SX,Sint Maarten (Dutch part),Poverty headcount ratio at national poverty lines (% of population),2022,,Latin America & Caribbean ,High income,,
2204,SX,Sint Maarten (Dutch part),Poverty headcount ratio at national poverty lines (% of population),2021,,Latin America & Caribbean ,High income,,
2205,SX,Sint Maarten (Dutch part),Poverty headcount ratio at national poverty lines (% of population),2020,,Latin America & Caribbean ,High income,,
2206,SX,Sint Maarten (Dutch part),Poverty headcount ratio at national poverty lines (% of population),2019,,Latin America & Caribbean ,High income,,
2207,SX,Sint Maarten (Dutch part),Poverty headcount ratio at national poverty lines (% of population),2018,,Latin America & Caribbean ,High income,,
2208,SX,Sint Maarten (Dutch part),Poverty headcount ratio at national poverty lines (% of population),2017,,Latin America & Caribbean ,High income,,
2209,SX,Sint Maarten (Dutch part),Poverty headcount ratio at national poverty lines (% of population),2016,,Latin America & Caribbean ,High income,,
2210,SK,Slovak Republic,Poverty headcount ratio at national poverty lines (% of population),2025,,Europe & Central Asia,High income,17.1073,48.1484
2211,SK,Slovak Republic,Poverty headcount ratio at national poverty lines (% of population),2024,,Europe & Central Asia,High income,17.1073,48.1484
2212,SK,Slovak Republic,Poverty headcount ratio at national poverty lines (% of population),2023,,Europe & Central Asia,High income,17.1073,48.1484
2213,SK,Slovak Republic,Poverty headcount ratio at national poverty lines (% of population),2022,,Europe & Central Asia,High income,17.1073,48.1484
2214,SK,Slovak Republic,Poverty headcount ratio at national poverty lines (% of population),2021,13.7,Europe & Central Asia,High income,17.1073,48.1484
2215,SK,Slovak Republic,Poverty headcount ratio at national poverty lines (% of population),2020,12.3,Europe & Central Asia,High income,17.1073,48.1484
2216,SK,Slovak Republic,Poverty headcount ratio at national poverty lines (% of population),2019,11.4,Europe & Central Asia,High income,17.1073,48.1484
2217,SK,Slovak Republic,Poverty headcount ratio at national poverty lines (% of population),2018,11.9,Europe & Central Asia,High income,17.1073,48.1484
2218,SK,Slovak Republic,Poverty headcount ratio at national poverty lines (% of population),2017,12.2,Europe & Central Asia,High income,17.1073,48.1484
2219,SK,Slovak Republic,Poverty headcount ratio at national poverty lines (% of population),2016,12.4,Europe & Central Asia,High income,17.1073,48.1484
2220,SI,Slovenia,Poverty headcount ratio at national poverty lines (% of population),2025,,Europe & Central Asia,High income,14.5044,46.0546
2221,SI,Slovenia,Poverty headcount ratio at national poverty lines (% of population),2024,,Europe & Central Asia,High income,14.5044,46.0546
2222,SI,Slovenia,Poverty headcount ratio at national poverty lines (% of population),2023,,Europe & Central Asia,High income,14.5044,46.0546
2223,SI,Slovenia,Poverty headcount ratio at national poverty lines (% of population),2022,12.7,Europe & Central Asia,High income,14.5044,46.0546
2224,SI,Slovenia,Poverty headcount ratio at national poverty lines (% of population),2021,12.1,Europe & Central Asia,High income,14.5044,46.0546
2225,SI,Slovenia,Poverty headcount ratio at national poverty lines (% of population),2020,11.7,Europe & Central Asia,High income,14.5044,46.0546
2226,SI,Slovenia,Poverty headcount ratio at national poverty lines (% of population),2019,12.4,Europe & Central Asia,High income,14.5044,46.0546
2227,SI,Slovenia,Poverty headcount ratio at national poverty lines (% of population),2018,12.0,Europe & Central Asia,High income,14.5044,46.0546
2228,SI,Slovenia,Poverty headcount ratio at national poverty lines (% of population),2017,13.3,Europe & Central Asia,High income,14.5044,46.0546
2229,SI,Slovenia,Poverty headcount ratio at national poverty lines (% of population),2016,13.3,Europe & Central Asia,High income,14.5044,46.0546
2230,SB,Solomon Islands,Poverty headcount ratio at national poverty lines (% of population),2025,,East Asia & Pacific,Lower middle income,159.949,-9.42676
2231,SB,Solomon Islands,Poverty headcount ratio at national poverty lines (% of population),2024,,East Asia & Pacific,Lower middle income,159.949,-9.42676
2232,SB,Solomon Islands,Poverty headcount ratio at national poverty lines (% of population),2023,,East Asia & Pacific,Lower middle income,159.949,-9.42676
2233,SB,Solomon Islands,Poverty headcount ratio at national poverty lines (% of population),2022,,East Asia & Pacific,Lower middle income,159.949,-9.42676
2234,SB,Solomon Islands,Poverty headcount ratio at national poverty lines (% of population),2021,,East Asia & Pacific,Lower middle income,159.949,-9.42676
2235,SB,Solomon Islands,Poverty headcount ratio at national poverty lines (% of population),2020,,East Asia & Pacific,Lower middle income,159.949,-9.42676
2236,SB,Solomon Islands,Poverty headcount ratio at national poverty lines (% of population),2019,,East Asia & Pacific,Lower middle income,159.949,-9.42676
2237,SB,Solomon Islands,Poverty headcount ratio at national poverty lines (% of population),2018,,East Asia & Pacific,Lower middle income,159.949,-9.42676
2238,SB,Solomon Islands,Poverty headcount ratio at national poverty lines (% of population),2017,,East Asia & Pacific,Lower middle income,159.949,-9.42676
2239,SB,Solomon Islands,Poverty headcount ratio at national poverty lines (% of population),2016,,East Asia & Pacific,Lower middle income,159.949,-9.42676
2240,SO,"Somalia, Fed. Rep.",Poverty headcount ratio at national poverty lines (% of population),2025,,Sub-Saharan Africa ,Low income,45.3254,2.07515
2241,SO,"Somalia, Fed. Rep.",Poverty headcount ratio at national poverty lines (% of population),2024,,Sub-Saharan Africa ,Low income,45.3254,2.07515
2242,SO,"Somalia, Fed. Rep.",Poverty headcount ratio at national poverty lines (% of population),2023,,Sub-Saharan Africa ,Low income,45.3254,2.07515
2243,SO,"Somalia, Fed. Rep.",Poverty headcount ratio at national poverty lines (% of population),2022,55.4,Sub-Saharan Africa ,Low income,45.3254,2.07515
2244,SO,"Somalia, Fed. Rep.",Poverty headcount ratio at national poverty lines (% of population),2021,,Sub-Saharan Africa ,Low income,45.3254,2.07515
2245,SO,"Somalia, Fed. Rep.",Poverty headcount ratio at national poverty lines (% of population),2020,,Sub-Saharan Africa ,Low income,45.3254,2.07515
2246,SO,"Somalia, Fed. Rep.",Poverty headcount ratio at national poverty lines (% of population),2019,,Sub-Saharan Africa ,Low income,45.3254,2.07515
2247,SO,"Somalia, Fed. Rep.",Poverty headcount ratio at national poverty lines (% of population),2018,,Sub-Saharan Africa ,Low income,45.3254,2.07515
2248,SO,"Somalia, Fed. Rep.",Poverty headcount ratio at national poverty lines (% of population),2017,,Sub-Saharan Africa ,Low income,45.3254,2.07515
2249,SO,"Somalia, Fed. Rep.",Poverty headcount ratio at national poverty lines (% of population),2016,,Sub-Saharan Africa ,Low income,45.3254,2.07515
2250,ZA,South Africa,Poverty headcount ratio at national poverty lines (% of population),2025,,Sub-Saharan Africa ,Upper middle income,28.1871,-25.746
2251,ZA,South Africa,Poverty headcount ratio at national poverty lines (% of population),2024,,Sub-Saharan Africa ,Upper middle income,28.1871,-25.746
2252,ZA,South Africa,Poverty headcount ratio at national poverty lines (% of population),2023,,Sub-Saharan Africa ,Upper middle income,28.1871,-25.746
2253,ZA,South Africa,Poverty headcount ratio at national poverty lines (% of population),2022,37.9,Sub-Saharan Africa ,Upper middle income,28.1871,-25.746
2254,ZA,South Africa,Poverty headcount ratio at national poverty lines (% of population),2021,,Sub-Saharan Africa ,Upper middle income,28.1871,-25.746
2255,ZA,South Africa,Poverty headcount ratio at national poverty lines (% of population),2020,,Sub-Saharan Africa ,Upper middle income,28.1871,-25.746
2256,ZA,South Africa,Poverty headcount ratio at national poverty lines (% of population),2019,,Sub-Saharan Africa ,Upper middle income,28.1871,-25.746
2257,ZA,South Africa,Poverty headcount ratio at national poverty lines (% of population),2018,,Sub-Saharan Africa ,Upper middle income,28.1871,-25.746
2258,ZA,South Africa,Poverty headcount ratio at national poverty lines (% of population),2017,,Sub-Saharan Africa ,Upper middle income,28.1871,-25.746
2259,ZA,South Africa,Poverty headcount ratio at national poverty lines (% of population),2016,,Sub-Saharan Africa ,Upper middle income,28.1871,-25.746
2260,SS,South Sudan,Poverty headcount ratio at national poverty lines (% of population),2025,,Sub-Saharan Africa ,Low income,31.6,4.85
2261,SS,South Sudan,Poverty headcount ratio at national poverty lines (% of population),2024,,Sub-Saharan Africa ,Low income,31.6,4.85
2262,SS,South Sudan,Poverty headcount ratio at national poverty lines (% of population),2023,,Sub-Saharan Africa ,Low income,31.6,4.85
2263,SS,South Sudan,Poverty headcount ratio at national poverty lines (% of population),2022,,Sub-Saharan Africa ,Low income,31.6,4.85
2264,SS,South Sudan,Poverty headcount ratio at national poverty lines (% of population),2021,,Sub-Saharan Africa ,Low income,31.6,4.85
2265,SS,South Sudan,Poverty headcount ratio at national poverty lines (% of population),2020,,Sub-Saharan Africa ,Low income,31.6,4.85
2266,SS,South Sudan,Poverty headcount ratio at national poverty lines (% of population),2019,,Sub-Saharan Africa ,Low income,31.6,4.85
2267,SS,South Sudan,Poverty headcount ratio at national poverty lines (% of population),2018,,Sub-Saharan Africa ,Low income,31.6,4.85
2268,SS,South Sudan,Poverty headcount ratio at national poverty lines (% of population),2017,,Sub-Saharan Africa ,Low income,31.6,4.85
2269,SS,South Sudan,Poverty headcount ratio at national poverty lines (% of population),2016,82.3,Sub-Saharan Africa ,Low income,31.6,4.85
2270,ES,Spain,Poverty headcount ratio at national poverty lines (% of population),2025,,Europe & Central Asia,High income,-3.70327,40.4167
2271,ES,Spain,Poverty headcount ratio at national poverty lines (% of population),2024,,Europe & Central Asia,High income,-3.70327,40.4167
2272,ES,Spain,Poverty headcount ratio at national poverty lines (% of population),2023,,Europe & Central Asia,High income,-3.70327,40.4167
2273,ES,Spain,Poverty headcount ratio at national poverty lines (% of population),2022,20.2,Europe & Central Asia,High income,-3.70327,40.4167
2274,ES,Spain,Poverty headcount ratio at national poverty lines (% of population),2021,20.4,Europe & Central Asia,High income,-3.70327,40.4167
2275,ES,Spain,Poverty headcount ratio at national poverty lines (% of population),2020,21.7,Europe & Central Asia,High income,-3.70327,40.4167
2276,ES,Spain,Poverty headcount ratio at national poverty lines (% of population),2019,21.0,Europe & Central Asia,High income,-3.70327,40.4167
2277,ES,Spain,Poverty headcount ratio at national poverty lines (% of population),2018,20.7,Europe & Central Asia,High income,-3.70327,40.4167
2278,ES,Spain,Poverty headcount ratio at national poverty lines (% of population),2017,21.5,Europe & Central Asia,High income,-3.70327,40.4167
2279,ES,Spain,Poverty headcount ratio at national poverty lines (% of population),2016,21.6,Europe & Central Asia,High income,-3.70327,40.4167
2280,LK,Sri Lanka,Poverty headcount ratio at national poverty lines (% of population),2025,,South Asia,Upper middle income,79.8528,6.92148
2281,LK,Sri Lanka,Poverty headcount ratio at national poverty lines (% of population),2024,,South Asia,Upper middle income,79.8528,6.92148
2282,LK,Sri Lanka,Poverty headcount ratio at national poverty lines (% of population),2023,,South Asia,Upper middle income,79.8528,6.92148
2283,LK,Sri Lanka,Poverty headcount ratio at national poverty lines (% of population),2022,,South Asia,Upper middle income,79.8528,6.92148
2284,LK,Sri Lanka,Poverty headcount ratio at national poverty lines (% of population),2021,,South Asia,Upper middle income,79.8528,6.92148
2285,LK,Sri Lanka,Poverty headcount ratio at national poverty lines (% of population),2020,,South Asia,Upper middle income,79.8528,6.92148
2286,LK,Sri Lanka,Poverty headcount ratio at national poverty lines (% of population),2019,14.3,South Asia,Upper middle income,79.8528,6.92148
2287,LK,Sri Lanka,Poverty headcount ratio at national poverty lines (% of population),2018,,South Asia,Upper middle income,79.8528,6.92148
2288,LK,Sri Lanka,Poverty headcount ratio at national poverty lines (% of population),2017,,South Asia,Upper middle income,79.8528,6.92148
2289,LK,Sri Lanka,Poverty headcount ratio at national poverty lines (% of population),2016,16.0,South Asia,Upper middle income,79.8528,6.92148
2290,KN,St. Kitts and Nevis,Poverty headcount ratio at national poverty lines (% of population),2025,,Latin America & Caribbean ,High income,-62.7309,17.3
2291,KN,St. Kitts and Nevis,Poverty headcount ratio at national poverty lines (% of population),2024,,Latin America & Caribbean ,High income,-62.7309,17.3
2292,KN,St. Kitts and Nevis,Poverty headcount ratio at national poverty lines (% of population),2023,,Latin America & Caribbean ,High income,-62.7309,17.3
2293,KN,St. Kitts and Nevis,Poverty headcount ratio at national poverty lines (% of population),2022,,Latin America & Caribbean ,High income,-62.7309,17.3
2294,KN,St. Kitts and Nevis,Poverty headcount ratio at national poverty lines (% of population),2021,,Latin America & Caribbean ,High income,-62.7309,17.3
2295,KN,St. Kitts and Nevis,Poverty headcount ratio at national poverty lines (% of population),2020,,Latin America & Caribbean ,High income,-62.7309,17.3
2296,KN,St. Kitts and Nevis,Poverty headcount ratio at national poverty lines (% of population),2019,,Latin America & Caribbean ,High income,-62.7309,17.3
2297,KN,St. Kitts and Nevis,Poverty headcount ratio at national poverty lines (% of population),2018,,Latin America & Caribbean ,High income,-62.7309,17.3
2298,KN,St. Kitts and Nevis,Poverty headcount ratio at national poverty lines (% of population),2017,,Latin America & Caribbean ,High income,-62.7309,17.3
2299,KN,St. Kitts and Nevis,Poverty headcount ratio at national poverty lines (% of population),2016,,Latin America & Caribbean ,High income,-62.7309,17.3
2300,LC,St. Lucia,Poverty headcount ratio at national poverty lines (% of population),2025,,Latin America & Caribbean ,Upper middle income,-60.9832,14
2301,LC,St. Lucia,Poverty headcount ratio at national poverty lines (% of population),2024,,Latin America & Caribbean ,Upper middle income,-60.9832,14
2302,LC,St. Lucia,Poverty headcount ratio at national poverty lines (% of population),2023,,Latin America & Caribbean ,Upper middle income,-60.9832,14
2303,LC,St. Lucia,Poverty headcount ratio at national poverty lines (% of population),2022,,Latin America & Caribbean ,Upper middle income,-60.9832,14
2304,LC,St. Lucia,Poverty headcount ratio at national poverty lines (% of population),2021,,Latin America & Caribbean ,Upper middle income,-60.9832,14
2305,LC,St. Lucia,Poverty headcount ratio at national poverty lines (% of population),2020,,Latin America & Caribbean ,Upper middle income,-60.9832,14
2306,LC,St. Lucia,Poverty headcount ratio at national poverty lines (% of population),2019,,Latin America & Caribbean ,Upper middle income,-60.9832,14
2307,LC,St. Lucia,Poverty headcount ratio at national poverty lines (% of population),2018,,Latin America & Caribbean ,Upper middle income,-60.9832,14
2308,LC,St. Lucia,Poverty headcount ratio at national poverty lines (% of population),2017,,Latin America & Caribbean ,Upper middle income,-60.9832,14
2309,LC,St. Lucia,Poverty headcount ratio at national poverty lines (% of population),2016,,Latin America & Caribbean ,Upper middle income,-60.9832,14
2310,MF,St. Martin (French part),Poverty headcount ratio at national poverty lines (% of population),2025,,Latin America & Caribbean ,High income,,
2311,MF,St. Martin (French part),Poverty headcount ratio at national poverty lines (% of population),2024,,Latin America & Caribbean ,High income,,
2312,MF,St. Martin (French part),Poverty headcount ratio at national poverty lines (% of population),2023,,Latin America & Caribbean ,High income,,
2313,MF,St. Martin (French part),Poverty headcount ratio at national poverty lines (% of population),2022,,Latin America & Caribbean ,High income,,
2314,MF,St. Martin (French part),Poverty headcount ratio at national poverty lines (% of population),2021,,Latin America & Caribbean ,High income,,
2315,MF,St. Martin (French part),Poverty headcount ratio at national poverty lines (% of population),2020,,Latin America & Caribbean ,High income,,
2316,MF,St. Martin (French part),Poverty headcount ratio at national poverty lines (% of population),2019,,Latin America & Caribbean ,High income,,
2317,MF,St. Martin (French part),Poverty headcount ratio at national poverty lines (% of population),2018,,Latin America & Caribbean ,High income,,
2318,MF,St. Martin (French part),Poverty headcount ratio at national poverty lines (% of population),2017,,Latin America & Caribbean ,High income,,
2319,MF,St. Martin (French part),Poverty headcount ratio at national poverty lines (% of population),2016,,Latin America & Caribbean ,High income,,
2320,VC,St. Vincent and the Grenadines,Poverty headcount ratio at national poverty lines (% of population),2025,,Latin America & Caribbean ,Upper middle income,-61.2653,13.2035
2321,VC,St. Vincent and the Grenadines,Poverty headcount ratio at national poverty lines (% of population),2024,,Latin America & Caribbean ,Upper middle income,-61.2653,13.2035
2322,VC,St. Vincent and the Grenadines,Poverty headcount ratio at national poverty lines (% of population),2023,,Latin America & Caribbean ,Upper middle income,-61.2653,13.2035
2323,VC,St. Vincent and the Grenadines,Poverty headcount ratio at national poverty lines (% of population),2022,,Latin America & Caribbean ,Upper middle income,-61.2653,13.2035
2324,VC,St. Vincent and the Grenadines,Poverty headcount ratio at national poverty lines (% of population),2021,,Latin America & Caribbean ,Upper middle income,-61.2653,13.2035
2325,VC,St. Vincent and the Grenadines,Poverty headcount ratio at national poverty lines (% of population),2020,,Latin America & Caribbean ,Upper middle income,-61.2653,13.2035
2326,VC,St. Vincent and the Grenadines,Poverty headcount ratio at national poverty lines (% of population),2019,,Latin America & Caribbean ,Upper middle income,-61.2653,13.2035
2327,VC,St. Vincent and the Grenadines,Poverty headcount ratio at national poverty lines (% of population),2018,,Latin America & Caribbean ,Upper middle income,-61.2653,13.2035
2328,VC,St. Vincent and the Grenadines,Poverty headcount ratio at national poverty lines (% of population),2017,,Latin America & Caribbean ,Upper middle income,-61.2653,13.2035
2329,VC,St. Vincent and the Grenadines,Poverty headcount ratio at national poverty lines (% of population),2016,,Latin America & Caribbean ,Upper middle income,-61.2653,13.2035
2330,SD,Sudan,Poverty headcount ratio at national poverty lines (% of population),2025,,Sub-Saharan Africa ,Low income,32.5363,15.5932
2331,SD,Sudan,Poverty headcount ratio at national poverty lines (% of population),2024,,Sub-Saharan Africa ,Low income,32.5363,15.5932
2332,SD,Sudan,Poverty headcount ratio at national poverty lines (% of population),2023,,Sub-Saharan Africa ,Low income,32.5363,15.5932
2333,SD,Sudan,Poverty headcount ratio at national poverty lines (% of population),2022,,Sub-Saharan Africa ,Low income,32.5363,15.5932
2334,SD,Sudan,Poverty headcount ratio at national poverty lines (% of population),2021,,Sub-Saharan Africa ,Low income,32.5363,15.5932
2335,SD,Sudan,Poverty headcount ratio at national poverty lines (% of population),2020,,Sub-Saharan Africa ,Low income,32.5363,15.5932
2336,SD,Sudan,Poverty headcount ratio at national poverty lines (% of population),2019,,Sub-Saharan Africa ,Low income,32.5363,15.5932
2337,SD,Sudan,Poverty headcount ratio at national poverty lines (% of population),2018,,Sub-Saharan Africa ,Low income,32.5363,15.5932
2338,SD,Sudan,Poverty headcount ratio at national poverty lines (% of population),2017,,Sub-Saharan Africa ,Low income,32.5363,15.5932
2339,SD,Sudan,Poverty headcount ratio at national poverty lines (% of population),2016,,Sub-Saharan Africa ,Low income,32.5363,15.5932
2340,SR,Suriname,Poverty headcount ratio at national poverty lines (% of population),2025,,Latin America & Caribbean ,Upper middle income,-55.1679,5.8232
2341,SR,Suriname,Poverty headcount ratio at national poverty lines (% of population),2024,,Latin America & Caribbean ,Upper middle income,-55.1679,5.8232
2342,SR,Suriname,Poverty headcount ratio at national poverty lines (% of population),2023,,Latin America & Caribbean ,Upper middle income,-55.1679,5.8232
2343,SR,Suriname,Poverty headcount ratio at national poverty lines (% of population),2022,17.6,Latin America & Caribbean ,Upper middle income,-55.1679,5.8232
2344,SR,Suriname,Poverty headcount ratio at national poverty lines (% of population),2021,,Latin America & Caribbean ,Upper middle income,-55.1679,5.8232
2345,SR,Suriname,Poverty headcount ratio at national poverty lines (% of population),2020,,Latin America & Caribbean ,Upper middle income,-55.1679,5.8232
2346,SR,Suriname,Poverty headcount ratio at national poverty lines (% of population),2019,,Latin America & Caribbean ,Upper middle income,-55.1679,5.8232
2347,SR,Suriname,Poverty headcount ratio at national poverty lines (% of population),2018,,Latin America & Caribbean ,Upper middle income,-55.1679,5.8232
2348,SR,Suriname,Poverty headcount ratio at national poverty lines (% of population),2017,,Latin America & Caribbean ,Upper middle income,-55.1679,5.8232
2349,SR,Suriname,Poverty headcount ratio at national poverty lines (% of population),2016,,Latin America & Caribbean ,Upper middle income,-55.1679,5.8232
2350,SE,Sweden,Poverty headcount ratio at national poverty lines (% of population),2025,,Europe & Central Asia,High income,18.0645,59.3327
2351,SE,Sweden,Poverty headcount ratio at national poverty lines (% of population),2024,,Europe & Central Asia,High income,18.0645,59.3327
2352,SE,Sweden,Poverty headcount ratio at national poverty lines (% of population),2023,,Europe & Central Asia,High income,18.0645,59.3327
2353,SE,Sweden,Poverty headcount ratio at national poverty lines (% of population),2022,16.1,Europe & Central Asia,High income,18.0645,59.3327
2354,SE,Sweden,Poverty headcount ratio at national poverty lines (% of population),2021,16.0,Europe & Central Asia,High income,18.0645,59.3327
2355,SE,Sweden,Poverty headcount ratio at national poverty lines (% of population),2020,15.7,Europe & Central Asia,High income,18.0645,59.3327
2356,SE,Sweden,Poverty headcount ratio at national poverty lines (% of population),2019,16.1,Europe & Central Asia,High income,18.0645,59.3327
2357,SE,Sweden,Poverty headcount ratio at national poverty lines (% of population),2018,17.1,Europe & Central Asia,High income,18.0645,59.3327
2358,SE,Sweden,Poverty headcount ratio at national poverty lines (% of population),2017,16.4,Europe & Central Asia,High income,18.0645,59.3327
2359,SE,Sweden,Poverty headcount ratio at national poverty lines (% of population),2016,15.8,Europe & Central Asia,High income,18.0645,59.3327
2360,CH,Switzerland,Poverty headcount ratio at national poverty lines (% of population),2025,,Europe & Central Asia,High income,7.44821,46.948
2361,CH,Switzerland,Poverty headcount ratio at national poverty lines (% of population),2024,,Europe & Central Asia,High income,7.44821,46.948
2362,CH,Switzerland,Poverty headcount ratio at national poverty lines (% of population),2023,,Europe & Central Asia,High income,7.44821,46.948
2363,CH,Switzerland,Poverty headcount ratio at national poverty lines (% of population),2022,,Europe & Central Asia,High income,7.44821,46.948
2364,CH,Switzerland,Poverty headcount ratio at national poverty lines (% of population),2021,15.8,Europe & Central Asia,High income,7.44821,46.948
2365,CH,Switzerland,Poverty headcount ratio at national poverty lines (% of population),2020,14.7,Europe & Central Asia,High income,7.44821,46.948
2366,CH,Switzerland,Poverty headcount ratio at national poverty lines (% of population),2019,15.5,Europe & Central Asia,High income,7.44821,46.948
2367,CH,Switzerland,Poverty headcount ratio at national poverty lines (% of population),2018,16.0,Europe & Central Asia,High income,7.44821,46.948
2368,CH,Switzerland,Poverty headcount ratio at national poverty lines (% of population),2017,14.6,Europe & Central Asia,High income,7.44821,46.948
2369,CH,Switzerland,Poverty headcount ratio at national poverty lines (% of population),2016,15.5,Europe & Central Asia,High income,7.44821,46.948
2370,SY,Syrian Arab Republic,Poverty headcount ratio at national poverty lines (% of population),2025,,"Middle East, North Africa, Afghanistan & Pakistan",Low income,36.3119,33.5146
2371,SY,Syrian Arab Republic,Poverty headcount ratio at national poverty lines (% of population),2024,,"Middle East, North Africa, Afghanistan & Pakistan",Low income,36.3119,33.5146
2372,SY,Syrian Arab Republic,Poverty headcount ratio at national poverty lines (% of population),2023,,"Middle East, North Africa, Afghanistan & Pakistan",Low income,36.3119,33.5146
2373,SY,Syrian Arab Republic,Poverty headcount ratio at national poverty lines (% of population),2022,,"Middle East, North Africa, Afghanistan & Pakistan",Low income,36.3119,33.5146
2374,SY,Syrian Arab Republic,Poverty headcount ratio at national poverty lines (% of population),2021,,"Middle East, North Africa, Afghanistan & Pakistan",Low income,36.3119,33.5146
2375,SY,Syrian Arab Republic,Poverty headcount ratio at national poverty lines (% of population),2020,,"Middle East, North Africa, Afghanistan & Pakistan",Low income,36.3119,33.5146
2376,SY,Syrian Arab Republic,Poverty headcount ratio at national poverty lines (% of population),2019,,"Middle East, North Africa, Afghanistan & Pakistan",Low income,36.3119,33.5146
2377,SY,Syrian Arab Republic,Poverty headcount ratio at national poverty lines (% of population),2018,,"Middle East, North Africa, Afghanistan & Pakistan",Low income,36.3119,33.5146
2378,SY,Syrian Arab Republic,Poverty headcount ratio at national poverty lines (% of population),2017,,"Middle East, North Africa, Afghanistan & Pakistan",Low income,36.3119,33.5146
2379,SY,Syrian Arab Republic,Poverty headcount ratio at national poverty lines (% of population),2016,,"Middle East, North Africa, Afghanistan & Pakistan",Low income,36.3119,33.5146
2380,TJ,Tajikistan,Poverty headcount ratio at national poverty lines (% of population),2025,,Europe & Central Asia,Lower middle income,68.7864,38.5878
2381,TJ,Tajikistan,Poverty headcount ratio at national poverty lines (% of population),2024,19.8,Europe & Central Asia,Lower middle income,68.7864,38.5878
2382,TJ,Tajikistan,Poverty headcount ratio at national poverty lines (% of population),2023,20.4,Europe & Central Asia,Lower middle income,68.7864,38.5878
2383,TJ,Tajikistan,Poverty headcount ratio at national poverty lines (% of population),2022,21.7,Europe & Central Asia,Lower middle income,68.7864,38.5878
2384,TJ,Tajikistan,Poverty headcount ratio at national poverty lines (% of population),2021,25.6,Europe & Central Asia,Lower middle income,68.7864,38.5878
2385,TJ,Tajikistan,Poverty headcount ratio at national poverty lines (% of population),2020,,Europe & Central Asia,Lower middle income,68.7864,38.5878
2386,TJ,Tajikistan,Poverty headcount ratio at national poverty lines (% of population),2019,,Europe & Central Asia,Lower middle income,68.7864,38.5878
2387,TJ,Tajikistan,Poverty headcount ratio at national poverty lines (% of population),2018,,Europe & Central Asia,Lower middle income,68.7864,38.5878
2388,TJ,Tajikistan,Poverty headcount ratio at national poverty lines (% of population),2017,,Europe & Central Asia,Lower middle income,68.7864,38.5878
2389,TJ,Tajikistan,Poverty headcount ratio at national poverty lines (% of population),2016,,Europe & Central Asia,Lower middle income,68.7864,38.5878
2390,TZ,Tanzania,Poverty headcount ratio at national poverty lines (% of population),2025,,Sub-Saharan Africa ,Lower middle income,35.7382,-6.17486
2391,TZ,Tanzania,Poverty headcount ratio at national poverty lines (% of population),2024,,Sub-Saharan Africa ,Lower middle income,35.7382,-6.17486
2392,TZ,Tanzania,Poverty headcount ratio at national poverty lines (% of population),2023,,Sub-Saharan Africa ,Lower middle income,35.7382,-6.17486
2393,TZ,Tanzania,Poverty headcount ratio at national poverty lines (% of population),2022,,Sub-Saharan Africa ,Lower middle income,35.7382,-6.17486
2394,TZ,Tanzania,Poverty headcount ratio at national poverty lines (% of population),2021,,Sub-Saharan Africa ,Lower middle income,35.7382,-6.17486
2395,TZ,Tanzania,Poverty headcount ratio at national poverty lines (% of population),2020,,Sub-Saharan Africa ,Lower middle income,35.7382,-6.17486
2396,TZ,Tanzania,Poverty headcount ratio at national poverty lines (% of population),2019,,Sub-Saharan Africa ,Lower middle income,35.7382,-6.17486
2397,TZ,Tanzania,Poverty headcount ratio at national poverty lines (% of population),2018,26.4,Sub-Saharan Africa ,Lower middle income,35.7382,-6.17486
2398,TZ,Tanzania,Poverty headcount ratio at national poverty lines (% of population),2017,,Sub-Saharan Africa ,Lower middle income,35.7382,-6.17486
2399,TZ,Tanzania,Poverty headcount ratio at national poverty lines (% of population),2016,,Sub-Saharan Africa ,Lower middle income,35.7382,-6.17486
2400,TH,Thailand,Poverty headcount ratio at national poverty lines (% of population),2025,,East Asia & Pacific,Upper middle income,100.521,13.7308
2401,TH,Thailand,Poverty headcount ratio at national poverty lines (% of population),2024,,East Asia & Pacific,Upper middle income,100.521,13.7308
2402,TH,Thailand,Poverty headcount ratio at national poverty lines (% of population),2023,,East Asia & Pacific,Upper middle income,100.521,13.7308
2403,TH,Thailand,Poverty headcount ratio at national poverty lines (% of population),2022,5.4,East Asia & Pacific,Upper middle income,100.521,13.7308
2404,TH,Thailand,Poverty headcount ratio at national poverty lines (% of population),2021,6.3,East Asia & Pacific,Upper middle income,100.521,13.7308
2405,TH,Thailand,Poverty headcount ratio at national poverty lines (% of population),2020,6.8,East Asia & Pacific,Upper middle income,100.521,13.7308
2406,TH,Thailand,Poverty headcount ratio at national poverty lines (% of population),2019,6.2,East Asia & Pacific,Upper middle income,100.521,13.7308
2407,TH,Thailand,Poverty headcount ratio at national poverty lines (% of population),2018,9.9,East Asia & Pacific,Upper middle income,100.521,13.7308
2408,TH,Thailand,Poverty headcount ratio at national poverty lines (% of population),2017,7.9,East Asia & Pacific,Upper middle income,100.521,13.7308
2409,TH,Thailand,Poverty headcount ratio at national poverty lines (% of population),2016,8.6,East Asia & Pacific,Upper middle income,100.521,13.7308
2410,TL,Timor-Leste,Poverty headcount ratio at national poverty lines (% of population),2025,,East Asia & Pacific,Lower middle income,125.567,-8.56667
2411,TL,Timor-Leste,Poverty headcount ratio at national poverty lines (% of population),2024,,East Asia & Pacific,Lower middle income,125.567,-8.56667
2412,TL,Timor-Leste,Poverty headcount ratio at national poverty lines (% of population),2023,,East Asia & Pacific,Lower middle income,125.567,-8.56667
2413,TL,Timor-Leste,Poverty headcount ratio at national poverty lines (% of population),2022,,East Asia & Pacific,Lower middle income,125.567,-8.56667
2414,TL,Timor-Leste,Poverty headcount ratio at national poverty lines (% of population),2021,,East Asia & Pacific,Lower middle income,125.567,-8.56667
2415,TL,Timor-Leste,Poverty headcount ratio at national poverty lines (% of population),2020,,East Asia & Pacific,Lower middle income,125.567,-8.56667
2416,TL,Timor-Leste,Poverty headcount ratio at national poverty lines (% of population),2019,,East Asia & Pacific,Lower middle income,125.567,-8.56667
2417,TL,Timor-Leste,Poverty headcount ratio at national poverty lines (% of population),2018,,East Asia & Pacific,Lower middle income,125.567,-8.56667
2418,TL,Timor-Leste,Poverty headcount ratio at national poverty lines (% of population),2017,,East Asia & Pacific,Lower middle income,125.567,-8.56667
2419,TL,Timor-Leste,Poverty headcount ratio at national poverty lines (% of population),2016,,East Asia & Pacific,Lower middle income,125.567,-8.56667
2420,TG,Togo,Poverty headcount ratio at national poverty lines (% of population),2025,,Sub-Saharan Africa ,Lower middle income,1.2255,6.1228
2421,TG,Togo,Poverty headcount ratio at national poverty lines (% of population),2024,,Sub-Saharan Africa ,Lower middle income,1.2255,6.1228
2422,TG,Togo,Poverty headcount ratio at national poverty lines (% of population),2023,,Sub-Saharan Africa ,Lower middle income,1.2255,6.1228
2423,TG,Togo,Poverty headcount ratio at national poverty lines (% of population),2022,,Sub-Saharan Africa ,Lower middle income,1.2255,6.1228
2424,TG,Togo,Poverty headcount ratio at national poverty lines (% of population),2021,43.8,Sub-Saharan Africa ,Lower middle income,1.2255,6.1228
2425,TG,Togo,Poverty headcount ratio at national poverty lines (% of population),2020,,Sub-Saharan Africa ,Lower middle income,1.2255,6.1228
2426,TG,Togo,Poverty headcount ratio at national poverty lines (% of population),2019,,Sub-Saharan Africa ,Lower middle income,1.2255,6.1228
2427,TG,Togo,Poverty headcount ratio at national poverty lines (% of population),2018,45.5,Sub-Saharan Africa ,Lower middle income,1.2255,6.1228
2428,TG,Togo,Poverty headcount ratio at national poverty lines (% of population),2017,,Sub-Saharan Africa ,Lower middle income,1.2255,6.1228
2429,TG,Togo,Poverty headcount ratio at national poverty lines (% of population),2016,,Sub-Saharan Africa ,Lower middle income,1.2255,6.1228
2430,TO,Tonga,Poverty headcount ratio at national poverty lines (% of population),2025,,East Asia & Pacific,Upper middle income,-175.216,-21.136
2431,TO,Tonga,Poverty headcount ratio at national poverty lines (% of population),2024,,East Asia & Pacific,Upper middle income,-175.216,-21.136
2432,TO,Tonga,Poverty headcount ratio at national poverty lines (% of population),2023,,East Asia & Pacific,Upper middle income,-175.216,-21.136
2433,TO,Tonga,Poverty headcount ratio at national poverty lines (% of population),2022,,East Asia & Pacific,Upper middle income,-175.216,-21.136
2434,TO,Tonga,Poverty headcount ratio at national poverty lines (% of population),2021,20.6,East Asia & Pacific,Upper middle income,-175.216,-21.136
2435,TO,Tonga,Poverty headcount ratio at national poverty lines (% of population),2020,,East Asia & Pacific,Upper middle income,-175.216,-21.136
2436,TO,Tonga,Poverty headcount ratio at national poverty lines (% of population),2019,,East Asia & Pacific,Upper middle income,-175.216,-21.136
2437,TO,Tonga,Poverty headcount ratio at national poverty lines (% of population),2018,,East Asia & Pacific,Upper middle income,-175.216,-21.136
2438,TO,Tonga,Poverty headcount ratio at national poverty lines (% of population),2017,,East Asia & Pacific,Upper middle income,-175.216,-21.136
2439,TO,Tonga,Poverty headcount ratio at national poverty lines (% of population),2016,,East Asia & Pacific,Upper middle income,-175.216,-21.136
2440,TT,Trinidad and Tobago,Poverty headcount ratio at national poverty lines (% of population),2025,,Latin America & Caribbean ,High income,-61.4789,10.6596
2441,TT,Trinidad and Tobago,Poverty headcount ratio at national poverty lines (% of population),2024,,Latin America & Caribbean ,High income,-61.4789,10.6596
2442,TT,Trinidad and Tobago,Poverty headcount ratio at national poverty lines (% of population),2023,,Latin America & Caribbean ,High income,-61.4789,10.6596
2443,TT,Trinidad and Tobago,Poverty headcount ratio at national poverty lines (% of population),2022,,Latin America & Caribbean ,High income,-61.4789,10.6596
2444,TT,Trinidad and Tobago,Poverty headcount ratio at national poverty lines (% of population),2021,,Latin America & Caribbean ,High income,-61.4789,10.6596
2445,TT,Trinidad and Tobago,Poverty headcount ratio at national poverty lines (% of population),2020,,Latin America & Caribbean ,High income,-61.4789,10.6596
2446,TT,Trinidad and Tobago,Poverty headcount ratio at national poverty lines (% of population),2019,,Latin America & Caribbean ,High income,-61.4789,10.6596
2447,TT,Trinidad and Tobago,Poverty headcount ratio at national poverty lines (% of population),2018,,Latin America & Caribbean ,High income,-61.4789,10.6596
2448,TT,Trinidad and Tobago,Poverty headcount ratio at national poverty lines (% of population),2017,,Latin America & Caribbean ,High income,-61.4789,10.6596
2449,TT,Trinidad and Tobago,Poverty headcount ratio at national poverty lines (% of population),2016,,Latin America & Caribbean ,High income,-61.4789,10.6596
2450,TN,Tunisia,Poverty headcount ratio at national poverty lines (% of population),2025,,"Middle East, North Africa, Afghanistan & Pakistan",Lower middle income,10.21,36.7899
2451,TN,Tunisia,Poverty headcount ratio at national poverty lines (% of population),2024,,"Middle East, North Africa, Afghanistan & Pakistan",Lower middle income,10.21,36.7899
2452,TN,Tunisia,Poverty headcount ratio at national poverty lines (% of population),2023,,"Middle East, North Africa, Afghanistan & Pakistan",Lower middle income,10.21,36.7899
2453,TN,Tunisia,Poverty headcount ratio at national poverty lines (% of population),2022,,"Middle East, North Africa, Afghanistan & Pakistan",Lower middle income,10.21,36.7899
2454,TN,Tunisia,Poverty headcount ratio at national poverty lines (% of population),2021,16.6,"Middle East, North Africa, Afghanistan & Pakistan",Lower middle income,10.21,36.7899
2455,TN,Tunisia,Poverty headcount ratio at national poverty lines (% of population),2020,,"Middle East, North Africa, Afghanistan & Pakistan",Lower middle income,10.21,36.7899
2456,TN,Tunisia,Poverty headcount ratio at national poverty lines (% of population),2019,,"Middle East, North Africa, Afghanistan & Pakistan",Lower middle income,10.21,36.7899
2457,TN,Tunisia,Poverty headcount ratio at national poverty lines (% of population),2018,,"Middle East, North Africa, Afghanistan & Pakistan",Lower middle income,10.21,36.7899
2458,TN,Tunisia,Poverty headcount ratio at national poverty lines (% of population),2017,,"Middle East, North Africa, Afghanistan & Pakistan",Lower middle income,10.21,36.7899
2459,TN,Tunisia,Poverty headcount ratio at national poverty lines (% of population),2016,,"Middle East, North Africa, Afghanistan & Pakistan",Lower middle income,10.21,36.7899
2460,TR,Turkiye,Poverty headcount ratio at national poverty lines (% of population),2025,,Europe & Central Asia,Upper middle income,32.3606,39.7153
2461,TR,Turkiye,Poverty headcount ratio at national poverty lines (% of population),2024,13.0,Europe & Central Asia,Upper middle income,32.3606,39.7153
2462,TR,Turkiye,Poverty headcount ratio at national poverty lines (% of population),2023,13.6,Europe & Central Asia,Upper middle income,32.3606,39.7153
2463,TR,Turkiye,Poverty headcount ratio at national poverty lines (% of population),2022,13.5,Europe & Central Asia,Upper middle income,32.3606,39.7153
2464,TR,Turkiye,Poverty headcount ratio at national poverty lines (% of population),2021,14.4,Europe & Central Asia,Upper middle income,32.3606,39.7153
2465,TR,Turkiye,Poverty headcount ratio at national poverty lines (% of population),2020,14.4,Europe & Central Asia,Upper middle income,32.3606,39.7153
2466,TR,Turkiye,Poverty headcount ratio at national poverty lines (% of population),2019,15.0,Europe & Central Asia,Upper middle income,32.3606,39.7153
2467,TR,Turkiye,Poverty headcount ratio at national poverty lines (% of population),2018,14.4,Europe & Central Asia,Upper middle income,32.3606,39.7153
2468,TR,Turkiye,Poverty headcount ratio at national poverty lines (% of population),2017,13.9,Europe & Central Asia,Upper middle income,32.3606,39.7153
2469,TR,Turkiye,Poverty headcount ratio at national poverty lines (% of population),2016,13.5,Europe & Central Asia,Upper middle income,32.3606,39.7153
2470,TM,Turkmenistan,Poverty headcount ratio at national poverty lines (% of population),2025,,Europe & Central Asia,Upper middle income,58.3794,37.9509
2471,TM,Turkmenistan,Poverty headcount ratio at national poverty lines (% of population),2024,,Europe & Central Asia,Upper middle income,58.3794,37.9509
2472,TM,Turkmenistan,Poverty headcount ratio at national poverty lines (% of population),2023,,Europe & Central Asia,Upper middle income,58.3794,37.9509
2473,TM,Turkmenistan,Poverty headcount ratio at national poverty lines (% of population),2022,,Europe & Central Asia,Upper middle income,58.3794,37.9509
2474,TM,Turkmenistan,Poverty headcount ratio at national poverty lines (% of population),2021,,Europe & Central Asia,Upper middle income,58.3794,37.9509
2475,TM,Turkmenistan,Poverty headcount ratio at national poverty lines (% of population),2020,,Europe & Central Asia,Upper middle income,58.3794,37.9509
2476,TM,Turkmenistan,Poverty headcount ratio at national poverty lines (% of population),2019,,Europe & Central Asia,Upper middle income,58.3794,37.9509
2477,TM,Turkmenistan,Poverty headcount ratio at national poverty lines (% of population),2018,,Europe & Central Asia,Upper middle income,58.3794,37.9509
2478,TM,Turkmenistan,Poverty headcount ratio at national poverty lines (% of population),2017,,Europe & Central Asia,Upper middle income,58.3794,37.9509
2479,TM,Turkmenistan,Poverty headcount ratio at national poverty lines (% of population),2016,,Europe & Central Asia,Upper middle income,58.3794,37.9509
2480,TC,Turks and Caicos Islands,Poverty headcount ratio at national poverty lines (% of population),2025,,Latin America & Caribbean ,High income,-71.141389,21.4602778
2481,TC,Turks and Caicos Islands,Poverty headcount ratio at national poverty lines (% of population),2024,,Latin America & Caribbean ,High income,-71.141389,21.4602778
2482,TC,Turks and Caicos Islands,Poverty headcount ratio at national poverty lines (% of population),2023,,Latin America & Caribbean ,High income,-71.141389,21.4602778
2483,TC,Turks and Caicos Islands,Poverty headcount ratio at national poverty lines (% of population),2022,,Latin America & Caribbean ,High income,-71.141389,21.4602778
2484,TC,Turks and Caicos Islands,Poverty headcount ratio at national poverty lines (% of population),2021,,Latin America & Caribbean ,High income,-71.141389,21.4602778
2485,TC,Turks and Caicos Islands,Poverty headcount ratio at national poverty lines (% of population),2020,,Latin America & Caribbean ,High income,-71.141389,21.4602778
2486,TC,Turks and Caicos Islands,Poverty headcount ratio at national poverty lines (% of population),2019,,Latin America & Caribbean ,High income,-71.141389,21.4602778
2487,TC,Turks and Caicos Islands,Poverty headcount ratio at national poverty lines (% of population),2018,,Latin America & Caribbean ,High income,-71.141389,21.4602778
2488,TC,Turks and Caicos Islands,Poverty headcount ratio at national poverty lines (% of population),2017,,Latin America & Caribbean ,High income,-71.141389,21.4602778
2489,TC,Turks and Caicos Islands,Poverty headcount ratio at national poverty lines (% of population),2016,,Latin America & Caribbean ,High income,-71.141389,21.4602778
2490,TV,Tuvalu,Poverty headcount ratio at national poverty lines (% of population),2025,,East Asia & Pacific,Upper middle income,179.089567,-8.6314877
2491,TV,Tuvalu,Poverty headcount ratio at national poverty lines (% of population),2024,,East Asia & Pacific,Upper middle income,179.089567,-8.6314877
2492,TV,Tuvalu,Poverty headcount ratio at national poverty lines (% of population),2023,,East Asia & Pacific,Upper middle income,179.089567,-8.6314877
2493,TV,Tuvalu,Poverty headcount ratio at national poverty lines (% of population),2022,,East Asia & Pacific,Upper middle income,179.089567,-8.6314877
2494,TV,Tuvalu,Poverty headcount ratio at national poverty lines (% of population),2021,,East Asia & Pacific,Upper middle income,179.089567,-8.6314877
2495,TV,Tuvalu,Poverty headcount ratio at national poverty lines (% of population),2020,,East Asia & Pacific,Upper middle income,179.089567,-8.6314877
2496,TV,Tuvalu,Poverty headcount ratio at national poverty lines (% of population),2019,,East Asia & Pacific,Upper middle income,179.089567,-8.6314877
2497,TV,Tuvalu,Poverty headcount ratio at national poverty lines (% of population),2018,,East Asia & Pacific,Upper middle income,179.089567,-8.6314877
2498,TV,Tuvalu,Poverty headcount ratio at national poverty lines (% of population),2017,,East Asia & Pacific,Upper middle income,179.089567,-8.6314877
2499,TV,Tuvalu,Poverty headcount ratio at national poverty lines (% of population),2016,,East Asia & Pacific,Upper middle income,179.089567,-8.6314877
2500,UG,Uganda,Poverty headcount ratio at national poverty lines (% of population),2025,,Sub-Saharan Africa ,Low income,32.5729,0.314269
2501,UG,Uganda,Poverty headcount ratio at national poverty lines (% of population),2024,,Sub-Saharan Africa ,Low income,32.5729,0.314269
2502,UG,Uganda,Poverty headcount ratio at national poverty lines (% of population),2023,16.1,Sub-Saharan Africa ,Low income,32.5729,0.314269
2503,UG,Uganda,Poverty headcount ratio at national poverty lines (% of population),2022,,Sub-Saharan Africa ,Low income,32.5729,0.314269
2504,UG,Uganda,Poverty headcount ratio at national poverty lines (% of population),2021,,Sub-Saharan Africa ,Low income,32.5729,0.314269
2505,UG,Uganda,Poverty headcount ratio at national poverty lines (% of population),2020,,Sub-Saharan Africa ,Low income,32.5729,0.314269
2506,UG,Uganda,Poverty headcount ratio at national poverty lines (% of population),2019,20.3,Sub-Saharan Africa ,Low income,32.5729,0.314269
2507,UG,Uganda,Poverty headcount ratio at national poverty lines (% of population),2018,,Sub-Saharan Africa ,Low income,32.5729,0.314269
2508,UG,Uganda,Poverty headcount ratio at national poverty lines (% of population),2017,,Sub-Saharan Africa ,Low income,32.5729,0.314269
2509,UG,Uganda,Poverty headcount ratio at national poverty lines (% of population),2016,21.4,Sub-Saharan Africa ,Low income,32.5729,0.314269
2510,UA,Ukraine,Poverty headcount ratio at national poverty lines (% of population),2025,,Europe & Central Asia,Upper middle income,30.5038,50.4536
2511,UA,Ukraine,Poverty headcount ratio at national poverty lines (% of population),2024,,Europe & Central Asia,Upper middle income,30.5038,50.4536
2512,UA,Ukraine,Poverty headcount ratio at national poverty lines (% of population),2023,,Europe & Central Asia,Upper middle income,30.5038,50.4536
2513,UA,Ukraine,Poverty headcount ratio at national poverty lines (% of population),2022,,Europe & Central Asia,Upper middle income,30.5038,50.4536
2514,UA,Ukraine,Poverty headcount ratio at national poverty lines (% of population),2021,,Europe & Central Asia,Upper middle income,30.5038,50.4536
2515,UA,Ukraine,Poverty headcount ratio at national poverty lines (% of population),2020,23.2,Europe & Central Asia,Upper middle income,30.5038,50.4536
2516,UA,Ukraine,Poverty headcount ratio at national poverty lines (% of population),2019,23.1,Europe & Central Asia,Upper middle income,30.5038,50.4536
2517,UA,Ukraine,Poverty headcount ratio at national poverty lines (% of population),2018,27.6,Europe & Central Asia,Upper middle income,30.5038,50.4536
2518,UA,Ukraine,Poverty headcount ratio at national poverty lines (% of population),2017,34.9,Europe & Central Asia,Upper middle income,30.5038,50.4536
2519,UA,Ukraine,Poverty headcount ratio at national poverty lines (% of population),2016,51.1,Europe & Central Asia,Upper middle income,30.5038,50.4536
2520,AE,United Arab Emirates,Poverty headcount ratio at national poverty lines (% of population),2025,,"Middle East, North Africa, Afghanistan & Pakistan",High income,54.3705,24.4764
2521,AE,United Arab Emirates,Poverty headcount ratio at national poverty lines (% of population),2024,,"Middle East, North Africa, Afghanistan & Pakistan",High income,54.3705,24.4764
2522,AE,United Arab Emirates,Poverty headcount ratio at national poverty lines (% of population),2023,,"Middle East, North Africa, Afghanistan & Pakistan",High income,54.3705,24.4764
2523,AE,United Arab Emirates,Poverty headcount ratio at national poverty lines (% of population),2022,,"Middle East, North Africa, Afghanistan & Pakistan",High income,54.3705,24.4764
2524,AE,United Arab Emirates,Poverty headcount ratio at national poverty lines (% of population),2021,,"Middle East, North Africa, Afghanistan & Pakistan",High income,54.3705,24.4764
2525,AE,United Arab Emirates,Poverty headcount ratio at national poverty lines (% of population),2020,,"Middle East, North Africa, Afghanistan & Pakistan",High income,54.3705,24.4764
2526,AE,United Arab Emirates,Poverty headcount ratio at national poverty lines (% of population),2019,,"Middle East, North Africa, Afghanistan & Pakistan",High income,54.3705,24.4764
2527,AE,United Arab Emirates,Poverty headcount ratio at national poverty lines (% of population),2018,,"Middle East, North Africa, Afghanistan & Pakistan",High income,54.3705,24.4764
2528,AE,United Arab Emirates,Poverty headcount ratio at national poverty lines (% of population),2017,,"Middle East, North Africa, Afghanistan & Pakistan",High income,54.3705,24.4764
2529,AE,United Arab Emirates,Poverty headcount ratio at national poverty lines (% of population),2016,,"Middle East, North Africa, Afghanistan & Pakistan",High income,54.3705,24.4764
2530,GB,United Kingdom,Poverty headcount ratio at national poverty lines (% of population),2025,,Europe & Central Asia,High income,-0.126236,51.5002
2531,GB,United Kingdom,Poverty headcount ratio at national poverty lines (% of population),2024,,Europe & Central Asia,High income,-0.126236,51.5002
2532,GB,United Kingdom,Poverty headcount ratio at national poverty lines (% of population),2023,,Europe & Central Asia,High income,-0.126236,51.5002
2533,GB,United Kingdom,Poverty headcount ratio at national poverty lines (% of population),2022,,Europe & Central Asia,High income,-0.126236,51.5002
2534,GB,United Kingdom,Poverty headcount ratio at national poverty lines (% of population),2021,,Europe & Central Asia,High income,-0.126236,51.5002
2535,GB,United Kingdom,Poverty headcount ratio at national poverty lines (% of population),2020,,Europe & Central Asia,High income,-0.126236,51.5002
2536,GB,United Kingdom,Poverty headcount ratio at national poverty lines (% of population),2019,,Europe & Central Asia,High income,-0.126236,51.5002
2537,GB,United Kingdom,Poverty headcount ratio at national poverty lines (% of population),2018,,Europe & Central Asia,High income,-0.126236,51.5002
2538,GB,United Kingdom,Poverty headcount ratio at national poverty lines (% of population),2017,18.6,Europe & Central Asia,High income,-0.126236,51.5002
2539,GB,United Kingdom,Poverty headcount ratio at national poverty lines (% of population),2016,17.0,Europe & Central Asia,High income,-0.126236,51.5002
2540,US,United States,Poverty headcount ratio at national poverty lines (% of population),2025,,North America,High income,-77.032,38.8895
2541,US,United States,Poverty headcount ratio at national poverty lines (% of population),2024,,North America,High income,-77.032,38.8895
2542,US,United States,Poverty headcount ratio at national poverty lines (% of population),2023,,North America,High income,-77.032,38.8895
2543,US,United States,Poverty headcount ratio at national poverty lines (% of population),2022,,North America,High income,-77.032,38.8895
2544,US,United States,Poverty headcount ratio at national poverty lines (% of population),2021,,North America,High income,-77.032,38.8895
2545,US,United States,Poverty headcount ratio at national poverty lines (% of population),2020,,North America,High income,-77.032,38.8895
2546,US,United States,Poverty headcount ratio at national poverty lines (% of population),2019,,North America,High income,-77.032,38.8895
2547,US,United States,Poverty headcount ratio at national poverty lines (% of population),2018,,North America,High income,-77.032,38.8895
2548,US,United States,Poverty headcount ratio at national poverty lines (% of population),2017,,North America,High income,-77.032,38.8895
2549,US,United States,Poverty headcount ratio at national poverty lines (% of population),2016,,North America,High income,-77.032,38.8895
2550,UY,Uruguay,Poverty headcount ratio at national poverty lines (% of population),2025,,Latin America & Caribbean ,High income,-56.0675,-34.8941
2551,UY,Uruguay,Poverty headcount ratio at national poverty lines (% of population),2024,17.3,Latin America & Caribbean ,High income,-56.0675,-34.8941
2552,UY,Uruguay,Poverty headcount ratio at national poverty lines (% of population),2023,19.7,Latin America & Caribbean ,High income,-56.0675,-34.8941
2553,UY,Uruguay,Poverty headcount ratio at national poverty lines (% of population),2022,9.9,Latin America & Caribbean ,High income,-56.0675,-34.8941
2554,UY,Uruguay,Poverty headcount ratio at national poverty lines (% of population),2021,,Latin America & Caribbean ,High income,-56.0675,-34.8941
2555,UY,Uruguay,Poverty headcount ratio at national poverty lines (% of population),2020,,Latin America & Caribbean ,High income,-56.0675,-34.8941
2556,UY,Uruguay,Poverty headcount ratio at national poverty lines (% of population),2019,,Latin America & Caribbean ,High income,-56.0675,-34.8941
2557,UY,Uruguay,Poverty headcount ratio at national poverty lines (% of population),2018,,Latin America & Caribbean ,High income,-56.0675,-34.8941
2558,UY,Uruguay,Poverty headcount ratio at national poverty lines (% of population),2017,,Latin America & Caribbean ,High income,-56.0675,-34.8941
2559,UY,Uruguay,Poverty headcount ratio at national poverty lines (% of population),2016,,Latin America & Caribbean ,High income,-56.0675,-34.8941
2560,UZ,Uzbekistan,Poverty headcount ratio at national poverty lines (% of population),2025,5.8,Europe & Central Asia,Lower middle income,69.269,41.3052
2561,UZ,Uzbekistan,Poverty headcount ratio at national poverty lines (% of population),2024,8.9,Europe & Central Asia,Lower middle income,69.269,41.3052
2562,UZ,Uzbekistan,Poverty headcount ratio at national poverty lines (% of population),2023,11.0,Europe & Central Asia,Lower middle income,69.269,41.3052
2563,UZ,Uzbekistan,Poverty headcount ratio at national poverty lines (% of population),2022,14.1,Europe & Central Asia,Lower middle income,69.269,41.3052
2564,UZ,Uzbekistan,Poverty headcount ratio at national poverty lines (% of population),2021,17.0,Europe & Central Asia,Lower middle income,69.269,41.3052
2565,UZ,Uzbekistan,Poverty headcount ratio at national poverty lines (% of population),2020,,Europe & Central Asia,Lower middle income,69.269,41.3052
2566,UZ,Uzbekistan,Poverty headcount ratio at national poverty lines (% of population),2019,,Europe & Central Asia,Lower middle income,69.269,41.3052
2567,UZ,Uzbekistan,Poverty headcount ratio at national poverty lines (% of population),2018,,Europe & Central Asia,Lower middle income,69.269,41.3052
2568,UZ,Uzbekistan,Poverty headcount ratio at national poverty lines (% of population),2017,,Europe & Central Asia,Lower middle income,69.269,41.3052
2569,UZ,Uzbekistan,Poverty headcount ratio at national poverty lines (% of population),2016,,Europe & Central Asia,Lower middle income,69.269,41.3052
2570,VU,Vanuatu,Poverty headcount ratio at national poverty lines (% of population),2025,,East Asia & Pacific,Lower middle income,168.321,-17.7404
2571,VU,Vanuatu,Poverty headcount ratio at national poverty lines (% of population),2024,,East Asia & Pacific,Lower middle income,168.321,-17.7404
2572,VU,Vanuatu,Poverty headcount ratio at national poverty lines (% of population),2023,,East Asia & Pacific,Lower middle income,168.321,-17.7404
2573,VU,Vanuatu,Poverty headcount ratio at national poverty lines (% of population),2022,,East Asia & Pacific,Lower middle income,168.321,-17.7404
2574,VU,Vanuatu,Poverty headcount ratio at national poverty lines (% of population),2021,,East Asia & Pacific,Lower middle income,168.321,-17.7404
2575,VU,Vanuatu,Poverty headcount ratio at national poverty lines (% of population),2020,,East Asia & Pacific,Lower middle income,168.321,-17.7404
2576,VU,Vanuatu,Poverty headcount ratio at national poverty lines (% of population),2019,15.9,East Asia & Pacific,Lower middle income,168.321,-17.7404
2577,VU,Vanuatu,Poverty headcount ratio at national poverty lines (% of population),2018,,East Asia & Pacific,Lower middle income,168.321,-17.7404
2578,VU,Vanuatu,Poverty headcount ratio at national poverty lines (% of population),2017,,East Asia & Pacific,Lower middle income,168.321,-17.7404
2579,VU,Vanuatu,Poverty headcount ratio at national poverty lines (% of population),2016,,East Asia & Pacific,Lower middle income,168.321,-17.7404
2580,VE,"Venezuela, RB",Poverty headcount ratio at national poverty lines (% of population),2025,,Latin America & Caribbean ,Lower middle income,-69.8371,9.08165
2581,VE,"Venezuela, RB",Poverty headcount ratio at national poverty lines (% of population),2024,,Latin America & Caribbean ,Lower middle income,-69.8371,9.08165
2582,VE,"Venezuela, RB",Poverty headcount ratio at national poverty lines (% of population),2023,,Latin America & Caribbean ,Lower middle income,-69.8371,9.08165
2583,VE,"Venezuela, RB",Poverty headcount ratio at national poverty lines (% of population),2022,,Latin America & Caribbean ,Lower middle income,-69.8371,9.08165
2584,VE,"Venezuela, RB",Poverty headcount ratio at national poverty lines (% of population),2021,,Latin America & Caribbean ,Lower middle income,-69.8371,9.08165
2585,VE,"Venezuela, RB",Poverty headcount ratio at national poverty lines (% of population),2020,,Latin America & Caribbean ,Lower middle income,-69.8371,9.08165
2586,VE,"Venezuela, RB",Poverty headcount ratio at national poverty lines (% of population),2019,,Latin America & Caribbean ,Lower middle income,-69.8371,9.08165
2587,VE,"Venezuela, RB",Poverty headcount ratio at national poverty lines (% of population),2018,,Latin America & Caribbean ,Lower middle income,-69.8371,9.08165
2588,VE,"Venezuela, RB",Poverty headcount ratio at national poverty lines (% of population),2017,,Latin America & Caribbean ,Lower middle income,-69.8371,9.08165
2589,VE,"Venezuela, RB",Poverty headcount ratio at national poverty lines (% of population),2016,,Latin America & Caribbean ,Lower middle income,-69.8371,9.08165
2590,VN,Viet Nam,Poverty headcount ratio at national poverty lines (% of population),2025,,East Asia & Pacific,Upper middle income,105.825,21.0069
2591,VN,Viet Nam,Poverty headcount ratio at national poverty lines (% of population),2024,,East Asia & Pacific,Upper middle income,105.825,21.0069
2592,VN,Viet Nam,Poverty headcount ratio at national poverty lines (% of population),2023,,East Asia & Pacific,Upper middle income,105.825,21.0069
2593,VN,Viet Nam,Poverty headcount ratio at national poverty lines (% of population),2022,4.2,East Asia & Pacific,Upper middle income,105.825,21.0069
2594,VN,Viet Nam,Poverty headcount ratio at national poverty lines (% of population),2021,4.4,East Asia & Pacific,Upper middle income,105.825,21.0069
2595,VN,Viet Nam,Poverty headcount ratio at national poverty lines (% of population),2020,4.8,East Asia & Pacific,Upper middle income,105.825,21.0069
2596,VN,Viet Nam,Poverty headcount ratio at national poverty lines (% of population),2019,5.7,East Asia & Pacific,Upper middle income,105.825,21.0069
2597,VN,Viet Nam,Poverty headcount ratio at national poverty lines (% of population),2018,6.8,East Asia & Pacific,Upper middle income,105.825,21.0069
2598,VN,Viet Nam,Poverty headcount ratio at national poverty lines (% of population),2017,7.9,East Asia & Pacific,Upper middle income,105.825,21.0069
2599,VN,Viet Nam,Poverty headcount ratio at national poverty lines (% of population),2016,9.2,East Asia & Pacific,Upper middle income,105.825,21.0069
2600,VI,Virgin Islands (U.S.),Poverty headcount ratio at national poverty lines (% of population),2025,,Latin America & Caribbean ,High income,-64.8963,18.3358
2601,VI,Virgin Islands (U.S.),Poverty headcount ratio at national poverty lines (% of population),2024,,Latin America & Caribbean ,High income,-64.8963,18.3358
2602,VI,Virgin Islands (U.S.),Poverty headcount ratio at national poverty lines (% of population),2023,,Latin America & Caribbean ,High income,-64.8963,18.3358
2603,VI,Virgin Islands (U.S.),Poverty headcount ratio at national poverty lines (% of population),2022,,Latin America & Caribbean ,High income,-64.8963,18.3358
2604,VI,Virgin Islands (U.S.),Poverty headcount ratio at national poverty lines (% of population),2021,,Latin America & Caribbean ,High income,-64.8963,18.3358
2605,VI,Virgin Islands (U.S.),Poverty headcount ratio at national poverty lines (% of population),2020,,Latin America & Caribbean ,High income,-64.8963,18.3358
2606,VI,Virgin Islands (U.S.),Poverty headcount ratio at national poverty lines (% of population),2019,,Latin America & Caribbean ,High income,-64.8963,18.3358
2607,VI,Virgin Islands (U.S.),Poverty headcount ratio at national poverty lines (% of population),2018,,Latin America & Caribbean ,High income,-64.8963,18.3358
2608,VI,Virgin Islands (U.S.),Poverty headcount ratio at national poverty lines (% of population),2017,,Latin America & Caribbean ,High income,-64.8963,18.3358
2609,VI,Virgin Islands (U.S.),Poverty headcount ratio at national poverty lines (% of population),2016,,Latin America & Caribbean ,High income,-64.8963,18.3358
2610,PS,West Bank and Gaza,Poverty headcount ratio at national poverty lines (% of population),2025,,"Middle East, North Africa, Afghanistan & Pakistan",Lower middle income,,
2611,PS,West Bank and Gaza,Poverty headcount ratio at national poverty lines (% of population),2024,,"Middle East, North Africa, Afghanistan & Pakistan",Lower middle income,,
2612,PS,West Bank and Gaza,Poverty headcount ratio at national poverty lines (% of population),2023,32.8,"Middle East, North Africa, Afghanistan & Pakistan",Lower middle income,,
2613,PS,West Bank and Gaza,Poverty headcount ratio at national poverty lines (% of population),2022,,"Middle East, North Africa, Afghanistan & Pakistan",Lower middle income,,
2614,PS,West Bank and Gaza,Poverty headcount ratio at national poverty lines (% of population),2021,,"Middle East, North Africa, Afghanistan & Pakistan",Lower middle income,,
2615,PS,West Bank and Gaza,Poverty headcount ratio at national poverty lines (% of population),2020,,"Middle East, North Africa, Afghanistan & Pakistan",Lower middle income,,
2616,PS,West Bank and Gaza,Poverty headcount ratio at national poverty lines (% of population),2019,,"Middle East, North Africa, Afghanistan & Pakistan",Lower middle income,,
2617,PS,West Bank and Gaza,Poverty headcount ratio at national poverty lines (% of population),2018,,"Middle East, North Africa, Afghanistan & Pakistan",Lower middle income,,
2618,PS,West Bank and Gaza,Poverty headcount ratio at national poverty lines (% of population),2017,,"Middle East, North Africa, Afghanistan & Pakistan",Lower middle income,,
2619,PS,West Bank and Gaza,Poverty headcount ratio at national poverty lines (% of population),2016,29.2,"Middle East, North Africa, Afghanistan & Pakistan",Lower middle income,,
2620,YE,"Yemen, Rep.",Poverty headcount ratio at national poverty lines (% of population),2025,,"Middle East, North Africa, Afghanistan & Pakistan",Low income,44.2075,15.352
2621,YE,"Yemen, Rep.",Poverty headcount ratio at national poverty lines (% of population),2024,,"Middle East, North Africa, Afghanistan & Pakistan",Low income,44.2075,15.352
2622,YE,"Yemen, Rep.",Poverty headcount ratio at national poverty lines (% of population),2023,,"Middle East, North Africa, Afghanistan & Pakistan",Low income,44.2075,15.352
2623,YE,"Yemen, Rep.",Poverty headcount ratio at national poverty lines (% of population),2022,,"Middle East, North Africa, Afghanistan & Pakistan",Low income,44.2075,15.352
2624,YE,"Yemen, Rep.",Poverty headcount ratio at national poverty lines (% of population),2021,,"Middle East, North Africa, Afghanistan & Pakistan",Low income,44.2075,15.352
2625,YE,"Yemen, Rep.",Poverty headcount ratio at national poverty lines (% of population),2020,,"Middle East, North Africa, Afghanistan & Pakistan",Low income,44.2075,15.352
2626,YE,"Yemen, Rep.",Poverty headcount ratio at national poverty lines (% of population),2019,,"Middle East, North Africa, Afghanistan & Pakistan",Low income,44.2075,15.352
2627,YE,"Yemen, Rep.",Poverty headcount ratio at national poverty lines (% of population),2018,,"Middle East, North Africa, Afghanistan & Pakistan",Low income,44.2075,15.352
2628,YE,"Yemen, Rep.",Poverty headcount ratio at national poverty lines (% of population),2017,,"Middle East, North Africa, Afghanistan & Pakistan",Low income,44.2075,15.352
2629,YE,"Yemen, Rep.",Poverty headcount ratio at national poverty lines (% of population),2016,,"Middle East, North Africa, Afghanistan & Pakistan",Low income,44.2075,15.352
2630,ZM,Zambia,Poverty headcount ratio at national poverty lines (% of population),2025,,Sub-Saharan Africa ,Lower middle income,28.2937,-15.3982
2631,ZM,Zambia,Poverty headcount ratio at national poverty lines (% of population),2024,,Sub-Saharan Africa ,Lower middle income,28.2937,-15.3982
2632,ZM,Zambia,Poverty headcount ratio at national poverty lines (% of population),2023,,Sub-Saharan Africa ,Lower middle income,28.2937,-15.3982
2633,ZM,Zambia,Poverty headcount ratio at national poverty lines (% of population),2022,60.0,Sub-Saharan Africa ,Lower middle income,28.2937,-15.3982
2634,ZM,Zambia,Poverty headcount ratio at national poverty lines (% of population),2021,,Sub-Saharan Africa ,Lower middle income,28.2937,-15.3982
2635,ZM,Zambia,Poverty headcount ratio at national poverty lines (% of population),2020,,Sub-Saharan Africa ,Lower middle income,28.2937,-15.3982
2636,ZM,Zambia,Poverty headcount ratio at national poverty lines (% of population),2019,,Sub-Saharan Africa ,Lower middle income,28.2937,-15.3982
2637,ZM,Zambia,Poverty headcount ratio at national poverty lines (% of population),2018,,Sub-Saharan Africa ,Lower middle income,28.2937,-15.3982
2638,ZM,Zambia,Poverty headcount ratio at national poverty lines (% of population),2017,,Sub-Saharan Africa ,Lower middle income,28.2937,-15.3982
2639,ZM,Zambia,Poverty headcount ratio at national poverty lines (% of population),2016,,Sub-Saharan Africa ,Lower middle income,28.2937,-15.3982
2640,ZW,Zimbabwe,Poverty headcount ratio at national poverty lines (% of population),2025,,Sub-Saharan Africa ,Lower middle income,31.0672,-17.8312
2641,ZW,Zimbabwe,Poverty headcount ratio at national poverty lines (% of population),2024,,Sub-Saharan Africa ,Lower middle income,31.0672,-17.8312
2642,ZW,Zimbabwe,Poverty headcount ratio at national poverty lines (% of population),2023,,Sub-Saharan Africa ,Lower middle income,31.0672,-17.8312
2643,ZW,Zimbabwe,Poverty headcount ratio at national poverty lines (% of population),2022,,Sub-Saharan Africa ,Lower middle income,31.0672,-17.8312
2644,ZW,Zimbabwe,Poverty headcount ratio at national poverty lines (% of population),2021,,Sub-Saharan Africa ,Lower middle income,31.0672,-17.8312
2645,ZW,Zimbabwe,Poverty headcount ratio at national poverty lines (% of population),2020,,Sub-Saharan Africa ,Lower middle income,31.0672,-17.8312
2646,ZW,Zimbabwe,Poverty headcount ratio at national poverty lines (% of population),2019,38.3,Sub-Saharan Africa ,Lower middle income,31.0672,-17.8312
2647,ZW,Zimbabwe,Poverty headcount ratio at national poverty lines (% of population),2018,,Sub-Saharan Africa ,Lower middle income,31.0672,-17.8312
2648,ZW,Zimbabwe,Poverty headcount ratio at national poverty lines (% of population),2017,30.4,Sub-Saharan Africa ,Lower middle income,31.0672,-17.8312
2649,ZW,Zimbabwe,Poverty headcount ratio at national poverty lines (% of population),2016,,Sub-Saharan Africa ,Lower middle income,31.0672,-17.8312
2650,AL,Albania,Gini index,2020,29.4,Europe & Central Asia,Upper middle income,19.8172,41.3317
2651,AO,Angola,Gini index,2018,51.3,Sub-Saharan Africa ,Lower middle income,13.242,-8.81155
2652,AR,Argentina,Gini index,2024,42.4,Latin America & Caribbean ,Upper middle income,-58.4173,-34.6118
2653,AM,Armenia,Gini index,2024,27.4,Europe & Central Asia,Upper middle income,44.509,40.1596
2654,AU,Australia,Gini index,2020,33.8,East Asia & Pacific,High income,149.129,-35.282
2655,AT,Austria,Gini index,2023,31.2,Europe & Central Asia,High income,16.3798,48.2201
2656,BD,Bangladesh,Gini index,2022,30.9,South Asia,Lower middle income,90.4113,23.7055
2657,BB,Barbados,Gini index,2016,34.1,Latin America & Caribbean ,High income,-59.6105,13.0935
2658,BY,Belarus,Gini index,2020,24.4,Europe & Central Asia,Upper middle income,27.5766,53.9678
2659,BE,Belgium,Gini index,2023,26.8,Europe & Central Asia,High income,4.36761,50.8371
2660,BZ,Belize,Gini index,2018,39.9,Latin America & Caribbean ,Upper middle income,-88.7713,17.2534
2661,BJ,Benin,Gini index,2021,34.4,Sub-Saharan Africa ,Lower middle income,2.6323,6.4779
2662,BT,Bhutan,Gini index,2022,28.5,South Asia,Lower middle income,89.6177,27.5768
2663,BO,Bolivia,Gini index,2024,40.9,Latin America & Caribbean ,Lower middle income,-66.1936,-13.9908
2664,BA,Bosnia and Herzegovina,Gini index,2021,30.3,Europe & Central Asia,Upper middle income,18.4214,43.8607
2665,BR,Brazil,Gini index,2024,50.3,Latin America & Caribbean ,Upper middle income,-47.9292,-15.7801
2666,BG,Bulgaria,Gini index,2023,39.5,Europe & Central Asia,High income,23.3238,42.7105
2667,BF,Burkina Faso,Gini index,2021,37.4,Sub-Saharan Africa ,Low income,-1.53395,12.3605
2668,BI,Burundi,Gini index,2020,37.5,Sub-Saharan Africa ,Low income,29.3639,-3.3784
2669,CM,Cameroon,Gini index,2021,42.2,Sub-Saharan Africa ,Lower middle income,11.5174,3.8721
2670,CA,Canada,Gini index,2022,31.5,North America,High income,-75.6919,45.4215
2671,CF,Central African Republic,Gini index,2021,43.0,Sub-Saharan Africa ,Low income,21.6407,5.63056
2672,TD,Chad,Gini index,2022,37.4,Sub-Saharan Africa ,Low income,15.0445,12.1048
2673,CL,Chile,Gini index,2024,43.0,Latin America & Caribbean ,High income,-70.6475,-33.475
2674,CN,China,Gini index,2022,36.0,East Asia & Pacific,Upper middle income,116.286,40.0495
2675,CO,Colombia,Gini index,2024,54.4,Latin America & Caribbean ,Upper middle income,-74.082,4.60987
2676,KM,Comoros,Gini index,2024,30.3,Sub-Saharan Africa ,Lower middle income,43.2418,-11.6986
2677,CD,"Congo, Dem. Rep.",Gini index,2020,44.7,Sub-Saharan Africa ,Low income,15.3222,-4.325
2678,CR,Costa Rica,Gini index,2025,45.5,Latin America & Caribbean ,High income,-84.0089,9.63701
2679,CI,Cote d'Ivoire,Gini index,2021,35.3,Sub-Saharan Africa ,Lower middle income,-4.0305,5.332
2680,HR,Croatia,Gini index,2023,30.1,Europe & Central Asia,High income,15.9614,45.8069
2681,CY,Cyprus,Gini index,2023,31.8,Europe & Central Asia,High income,33.3736,35.1676
2682,CZ,Czechia,Gini index,2023,25.7,Europe & Central Asia,High income,14.4205,50.0878
2683,DK,Denmark,Gini index,2023,29.9,Europe & Central Asia,High income,12.5681,55.6763
2684,DJ,Djibouti,Gini index,2017,41.6,"Middle East, North Africa, Afghanistan & Pakistan",Lower middle income,43.1425,11.5806
2685,DO,Dominican Republic,Gini index,2024,39.0,Latin America & Caribbean ,Upper middle income,-69.8908,18.479
2686,EC,Ecuador,Gini index,2025,45.9,Latin America & Caribbean ,Upper middle income,-78.5243,-0.229498
2687,EG,"Egypt, Arab Rep.",Gini index,2021,28.5,"Middle East, North Africa, Afghanistan & Pakistan",Lower middle income,31.2461,30.0982
2688,SV,El Salvador,Gini index,2023,39.8,Latin America & Caribbean ,Upper middle income,-89.2073,13.7034
2689,GQ,Equatorial Guinea,Gini index,2022,38.5,Sub-Saharan Africa ,Upper middle income,8.7741,3.7523
2690,EE,Estonia,Gini index,2023,30.7,Europe & Central Asia,High income,24.7586,59.4392
2691,SZ,Eswatini,Gini index,2016,54.6,Sub-Saharan Africa ,Lower middle income,31.4659,-26.5225
2692,ET,Ethiopia,Gini index,2021,31.1,Sub-Saharan Africa ,Low income,38.7468,9.02274
2693,FJ,Fiji,Gini index,2019,30.7,East Asia & Pacific,Upper middle income,178.399,-18.1149
2694,FI,Finland,Gini index,2023,27.4,Europe & Central Asia,High income,24.9525,60.1608
2695,FR,France,Gini index,2023,31.8,Europe & Central Asia,High income,2.35097,48.8566
2696,GA,Gabon,Gini index,2017,38.0,Sub-Saharan Africa ,Upper middle income,9.45162,0.38832
2697,GM,"Gambia, The",Gini index,2020,38.8,Sub-Saharan Africa ,Low income,-16.5885,13.4495
2698,GE,Georgia,Gini index,2024,33.9,Europe & Central Asia,Upper middle income,44.793,41.71
2699,DE,Germany,Gini index,2022,33.7,Europe & Central Asia,High income,13.4115,52.5235
2700,GH,Ghana,Gini index,2016,43.5,Sub-Saharan Africa ,Lower middle income,-0.20795,5.57045
2701,GR,Greece,Gini index,2023,33.4,Europe & Central Asia,High income,23.7166,37.9792
2702,GD,Grenada,Gini index,2018,43.8,Latin America & Caribbean ,Upper middle income,-61.7449,12.0653
2703,GT,Guatemala,Gini index,2023,45.2,Latin America & Caribbean ,Upper middle income,-90.5328,14.6248
2704,GN,Guinea,Gini index,2018,29.6,Sub-Saharan Africa ,Lower middle income,-13.7,9.51667
2705,GW,Guinea-Bissau,Gini index,2021,33.4,Sub-Saharan Africa ,Low income,-15.1804,11.8037
2706,HN,Honduras,Gini index,2024,45.7,Latin America & Caribbean ,Lower middle income,-87.4667,15.1333
2707,HU,Hungary,Gini index,2017,30.6,Europe & Central Asia,High income,19.0408,47.4984
2708,IS,Iceland,Gini index,2019,26.8,Europe & Central Asia,High income,-21.8952,64.1353
2709,IN,India,Gini index,2022,25.5,South Asia,Lower middle income,77.225,28.6353
2710,ID,Indonesia,Gini index,2025,34.4,East Asia & Pacific,Upper middle income,106.83,-6.19752
2711,IR,"Iran, Islamic Rep.",Gini index,2023,35.9,"Middle East, North Africa, Afghanistan & Pakistan",Upper middle income,51.4447,35.6878
2712,IQ,Iraq,Gini index,2023,29.8,"Middle East, North Africa, Afghanistan & Pakistan",Upper middle income,44.394,33.3302
2713,IE,Ireland,Gini index,2023,29.0,Europe & Central Asia,High income,-6.26749,53.3441
2714,IL,Israel,Gini index,2022,38.3,"Middle East, North Africa, Afghanistan & Pakistan",High income,35.2035,31.7717
2715,IT,Italy,Gini index,2023,34.3,Europe & Central Asia,High income,12.4823,41.8955
2716,JM,Jamaica,Gini index,2021,39.9,Latin America & Caribbean ,Upper middle income,-76.792,17.9927
2717,JP,Japan,Gini index,2020,32.3,East Asia & Pacific,High income,139.77,35.67
2718,KZ,Kazakhstan,Gini index,2021,29.2,Europe & Central Asia,Upper middle income,71.4382,51.1879
2719,KE,Kenya,Gini index,2022,38.5,Sub-Saharan Africa ,Lower middle income,36.8126,-1.27975
2720,KI,Kiribati,Gini index,2023,24.7,East Asia & Pacific,Lower middle income,172.979,1.32905
2721,KR,"Korea, Rep.",Gini index,2021,32.9,East Asia & Pacific,High income,126.957,37.5323
2722,XK,Kosovo,Gini index,2022,38.3,Europe & Central Asia,Upper middle income,20.926,42.565
2723,KG,Kyrgyz Republic,Gini index,2024,27.5,Europe & Central Asia,Lower middle income,74.6057,42.8851
2724,LA,Lao PDR,Gini index,2024,34.7,East Asia & Pacific,Lower middle income,102.177,18.5826
2725,LV,Latvia,Gini index,2023,34.0,Europe & Central Asia,High income,24.1048,56.9465
2726,LB,Lebanon,Gini index,2022,35.5,"Middle East, North Africa, Afghanistan & Pakistan",Lower middle income,35.5134,33.8872
2727,LS,Lesotho,Gini index,2017,44.9,Sub-Saharan Africa ,Lower middle income,27.7167,-29.5208
2728,LR,Liberia,Gini index,2016,35.3,Sub-Saharan Africa ,Low income,-10.7957,6.30039
2729,LT,Lithuania,Gini index,2023,36.0,Europe & Central Asia,High income,25.2799,54.6896
2730,LU,Luxembourg,Gini index,2023,33.6,Europe & Central Asia,High income,6.1296,49.61
2731,MG,Madagascar,Gini index,2021,36.8,Sub-Saharan Africa ,Low income,45.7167,-20.4667
2732,MW,Malawi,Gini index,2019,38.5,Sub-Saharan Africa ,Low income,33.7703,-13.9899
2733,MY,Malaysia,Gini index,2021,40.7,East Asia & Pacific,Upper middle income,101.684,3.12433
2734,MV,Maldives,Gini index,2019,29.3,South Asia,Upper middle income,73.5109,4.1742
2735,ML,Mali,Gini index,2021,35.7,Sub-Saharan Africa ,Low income,-7.50034,13.5667
2736,MT,Malta,Gini index,2023,31.8,"Middle East, North Africa, Afghanistan & Pakistan",High income,14.5189,35.9042
2737,MH,Marshall Islands,Gini index,2019,35.5,East Asia & Pacific,Upper middle income,171.135,7.11046
2738,MR,Mauritania,Gini index,2019,32.0,Sub-Saharan Africa ,Lower middle income,-15.9824,18.2367
2739,MU,Mauritius,Gini index,2017,36.8,Sub-Saharan Africa ,Upper middle income,57.4977,-20.1605
2740,MX,Mexico,Gini index,2024,42.6,Latin America & Caribbean ,Upper middle income,-99.1276,19.427
2741,MD,Moldova,Gini index,2023,26.8,Europe & Central Asia,Upper middle income,28.8497,47.0167
2742,MN,Mongolia,Gini index,2022,31.4,East Asia & Pacific,Upper middle income,106.937,47.9129
2743,ME,Montenegro,Gini index,2021,34.3,Europe & Central Asia,Upper middle income,19.2595,42.4602
2744,MZ,Mozambique,Gini index,2022,49.6,Sub-Saharan Africa ,Low income,32.5713,-25.9664
2745,MM,Myanmar,Gini index,2017,30.7,East Asia & Pacific,Lower middle income,95.9562,21.914
2746,NP,Nepal,Gini index,2022,30.0,South Asia,Lower middle income,85.3157,27.6939
2747,NL,Netherlands,Gini index,2021,25.7,Europe & Central Asia,High income,4.89095,52.3738
2748,NE,Niger,Gini index,2021,32.9,Sub-Saharan Africa ,Low income,2.1073,13.514
2749,NG,Nigeria,Gini index,2022,33.9,Sub-Saharan Africa ,Lower middle income,7.48906,9.05804
2750,MK,North Macedonia,Gini index,2019,33.5,Europe & Central Asia,Upper middle income,21.4361,42.0024
2751,NO,Norway,Gini index,2023,26.5,Europe & Central Asia,High income,10.7387,59.9138
2752,PK,Pakistan,Gini index,2024,33.5,"Middle East, North Africa, Afghanistan & Pakistan",Lower middle income,72.8,30.5167
2753,PA,Panama,Gini index,2024,49.7,Latin America & Caribbean ,High income,-79.5188,8.99427
2754,PY,Paraguay,Gini index,2024,44.2,Latin America & Caribbean ,Upper middle income,-57.6362,-25.3005
2755,PE,Peru,Gini index,2024,40.1,Latin America & Caribbean ,Upper middle income,-77.0465,-12.0931
2756,PH,Philippines,Gini index,2023,39.3,East Asia & Pacific,Upper middle income,121.035,14.5515
2757,PL,Poland,Gini index,2023,28.5,Europe & Central Asia,High income,21.02,52.26
2758,PT,Portugal,Gini index,2023,33.9,Europe & Central Asia,High income,-9.13552,38.7072
2759,QA,Qatar,Gini index,2017,35.1,"Middle East, North Africa, Afghanistan & Pakistan",High income,51.5082,25.2948
2760,RO,Romania,Gini index,2023,29.8,Europe & Central Asia,High income,26.0979,44.4479
2761,RU,Russian Federation,Gini index,2023,33.0,Europe & Central Asia,High income,37.6176,55.7558
2762,RW,Rwanda,Gini index,2023,39.4,Sub-Saharan Africa ,Low income,30.0587,-1.95325
2763,ST,Sao Tome and Principe,Gini index,2017,40.7,Sub-Saharan Africa ,Lower middle income,6.6071,0.20618
2764,SN,Senegal,Gini index,2021,36.2,Sub-Saharan Africa ,Lower middle income,-17.4734,14.7247
2765,RS,Serbia,Gini index,2023,32.8,Europe & Central Asia,Upper middle income,20.4656,44.8024
2766,SC,Seychelles,Gini index,2018,32.1,Sub-Saharan Africa ,High income,55.4466,-4.6309
2767,SL,Sierra Leone,Gini index,2018,35.7,Sub-Saharan Africa ,Low income,-13.2134,8.4821
2768,SK,Slovak Republic,Gini index,2023,23.8,Europe & Central Asia,High income,17.1073,48.1484
2769,SI,Slovenia,Gini index,2023,24.7,Europe & Central Asia,High income,14.5044,46.0546
2770,ZA,South Africa,Gini index,2022,54.1,Sub-Saharan Africa ,Upper middle income,28.1871,-25.746
2771,SS,South Sudan,Gini index,2016,44.0,Sub-Saharan Africa ,Low income,31.6,4.85
2772,ES,Spain,Gini index,2023,33.4,Europe & Central Asia,High income,-3.70327,40.4167
2773,LK,Sri Lanka,Gini index,2019,37.7,South Asia,Upper middle income,79.8528,6.92148
2774,SR,Suriname,Gini index,2022,39.2,Latin America & Caribbean ,Upper middle income,-55.1679,5.8232
2775,SE,Sweden,Gini index,2023,29.3,Europe & Central Asia,High income,18.0645,59.3327
2776,CH,Switzerland,Gini index,2022,33.8,Europe & Central Asia,High income,7.44821,46.948
2777,SY,Syrian Arab Republic,Gini index,2022,26.4,"Middle East, North Africa, Afghanistan & Pakistan",Low income,36.3119,33.5146
2778,TJ,Tajikistan,Gini index,2024,36.1,Europe & Central Asia,Lower middle income,68.7864,38.5878
2779,TZ,Tanzania,Gini index,2018,40.5,Sub-Saharan Africa ,Lower middle income,35.7382,-6.17486
2780,TH,Thailand,Gini index,2024,33.3,East Asia & Pacific,Upper middle income,100.521,13.7308
2781,TG,Togo,Gini index,2021,37.9,Sub-Saharan Africa ,Lower middle income,1.2255,6.1228
2782,TO,Tonga,Gini index,2021,27.1,East Asia & Pacific,Upper middle income,-175.216,-21.136
2783,TN,Tunisia,Gini index,2021,33.7,"Middle East, North Africa, Afghanistan & Pakistan",Lower middle income,10.21,36.7899
2784,TR,Turkiye,Gini index,2023,43.7,Europe & Central Asia,Upper middle income,32.3606,39.7153
2785,UG,Uganda,Gini index,2019,42.7,Sub-Saharan Africa ,Low income,32.5729,0.314269
2786,UA,Ukraine,Gini index,2020,25.6,Europe & Central Asia,Upper middle income,30.5038,50.4536
2787,AE,United Arab Emirates,Gini index,2018,26.4,"Middle East, North Africa, Afghanistan & Pakistan",High income,54.3705,24.4764
2788,GB,United Kingdom,Gini index,2021,32.4,Europe & Central Asia,High income,-0.126236,51.5002
2789,US,United States,Gini index,2024,41.8,North America,High income,-77.032,38.8895
2790,UY,Uruguay,Gini index,2024,40.0,Latin America & Caribbean ,High income,-56.0675,-34.8941
2791,UZ,Uzbekistan,Gini index,2025,32.7,Europe & Central Asia,Lower middle income,69.269,41.3052
2792,VU,Vanuatu,Gini index,2019,32.3,East Asia & Pacific,Lower middle income,168.321,-17.7404
2793,VN,Viet Nam,Gini index,2022,36.1,East Asia & Pacific,Upper middle income,105.825,21.0069
2794,PS,West Bank and Gaza,Gini index,2023,36.4,"Middle East, North Africa, Afghanistan & Pakistan",Lower middle income,,
2795,ZM,Zambia,Gini index,2022,51.5,Sub-Saharan Africa ,Lower middle income,28.2937,-15.3982
2796,ZW,Zimbabwe,Gini index,2019,50.3,Sub-Saharan Africa ,Lower middle income,31.0672,-17.8312
