,country_id,country_value,indicator_name,year,value,region,incomeLevel,longitude,latitude
0,ZH,Africa Eastern and Southern,Individuals using the Internet (% of population),2025,30.4,Aggregates,Aggregates,,
1,ZH,Africa Eastern and Southern,Individuals using the Internet (% of population),2024,28.8,Aggregates,Aggregates,,
2,ZH,Africa Eastern and Southern,Individuals using the Internet (% of population),2023,27.8,Aggregates,Aggregates,,
3,ZH,Africa Eastern and Southern,Individuals using the Internet (% of population),2022,26.8,Aggregates,Aggregates,,
4,ZH,Africa Eastern and Southern,Individuals using the Internet (% of population),2021,25.0,Aggregates,Aggregates,,
5,ZH,Africa Eastern and Southern,Individuals using the Internet (% of population),2020,23.5,Aggregates,Aggregates,,
6,ZH,Africa Eastern and Southern,Individuals using the Internet (% of population),2019,21.6,Aggregates,Aggregates,,
7,ZH,Africa Eastern and Southern,Individuals using the Internet (% of population),2018,19.6,Aggregates,Aggregates,,
8,ZH,Africa Eastern and Southern,Individuals using the Internet (% of population),2017,17.3,Aggregates,Aggregates,,
9,ZH,Africa Eastern and Southern,Individuals using the Internet (% of population),2016,16.3,Aggregates,Aggregates,,
10,ZI,Africa Western and Central,Individuals using the Internet (% of population),2025,42.4,Aggregates,Aggregates,,
11,ZI,Africa Western and Central,Individuals using the Internet (% of population),2024,40.0,Aggregates,Aggregates,,
12,ZI,Africa Western and Central,Individuals using the Internet (% of population),2023,38.5,Aggregates,Aggregates,,
13,ZI,Africa Western and Central,Individuals using the Internet (% of population),2022,37.5,Aggregates,Aggregates,,
14,ZI,Africa Western and Central,Individuals using the Internet (% of population),2021,34.7,Aggregates,Aggregates,,
15,ZI,Africa Western and Central,Individuals using the Internet (% of population),2020,31.5,Aggregates,Aggregates,,
16,ZI,Africa Western and Central,Individuals using the Internet (% of population),2019,28.5,Aggregates,Aggregates,,
17,ZI,Africa Western and Central,Individuals using the Internet (% of population),2018,25.7,Aggregates,Aggregates,,
18,ZI,Africa Western and Central,Individuals using the Internet (% of population),2017,23.8,Aggregates,Aggregates,,
19,ZI,Africa Western and Central,Individuals using the Internet (% of population),2016,20.9,Aggregates,Aggregates,,
20,1A,Arab World,Individuals using the Internet (% of population),2025,,Aggregates,Aggregates,,
21,1A,Arab World,Individuals using the Internet (% of population),2024,,Aggregates,Aggregates,,
22,1A,Arab World,Individuals using the Internet (% of population),2023,,Aggregates,Aggregates,,
23,1A,Arab World,Individuals using the Internet (% of population),2022,,Aggregates,Aggregates,,
24,1A,Arab World,Individuals using the Internet (% of population),2021,,Aggregates,Aggregates,,
25,1A,Arab World,Individuals using the Internet (% of population),2020,,Aggregates,Aggregates,,
26,1A,Arab World,Individuals using the Internet (% of population),2019,,Aggregates,Aggregates,,
27,1A,Arab World,Individuals using the Internet (% of population),2018,,Aggregates,Aggregates,,
28,1A,Arab World,Individuals using the Internet (% of population),2017,,Aggregates,Aggregates,,
29,1A,Arab World,Individuals using the Internet (% of population),2016,,Aggregates,Aggregates,,
30,S3,Caribbean small states,Individuals using the Internet (% of population),2025,,Aggregates,Aggregates,,
31,S3,Caribbean small states,Individuals using the Internet (% of population),2024,,Aggregates,Aggregates,,
32,S3,Caribbean small states,Individuals using the Internet (% of population),2023,,Aggregates,Aggregates,,
33,S3,Caribbean small states,Individuals using the Internet (% of population),2022,,Aggregates,Aggregates,,
34,S3,Caribbean small states,Individuals using the Internet (% of population),2021,,Aggregates,Aggregates,,
35,S3,Caribbean small states,Individuals using the Internet (% of population),2020,,Aggregates,Aggregates,,
36,S3,Caribbean small states,Individuals using the Internet (% of population),2019,,Aggregates,Aggregates,,
37,S3,Caribbean small states,Individuals using the Internet (% of population),2018,,Aggregates,Aggregates,,
38,S3,Caribbean small states,Individuals using the Internet (% of population),2017,,Aggregates,Aggregates,,
39,S3,Caribbean small states,Individuals using the Internet (% of population),2016,,Aggregates,Aggregates,,
40,B8,Central Europe and the Baltics,Individuals using the Internet (% of population),2025,,Aggregates,Aggregates,,
41,B8,Central Europe and the Baltics,Individuals using the Internet (% of population),2024,,Aggregates,Aggregates,,
42,B8,Central Europe and the Baltics,Individuals using the Internet (% of population),2023,,Aggregates,Aggregates,,
43,B8,Central Europe and the Baltics,Individuals using the Internet (% of population),2022,,Aggregates,Aggregates,,
44,B8,Central Europe and the Baltics,Individuals using the Internet (% of population),2021,,Aggregates,Aggregates,,
45,B8,Central Europe and the Baltics,Individuals using the Internet (% of population),2020,,Aggregates,Aggregates,,
46,B8,Central Europe and the Baltics,Individuals using the Internet (% of population),2019,,Aggregates,Aggregates,,
47,B8,Central Europe and the Baltics,Individuals using the Internet (% of population),2018,,Aggregates,Aggregates,,
48,B8,Central Europe and the Baltics,Individuals using the Internet (% of population),2017,,Aggregates,Aggregates,,
49,B8,Central Europe and the Baltics,Individuals using the Internet (% of population),2016,,Aggregates,Aggregates,,
50,V2,Early-demographic dividend,Individuals using the Internet (% of population),2025,,Aggregates,Aggregates,,
51,V2,Early-demographic dividend,Individuals using the Internet (% of population),2024,,Aggregates,Aggregates,,
52,V2,Early-demographic dividend,Individuals using the Internet (% of population),2023,,Aggregates,Aggregates,,
53,V2,Early-demographic dividend,Individuals using the Internet (% of population),2022,,Aggregates,Aggregates,,
54,V2,Early-demographic dividend,Individuals using the Internet (% of population),2021,,Aggregates,Aggregates,,
55,V2,Early-demographic dividend,Individuals using the Internet (% of population),2020,,Aggregates,Aggregates,,
56,V2,Early-demographic dividend,Individuals using the Internet (% of population),2019,,Aggregates,Aggregates,,
57,V2,Early-demographic dividend,Individuals using the Internet (% of population),2018,,Aggregates,Aggregates,,
58,V2,Early-demographic dividend,Individuals using the Internet (% of population),2017,,Aggregates,Aggregates,,
59,V2,Early-demographic dividend,Individuals using the Internet (% of population),2016,,Aggregates,Aggregates,,
60,Z4,East Asia & Pacific,Individuals using the Internet (% of population),2025,88.4,Aggregates,Aggregates,,
61,Z4,East Asia & Pacific,Individuals using the Internet (% of population),2024,86.6,Aggregates,Aggregates,,
62,Z4,East Asia & Pacific,Individuals using the Internet (% of population),2023,84.9,Aggregates,Aggregates,,
63,Z4,East Asia & Pacific,Individuals using the Internet (% of population),2022,82.4,Aggregates,Aggregates,,
64,Z4,East Asia & Pacific,Individuals using the Internet (% of population),2021,78.8,Aggregates,Aggregates,,
65,Z4,East Asia & Pacific,Individuals using the Internet (% of population),2020,73.9,Aggregates,Aggregates,,
66,Z4,East Asia & Pacific,Individuals using the Internet (% of population),2019,67.1,Aggregates,Aggregates,,
67,Z4,East Asia & Pacific,Individuals using the Internet (% of population),2018,62.5,Aggregates,Aggregates,,
68,Z4,East Asia & Pacific,Individuals using the Internet (% of population),2017,57.8,Aggregates,Aggregates,,
69,Z4,East Asia & Pacific,Individuals using the Internet (% of population),2016,53.9,Aggregates,Aggregates,,
70,4E,East Asia & Pacific (excluding high income),Individuals using the Internet (% of population),2025,88.1,Aggregates,Aggregates,,
71,4E,East Asia & Pacific (excluding high income),Individuals using the Internet (% of population),2024,86.1,Aggregates,Aggregates,,
72,4E,East Asia & Pacific (excluding high income),Individuals using the Internet (% of population),2023,84.2,Aggregates,Aggregates,,
73,4E,East Asia & Pacific (excluding high income),Individuals using the Internet (% of population),2022,81.6,Aggregates,Aggregates,,
74,4E,East Asia & Pacific (excluding high income),Individuals using the Internet (% of population),2021,77.6,Aggregates,Aggregates,,
75,4E,East Asia & Pacific (excluding high income),Individuals using the Internet (% of population),2020,72.2,Aggregates,Aggregates,,
76,4E,East Asia & Pacific (excluding high income),Individuals using the Internet (% of population),2019,64.0,Aggregates,Aggregates,,
77,4E,East Asia & Pacific (excluding high income),Individuals using the Internet (% of population),2018,59.1,Aggregates,Aggregates,,
78,4E,East Asia & Pacific (excluding high income),Individuals using the Internet (% of population),2017,53.9,Aggregates,Aggregates,,
79,4E,East Asia & Pacific (excluding high income),Individuals using the Internet (% of population),2016,49.6,Aggregates,Aggregates,,
80,T4,East Asia & Pacific (IDA & IBRD countries),Individuals using the Internet (% of population),2025,88.9,Aggregates,Aggregates,,
81,T4,East Asia & Pacific (IDA & IBRD countries),Individuals using the Internet (% of population),2024,86.8,Aggregates,Aggregates,,
82,T4,East Asia & Pacific (IDA & IBRD countries),Individuals using the Internet (% of population),2023,85.0,Aggregates,Aggregates,,
83,T4,East Asia & Pacific (IDA & IBRD countries),Individuals using the Internet (% of population),2022,82.3,Aggregates,Aggregates,,
84,T4,East Asia & Pacific (IDA & IBRD countries),Individuals using the Internet (% of population),2021,78.3,Aggregates,Aggregates,,
85,T4,East Asia & Pacific (IDA & IBRD countries),Individuals using the Internet (% of population),2020,72.7,Aggregates,Aggregates,,
86,T4,East Asia & Pacific (IDA & IBRD countries),Individuals using the Internet (% of population),2019,64.3,Aggregates,Aggregates,,
87,T4,East Asia & Pacific (IDA & IBRD countries),Individuals using the Internet (% of population),2018,59.8,Aggregates,Aggregates,,
88,T4,East Asia & Pacific (IDA & IBRD countries),Individuals using the Internet (% of population),2017,54.6,Aggregates,Aggregates,,
89,T4,East Asia & Pacific (IDA & IBRD countries),Individuals using the Internet (% of population),2016,50.2,Aggregates,Aggregates,,
90,XC,Euro area,Individuals using the Internet (% of population),2025,,Aggregates,Aggregates,,
91,XC,Euro area,Individuals using the Internet (% of population),2024,,Aggregates,Aggregates,,
92,XC,Euro area,Individuals using the Internet (% of population),2023,,Aggregates,Aggregates,,
93,XC,Euro area,Individuals using the Internet (% of population),2022,,Aggregates,Aggregates,,
94,XC,Euro area,Individuals using the Internet (% of population),2021,,Aggregates,Aggregates,,
95,XC,Euro area,Individuals using the Internet (% of population),2020,,Aggregates,Aggregates,,
96,XC,Euro area,Individuals using the Internet (% of population),2019,,Aggregates,Aggregates,,
97,XC,Euro area,Individuals using the Internet (% of population),2018,,Aggregates,Aggregates,,
98,XC,Euro area,Individuals using the Internet (% of population),2017,,Aggregates,Aggregates,,
99,XC,Euro area,Individuals using the Internet (% of population),2016,,Aggregates,Aggregates,,
100,Z7,Europe & Central Asia,Individuals using the Internet (% of population),2025,92.4,Aggregates,Aggregates,,
101,Z7,Europe & Central Asia,Individuals using the Internet (% of population),2024,90.9,Aggregates,Aggregates,,
102,Z7,Europe & Central Asia,Individuals using the Internet (% of population),2023,89.6,Aggregates,Aggregates,,
103,Z7,Europe & Central Asia,Individuals using the Internet (% of population),2022,87.9,Aggregates,Aggregates,,
104,Z7,Europe & Central Asia,Individuals using the Internet (% of population),2021,86.3,Aggregates,Aggregates,,
105,Z7,Europe & Central Asia,Individuals using the Internet (% of population),2020,83.4,Aggregates,Aggregates,,
106,Z7,Europe & Central Asia,Individuals using the Internet (% of population),2019,80.3,Aggregates,Aggregates,,
107,Z7,Europe & Central Asia,Individuals using the Internet (% of population),2018,78.1,Aggregates,Aggregates,,
108,Z7,Europe & Central Asia,Individuals using the Internet (% of population),2017,74.5,Aggregates,Aggregates,,
109,Z7,Europe & Central Asia,Individuals using the Internet (% of population),2016,72.3,Aggregates,Aggregates,,
110,7E,Europe & Central Asia (excluding high income),Individuals using the Internet (% of population),2025,87.5,Aggregates,Aggregates,,
111,7E,Europe & Central Asia (excluding high income),Individuals using the Internet (% of population),2024,85.8,Aggregates,Aggregates,,
112,7E,Europe & Central Asia (excluding high income),Individuals using the Internet (% of population),2023,84.6,Aggregates,Aggregates,,
113,7E,Europe & Central Asia (excluding high income),Individuals using the Internet (% of population),2022,82.0,Aggregates,Aggregates,,
114,7E,Europe & Central Asia (excluding high income),Individuals using the Internet (% of population),2021,79.1,Aggregates,Aggregates,,
115,7E,Europe & Central Asia (excluding high income),Individuals using the Internet (% of population),2020,74.5,Aggregates,Aggregates,,
116,7E,Europe & Central Asia (excluding high income),Individuals using the Internet (% of population),2019,70.3,Aggregates,Aggregates,,
117,7E,Europe & Central Asia (excluding high income),Individuals using the Internet (% of population),2018,65.8,Aggregates,Aggregates,,
118,7E,Europe & Central Asia (excluding high income),Individuals using the Internet (% of population),2017,60.6,Aggregates,Aggregates,,
119,7E,Europe & Central Asia (excluding high income),Individuals using the Internet (% of population),2016,56.2,Aggregates,Aggregates,,
120,T7,Europe & Central Asia (IDA & IBRD countries),Individuals using the Internet (% of population),2025,90.8,Aggregates,Aggregates,,
121,T7,Europe & Central Asia (IDA & IBRD countries),Individuals using the Internet (% of population),2024,88.9,Aggregates,Aggregates,,
122,T7,Europe & Central Asia (IDA & IBRD countries),Individuals using the Internet (% of population),2023,87.3,Aggregates,Aggregates,,
123,T7,Europe & Central Asia (IDA & IBRD countries),Individuals using the Internet (% of population),2022,85.2,Aggregates,Aggregates,,
124,T7,Europe & Central Asia (IDA & IBRD countries),Individuals using the Internet (% of population),2021,82.6,Aggregates,Aggregates,,
125,T7,Europe & Central Asia (IDA & IBRD countries),Individuals using the Internet (% of population),2020,78.6,Aggregates,Aggregates,,
126,T7,Europe & Central Asia (IDA & IBRD countries),Individuals using the Internet (% of population),2019,75.2,Aggregates,Aggregates,,
127,T7,Europe & Central Asia (IDA & IBRD countries),Individuals using the Internet (% of population),2018,71.8,Aggregates,Aggregates,,
128,T7,Europe & Central Asia (IDA & IBRD countries),Individuals using the Internet (% of population),2017,67.0,Aggregates,Aggregates,,
129,T7,Europe & Central Asia (IDA & IBRD countries),Individuals using the Internet (% of population),2016,63.3,Aggregates,Aggregates,,
130,EU,European Union,Individuals using the Internet (% of population),2025,,Aggregates,Aggregates,,
131,EU,European Union,Individuals using the Internet (% of population),2024,,Aggregates,Aggregates,,
132,EU,European Union,Individuals using the Internet (% of population),2023,,Aggregates,Aggregates,,
133,EU,European Union,Individuals using the Internet (% of population),2022,,Aggregates,Aggregates,,
134,EU,European Union,Individuals using the Internet (% of population),2021,,Aggregates,Aggregates,,
135,EU,European Union,Individuals using the Internet (% of population),2020,,Aggregates,Aggregates,,
136,EU,European Union,Individuals using the Internet (% of population),2019,,Aggregates,Aggregates,,
137,EU,European Union,Individuals using the Internet (% of population),2018,,Aggregates,Aggregates,,
138,EU,European Union,Individuals using the Internet (% of population),2017,,Aggregates,Aggregates,,
139,EU,European Union,Individuals using the Internet (% of population),2016,,Aggregates,Aggregates,,
140,XE,Heavily indebted poor countries (HIPC),Individuals using the Internet (% of population),2025,,Aggregates,Aggregates,,
141,XE,Heavily indebted poor countries (HIPC),Individuals using the Internet (% of population),2024,,Aggregates,Aggregates,,
142,XE,Heavily indebted poor countries (HIPC),Individuals using the Internet (% of population),2023,,Aggregates,Aggregates,,
143,XE,Heavily indebted poor countries (HIPC),Individuals using the Internet (% of population),2022,,Aggregates,Aggregates,,
144,XE,Heavily indebted poor countries (HIPC),Individuals using the Internet (% of population),2021,,Aggregates,Aggregates,,
145,XE,Heavily indebted poor countries (HIPC),Individuals using the Internet (% of population),2020,,Aggregates,Aggregates,,
146,XE,Heavily indebted poor countries (HIPC),Individuals using the Internet (% of population),2019,,Aggregates,Aggregates,,
147,XE,Heavily indebted poor countries (HIPC),Individuals using the Internet (% of population),2018,,Aggregates,Aggregates,,
148,XE,Heavily indebted poor countries (HIPC),Individuals using the Internet (% of population),2017,,Aggregates,Aggregates,,
149,XE,Heavily indebted poor countries (HIPC),Individuals using the Internet (% of population),2016,,Aggregates,Aggregates,,
150,XD,High income,Individuals using the Internet (% of population),2025,94.2,Aggregates,Aggregates,,
151,XD,High income,Individuals using the Internet (% of population),2024,93.0,Aggregates,Aggregates,,
152,XD,High income,Individuals using the Internet (% of population),2023,91.9,Aggregates,Aggregates,,
153,XD,High income,Individuals using the Internet (% of population),2022,91.0,Aggregates,Aggregates,,
154,XD,High income,Individuals using the Internet (% of population),2021,90.0,Aggregates,Aggregates,,
155,XD,High income,Individuals using the Internet (% of population),2020,88.4,Aggregates,Aggregates,,
156,XD,High income,Individuals using the Internet (% of population),2019,87.5,Aggregates,Aggregates,,
157,XD,High income,Individuals using the Internet (% of population),2018,86.3,Aggregates,Aggregates,,
158,XD,High income,Individuals using the Internet (% of population),2017,84.2,Aggregates,Aggregates,,
159,XD,High income,Individuals using the Internet (% of population),2016,82.5,Aggregates,Aggregates,,
160,XF,IBRD only,Individuals using the Internet (% of population),2025,82.7,Aggregates,Aggregates,,
161,XF,IBRD only,Individuals using the Internet (% of population),2024,79.9,Aggregates,Aggregates,,
162,XF,IBRD only,Individuals using the Internet (% of population),2023,77.3,Aggregates,Aggregates,,
163,XF,IBRD only,Individuals using the Internet (% of population),2022,74.4,Aggregates,Aggregates,,
164,XF,IBRD only,Individuals using the Internet (% of population),2021,70.3,Aggregates,Aggregates,,
165,XF,IBRD only,Individuals using the Internet (% of population),2020,65.4,Aggregates,Aggregates,,
166,XF,IBRD only,Individuals using the Internet (% of population),2019,56.3,Aggregates,Aggregates,,
167,XF,IBRD only,Individuals using the Internet (% of population),2018,50.3,Aggregates,Aggregates,,
168,XF,IBRD only,Individuals using the Internet (% of population),2017,46.6,Aggregates,Aggregates,,
169,XF,IBRD only,Individuals using the Internet (% of population),2016,43.2,Aggregates,Aggregates,,
170,ZT,IDA & IBRD total,Individuals using the Internet (% of population),2025,70.3,Aggregates,Aggregates,,
171,ZT,IDA & IBRD total,Individuals using the Internet (% of population),2024,67.7,Aggregates,Aggregates,,
172,ZT,IDA & IBRD total,Individuals using the Internet (% of population),2023,65.5,Aggregates,Aggregates,,
173,ZT,IDA & IBRD total,Individuals using the Internet (% of population),2022,63.0,Aggregates,Aggregates,,
174,ZT,IDA & IBRD total,Individuals using the Internet (% of population),2021,59.3,Aggregates,Aggregates,,
175,ZT,IDA & IBRD total,Individuals using the Internet (% of population),2020,55.1,Aggregates,Aggregates,,
176,ZT,IDA & IBRD total,Individuals using the Internet (% of population),2019,47.8,Aggregates,Aggregates,,
177,ZT,IDA & IBRD total,Individuals using the Internet (% of population),2018,42.9,Aggregates,Aggregates,,
178,ZT,IDA & IBRD total,Individuals using the Internet (% of population),2017,39.5,Aggregates,Aggregates,,
179,ZT,IDA & IBRD total,Individuals using the Internet (% of population),2016,36.4,Aggregates,Aggregates,,
180,XH,IDA blend,Individuals using the Internet (% of population),2025,44.2,Aggregates,Aggregates,,
181,XH,IDA blend,Individuals using the Internet (% of population),2024,41.2,Aggregates,Aggregates,,
182,XH,IDA blend,Individuals using the Internet (% of population),2023,38.3,Aggregates,Aggregates,,
183,XH,IDA blend,Individuals using the Internet (% of population),2022,36.5,Aggregates,Aggregates,,
184,XH,IDA blend,Individuals using the Internet (% of population),2021,32.4,Aggregates,Aggregates,,
185,XH,IDA blend,Individuals using the Internet (% of population),2020,28.7,Aggregates,Aggregates,,
186,XH,IDA blend,Individuals using the Internet (% of population),2019,26.9,Aggregates,Aggregates,,
187,XH,IDA blend,Individuals using the Internet (% of population),2018,24.1,Aggregates,Aggregates,,
188,XH,IDA blend,Individuals using the Internet (% of population),2017,22.3,Aggregates,Aggregates,,
189,XH,IDA blend,Individuals using the Internet (% of population),2016,20.6,Aggregates,Aggregates,,
190,XI,IDA only,Individuals using the Internet (% of population),2025,36.1,Aggregates,Aggregates,,
191,XI,IDA only,Individuals using the Internet (% of population),2024,33.9,Aggregates,Aggregates,,
192,XI,IDA only,Individuals using the Internet (% of population),2023,32.5,Aggregates,Aggregates,,
193,XI,IDA only,Individuals using the Internet (% of population),2022,30.7,Aggregates,Aggregates,,
194,XI,IDA only,Individuals using the Internet (% of population),2021,28.4,Aggregates,Aggregates,,
195,XI,IDA only,Individuals using the Internet (% of population),2020,26.0,Aggregates,Aggregates,,
196,XI,IDA only,Individuals using the Internet (% of population),2019,22.8,Aggregates,Aggregates,,
197,XI,IDA only,Individuals using the Internet (% of population),2018,20.9,Aggregates,Aggregates,,
198,XI,IDA only,Individuals using the Internet (% of population),2017,17.5,Aggregates,Aggregates,,
199,XI,IDA only,Individuals using the Internet (% of population),2016,14.9,Aggregates,Aggregates,,
200,XG,IDA total,Individuals using the Internet (% of population),2025,38.9,Aggregates,Aggregates,,
201,XG,IDA total,Individuals using the Internet (% of population),2024,36.4,Aggregates,Aggregates,,
202,XG,IDA total,Individuals using the Internet (% of population),2023,34.5,Aggregates,Aggregates,,
203,XG,IDA total,Individuals using the Internet (% of population),2022,32.8,Aggregates,Aggregates,,
204,XG,IDA total,Individuals using the Internet (% of population),2021,29.8,Aggregates,Aggregates,,
205,XG,IDA total,Individuals using the Internet (% of population),2020,27.0,Aggregates,Aggregates,,
206,XG,IDA total,Individuals using the Internet (% of population),2019,24.2,Aggregates,Aggregates,,
207,XG,IDA total,Individuals using the Internet (% of population),2018,22.0,Aggregates,Aggregates,,
208,XG,IDA total,Individuals using the Internet (% of population),2017,19.2,Aggregates,Aggregates,,
209,XG,IDA total,Individuals using the Internet (% of population),2016,16.9,Aggregates,Aggregates,,
210,V3,Late-demographic dividend,Individuals using the Internet (% of population),2025,,Aggregates,Aggregates,,
211,V3,Late-demographic dividend,Individuals using the Internet (% of population),2024,,Aggregates,Aggregates,,
212,V3,Late-demographic dividend,Individuals using the Internet (% of population),2023,,Aggregates,Aggregates,,
213,V3,Late-demographic dividend,Individuals using the Internet (% of population),2022,,Aggregates,Aggregates,,
214,V3,Late-demographic dividend,Individuals using the Internet (% of population),2021,,Aggregates,Aggregates,,
215,V3,Late-demographic dividend,Individuals using the Internet (% of population),2020,,Aggregates,Aggregates,,
216,V3,Late-demographic dividend,Individuals using the Internet (% of population),2019,,Aggregates,Aggregates,,
217,V3,Late-demographic dividend,Individuals using the Internet (% of population),2018,,Aggregates,Aggregates,,
218,V3,Late-demographic dividend,Individuals using the Internet (% of population),2017,,Aggregates,Aggregates,,
219,V3,Late-demographic dividend,Individuals using the Internet (% of population),2016,,Aggregates,Aggregates,,
220,ZJ,Latin America & Caribbean,Individuals using the Internet (% of population),2025,83.7,Aggregates,Aggregates,,
221,ZJ,Latin America & Caribbean,Individuals using the Internet (% of population),2024,81.7,Aggregates,Aggregates,,
222,ZJ,Latin America & Caribbean,Individuals using the Internet (% of population),2023,80.0,Aggregates,Aggregates,,
223,ZJ,Latin America & Caribbean,Individuals using the Internet (% of population),2022,77.1,Aggregates,Aggregates,,
224,ZJ,Latin America & Caribbean,Individuals using the Internet (% of population),2021,75.8,Aggregates,Aggregates,,
225,ZJ,Latin America & Caribbean,Individuals using the Internet (% of population),2020,73.8,Aggregates,Aggregates,,
226,ZJ,Latin America & Caribbean,Individuals using the Internet (% of population),2019,67.8,Aggregates,Aggregates,,
227,ZJ,Latin America & Caribbean,Individuals using the Internet (% of population),2018,63.5,Aggregates,Aggregates,,
228,ZJ,Latin America & Caribbean,Individuals using the Internet (% of population),2017,60.2,Aggregates,Aggregates,,
229,ZJ,Latin America & Caribbean,Individuals using the Internet (% of population),2016,57.5,Aggregates,Aggregates,,
230,XJ,Latin America & Caribbean (excluding high income),Individuals using the Internet (% of population),2025,83.6,Aggregates,Aggregates,,
231,XJ,Latin America & Caribbean (excluding high income),Individuals using the Internet (% of population),2024,81.4,Aggregates,Aggregates,,
232,XJ,Latin America & Caribbean (excluding high income),Individuals using the Internet (% of population),2023,79.7,Aggregates,Aggregates,,
233,XJ,Latin America & Caribbean (excluding high income),Individuals using the Internet (% of population),2022,76.6,Aggregates,Aggregates,,
234,XJ,Latin America & Caribbean (excluding high income),Individuals using the Internet (% of population),2021,75.3,Aggregates,Aggregates,,
235,XJ,Latin America & Caribbean (excluding high income),Individuals using the Internet (% of population),2020,73.3,Aggregates,Aggregates,,
236,XJ,Latin America & Caribbean (excluding high income),Individuals using the Internet (% of population),2019,67.9,Aggregates,Aggregates,,
237,XJ,Latin America & Caribbean (excluding high income),Individuals using the Internet (% of population),2018,62.6,Aggregates,Aggregates,,
238,XJ,Latin America & Caribbean (excluding high income),Individuals using the Internet (% of population),2017,59.2,Aggregates,Aggregates,,
239,XJ,Latin America & Caribbean (excluding high income),Individuals using the Internet (% of population),2016,56.4,Aggregates,Aggregates,,
240,T2,Latin America & the Caribbean (IDA & IBRD countries),Individuals using the Internet (% of population),2025,83.9,Aggregates,Aggregates,,
241,T2,Latin America & the Caribbean (IDA & IBRD countries),Individuals using the Internet (% of population),2024,81.8,Aggregates,Aggregates,,
242,T2,Latin America & the Caribbean (IDA & IBRD countries),Individuals using the Internet (% of population),2023,80.2,Aggregates,Aggregates,,
243,T2,Latin America & the Caribbean (IDA & IBRD countries),Individuals using the Internet (% of population),2022,77.3,Aggregates,Aggregates,,
244,T2,Latin America & the Caribbean (IDA & IBRD countries),Individuals using the Internet (% of population),2021,75.9,Aggregates,Aggregates,,
245,T2,Latin America & the Caribbean (IDA & IBRD countries),Individuals using the Internet (% of population),2020,73.8,Aggregates,Aggregates,,
246,T2,Latin America & the Caribbean (IDA & IBRD countries),Individuals using the Internet (% of population),2019,67.7,Aggregates,Aggregates,,
247,T2,Latin America & the Caribbean (IDA & IBRD countries),Individuals using the Internet (% of population),2018,63.5,Aggregates,Aggregates,,
248,T2,Latin America & the Caribbean (IDA & IBRD countries),Individuals using the Internet (% of population),2017,60.2,Aggregates,Aggregates,,
249,T2,Latin America & the Caribbean (IDA & IBRD countries),Individuals using the Internet (% of population),2016,57.7,Aggregates,Aggregates,,
250,XL,Least developed countries: UN classification,Individuals using the Internet (% of population),2025,33.7,Aggregates,Aggregates,,
251,XL,Least developed countries: UN classification,Individuals using the Internet (% of population),2024,31.4,Aggregates,Aggregates,,
252,XL,Least developed countries: UN classification,Individuals using the Internet (% of population),2023,29.9,Aggregates,Aggregates,,
253,XL,Least developed countries: UN classification,Individuals using the Internet (% of population),2022,28.2,Aggregates,Aggregates,,
254,XL,Least developed countries: UN classification,Individuals using the Internet (% of population),2021,26.1,Aggregates,Aggregates,,
255,XL,Least developed countries: UN classification,Individuals using the Internet (% of population),2020,24.1,Aggregates,Aggregates,,
256,XL,Least developed countries: UN classification,Individuals using the Internet (% of population),2019,21.2,Aggregates,Aggregates,,
257,XL,Least developed countries: UN classification,Individuals using the Internet (% of population),2018,19.5,Aggregates,Aggregates,,
258,XL,Least developed countries: UN classification,Individuals using the Internet (% of population),2017,16.2,Aggregates,Aggregates,,
259,XL,Least developed countries: UN classification,Individuals using the Internet (% of population),2016,13.8,Aggregates,Aggregates,,
260,XO,Low & middle income,Individuals using the Internet (% of population),2025,,Aggregates,Aggregates,,
261,XO,Low & middle income,Individuals using the Internet (% of population),2024,,Aggregates,Aggregates,,
262,XO,Low & middle income,Individuals using the Internet (% of population),2023,,Aggregates,Aggregates,,
263,XO,Low & middle income,Individuals using the Internet (% of population),2022,,Aggregates,Aggregates,,
264,XO,Low & middle income,Individuals using the Internet (% of population),2021,,Aggregates,Aggregates,,
265,XO,Low & middle income,Individuals using the Internet (% of population),2020,,Aggregates,Aggregates,,
266,XO,Low & middle income,Individuals using the Internet (% of population),2019,,Aggregates,Aggregates,,
267,XO,Low & middle income,Individuals using the Internet (% of population),2018,,Aggregates,Aggregates,,
268,XO,Low & middle income,Individuals using the Internet (% of population),2017,,Aggregates,Aggregates,,
269,XO,Low & middle income,Individuals using the Internet (% of population),2016,,Aggregates,Aggregates,,
270,XM,Low income,Individuals using the Internet (% of population),2025,23.4,Aggregates,Aggregates,,
271,XM,Low income,Individuals using the Internet (% of population),2024,22.5,Aggregates,Aggregates,,
272,XM,Low income,Individuals using the Internet (% of population),2023,22.0,Aggregates,Aggregates,,
273,XM,Low income,Individuals using the Internet (% of population),2022,21.2,Aggregates,Aggregates,,
274,XM,Low income,Individuals using the Internet (% of population),2021,19.0,Aggregates,Aggregates,,
275,XM,Low income,Individuals using the Internet (% of population),2020,17.6,Aggregates,Aggregates,,
276,XM,Low income,Individuals using the Internet (% of population),2019,16.4,Aggregates,Aggregates,,
277,XM,Low income,Individuals using the Internet (% of population),2018,13.8,Aggregates,Aggregates,,
278,XM,Low income,Individuals using the Internet (% of population),2017,11.4,Aggregates,Aggregates,,
279,XM,Low income,Individuals using the Internet (% of population),2016,10.0,Aggregates,Aggregates,,
280,XN,Lower middle income,Individuals using the Internet (% of population),2025,62.9,Aggregates,Aggregates,,
281,XN,Lower middle income,Individuals using the Internet (% of population),2024,58.9,Aggregates,Aggregates,,
282,XN,Lower middle income,Individuals using the Internet (% of population),2023,55.4,Aggregates,Aggregates,,
283,XN,Lower middle income,Individuals using the Internet (% of population),2022,52.3,Aggregates,Aggregates,,
284,XN,Lower middle income,Individuals using the Internet (% of population),2021,47.4,Aggregates,Aggregates,,
285,XN,Lower middle income,Individuals using the Internet (% of population),2020,42.5,Aggregates,Aggregates,,
286,XN,Lower middle income,Individuals using the Internet (% of population),2019,33.4,Aggregates,Aggregates,,
287,XN,Lower middle income,Individuals using the Internet (% of population),2018,27.2,Aggregates,Aggregates,,
288,XN,Lower middle income,Individuals using the Internet (% of population),2017,24.4,Aggregates,Aggregates,,
289,XN,Lower middle income,Individuals using the Internet (% of population),2016,21.9,Aggregates,Aggregates,,
290,ZQ,"Middle East, North Africa, Afghanistan & Pakistan",Individuals using the Internet (% of population),2025,63.7,Aggregates,Aggregates,,
291,ZQ,"Middle East, North Africa, Afghanistan & Pakistan",Individuals using the Internet (% of population),2024,61.5,Aggregates,Aggregates,,
292,ZQ,"Middle East, North Africa, Afghanistan & Pakistan",Individuals using the Internet (% of population),2023,59.5,Aggregates,Aggregates,,
293,ZQ,"Middle East, North Africa, Afghanistan & Pakistan",Individuals using the Internet (% of population),2022,57.8,Aggregates,Aggregates,,
294,ZQ,"Middle East, North Africa, Afghanistan & Pakistan",Individuals using the Internet (% of population),2021,54.2,Aggregates,Aggregates,,
295,ZQ,"Middle East, North Africa, Afghanistan & Pakistan",Individuals using the Internet (% of population),2020,50.6,Aggregates,Aggregates,,
296,ZQ,"Middle East, North Africa, Afghanistan & Pakistan",Individuals using the Internet (% of population),2019,46.0,Aggregates,Aggregates,,
297,ZQ,"Middle East, North Africa, Afghanistan & Pakistan",Individuals using the Internet (% of population),2018,42.3,Aggregates,Aggregates,,
298,ZQ,"Middle East, North Africa, Afghanistan & Pakistan",Individuals using the Internet (% of population),2017,39.7,Aggregates,Aggregates,,
299,ZQ,"Middle East, North Africa, Afghanistan & Pakistan",Individuals using the Internet (% of population),2016,35.0,Aggregates,Aggregates,,
300,XQ,"Middle East, North Africa, Afghanistan & Pakistan (excluding high income)",Individuals using the Internet (% of population),2025,0.0,Aggregates,Aggregates,,
301,XQ,"Middle East, North Africa, Afghanistan & Pakistan (excluding high income)",Individuals using the Internet (% of population),2024,58.0,Aggregates,Aggregates,,
302,XQ,"Middle East, North Africa, Afghanistan & Pakistan (excluding high income)",Individuals using the Internet (% of population),2023,55.9,Aggregates,Aggregates,,
303,XQ,"Middle East, North Africa, Afghanistan & Pakistan (excluding high income)",Individuals using the Internet (% of population),2022,54.1,Aggregates,Aggregates,,
304,XQ,"Middle East, North Africa, Afghanistan & Pakistan (excluding high income)",Individuals using the Internet (% of population),2021,50.2,Aggregates,Aggregates,,
305,XQ,"Middle East, North Africa, Afghanistan & Pakistan (excluding high income)",Individuals using the Internet (% of population),2020,46.4,Aggregates,Aggregates,,
306,XQ,"Middle East, North Africa, Afghanistan & Pakistan (excluding high income)",Individuals using the Internet (% of population),2019,41.5,Aggregates,Aggregates,,
307,XQ,"Middle East, North Africa, Afghanistan & Pakistan (excluding high income)",Individuals using the Internet (% of population),2018,37.6,Aggregates,Aggregates,,
308,XQ,"Middle East, North Africa, Afghanistan & Pakistan (excluding high income)",Individuals using the Internet (% of population),2017,34.8,Aggregates,Aggregates,,
309,XQ,"Middle East, North Africa, Afghanistan & Pakistan (excluding high income)",Individuals using the Internet (% of population),2016,30.8,Aggregates,Aggregates,,
310,T3,"Middle East, North Africa, Afghanistan & Pakistan (IDA & IBRD)",Individuals using the Internet (% of population),2025,60.2,Aggregates,Aggregates,,
311,T3,"Middle East, North Africa, Afghanistan & Pakistan (IDA & IBRD)",Individuals using the Internet (% of population),2024,57.8,Aggregates,Aggregates,,
312,T3,"Middle East, North Africa, Afghanistan & Pakistan (IDA & IBRD)",Individuals using the Internet (% of population),2023,55.7,Aggregates,Aggregates,,
313,T3,"Middle East, North Africa, Afghanistan & Pakistan (IDA & IBRD)",Individuals using the Internet (% of population),2022,53.8,Aggregates,Aggregates,,
314,T3,"Middle East, North Africa, Afghanistan & Pakistan (IDA & IBRD)",Individuals using the Internet (% of population),2021,50.0,Aggregates,Aggregates,,
315,T3,"Middle East, North Africa, Afghanistan & Pakistan (IDA & IBRD)",Individuals using the Internet (% of population),2020,46.2,Aggregates,Aggregates,,
316,T3,"Middle East, North Africa, Afghanistan & Pakistan (IDA & IBRD)",Individuals using the Internet (% of population),2019,41.3,Aggregates,Aggregates,,
317,T3,"Middle East, North Africa, Afghanistan & Pakistan (IDA & IBRD)",Individuals using the Internet (% of population),2018,37.4,Aggregates,Aggregates,,
318,T3,"Middle East, North Africa, Afghanistan & Pakistan (IDA & IBRD)",Individuals using the Internet (% of population),2017,34.6,Aggregates,Aggregates,,
319,T3,"Middle East, North Africa, Afghanistan & Pakistan (IDA & IBRD)",Individuals using the Internet (% of population),2016,30.6,Aggregates,Aggregates,,
320,XP,Middle income,Individuals using the Internet (% of population),2025,,Aggregates,Aggregates,,
321,XP,Middle income,Individuals using the Internet (% of population),2024,,Aggregates,Aggregates,,
322,XP,Middle income,Individuals using the Internet (% of population),2023,,Aggregates,Aggregates,,
323,XP,Middle income,Individuals using the Internet (% of population),2022,,Aggregates,Aggregates,,
324,XP,Middle income,Individuals using the Internet (% of population),2021,,Aggregates,Aggregates,,
325,XP,Middle income,Individuals using the Internet (% of population),2020,,Aggregates,Aggregates,,
326,XP,Middle income,Individuals using the Internet (% of population),2019,,Aggregates,Aggregates,,
327,XP,Middle income,Individuals using the Internet (% of population),2018,,Aggregates,Aggregates,,
328,XP,Middle income,Individuals using the Internet (% of population),2017,,Aggregates,Aggregates,,
329,XP,Middle income,Individuals using the Internet (% of population),2016,,Aggregates,Aggregates,,
330,XU,North America,Individuals using the Internet (% of population),2025,95.6,Aggregates,Aggregates,,
331,XU,North America,Individuals using the Internet (% of population),2024,94.4,Aggregates,Aggregates,,
332,XU,North America,Individuals using the Internet (% of population),2023,93.3,Aggregates,Aggregates,,
333,XU,North America,Individuals using the Internet (% of population),2022,92.6,Aggregates,Aggregates,,
334,XU,North America,Individuals using the Internet (% of population),2021,91.5,Aggregates,Aggregates,,
335,XU,North America,Individuals using the Internet (% of population),2020,90.5,Aggregates,Aggregates,,
336,XU,North America,Individuals using the Internet (% of population),2019,89.7,Aggregates,Aggregates,,
337,XU,North America,Individuals using the Internet (% of population),2018,89.1,Aggregates,Aggregates,,
338,XU,North America,Individuals using the Internet (% of population),2017,87.8,Aggregates,Aggregates,,
339,XU,North America,Individuals using the Internet (% of population),2016,86.1,Aggregates,Aggregates,,
340,XY,Not classified,Individuals using the Internet (% of population),2025,,Aggregates,Aggregates,,
341,XY,Not classified,Individuals using the Internet (% of population),2024,,Aggregates,Aggregates,,
342,XY,Not classified,Individuals using the Internet (% of population),2023,,Aggregates,Aggregates,,
343,XY,Not classified,Individuals using the Internet (% of population),2022,,Aggregates,Aggregates,,
344,XY,Not classified,Individuals using the Internet (% of population),2021,,Aggregates,Aggregates,,
345,XY,Not classified,Individuals using the Internet (% of population),2020,,Aggregates,Aggregates,,
346,XY,Not classified,Individuals using the Internet (% of population),2019,,Aggregates,Aggregates,,
347,XY,Not classified,Individuals using the Internet (% of population),2018,,Aggregates,Aggregates,,
348,XY,Not classified,Individuals using the Internet (% of population),2017,,Aggregates,Aggregates,,
349,XY,Not classified,Individuals using the Internet (% of population),2016,,Aggregates,Aggregates,,
350,OE,OECD members,Individuals using the Internet (% of population),2025,,Aggregates,Aggregates,,
351,OE,OECD members,Individuals using the Internet (% of population),2024,,Aggregates,Aggregates,,
352,OE,OECD members,Individuals using the Internet (% of population),2023,,Aggregates,Aggregates,,
353,OE,OECD members,Individuals using the Internet (% of population),2022,,Aggregates,Aggregates,,
354,OE,OECD members,Individuals using the Internet (% of population),2021,,Aggregates,Aggregates,,
355,OE,OECD members,Individuals using the Internet (% of population),2020,,Aggregates,Aggregates,,
356,OE,OECD members,Individuals using the Internet (% of population),2019,,Aggregates,Aggregates,,
357,OE,OECD members,Individuals using the Internet (% of population),2018,,Aggregates,Aggregates,,
358,OE,OECD members,Individuals using the Internet (% of population),2017,,Aggregates,Aggregates,,
359,OE,OECD members,Individuals using the Internet (% of population),2016,,Aggregates,Aggregates,,
360,S4,Other small states,Individuals using the Internet (% of population),2025,,Aggregates,Aggregates,,
361,S4,Other small states,Individuals using the Internet (% of population),2024,,Aggregates,Aggregates,,
362,S4,Other small states,Individuals using the Internet (% of population),2023,,Aggregates,Aggregates,,
363,S4,Other small states,Individuals using the Internet (% of population),2022,,Aggregates,Aggregates,,
364,S4,Other small states,Individuals using the Internet (% of population),2021,,Aggregates,Aggregates,,
365,S4,Other small states,Individuals using the Internet (% of population),2020,,Aggregates,Aggregates,,
366,S4,Other small states,Individuals using the Internet (% of population),2019,,Aggregates,Aggregates,,
367,S4,Other small states,Individuals using the Internet (% of population),2018,,Aggregates,Aggregates,,
368,S4,Other small states,Individuals using the Internet (% of population),2017,,Aggregates,Aggregates,,
369,S4,Other small states,Individuals using the Internet (% of population),2016,,Aggregates,Aggregates,,
370,S2,Pacific island small states,Individuals using the Internet (% of population),2025,,Aggregates,Aggregates,,
371,S2,Pacific island small states,Individuals using the Internet (% of population),2024,,Aggregates,Aggregates,,
372,S2,Pacific island small states,Individuals using the Internet (% of population),2023,,Aggregates,Aggregates,,
373,S2,Pacific island small states,Individuals using the Internet (% of population),2022,,Aggregates,Aggregates,,
374,S2,Pacific island small states,Individuals using the Internet (% of population),2021,,Aggregates,Aggregates,,
375,S2,Pacific island small states,Individuals using the Internet (% of population),2020,,Aggregates,Aggregates,,
376,S2,Pacific island small states,Individuals using the Internet (% of population),2019,,Aggregates,Aggregates,,
377,S2,Pacific island small states,Individuals using the Internet (% of population),2018,,Aggregates,Aggregates,,
378,S2,Pacific island small states,Individuals using the Internet (% of population),2017,,Aggregates,Aggregates,,
379,S2,Pacific island small states,Individuals using the Internet (% of population),2016,,Aggregates,Aggregates,,
380,V4,Post-demographic dividend,Individuals using the Internet (% of population),2025,,Aggregates,Aggregates,,
381,V4,Post-demographic dividend,Individuals using the Internet (% of population),2024,,Aggregates,Aggregates,,
382,V4,Post-demographic dividend,Individuals using the Internet (% of population),2023,,Aggregates,Aggregates,,
383,V4,Post-demographic dividend,Individuals using the Internet (% of population),2022,,Aggregates,Aggregates,,
384,V4,Post-demographic dividend,Individuals using the Internet (% of population),2021,,Aggregates,Aggregates,,
385,V4,Post-demographic dividend,Individuals using the Internet (% of population),2020,,Aggregates,Aggregates,,
386,V4,Post-demographic dividend,Individuals using the Internet (% of population),2019,,Aggregates,Aggregates,,
387,V4,Post-demographic dividend,Individuals using the Internet (% of population),2018,,Aggregates,Aggregates,,
388,V4,Post-demographic dividend,Individuals using the Internet (% of population),2017,,Aggregates,Aggregates,,
389,V4,Post-demographic dividend,Individuals using the Internet (% of population),2016,,Aggregates,Aggregates,,
390,V1,Pre-demographic dividend,Individuals using the Internet (% of population),2025,,Aggregates,Aggregates,,
391,V1,Pre-demographic dividend,Individuals using the Internet (% of population),2024,,Aggregates,Aggregates,,
392,V1,Pre-demographic dividend,Individuals using the Internet (% of population),2023,,Aggregates,Aggregates,,
393,V1,Pre-demographic dividend,Individuals using the Internet (% of population),2022,,Aggregates,Aggregates,,
394,V1,Pre-demographic dividend,Individuals using the Internet (% of population),2021,,Aggregates,Aggregates,,
395,V1,Pre-demographic dividend,Individuals using the Internet (% of population),2020,,Aggregates,Aggregates,,
396,V1,Pre-demographic dividend,Individuals using the Internet (% of population),2019,,Aggregates,Aggregates,,
397,V1,Pre-demographic dividend,Individuals using the Internet (% of population),2018,,Aggregates,Aggregates,,
398,V1,Pre-demographic dividend,Individuals using the Internet (% of population),2017,,Aggregates,Aggregates,,
399,V1,Pre-demographic dividend,Individuals using the Internet (% of population),2016,,Aggregates,Aggregates,,
400,S1,Small states,Individuals using the Internet (% of population),2025,0.0,Aggregates,Aggregates,,
401,S1,Small states,Individuals using the Internet (% of population),2024,72.5,Aggregates,Aggregates,,
402,S1,Small states,Individuals using the Internet (% of population),2023,71.7,Aggregates,Aggregates,,
403,S1,Small states,Individuals using the Internet (% of population),2022,70.5,Aggregates,Aggregates,,
404,S1,Small states,Individuals using the Internet (% of population),2021,69.1,Aggregates,Aggregates,,
405,S1,Small states,Individuals using the Internet (% of population),2020,65.6,Aggregates,Aggregates,,
406,S1,Small states,Individuals using the Internet (% of population),2019,62.1,Aggregates,Aggregates,,
407,S1,Small states,Individuals using the Internet (% of population),2018,58.0,Aggregates,Aggregates,,
408,S1,Small states,Individuals using the Internet (% of population),2017,55.6,Aggregates,Aggregates,,
409,S1,Small states,Individuals using the Internet (% of population),2016,50.9,Aggregates,Aggregates,,
410,8S,South Asia,Individuals using the Internet (% of population),2025,67.8,Aggregates,Aggregates,,
411,8S,South Asia,Individuals using the Internet (% of population),2024,62.8,Aggregates,Aggregates,,
412,8S,South Asia,Individuals using the Internet (% of population),2023,58.3,Aggregates,Aggregates,,
413,8S,South Asia,Individuals using the Internet (% of population),2022,54.2,Aggregates,Aggregates,,
414,8S,South Asia,Individuals using the Internet (% of population),2021,48.0,Aggregates,Aggregates,,
415,8S,South Asia,Individuals using the Internet (% of population),2020,42.5,Aggregates,Aggregates,,
416,8S,South Asia,Individuals using the Internet (% of population),2019,29.7,Aggregates,Aggregates,,
417,8S,South Asia,Individuals using the Internet (% of population),2018,20.9,Aggregates,Aggregates,,
418,8S,South Asia,Individuals using the Internet (% of population),2017,18.8,Aggregates,Aggregates,,
419,8S,South Asia,Individuals using the Internet (% of population),2016,16.7,Aggregates,Aggregates,,
420,T5,South Asia (IDA & IBRD),Individuals using the Internet (% of population),2025,67.8,Aggregates,Aggregates,,
421,T5,South Asia (IDA & IBRD),Individuals using the Internet (% of population),2024,62.8,Aggregates,Aggregates,,
422,T5,South Asia (IDA & IBRD),Individuals using the Internet (% of population),2023,58.3,Aggregates,Aggregates,,
423,T5,South Asia (IDA & IBRD),Individuals using the Internet (% of population),2022,54.2,Aggregates,Aggregates,,
424,T5,South Asia (IDA & IBRD),Individuals using the Internet (% of population),2021,48.0,Aggregates,Aggregates,,
425,T5,South Asia (IDA & IBRD),Individuals using the Internet (% of population),2020,42.5,Aggregates,Aggregates,,
426,T5,South Asia (IDA & IBRD),Individuals using the Internet (% of population),2019,29.7,Aggregates,Aggregates,,
427,T5,South Asia (IDA & IBRD),Individuals using the Internet (% of population),2018,20.9,Aggregates,Aggregates,,
428,T5,South Asia (IDA & IBRD),Individuals using the Internet (% of population),2017,18.8,Aggregates,Aggregates,,
429,T5,South Asia (IDA & IBRD),Individuals using the Internet (% of population),2016,16.7,Aggregates,Aggregates,,
430,ZG,Sub-Saharan Africa,Individuals using the Internet (% of population),2025,35.7,Aggregates,Aggregates,,
431,ZG,Sub-Saharan Africa,Individuals using the Internet (% of population),2024,33.6,Aggregates,Aggregates,,
432,ZG,Sub-Saharan Africa,Individuals using the Internet (% of population),2023,32.3,Aggregates,Aggregates,,
433,ZG,Sub-Saharan Africa,Individuals using the Internet (% of population),2022,31.1,Aggregates,Aggregates,,
434,ZG,Sub-Saharan Africa,Individuals using the Internet (% of population),2021,29.0,Aggregates,Aggregates,,
435,ZG,Sub-Saharan Africa,Individuals using the Internet (% of population),2020,26.7,Aggregates,Aggregates,,
436,ZG,Sub-Saharan Africa,Individuals using the Internet (% of population),2019,24.4,Aggregates,Aggregates,,
437,ZG,Sub-Saharan Africa,Individuals using the Internet (% of population),2018,22.0,Aggregates,Aggregates,,
438,ZG,Sub-Saharan Africa,Individuals using the Internet (% of population),2017,20.0,Aggregates,Aggregates,,
439,ZG,Sub-Saharan Africa,Individuals using the Internet (% of population),2016,18.3,Aggregates,Aggregates,,
440,ZF,Sub-Saharan Africa (excluding high income),Individuals using the Internet (% of population),2025,36.5,Aggregates,Aggregates,,
441,ZF,Sub-Saharan Africa (excluding high income),Individuals using the Internet (% of population),2024,34.7,Aggregates,Aggregates,,
442,ZF,Sub-Saharan Africa (excluding high income),Individuals using the Internet (% of population),2023,33.5,Aggregates,Aggregates,,
443,ZF,Sub-Saharan Africa (excluding high income),Individuals using the Internet (% of population),2022,32.7,Aggregates,Aggregates,,
444,ZF,Sub-Saharan Africa (excluding high income),Individuals using the Internet (% of population),2021,30.3,Aggregates,Aggregates,,
445,ZF,Sub-Saharan Africa (excluding high income),Individuals using the Internet (% of population),2020,28.0,Aggregates,Aggregates,,
446,ZF,Sub-Saharan Africa (excluding high income),Individuals using the Internet (% of population),2019,25.3,Aggregates,Aggregates,,
447,ZF,Sub-Saharan Africa (excluding high income),Individuals using the Internet (% of population),2018,22.8,Aggregates,Aggregates,,
448,ZF,Sub-Saharan Africa (excluding high income),Individuals using the Internet (% of population),2017,20.4,Aggregates,Aggregates,,
449,ZF,Sub-Saharan Africa (excluding high income),Individuals using the Internet (% of population),2016,18.5,Aggregates,Aggregates,,
450,T6,Sub-Saharan Africa (IDA & IBRD countries),Individuals using the Internet (% of population),2025,35.2,Aggregates,Aggregates,,
451,T6,Sub-Saharan Africa (IDA & IBRD countries),Individuals using the Internet (% of population),2024,33.3,Aggregates,Aggregates,,
452,T6,Sub-Saharan Africa (IDA & IBRD countries),Individuals using the Internet (% of population),2023,32.1,Aggregates,Aggregates,,
453,T6,Sub-Saharan Africa (IDA & IBRD countries),Individuals using the Internet (% of population),2022,31.1,Aggregates,Aggregates,,
454,T6,Sub-Saharan Africa (IDA & IBRD countries),Individuals using the Internet (% of population),2021,28.9,Aggregates,Aggregates,,
455,T6,Sub-Saharan Africa (IDA & IBRD countries),Individuals using the Internet (% of population),2020,26.8,Aggregates,Aggregates,,
456,T6,Sub-Saharan Africa (IDA & IBRD countries),Individuals using the Internet (% of population),2019,24.4,Aggregates,Aggregates,,
457,T6,Sub-Saharan Africa (IDA & IBRD countries),Individuals using the Internet (% of population),2018,22.1,Aggregates,Aggregates,,
458,T6,Sub-Saharan Africa (IDA & IBRD countries),Individuals using the Internet (% of population),2017,19.9,Aggregates,Aggregates,,
459,T6,Sub-Saharan Africa (IDA & IBRD countries),Individuals using the Internet (% of population),2016,18.2,Aggregates,Aggregates,,
460,XT,Upper middle income,Individuals using the Internet (% of population),2025,88.8,Aggregates,Aggregates,,
461,XT,Upper middle income,Individuals using the Internet (% of population),2024,86.9,Aggregates,Aggregates,,
462,XT,Upper middle income,Individuals using the Internet (% of population),2023,85.3,Aggregates,Aggregates,,
463,XT,Upper middle income,Individuals using the Internet (% of population),2022,82.7,Aggregates,Aggregates,,
464,XT,Upper middle income,Individuals using the Internet (% of population),2021,79.4,Aggregates,Aggregates,,
465,XT,Upper middle income,Individuals using the Internet (% of population),2020,74.9,Aggregates,Aggregates,,
466,XT,Upper middle income,Individuals using the Internet (% of population),2019,67.5,Aggregates,Aggregates,,
467,XT,Upper middle income,Individuals using the Internet (% of population),2018,62.2,Aggregates,Aggregates,,
468,XT,Upper middle income,Individuals using the Internet (% of population),2017,57.7,Aggregates,Aggregates,,
469,XT,Upper middle income,Individuals using the Internet (% of population),2016,53.3,Aggregates,Aggregates,,
470,1W,World,Individuals using the Internet (% of population),2025,73.6,Aggregates,Aggregates,,
471,1W,World,Individuals using the Internet (% of population),2024,71.2,Aggregates,Aggregates,,
472,1W,World,Individuals using the Internet (% of population),2023,69.2,Aggregates,Aggregates,,
473,1W,World,Individuals using the Internet (% of population),2022,67.0,Aggregates,Aggregates,,
474,1W,World,Individuals using the Internet (% of population),2021,63.8,Aggregates,Aggregates,,
475,1W,World,Individuals using the Internet (% of population),2020,60.1,Aggregates,Aggregates,,
476,1W,World,Individuals using the Internet (% of population),2019,53.9,Aggregates,Aggregates,,
477,1W,World,Individuals using the Internet (% of population),2018,49.4,Aggregates,Aggregates,,
478,1W,World,Individuals using the Internet (% of population),2017,46.3,Aggregates,Aggregates,,
479,1W,World,Individuals using the Internet (% of population),2016,43.6,Aggregates,Aggregates,,
480,AF,Afghanistan,Individuals using the Internet (% of population),2025,,"Middle East, North Africa, Afghanistan & Pakistan",Low income,69.1761,34.5228
481,AF,Afghanistan,Individuals using the Internet (% of population),2024,16.09499931,"Middle East, North Africa, Afghanistan & Pakistan",Low income,69.1761,34.5228
482,AF,Afghanistan,Individuals using the Internet (% of population),2023,15.92840004,"Middle East, North Africa, Afghanistan & Pakistan",Low income,69.1761,34.5228
483,AF,Afghanistan,Individuals using the Internet (% of population),2022,15.86629963,"Middle East, North Africa, Afghanistan & Pakistan",Low income,69.1761,34.5228
484,AF,Afghanistan,Individuals using the Internet (% of population),2021,16.51429939,"Middle East, North Africa, Afghanistan & Pakistan",Low income,69.1761,34.5228
485,AF,Afghanistan,Individuals using the Internet (% of population),2020,17.04850006,"Middle East, North Africa, Afghanistan & Pakistan",Low income,69.1761,34.5228
486,AF,Afghanistan,Individuals using the Internet (% of population),2019,17.60000038,"Middle East, North Africa, Afghanistan & Pakistan",Low income,69.1761,34.5228
487,AF,Afghanistan,Individuals using the Internet (% of population),2018,16.79999924,"Middle East, North Africa, Afghanistan & Pakistan",Low income,69.1761,34.5228
488,AF,Afghanistan,Individuals using the Internet (% of population),2017,13.5,"Middle East, North Africa, Afghanistan & Pakistan",Low income,69.1761,34.5228
489,AF,Afghanistan,Individuals using the Internet (% of population),2016,11.0,"Middle East, North Africa, Afghanistan & Pakistan",Low income,69.1761,34.5228
490,AL,Albania,Individuals using the Internet (% of population),2025,,Europe & Central Asia,Upper middle income,19.8172,41.3317
491,AL,Albania,Individuals using the Internet (% of population),2024,85.86389923,Europe & Central Asia,Upper middle income,19.8172,41.3317
492,AL,Albania,Individuals using the Internet (% of population),2023,83.13559161,Europe & Central Asia,Upper middle income,19.8172,41.3317
493,AL,Albania,Individuals using the Internet (% of population),2022,82.61367544,Europe & Central Asia,Upper middle income,19.8172,41.3317
494,AL,Albania,Individuals using the Internet (% of population),2021,79.32371752,Europe & Central Asia,Upper middle income,19.8172,41.3317
495,AL,Albania,Individuals using the Internet (% of population),2020,72.23767711,Europe & Central Asia,Upper middle income,19.8172,41.3317
496,AL,Albania,Individuals using the Internet (% of population),2019,68.5503911218006,Europe & Central Asia,Upper middle income,19.8172,41.3317
497,AL,Albania,Individuals using the Internet (% of population),2018,65.40000153,Europe & Central Asia,Upper middle income,19.8172,41.3317
498,AL,Albania,Individuals using the Internet (% of population),2017,62.40000153,Europe & Central Asia,Upper middle income,19.8172,41.3317
499,AL,Albania,Individuals using the Internet (% of population),2016,59.59999847,Europe & Central Asia,Upper middle income,19.8172,41.3317
500,DZ,Algeria,Individuals using the Internet (% of population),2025,,"Middle East, North Africa, Afghanistan & Pakistan",Upper middle income,3.05097,36.7397
501,DZ,Algeria,Individuals using the Internet (% of population),2024,77.4178009,"Middle East, North Africa, Afghanistan & Pakistan",Upper middle income,3.05097,36.7397
502,DZ,Algeria,Individuals using the Internet (% of population),2023,76.19760132,"Middle East, North Africa, Afghanistan & Pakistan",Upper middle income,3.05097,36.7397
503,DZ,Algeria,Individuals using the Internet (% of population),2022,74.78150177,"Middle East, North Africa, Afghanistan & Pakistan",Upper middle income,3.05097,36.7397
504,DZ,Algeria,Individuals using the Internet (% of population),2021,72.21240234,"Middle East, North Africa, Afghanistan & Pakistan",Upper middle income,3.05097,36.7397
505,DZ,Algeria,Individuals using the Internet (% of population),2020,63.47269821,"Middle East, North Africa, Afghanistan & Pakistan",Upper middle income,3.05097,36.7397
506,DZ,Algeria,Individuals using the Internet (% of population),2019,55.79069901,"Middle East, North Africa, Afghanistan & Pakistan",Upper middle income,3.05097,36.7397
507,DZ,Algeria,Individuals using the Internet (% of population),2018,49.0384680793271,"Middle East, North Africa, Afghanistan & Pakistan",Upper middle income,3.05097,36.7397
508,DZ,Algeria,Individuals using the Internet (% of population),2017,47.69110107,"Middle East, North Africa, Afghanistan & Pakistan",Upper middle income,3.05097,36.7397
509,DZ,Algeria,Individuals using the Internet (% of population),2016,42.94549942,"Middle East, North Africa, Afghanistan & Pakistan",Upper middle income,3.05097,36.7397
510,AS,American Samoa,Individuals using the Internet (% of population),2025,,East Asia & Pacific,High income,-170.691,-14.2846
511,AS,American Samoa,Individuals using the Internet (% of population),2024,,East Asia & Pacific,High income,-170.691,-14.2846
512,AS,American Samoa,Individuals using the Internet (% of population),2023,,East Asia & Pacific,High income,-170.691,-14.2846
513,AS,American Samoa,Individuals using the Internet (% of population),2022,,East Asia & Pacific,High income,-170.691,-14.2846
514,AS,American Samoa,Individuals using the Internet (% of population),2021,,East Asia & Pacific,High income,-170.691,-14.2846
515,AS,American Samoa,Individuals using the Internet (% of population),2020,,East Asia & Pacific,High income,-170.691,-14.2846
516,AS,American Samoa,Individuals using the Internet (% of population),2019,,East Asia & Pacific,High income,-170.691,-14.2846
517,AS,American Samoa,Individuals using the Internet (% of population),2018,,East Asia & Pacific,High income,-170.691,-14.2846
518,AS,American Samoa,Individuals using the Internet (% of population),2017,,East Asia & Pacific,High income,-170.691,-14.2846
519,AS,American Samoa,Individuals using the Internet (% of population),2016,,East Asia & Pacific,High income,-170.691,-14.2846
520,AD,Andorra,Individuals using the Internet (% of population),2025,,Europe & Central Asia,High income,1.5218,42.5075
521,AD,Andorra,Individuals using the Internet (% of population),2024,94.39759827,Europe & Central Asia,High income,1.5218,42.5075
522,AD,Andorra,Individuals using the Internet (% of population),2023,94.21499634,Europe & Central Asia,High income,1.5218,42.5075
523,AD,Andorra,Individuals using the Internet (% of population),2022,94.05169678,Europe & Central Asia,High income,1.5218,42.5075
524,AD,Andorra,Individuals using the Internet (% of population),2021,93.89749908,Europe & Central Asia,High income,1.5218,42.5075
525,AD,Andorra,Individuals using the Internet (% of population),2020,93.20570374,Europe & Central Asia,High income,1.5218,42.5075
526,AD,Andorra,Individuals using the Internet (% of population),2019,90.71869659,Europe & Central Asia,High income,1.5218,42.5075
527,AD,Andorra,Individuals using the Internet (% of population),2018,93.5,Europe & Central Asia,High income,1.5218,42.5075
528,AD,Andorra,Individuals using the Internet (% of population),2017,91.5674670273926,Europe & Central Asia,High income,1.5218,42.5075
529,AD,Andorra,Individuals using the Internet (% of population),2016,89.69999695,Europe & Central Asia,High income,1.5218,42.5075
530,AO,Angola,Individuals using the Internet (% of population),2025,,Sub-Saharan Africa ,Lower middle income,13.242,-8.81155
531,AO,Angola,Individuals using the Internet (% of population),2024,40.70479965,Sub-Saharan Africa ,Lower middle income,13.242,-8.81155
532,AO,Angola,Individuals using the Internet (% of population),2023,37.88589859,Sub-Saharan Africa ,Lower middle income,13.242,-8.81155
533,AO,Angola,Individuals using the Internet (% of population),2022,35.83800125,Sub-Saharan Africa ,Lower middle income,13.242,-8.81155
534,AO,Angola,Individuals using the Internet (% of population),2021,34.55649948,Sub-Saharan Africa ,Lower middle income,13.242,-8.81155
535,AO,Angola,Individuals using the Internet (% of population),2020,33.32089996,Sub-Saharan Africa ,Lower middle income,13.242,-8.81155
536,AO,Angola,Individuals using the Internet (% of population),2019,32.12939835,Sub-Saharan Africa ,Lower middle income,13.242,-8.81155
537,AO,Angola,Individuals using the Internet (% of population),2018,29.0,Sub-Saharan Africa ,Lower middle income,13.242,-8.81155
538,AO,Angola,Individuals using the Internet (% of population),2017,26.0,Sub-Saharan Africa ,Lower middle income,13.242,-8.81155
539,AO,Angola,Individuals using the Internet (% of population),2016,23.20000076,Sub-Saharan Africa ,Lower middle income,13.242,-8.81155
540,AG,Antigua and Barbuda,Individuals using the Internet (% of population),2025,,Latin America & Caribbean ,High income,-61.8456,17.1175
541,AG,Antigua and Barbuda,Individuals using the Internet (% of population),2024,72.73040009,Latin America & Caribbean ,High income,-61.8456,17.1175
542,AG,Antigua and Barbuda,Individuals using the Internet (% of population),2023,72.12409973,Latin America & Caribbean ,High income,-61.8456,17.1175
543,AG,Antigua and Barbuda,Individuals using the Internet (% of population),2022,71.9233017,Latin America & Caribbean ,High income,-61.8456,17.1175
544,AG,Antigua and Barbuda,Individuals using the Internet (% of population),2021,71.64530182,Latin America & Caribbean ,High income,-61.8456,17.1175
545,AG,Antigua and Barbuda,Individuals using the Internet (% of population),2020,71.36840057,Latin America & Caribbean ,High income,-61.8456,17.1175
546,AG,Antigua and Barbuda,Individuals using the Internet (% of population),2019,71.09259796,Latin America & Caribbean ,High income,-61.8456,17.1175
547,AG,Antigua and Barbuda,Individuals using the Internet (% of population),2018,70.81790161,Latin America & Caribbean ,High income,-61.8456,17.1175
548,AG,Antigua and Barbuda,Individuals using the Internet (% of population),2017,70.54419708,Latin America & Caribbean ,High income,-61.8456,17.1175
549,AG,Antigua and Barbuda,Individuals using the Internet (% of population),2016,70.27159882,Latin America & Caribbean ,High income,-61.8456,17.1175
550,AR,Argentina,Individuals using the Internet (% of population),2025,,Latin America & Caribbean ,Upper middle income,-58.4173,-34.6118
551,AR,Argentina,Individuals using the Internet (% of population),2024,89.66715228,Latin America & Caribbean ,Upper middle income,-58.4173,-34.6118
552,AR,Argentina,Individuals using the Internet (% of population),2023,89.22897166,Latin America & Caribbean ,Upper middle income,-58.4173,-34.6118
553,AR,Argentina,Individuals using the Internet (% of population),2022,88.37535691,Latin America & Caribbean ,Upper middle income,-58.4173,-34.6118
554,AR,Argentina,Individuals using the Internet (% of population),2021,87.15070683,Latin America & Caribbean ,Upper middle income,-58.4173,-34.6118
555,AR,Argentina,Individuals using the Internet (% of population),2020,85.51438646,Latin America & Caribbean ,Upper middle income,-58.4173,-34.6118
556,AR,Argentina,Individuals using the Internet (% of population),2019,79.9469520347551,Latin America & Caribbean ,Upper middle income,-58.4173,-34.6118
557,AR,Argentina,Individuals using the Internet (% of population),2018,77.7,Latin America & Caribbean ,Upper middle income,-58.4173,-34.6118
558,AR,Argentina,Individuals using the Internet (% of population),2017,74.2949068657957,Latin America & Caribbean ,Upper middle income,-58.4173,-34.6118
559,AR,Argentina,Individuals using the Internet (% of population),2016,70.9689808206024,Latin America & Caribbean ,Upper middle income,-58.4173,-34.6118
560,AM,Armenia,Individuals using the Internet (% of population),2025,,Europe & Central Asia,Upper middle income,44.509,40.1596
561,AM,Armenia,Individuals using the Internet (% of population),2024,81.33930206,Europe & Central Asia,Upper middle income,44.509,40.1596
562,AM,Armenia,Individuals using the Internet (% of population),2023,79.99663036,Europe & Central Asia,Upper middle income,44.509,40.1596
563,AM,Armenia,Individuals using the Internet (% of population),2022,77.02767465,Europe & Central Asia,Upper middle income,44.509,40.1596
564,AM,Armenia,Individuals using the Internet (% of population),2021,78.61225758,Europe & Central Asia,Upper middle income,44.509,40.1596
565,AM,Armenia,Individuals using the Internet (% of population),2020,76.50770055,Europe & Central Asia,Upper middle income,44.509,40.1596
566,AM,Armenia,Individuals using the Internet (% of population),2019,66.5439496866159,Europe & Central Asia,Upper middle income,44.509,40.1596
567,AM,Armenia,Individuals using the Internet (% of population),2018,68.2450522610271,Europe & Central Asia,Upper middle income,44.509,40.1596
568,AM,Armenia,Individuals using the Internet (% of population),2017,64.7448843250726,Europe & Central Asia,Upper middle income,44.509,40.1596
569,AM,Armenia,Individuals using the Internet (% of population),2016,64.3460297653742,Europe & Central Asia,Upper middle income,44.509,40.1596
570,AW,Aruba,Individuals using the Internet (% of population),2025,,Latin America & Caribbean ,High income,-70.0167,12.5167
571,AW,Aruba,Individuals using the Internet (% of population),2024,,Latin America & Caribbean ,High income,-70.0167,12.5167
572,AW,Aruba,Individuals using the Internet (% of population),2023,,Latin America & Caribbean ,High income,-70.0167,12.5167
573,AW,Aruba,Individuals using the Internet (% of population),2022,,Latin America & Caribbean ,High income,-70.0167,12.5167
574,AW,Aruba,Individuals using the Internet (% of population),2021,,Latin America & Caribbean ,High income,-70.0167,12.5167
575,AW,Aruba,Individuals using the Internet (% of population),2020,,Latin America & Caribbean ,High income,-70.0167,12.5167
576,AW,Aruba,Individuals using the Internet (% of population),2019,,Latin America & Caribbean ,High income,-70.0167,12.5167
577,AW,Aruba,Individuals using the Internet (% of population),2018,,Latin America & Caribbean ,High income,-70.0167,12.5167
578,AW,Aruba,Individuals using the Internet (% of population),2017,97.17,Latin America & Caribbean ,High income,-70.0167,12.5167
579,AW,Aruba,Individuals using the Internet (% of population),2016,93.542453865048,Latin America & Caribbean ,High income,-70.0167,12.5167
580,AU,Australia,Individuals using the Internet (% of population),2025,,East Asia & Pacific,High income,149.129,-35.282
581,AU,Australia,Individuals using the Internet (% of population),2024,96.13140106,East Asia & Pacific,High income,149.129,-35.282
582,AU,Australia,Individuals using the Internet (% of population),2023,96.1160965,East Asia & Pacific,High income,149.129,-35.282
583,AU,Australia,Individuals using the Internet (% of population),2022,96.11940002,East Asia & Pacific,High income,149.129,-35.282
584,AU,Australia,Individuals using the Internet (% of population),2021,96.97219849,East Asia & Pacific,High income,149.129,-35.282
585,AU,Australia,Individuals using the Internet (% of population),2020,94.6934967,East Asia & Pacific,High income,149.129,-35.282
586,AU,Australia,Individuals using the Internet (% of population),2019,93.60990143,East Asia & Pacific,High income,149.129,-35.282
587,AU,Australia,Individuals using the Internet (% of population),2018,90.0082016,East Asia & Pacific,High income,149.129,-35.282
588,AU,Australia,Individuals using the Internet (% of population),2017,86.5450488476768,East Asia & Pacific,High income,149.129,-35.282
589,AU,Australia,Individuals using the Internet (% of population),2016,86.54000092,East Asia & Pacific,High income,149.129,-35.282
590,AT,Austria,Individuals using the Internet (% of population),2025,91.92573373,Europe & Central Asia,High income,16.3798,48.2201
591,AT,Austria,Individuals using the Internet (% of population),2024,94.91974877,Europe & Central Asia,High income,16.3798,48.2201
592,AT,Austria,Individuals using the Internet (% of population),2023,95.33467117,Europe & Central Asia,High income,16.3798,48.2201
593,AT,Austria,Individuals using the Internet (% of population),2022,93.61409139,Europe & Central Asia,High income,16.3798,48.2201
594,AT,Austria,Individuals using the Internet (% of population),2021,92.52915104,Europe & Central Asia,High income,16.3798,48.2201
595,AT,Austria,Individuals using the Internet (% of population),2020,87.52942813,Europe & Central Asia,High income,16.3798,48.2201
596,AT,Austria,Individuals using the Internet (% of population),2019,87.7522047870069,Europe & Central Asia,High income,16.3798,48.2201
597,AT,Austria,Individuals using the Internet (% of population),2018,87.4791372262556,Europe & Central Asia,High income,16.3798,48.2201
598,AT,Austria,Individuals using the Internet (% of population),2017,87.9355865856062,Europe & Central Asia,High income,16.3798,48.2201
599,AT,Austria,Individuals using the Internet (% of population),2016,84.3237425711653,Europe & Central Asia,High income,16.3798,48.2201
600,AZ,Azerbaijan,Individuals using the Internet (% of population),2025,90.80000181,Europe & Central Asia,Upper middle income,49.8932,40.3834
601,AZ,Azerbaijan,Individuals using the Internet (% of population),2024,90.43979645,Europe & Central Asia,Upper middle income,49.8932,40.3834
602,AZ,Azerbaijan,Individuals using the Internet (% of population),2023,89.0,Europe & Central Asia,Upper middle income,49.8932,40.3834
603,AZ,Azerbaijan,Individuals using the Internet (% of population),2022,88.0,Europe & Central Asia,Upper middle income,49.8932,40.3834
604,AZ,Azerbaijan,Individuals using the Internet (% of population),2021,85.99998954,Europe & Central Asia,Upper middle income,49.8932,40.3834
605,AZ,Azerbaijan,Individuals using the Internet (% of population),2020,84.59999573,Europe & Central Asia,Upper middle income,49.8932,40.3834
606,AZ,Azerbaijan,Individuals using the Internet (% of population),2019,81.0999990651547,Europe & Central Asia,Upper middle income,49.8932,40.3834
607,AZ,Azerbaijan,Individuals using the Internet (% of population),2018,79.7999954887896,Europe & Central Asia,Upper middle income,49.8932,40.3834
608,AZ,Azerbaijan,Individuals using the Internet (% of population),2017,79.0,Europe & Central Asia,Upper middle income,49.8932,40.3834
609,AZ,Azerbaijan,Individuals using the Internet (% of population),2016,78.2,Europe & Central Asia,Upper middle income,49.8932,40.3834
610,BS,"Bahamas, The",Individuals using the Internet (% of population),2025,,Latin America & Caribbean ,High income,-77.339,25.0661
611,BS,"Bahamas, The",Individuals using the Internet (% of population),2024,92.47270203,Latin America & Caribbean ,High income,-77.339,25.0661
612,BS,"Bahamas, The",Individuals using the Internet (% of population),2023,92.38729858,Latin America & Caribbean ,High income,-77.339,25.0661
613,BS,"Bahamas, The",Individuals using the Internet (% of population),2022,92.2559967,Latin America & Caribbean ,High income,-77.339,25.0661
614,BS,"Bahamas, The",Individuals using the Internet (% of population),2021,92.34980011,Latin America & Caribbean ,High income,-77.339,25.0661
615,BS,"Bahamas, The",Individuals using the Internet (% of population),2020,92.4437027,Latin America & Caribbean ,High income,-77.339,25.0661
616,BS,"Bahamas, The",Individuals using the Internet (% of population),2019,90.69329834,Latin America & Caribbean ,High income,-77.339,25.0661
617,BS,"Bahamas, The",Individuals using the Internet (% of population),2018,83.0,Latin America & Caribbean ,High income,-77.339,25.0661
618,BS,"Bahamas, The",Individuals using the Internet (% of population),2017,80.59999847,Latin America & Caribbean ,High income,-77.339,25.0661
619,BS,"Bahamas, The",Individuals using the Internet (% of population),2016,80.0,Latin America & Caribbean ,High income,-77.339,25.0661
620,BH,Bahrain,Individuals using the Internet (% of population),2025,,"Middle East, North Africa, Afghanistan & Pakistan",High income,50.5354,26.1921
621,BH,Bahrain,Individuals using the Internet (% of population),2024,100.0,"Middle East, North Africa, Afghanistan & Pakistan",High income,50.5354,26.1921
622,BH,Bahrain,Individuals using the Internet (% of population),2023,100.0,"Middle East, North Africa, Afghanistan & Pakistan",High income,50.5354,26.1921
623,BH,Bahrain,Individuals using the Internet (% of population),2022,100.0,"Middle East, North Africa, Afghanistan & Pakistan",High income,50.5354,26.1921
624,BH,Bahrain,Individuals using the Internet (% of population),2021,100.0,"Middle East, North Africa, Afghanistan & Pakistan",High income,50.5354,26.1921
625,BH,Bahrain,Individuals using the Internet (% of population),2020,99.67103159,"Middle East, North Africa, Afghanistan & Pakistan",High income,50.5354,26.1921
626,BH,Bahrain,Individuals using the Internet (% of population),2019,99.7015043807778,"Middle East, North Africa, Afghanistan & Pakistan",High income,50.5354,26.1921
627,BH,Bahrain,Individuals using the Internet (% of population),2018,98.6446725799886,"Middle East, North Africa, Afghanistan & Pakistan",High income,50.5354,26.1921
628,BH,Bahrain,Individuals using the Internet (% of population),2017,95.8781357543453,"Middle East, North Africa, Afghanistan & Pakistan",High income,50.5354,26.1921
629,BH,Bahrain,Individuals using the Internet (% of population),2016,97.9999807024146,"Middle East, North Africa, Afghanistan & Pakistan",High income,50.5354,26.1921
630,BD,Bangladesh,Individuals using the Internet (% of population),2025,,South Asia,Lower middle income,90.4113,23.7055
631,BD,Bangladesh,Individuals using the Internet (% of population),2024,53.42171316,South Asia,Lower middle income,90.4113,23.7055
632,BD,Bangladesh,Individuals using the Internet (% of population),2023,44.50274195,South Asia,Lower middle income,90.4113,23.7055
633,BD,Bangladesh,Individuals using the Internet (% of population),2022,41.61650085,South Asia,Lower middle income,90.4113,23.7055
634,BD,Bangladesh,Individuals using the Internet (% of population),2021,38.91744466,South Asia,Lower middle income,90.4113,23.7055
635,BD,Bangladesh,Individuals using the Internet (% of population),2020,36.10910034,South Asia,Lower middle income,90.4113,23.7055
636,BD,Bangladesh,Individuals using the Internet (% of population),2019,30.38310051,South Asia,Lower middle income,90.4113,23.7055
637,BD,Bangladesh,Individuals using the Internet (% of population),2018,25.56509972,South Asia,Lower middle income,90.4113,23.7055
638,BD,Bangladesh,Individuals using the Internet (% of population),2017,21.5,South Asia,Lower middle income,90.4113,23.7055
639,BD,Bangladesh,Individuals using the Internet (% of population),2016,16.89909935,South Asia,Lower middle income,90.4113,23.7055
640,BB,Barbados,Individuals using the Internet (% of population),2025,,Latin America & Caribbean ,High income,-59.6105,13.0935
641,BB,Barbados,Individuals using the Internet (% of population),2024,70.36470032,Latin America & Caribbean ,High income,-59.6105,13.0935
642,BB,Barbados,Individuals using the Internet (% of population),2023,69.67510223,Latin America & Caribbean ,High income,-59.6105,13.0935
643,BB,Barbados,Individuals using the Internet (% of population),2022,69.06359863,Latin America & Caribbean ,High income,-59.6105,13.0935
644,BB,Barbados,Individuals using the Internet (% of population),2021,69.4756012,Latin America & Caribbean ,High income,-59.6105,13.0935
645,BB,Barbados,Individuals using the Internet (% of population),2020,69.89009857,Latin America & Caribbean ,High income,-59.6105,13.0935
646,BB,Barbados,Individuals using the Internet (% of population),2019,70.30709839,Latin America & Caribbean ,High income,-59.6105,13.0935
647,BB,Barbados,Individuals using the Internet (% of population),2018,70.72650146,Latin America & Caribbean ,High income,-59.6105,13.0935
648,BB,Barbados,Individuals using the Internet (% of population),2017,71.14849854,Latin America & Caribbean ,High income,-59.6105,13.0935
649,BB,Barbados,Individuals using the Internet (% of population),2016,71.57299805,Latin America & Caribbean ,High income,-59.6105,13.0935
650,BY,Belarus,Individuals using the Internet (% of population),2025,,Europe & Central Asia,Upper middle income,27.5766,53.9678
651,BY,Belarus,Individuals using the Internet (% of population),2024,94.26182128,Europe & Central Asia,Upper middle income,27.5766,53.9678
652,BY,Belarus,Individuals using the Internet (% of population),2023,91.51249979,Europe & Central Asia,Upper middle income,27.5766,53.9678
653,BY,Belarus,Individuals using the Internet (% of population),2022,89.50733148,Europe & Central Asia,Upper middle income,27.5766,53.9678
654,BY,Belarus,Individuals using the Internet (% of population),2021,86.88841196,Europe & Central Asia,Upper middle income,27.5766,53.9678
655,BY,Belarus,Individuals using the Internet (% of population),2020,85.08791245,Europe & Central Asia,Upper middle income,27.5766,53.9678
656,BY,Belarus,Individuals using the Internet (% of population),2019,82.7891520910901,Europe & Central Asia,Upper middle income,27.5766,53.9678
657,BY,Belarus,Individuals using the Internet (% of population),2018,79.1298866919307,Europe & Central Asia,Upper middle income,27.5766,53.9678
658,BY,Belarus,Individuals using the Internet (% of population),2017,74.4364454136036,Europe & Central Asia,Upper middle income,27.5766,53.9678
659,BY,Belarus,Individuals using the Internet (% of population),2016,71.1130457603832,Europe & Central Asia,Upper middle income,27.5766,53.9678
660,BE,Belgium,Individuals using the Internet (% of population),2025,,Europe & Central Asia,High income,4.36761,50.8371
661,BE,Belgium,Individuals using the Internet (% of population),2024,95.77579144,Europe & Central Asia,High income,4.36761,50.8371
662,BE,Belgium,Individuals using the Internet (% of population),2023,94.62625074,Europe & Central Asia,High income,4.36761,50.8371
663,BE,Belgium,Individuals using the Internet (% of population),2022,94.00783071,Europe & Central Asia,High income,4.36761,50.8371
664,BE,Belgium,Individuals using the Internet (% of population),2021,92.78867618,Europe & Central Asia,High income,4.36761,50.8371
665,BE,Belgium,Individuals using the Internet (% of population),2020,91.52641629,Europe & Central Asia,High income,4.36761,50.8371
666,BE,Belgium,Individuals using the Internet (% of population),2019,90.275428012141,Europe & Central Asia,High income,4.36761,50.8371
667,BE,Belgium,Individuals using the Internet (% of population),2018,88.6473429951691,Europe & Central Asia,High income,4.36761,50.8371
668,BE,Belgium,Individuals using the Internet (% of population),2017,87.6796808175598,Europe & Central Asia,High income,4.36761,50.8371
669,BE,Belgium,Individuals using the Internet (% of population),2016,86.5164766644457,Europe & Central Asia,High income,4.36761,50.8371
670,BZ,Belize,Individuals using the Internet (% of population),2025,,Latin America & Caribbean ,Upper middle income,-88.7713,17.2534
671,BZ,Belize,Individuals using the Internet (% of population),2024,80.00582262,Latin America & Caribbean ,Upper middle income,-88.7713,17.2534
672,BZ,Belize,Individuals using the Internet (% of population),2023,70.18720245,Latin America & Caribbean ,Upper middle income,-88.7713,17.2534
673,BZ,Belize,Individuals using the Internet (% of population),2022,69.98329926,Latin America & Caribbean ,Upper middle income,-88.7713,17.2534
674,BZ,Belize,Individuals using the Internet (% of population),2021,70.65370178,Latin America & Caribbean ,Upper middle income,-88.7713,17.2534
675,BZ,Belize,Individuals using the Internet (% of population),2020,64.43589783,Latin America & Caribbean ,Upper middle income,-88.7713,17.2534
676,BZ,Belize,Individuals using the Internet (% of population),2019,58.76520157,Latin America & Caribbean ,Upper middle income,-88.7713,17.2534
677,BZ,Belize,Individuals using the Internet (% of population),2018,53.59360123,Latin America & Caribbean ,Upper middle income,-88.7713,17.2534
678,BZ,Belize,Individuals using the Internet (% of population),2017,48.8771019,Latin America & Caribbean ,Upper middle income,-88.7713,17.2534
679,BZ,Belize,Individuals using the Internet (% of population),2016,44.57569885,Latin America & Caribbean ,Upper middle income,-88.7713,17.2534
680,BJ,Benin,Individuals using the Internet (% of population),2025,,Sub-Saharan Africa ,Lower middle income,2.6323,6.4779
681,BJ,Benin,Individuals using the Internet (% of population),2024,33.98379898,Sub-Saharan Africa ,Lower middle income,2.6323,6.4779
682,BJ,Benin,Individuals using the Internet (% of population),2023,32.39400101,Sub-Saharan Africa ,Lower middle income,2.6323,6.4779
683,BJ,Benin,Individuals using the Internet (% of population),2022,30.53730011,Sub-Saharan Africa ,Lower middle income,2.6323,6.4779
684,BJ,Benin,Individuals using the Internet (% of population),2021,28.20470047,Sub-Saharan Africa ,Lower middle income,2.6323,6.4779
685,BJ,Benin,Individuals using the Internet (% of population),2020,22.12059975,Sub-Saharan Africa ,Lower middle income,2.6323,6.4779
686,BJ,Benin,Individuals using the Internet (% of population),2019,20.50099945,Sub-Saharan Africa ,Lower middle income,2.6323,6.4779
687,BJ,Benin,Individuals using the Internet (% of population),2018,19.0,Sub-Saharan Africa ,Lower middle income,2.6323,6.4779
688,BJ,Benin,Individuals using the Internet (% of population),2017,18.7,Sub-Saharan Africa ,Lower middle income,2.6323,6.4779
689,BJ,Benin,Individuals using the Internet (% of population),2016,14.5,Sub-Saharan Africa ,Lower middle income,2.6323,6.4779
690,BM,Bermuda,Individuals using the Internet (% of population),2025,,North America,High income,-64.706,32.3293
691,BM,Bermuda,Individuals using the Internet (% of population),2024,,North America,High income,-64.706,32.3293
692,BM,Bermuda,Individuals using the Internet (% of population),2023,,North America,High income,-64.706,32.3293
693,BM,Bermuda,Individuals using the Internet (% of population),2022,,North America,High income,-64.706,32.3293
694,BM,Bermuda,Individuals using the Internet (% of population),2021,,North America,High income,-64.706,32.3293
695,BM,Bermuda,Individuals using the Internet (% of population),2020,,North America,High income,-64.706,32.3293
696,BM,Bermuda,Individuals using the Internet (% of population),2019,,North America,High income,-64.706,32.3293
697,BM,Bermuda,Individuals using the Internet (% of population),2018,,North America,High income,-64.706,32.3293
698,BM,Bermuda,Individuals using the Internet (% of population),2017,98.37,North America,High income,-64.706,32.3293
699,BM,Bermuda,Individuals using the Internet (% of population),2016,98.0,North America,High income,-64.706,32.3293
700,BT,Bhutan,Individuals using the Internet (% of population),2025,,South Asia,Lower middle income,89.6177,27.5768
701,BT,Bhutan,Individuals using the Internet (% of population),2024,91.27739716,South Asia,Lower middle income,89.6177,27.5768
702,BT,Bhutan,Individuals using the Internet (% of population),2023,90.02140045,South Asia,Lower middle income,89.6177,27.5768
703,BT,Bhutan,Individuals using the Internet (% of population),2022,88.35620117,South Asia,Lower middle income,89.6177,27.5768
704,BT,Bhutan,Individuals using the Internet (% of population),2021,85.63688389,South Asia,Lower middle income,89.6177,27.5768
705,BT,Bhutan,Individuals using the Internet (% of population),2020,76.85079956,South Asia,Lower middle income,89.6177,27.5768
706,BT,Bhutan,Individuals using the Internet (% of population),2019,74.17939758,South Asia,Lower middle income,89.6177,27.5768
707,BT,Bhutan,Individuals using the Internet (% of population),2018,63.48680115,South Asia,Lower middle income,89.6177,27.5768
708,BT,Bhutan,Individuals using the Internet (% of population),2017,54.33549881,South Asia,Lower middle income,89.6177,27.5768
709,BT,Bhutan,Individuals using the Internet (% of population),2016,46.50320053,South Asia,Lower middle income,89.6177,27.5768
710,BO,Bolivia,Individuals using the Internet (% of population),2025,,Latin America & Caribbean ,Lower middle income,-66.1936,-13.9908
711,BO,Bolivia,Individuals using the Internet (% of population),2024,79.70469666,Latin America & Caribbean ,Lower middle income,-66.1936,-13.9908
712,BO,Bolivia,Individuals using the Internet (% of population),2023,77.30039978,Latin America & Caribbean ,Lower middle income,-66.1936,-13.9908
713,BO,Bolivia,Individuals using the Internet (% of population),2022,72.62270355,Latin America & Caribbean ,Lower middle income,-66.1936,-13.9908
714,BO,Bolivia,Individuals using the Internet (% of population),2021,65.9773785,Latin America & Caribbean ,Lower middle income,-66.1936,-13.9908
715,BO,Bolivia,Individuals using the Internet (% of population),2020,59.94010155,Latin America & Caribbean ,Lower middle income,-66.1936,-13.9908
716,BO,Bolivia,Individuals using the Internet (% of population),2019,47.4748191121692,Latin America & Caribbean ,Lower middle income,-66.1936,-13.9908
717,BO,Bolivia,Individuals using the Internet (% of population),2018,44.2861422024283,Latin America & Caribbean ,Lower middle income,-66.1936,-13.9908
718,BO,Bolivia,Individuals using the Internet (% of population),2017,43.83229828,Latin America & Caribbean ,Lower middle income,-66.1936,-13.9908
719,BO,Bolivia,Individuals using the Internet (% of population),2016,39.69749832,Latin America & Caribbean ,Lower middle income,-66.1936,-13.9908
720,BA,Bosnia and Herzegovina,Individuals using the Internet (% of population),2025,,Europe & Central Asia,Upper middle income,18.4214,43.8607
721,BA,Bosnia and Herzegovina,Individuals using the Internet (% of population),2024,86.10091103,Europe & Central Asia,Upper middle income,18.4214,43.8607
722,BA,Bosnia and Herzegovina,Individuals using the Internet (% of population),2023,83.3771539,Europe & Central Asia,Upper middle income,18.4214,43.8607
723,BA,Bosnia and Herzegovina,Individuals using the Internet (% of population),2022,78.8455371,Europe & Central Asia,Upper middle income,18.4214,43.8607
724,BA,Bosnia and Herzegovina,Individuals using the Internet (% of population),2021,75.67620138,Europe & Central Asia,Upper middle income,18.4214,43.8607
725,BA,Bosnia and Herzegovina,Individuals using the Internet (% of population),2020,73.21175294,Europe & Central Asia,Upper middle income,18.4214,43.8607
726,BA,Bosnia and Herzegovina,Individuals using the Internet (% of population),2019,69.9463476317266,Europe & Central Asia,Upper middle income,18.4214,43.8607
727,BA,Bosnia and Herzegovina,Individuals using the Internet (% of population),2018,70.1201350394885,Europe & Central Asia,Upper middle income,18.4214,43.8607
728,BA,Bosnia and Herzegovina,Individuals using the Internet (% of population),2017,64.8920205128383,Europe & Central Asia,Upper middle income,18.4214,43.8607
729,BA,Bosnia and Herzegovina,Individuals using the Internet (% of population),2016,60.2565354318987,Europe & Central Asia,Upper middle income,18.4214,43.8607
730,BW,Botswana,Individuals using the Internet (% of population),2025,,Sub-Saharan Africa ,Upper middle income,25.9201,-24.6544
731,BW,Botswana,Individuals using the Internet (% of population),2024,57.45950036,Sub-Saharan Africa ,Upper middle income,25.9201,-24.6544
732,BW,Botswana,Individuals using the Internet (% of population),2023,,Sub-Saharan Africa ,Upper middle income,25.9201,-24.6544
733,BW,Botswana,Individuals using the Internet (% of population),2022,57.9,Sub-Saharan Africa ,Upper middle income,25.9201,-24.6544
734,BW,Botswana,Individuals using the Internet (% of population),2021,54.70069885,Sub-Saharan Africa ,Upper middle income,25.9201,-24.6544
735,BW,Botswana,Individuals using the Internet (% of population),2020,51.67819977,Sub-Saharan Africa ,Upper middle income,25.9201,-24.6544
736,BW,Botswana,Individuals using the Internet (% of population),2019,48.82279968,Sub-Saharan Africa ,Upper middle income,25.9201,-24.6544
737,BW,Botswana,Individuals using the Internet (% of population),2018,46.12509918,Sub-Saharan Africa ,Upper middle income,25.9201,-24.6544
738,BW,Botswana,Individuals using the Internet (% of population),2017,43.57640076,Sub-Saharan Africa ,Upper middle income,25.9201,-24.6544
739,BW,Botswana,Individuals using the Internet (% of population),2016,41.16859818,Sub-Saharan Africa ,Upper middle income,25.9201,-24.6544
740,BR,Brazil,Individuals using the Internet (% of population),2025,,Latin America & Caribbean ,Upper middle income,-47.9292,-15.7801
741,BR,Brazil,Individuals using the Internet (% of population),2024,84.46347227,Latin America & Caribbean ,Upper middle income,-47.9292,-15.7801
742,BR,Brazil,Individuals using the Internet (% of population),2023,84.15060238,Latin America & Caribbean ,Upper middle income,-47.9292,-15.7801
743,BR,Brazil,Individuals using the Internet (% of population),2022,80.52775094,Latin America & Caribbean ,Upper middle income,-47.9292,-15.7801
744,BR,Brazil,Individuals using the Internet (% of population),2021,80.68989314,Latin America & Caribbean ,Upper middle income,-47.9292,-15.7801
745,BR,Brazil,Individuals using the Internet (% of population),2020,81.34269353,Latin America & Caribbean ,Upper middle income,-47.9292,-15.7801
746,BR,Brazil,Individuals using the Internet (% of population),2019,73.9124399133589,Latin America & Caribbean ,Upper middle income,-47.9292,-15.7801
747,BR,Brazil,Individuals using the Internet (% of population),2018,70.4342825404361,Latin America & Caribbean ,Upper middle income,-47.9292,-15.7801
748,BR,Brazil,Individuals using the Internet (% of population),2017,67.4712845236305,Latin America & Caribbean ,Upper middle income,-47.9292,-15.7801
749,BR,Brazil,Individuals using the Internet (% of population),2016,60.8725400681261,Latin America & Caribbean ,Upper middle income,-47.9292,-15.7801
750,VG,British Virgin Islands,Individuals using the Internet (% of population),2025,,Latin America & Caribbean ,High income,-64.623056,18.431389
751,VG,British Virgin Islands,Individuals using the Internet (% of population),2024,,Latin America & Caribbean ,High income,-64.623056,18.431389
752,VG,British Virgin Islands,Individuals using the Internet (% of population),2023,,Latin America & Caribbean ,High income,-64.623056,18.431389
753,VG,British Virgin Islands,Individuals using the Internet (% of population),2022,,Latin America & Caribbean ,High income,-64.623056,18.431389
754,VG,British Virgin Islands,Individuals using the Internet (% of population),2021,,Latin America & Caribbean ,High income,-64.623056,18.431389
755,VG,British Virgin Islands,Individuals using the Internet (% of population),2020,,Latin America & Caribbean ,High income,-64.623056,18.431389
756,VG,British Virgin Islands,Individuals using the Internet (% of population),2019,,Latin America & Caribbean ,High income,-64.623056,18.431389
757,VG,British Virgin Islands,Individuals using the Internet (% of population),2018,,Latin America & Caribbean ,High income,-64.623056,18.431389
758,VG,British Virgin Islands,Individuals using the Internet (% of population),2017,77.7042682926829,Latin America & Caribbean ,High income,-64.623056,18.431389
759,VG,British Virgin Islands,Individuals using the Internet (% of population),2016,77.7014296797074,Latin America & Caribbean ,High income,-64.623056,18.431389
760,BN,Brunei Darussalam,Individuals using the Internet (% of population),2025,,East Asia & Pacific,High income,114.946,4.94199
761,BN,Brunei Darussalam,Individuals using the Internet (% of population),2024,96.29828801,East Asia & Pacific,High income,114.946,4.94199
762,BN,Brunei Darussalam,Individuals using the Internet (% of population),2023,98.97039795,East Asia & Pacific,High income,114.946,4.94199
763,BN,Brunei Darussalam,Individuals using the Internet (% of population),2022,98.97042579,East Asia & Pacific,High income,114.946,4.94199
764,BN,Brunei Darussalam,Individuals using the Internet (% of population),2021,97.62879944,East Asia & Pacific,High income,114.946,4.94199
765,BN,Brunei Darussalam,Individuals using the Internet (% of population),2020,96.30549622,East Asia & Pacific,High income,114.946,4.94199
766,BN,Brunei Darussalam,Individuals using the Internet (% of population),2019,95.0,East Asia & Pacific,High income,114.946,4.94199
767,BN,Brunei Darussalam,Individuals using the Internet (% of population),2018,95.0,East Asia & Pacific,High income,114.946,4.94199
768,BN,Brunei Darussalam,Individuals using the Internet (% of population),2017,94.86669922,East Asia & Pacific,High income,114.946,4.94199
769,BN,Brunei Darussalam,Individuals using the Internet (% of population),2016,90.0,East Asia & Pacific,High income,114.946,4.94199
770,BG,Bulgaria,Individuals using the Internet (% of population),2025,,Europe & Central Asia,High income,23.3238,42.7105
771,BG,Bulgaria,Individuals using the Internet (% of population),2024,82.438955,Europe & Central Asia,High income,23.3238,42.7105
772,BG,Bulgaria,Individuals using the Internet (% of population),2023,80.38956462,Europe & Central Asia,High income,23.3238,42.7105
773,BG,Bulgaria,Individuals using the Internet (% of population),2022,79.12686326,Europe & Central Asia,High income,23.3238,42.7105
774,BG,Bulgaria,Individuals using the Internet (% of population),2021,75.27144583,Europe & Central Asia,High income,23.3238,42.7105
775,BG,Bulgaria,Individuals using the Internet (% of population),2020,70.16248359,Europe & Central Asia,High income,23.3238,42.7105
776,BG,Bulgaria,Individuals using the Internet (% of population),2019,67.9469809417603,Europe & Central Asia,High income,23.3238,42.7105
777,BG,Bulgaria,Individuals using the Internet (% of population),2018,64.78201069118,Europe & Central Asia,High income,23.3238,42.7105
778,BG,Bulgaria,Individuals using the Internet (% of population),2017,63.4101013837926,Europe & Central Asia,High income,23.3238,42.7105
779,BG,Bulgaria,Individuals using the Internet (% of population),2016,59.825547661014,Europe & Central Asia,High income,23.3238,42.7105
780,BF,Burkina Faso,Individuals using the Internet (% of population),2025,,Sub-Saharan Africa ,Low income,-1.53395,12.3605
781,BF,Burkina Faso,Individuals using the Internet (% of population),2024,28.25270081,Sub-Saharan Africa ,Low income,-1.53395,12.3605
782,BF,Burkina Faso,Individuals using the Internet (% of population),2023,25.36120033,Sub-Saharan Africa ,Low income,-1.53395,12.3605
783,BF,Burkina Faso,Individuals using the Internet (% of population),2022,25.3987999,Sub-Saharan Africa ,Low income,-1.53395,12.3605
784,BF,Burkina Faso,Individuals using the Internet (% of population),2021,18.1522007,Sub-Saharan Africa ,Low income,-1.53395,12.3605
785,BF,Burkina Faso,Individuals using the Internet (% of population),2020,12.97319984,Sub-Saharan Africa ,Low income,-1.53395,12.3605
786,BF,Burkina Faso,Individuals using the Internet (% of population),2019,9.27180600953186,Sub-Saharan Africa ,Low income,-1.53395,12.3605
787,BF,Burkina Faso,Individuals using the Internet (% of population),2018,8.498900414,Sub-Saharan Africa ,Low income,-1.53395,12.3605
788,BF,Burkina Faso,Individuals using the Internet (% of population),2017,7.790400028,Sub-Saharan Africa ,Low income,-1.53395,12.3605
789,BF,Burkina Faso,Individuals using the Internet (% of population),2016,7.140999794,Sub-Saharan Africa ,Low income,-1.53395,12.3605
790,BI,Burundi,Individuals using the Internet (% of population),2025,,Sub-Saharan Africa ,Low income,29.3639,-3.3784
791,BI,Burundi,Individuals using the Internet (% of population),2024,8.595999718,Sub-Saharan Africa ,Low income,29.3639,-3.3784
792,BI,Burundi,Individuals using the Internet (% of population),2023,7.172299862,Sub-Saharan Africa ,Low income,29.3639,-3.3784
793,BI,Burundi,Individuals using the Internet (% of population),2022,7.144800186,Sub-Saharan Africa ,Low income,29.3639,-3.3784
794,BI,Burundi,Individuals using the Internet (% of population),2021,6.777999878,Sub-Saharan Africa ,Low income,29.3639,-3.3784
795,BI,Burundi,Individuals using the Internet (% of population),2020,6.430099964,Sub-Saharan Africa ,Low income,29.3639,-3.3784
796,BI,Burundi,Individuals using the Internet (% of population),2019,6.072199821,Sub-Saharan Africa ,Low income,29.3639,-3.3784
797,BI,Burundi,Individuals using the Internet (% of population),2018,4.019499779,Sub-Saharan Africa ,Low income,29.3639,-3.3784
798,BI,Burundi,Individuals using the Internet (% of population),2017,2.6607485347534,Sub-Saharan Africa ,Low income,29.3639,-3.3784
799,BI,Burundi,Individuals using the Internet (% of population),2016,2.200000048,Sub-Saharan Africa ,Low income,29.3639,-3.3784
800,CV,Cabo Verde,Individuals using the Internet (% of population),2025,,Sub-Saharan Africa ,Upper middle income,-23.5087,14.9218
801,CV,Cabo Verde,Individuals using the Internet (% of population),2024,74.73519897,Sub-Saharan Africa ,Upper middle income,-23.5087,14.9218
802,CV,Cabo Verde,Individuals using the Internet (% of population),2023,74.59919739,Sub-Saharan Africa ,Upper middle income,-23.5087,14.9218
803,CV,Cabo Verde,Individuals using the Internet (% of population),2022,73.32740021,Sub-Saharan Africa ,Upper middle income,-23.5087,14.9218
804,CV,Cabo Verde,Individuals using the Internet (% of population),2021,70.28250122,Sub-Saharan Africa ,Upper middle income,-23.5087,14.9218
805,CV,Cabo Verde,Individuals using the Internet (% of population),2020,69.37339783,Sub-Saharan Africa ,Upper middle income,-23.5087,14.9218
806,CV,Cabo Verde,Individuals using the Internet (% of population),2019,61.9433977593088,Sub-Saharan Africa ,Upper middle income,-23.5087,14.9218
807,CV,Cabo Verde,Individuals using the Internet (% of population),2018,59.5,Sub-Saharan Africa ,Upper middle income,-23.5087,14.9218
808,CV,Cabo Verde,Individuals using the Internet (% of population),2017,57.1621463484891,Sub-Saharan Africa ,Upper middle income,-23.5087,14.9218
809,CV,Cabo Verde,Individuals using the Internet (% of population),2016,50.3228178676892,Sub-Saharan Africa ,Upper middle income,-23.5087,14.9218
810,KH,Cambodia,Individuals using the Internet (% of population),2025,,East Asia & Pacific,Lower middle income,104.874,11.5556
811,KH,Cambodia,Individuals using the Internet (% of population),2024,68.47530365,East Asia & Pacific,Lower middle income,104.874,11.5556
812,KH,Cambodia,Individuals using the Internet (% of population),2023,68.92549896,East Asia & Pacific,Lower middle income,104.874,11.5556
813,KH,Cambodia,Individuals using the Internet (% of population),2022,65.49079895,East Asia & Pacific,Lower middle income,104.874,11.5556
814,KH,Cambodia,Individuals using the Internet (% of population),2021,60.76269913,East Asia & Pacific,Lower middle income,104.874,11.5556
815,KH,Cambodia,Individuals using the Internet (% of population),2020,56.37590027,East Asia & Pacific,Lower middle income,104.874,11.5556
816,KH,Cambodia,Individuals using the Internet (% of population),2019,52.305878224498,East Asia & Pacific,Lower middle income,104.874,11.5556
817,KH,Cambodia,Individuals using the Internet (% of population),2018,65.0,East Asia & Pacific,Lower middle income,104.874,11.5556
818,KH,Cambodia,Individuals using the Internet (% of population),2017,32.9002785437986,East Asia & Pacific,Lower middle income,104.874,11.5556
819,KH,Cambodia,Individuals using the Internet (% of population),2016,32.3984517141849,East Asia & Pacific,Lower middle income,104.874,11.5556
820,CM,Cameroon,Individuals using the Internet (% of population),2025,,Sub-Saharan Africa ,Lower middle income,11.5174,3.8721
821,CM,Cameroon,Individuals using the Internet (% of population),2024,46.25880051,Sub-Saharan Africa ,Lower middle income,11.5174,3.8721
822,CM,Cameroon,Individuals using the Internet (% of population),2023,42.24380112,Sub-Saharan Africa ,Lower middle income,11.5174,3.8721
823,CM,Cameroon,Individuals using the Internet (% of population),2022,40.12559891,Sub-Saharan Africa ,Lower middle income,11.5174,3.8721
824,CM,Cameroon,Individuals using the Internet (% of population),2021,38.89260101,Sub-Saharan Africa ,Lower middle income,11.5174,3.8721
825,CM,Cameroon,Individuals using the Internet (% of population),2020,37.69749832,Sub-Saharan Africa ,Lower middle income,11.5174,3.8721
826,CM,Cameroon,Individuals using the Internet (% of population),2019,36.53919983,Sub-Saharan Africa ,Lower middle income,11.5174,3.8721
827,CM,Cameroon,Individuals using the Internet (% of population),2018,29.70000076,Sub-Saharan Africa ,Lower middle income,11.5174,3.8721
828,CM,Cameroon,Individuals using the Internet (% of population),2017,23.2029719748646,Sub-Saharan Africa ,Lower middle income,11.5174,3.8721
829,CM,Cameroon,Individuals using the Internet (% of population),2016,20.60000038,Sub-Saharan Africa ,Lower middle income,11.5174,3.8721
830,CA,Canada,Individuals using the Internet (% of population),2025,,North America,High income,-75.6919,45.4215
831,CA,Canada,Individuals using the Internet (% of population),2024,94.353302,North America,High income,-75.6919,45.4215
832,CA,Canada,Individuals using the Internet (% of population),2023,94.14530182,North America,High income,-75.6919,45.4215
833,CA,Canada,Individuals using the Internet (% of population),2022,94.0,North America,High income,-75.6919,45.4215
834,CA,Canada,Individuals using the Internet (% of population),2021,93.93710327,North America,High income,-75.6919,45.4215
835,CA,Canada,Individuals using the Internet (% of population),2020,92.3,North America,High income,-75.6919,45.4215
836,CA,Canada,Individuals using the Internet (% of population),2019,91.91290283,North America,High income,-75.6919,45.4215
837,CA,Canada,Individuals using the Internet (% of population),2018,94.64,North America,High income,-75.6919,45.4215
838,CA,Canada,Individuals using the Internet (% of population),2017,92.70140076,North America,High income,-75.6919,45.4215
839,CA,Canada,Individuals using the Internet (% of population),2016,91.16000366,North America,High income,-75.6919,45.4215
840,KY,Cayman Islands,Individuals using the Internet (% of population),2025,,Latin America & Caribbean ,High income,-81.3857,19.3022
841,KY,Cayman Islands,Individuals using the Internet (% of population),2024,,Latin America & Caribbean ,High income,-81.3857,19.3022
842,KY,Cayman Islands,Individuals using the Internet (% of population),2023,,Latin America & Caribbean ,High income,-81.3857,19.3022
843,KY,Cayman Islands,Individuals using the Internet (% of population),2022,,Latin America & Caribbean ,High income,-81.3857,19.3022
844,KY,Cayman Islands,Individuals using the Internet (% of population),2021,,Latin America & Caribbean ,High income,-81.3857,19.3022
845,KY,Cayman Islands,Individuals using the Internet (% of population),2020,,Latin America & Caribbean ,High income,-81.3857,19.3022
846,KY,Cayman Islands,Individuals using the Internet (% of population),2019,,Latin America & Caribbean ,High income,-81.3857,19.3022
847,KY,Cayman Islands,Individuals using the Internet (% of population),2018,,Latin America & Caribbean ,High income,-81.3857,19.3022
848,KY,Cayman Islands,Individuals using the Internet (% of population),2017,81.0676932508161,Latin America & Caribbean ,High income,-81.3857,19.3022
849,KY,Cayman Islands,Individuals using the Internet (% of population),2016,79.0,Latin America & Caribbean ,High income,-81.3857,19.3022
850,CF,Central African Republic,Individuals using the Internet (% of population),2025,,Sub-Saharan Africa ,Low income,21.6407,5.63056
851,CF,Central African Republic,Individuals using the Internet (% of population),2024,13.78250027,Sub-Saharan Africa ,Low income,21.6407,5.63056
852,CF,Central African Republic,Individuals using the Internet (% of population),2023,13.8416996,Sub-Saharan Africa ,Low income,21.6407,5.63056
853,CF,Central African Republic,Individuals using the Internet (% of population),2022,13.75360012,Sub-Saharan Africa ,Low income,21.6407,5.63056
854,CF,Central African Republic,Individuals using the Internet (% of population),2021,,Sub-Saharan Africa ,Low income,21.6407,5.63056
855,CF,Central African Republic,Individuals using the Internet (% of population),2020,,Sub-Saharan Africa ,Low income,21.6407,5.63056
856,CF,Central African Republic,Individuals using the Internet (% of population),2019,7.509200096,Sub-Saharan Africa ,Low income,21.6407,5.63056
857,CF,Central African Republic,Individuals using the Internet (% of population),2018,5.099999905,Sub-Saharan Africa ,Low income,21.6407,5.63056
858,CF,Central African Republic,Individuals using the Internet (% of population),2017,4.0,Sub-Saharan Africa ,Low income,21.6407,5.63056
859,CF,Central African Republic,Individuals using the Internet (% of population),2016,3.099999905,Sub-Saharan Africa ,Low income,21.6407,5.63056
860,TD,Chad,Individuals using the Internet (% of population),2025,,Sub-Saharan Africa ,Low income,15.0445,12.1048
861,TD,Chad,Individuals using the Internet (% of population),2024,12.62689972,Sub-Saharan Africa ,Low income,15.0445,12.1048
862,TD,Chad,Individuals using the Internet (% of population),2023,12.03590012,Sub-Saharan Africa ,Low income,15.0445,12.1048
863,TD,Chad,Individuals using the Internet (% of population),2022,11.17029953,Sub-Saharan Africa ,Low income,15.0445,12.1048
864,TD,Chad,Individuals using the Internet (% of population),2021,9.653699875,Sub-Saharan Africa ,Low income,15.0445,12.1048
865,TD,Chad,Individuals using the Internet (% of population),2020,8.343099594,Sub-Saharan Africa ,Low income,15.0445,12.1048
866,TD,Chad,Individuals using the Internet (% of population),2019,7.618199825,Sub-Saharan Africa ,Low income,15.0445,12.1048
867,TD,Chad,Individuals using the Internet (% of population),2018,6.956299782,Sub-Saharan Africa ,Low income,15.0445,12.1048
868,TD,Chad,Individuals using the Internet (% of population),2017,6.351900101,Sub-Saharan Africa ,Low income,15.0445,12.1048
869,TD,Chad,Individuals using the Internet (% of population),2016,5.800000191,Sub-Saharan Africa ,Low income,15.0445,12.1048
870,JG,Channel Islands,Individuals using the Internet (% of population),2025,,Europe & Central Asia,High income,,
871,JG,Channel Islands,Individuals using the Internet (% of population),2024,,Europe & Central Asia,High income,,
872,JG,Channel Islands,Individuals using the Internet (% of population),2023,,Europe & Central Asia,High income,,
873,JG,Channel Islands,Individuals using the Internet (% of population),2022,,Europe & Central Asia,High income,,
874,JG,Channel Islands,Individuals using the Internet (% of population),2021,,Europe & Central Asia,High income,,
875,JG,Channel Islands,Individuals using the Internet (% of population),2020,,Europe & Central Asia,High income,,
876,JG,Channel Islands,Individuals using the Internet (% of population),2019,,Europe & Central Asia,High income,,
877,JG,Channel Islands,Individuals using the Internet (% of population),2018,,Europe & Central Asia,High income,,
878,JG,Channel Islands,Individuals using the Internet (% of population),2017,,Europe & Central Asia,High income,,
879,JG,Channel Islands,Individuals using the Internet (% of population),2016,,Europe & Central Asia,High income,,
880,CL,Chile,Individuals using the Internet (% of population),2025,,Latin America & Caribbean ,High income,-70.6475,-33.475
881,CL,Chile,Individuals using the Internet (% of population),2024,95.590243,Latin America & Caribbean ,High income,-70.6475,-33.475
882,CL,Chile,Individuals using the Internet (% of population),2023,94.45742345,Latin America & Caribbean ,High income,-70.6475,-33.475
883,CL,Chile,Individuals using the Internet (% of population),2022,92.31819916,Latin America & Caribbean ,High income,-70.6475,-33.475
884,CL,Chile,Individuals using the Internet (% of population),2021,90.23280334,Latin America & Caribbean ,High income,-70.6475,-33.475
885,CL,Chile,Individuals using the Internet (% of population),2020,87.45929718,Latin America & Caribbean ,High income,-70.6475,-33.475
886,CL,Chile,Individuals using the Internet (% of population),2019,85.01760101,Latin America & Caribbean ,High income,-70.6475,-33.475
887,CL,Chile,Individuals using the Internet (% of population),2018,84.90000153,Latin America & Caribbean ,High income,-70.6475,-33.475
888,CL,Chile,Individuals using the Internet (% of population),2017,82.3274869338464,Latin America & Caribbean ,High income,-70.6475,-33.475
889,CL,Chile,Individuals using the Internet (% of population),2016,83.5585860244169,Latin America & Caribbean ,High income,-70.6475,-33.475
890,CN,China,Individuals using the Internet (% of population),2025,91.6,East Asia & Pacific,Upper middle income,116.286,40.0495
891,CN,China,Individuals using the Internet (% of population),2024,92.0,East Asia & Pacific,Upper middle income,116.286,40.0495
892,CN,China,Individuals using the Internet (% of population),2023,90.6,East Asia & Pacific,Upper middle income,116.286,40.0495
893,CN,China,Individuals using the Internet (% of population),2022,75.61131603,East Asia & Pacific,Upper middle income,116.286,40.0495
894,CN,China,Individuals using the Internet (% of population),2021,73.05323517,East Asia & Pacific,Upper middle income,116.286,40.0495
895,CN,China,Individuals using the Internet (% of population),2020,70.05275998,East Asia & Pacific,Upper middle income,116.286,40.0495
896,CN,China,Individuals using the Internet (% of population),2019,64.080881297515,East Asia & Pacific,Upper middle income,116.286,40.0495
897,CN,China,Individuals using the Internet (% of population),2018,65.35839844,East Asia & Pacific,Upper middle income,116.286,40.0495
898,CN,China,Individuals using the Internet (% of population),2017,54.3,East Asia & Pacific,Upper middle income,116.286,40.0495
899,CN,China,Individuals using the Internet (% of population),2016,53.2,East Asia & Pacific,Upper middle income,116.286,40.0495
900,CO,Colombia,Individuals using the Internet (% of population),2025,,Latin America & Caribbean ,Upper middle income,-74.082,4.60987
901,CO,Colombia,Individuals using the Internet (% of population),2024,79.34543299,Latin America & Caribbean ,Upper middle income,-74.082,4.60987
902,CO,Colombia,Individuals using the Internet (% of population),2023,77.33686322,Latin America & Caribbean ,Upper middle income,-74.082,4.60987
903,CO,Colombia,Individuals using the Internet (% of population),2022,72.79637855,Latin America & Caribbean ,Upper middle income,-74.082,4.60987
904,CO,Colombia,Individuals using the Internet (% of population),2021,73.02837449,Latin America & Caribbean ,Upper middle income,-74.082,4.60987
905,CO,Colombia,Individuals using the Internet (% of population),2020,69.79533474,Latin America & Caribbean ,Upper middle income,-74.082,4.60987
906,CO,Colombia,Individuals using the Internet (% of population),2019,65.0069007159493,Latin America & Caribbean ,Upper middle income,-74.082,4.60987
907,CO,Colombia,Individuals using the Internet (% of population),2018,64.1263768204459,Latin America & Caribbean ,Upper middle income,-74.082,4.60987
908,CO,Colombia,Individuals using the Internet (% of population),2017,62.2598803162841,Latin America & Caribbean ,Upper middle income,-74.082,4.60987
909,CO,Colombia,Individuals using the Internet (% of population),2016,58.1364935728703,Latin America & Caribbean ,Upper middle income,-74.082,4.60987
910,KM,Comoros,Individuals using the Internet (% of population),2025,,Sub-Saharan Africa ,Lower middle income,43.2418,-11.6986
911,KM,Comoros,Individuals using the Internet (% of population),2024,32.51750183,Sub-Saharan Africa ,Lower middle income,43.2418,-11.6986
912,KM,Comoros,Individuals using the Internet (% of population),2023,31.92749977,Sub-Saharan Africa ,Lower middle income,43.2418,-11.6986
913,KM,Comoros,Individuals using the Internet (% of population),2022,31.37409973,Sub-Saharan Africa ,Lower middle income,43.2418,-11.6986
914,KM,Comoros,Individuals using the Internet (% of population),2021,30.68120003,Sub-Saharan Africa ,Lower middle income,43.2418,-11.6986
915,KM,Comoros,Individuals using the Internet (% of population),2020,22.42040062,Sub-Saharan Africa ,Lower middle income,43.2418,-11.6986
916,KM,Comoros,Individuals using the Internet (% of population),2019,16.38380051,Sub-Saharan Africa ,Lower middle income,43.2418,-11.6986
917,KM,Comoros,Individuals using the Internet (% of population),2018,,Sub-Saharan Africa ,Lower middle income,43.2418,-11.6986
918,KM,Comoros,Individuals using the Internet (% of population),2017,8.478199959,Sub-Saharan Africa ,Lower middle income,43.2418,-11.6986
919,KM,Comoros,Individuals using the Internet (% of population),2016,7.938300133,Sub-Saharan Africa ,Lower middle income,43.2418,-11.6986
920,CD,"Congo, Dem. Rep.",Individuals using the Internet (% of population),2025,,Sub-Saharan Africa ,Low income,15.3222,-4.325
921,CD,"Congo, Dem. Rep.",Individuals using the Internet (% of population),2024,19.67350006,Sub-Saharan Africa ,Low income,15.3222,-4.325
922,CD,"Congo, Dem. Rep.",Individuals using the Internet (% of population),2023,18.96789932,Sub-Saharan Africa ,Low income,15.3222,-4.325
923,CD,"Congo, Dem. Rep.",Individuals using the Internet (% of population),2022,17.99620056,Sub-Saharan Africa ,Low income,15.3222,-4.325
924,CD,"Congo, Dem. Rep.",Individuals using the Internet (% of population),2021,16.1595993,Sub-Saharan Africa ,Low income,15.3222,-4.325
925,CD,"Congo, Dem. Rep.",Individuals using the Internet (% of population),2020,14.51049995,Sub-Saharan Africa ,Low income,15.3222,-4.325
926,CD,"Congo, Dem. Rep.",Individuals using the Internet (% of population),2019,13.02970028,Sub-Saharan Africa ,Low income,15.3222,-4.325
927,CD,"Congo, Dem. Rep.",Individuals using the Internet (% of population),2018,11.69999981,Sub-Saharan Africa ,Low income,15.3222,-4.325
928,CD,"Congo, Dem. Rep.",Individuals using the Internet (% of population),2017,,Sub-Saharan Africa ,Low income,15.3222,-4.325
929,CD,"Congo, Dem. Rep.",Individuals using the Internet (% of population),2016,10.1,Sub-Saharan Africa ,Low income,15.3222,-4.325
930,CG,"Congo, Rep.",Individuals using the Internet (% of population),2025,,Sub-Saharan Africa ,Lower middle income,15.2662,-4.2767
931,CG,"Congo, Rep.",Individuals using the Internet (% of population),2024,47.25159836,Sub-Saharan Africa ,Lower middle income,15.2662,-4.2767
932,CG,"Congo, Rep.",Individuals using the Internet (% of population),2023,43.15039825,Sub-Saharan Africa ,Lower middle income,15.2662,-4.2767
933,CG,"Congo, Rep.",Individuals using the Internet (% of population),2022,40.98669815,Sub-Saharan Africa ,Lower middle income,15.2662,-4.2767
934,CG,"Congo, Rep.",Individuals using the Internet (% of population),2021,30.02739906,Sub-Saharan Africa ,Lower middle income,15.2662,-4.2767
935,CG,"Congo, Rep.",Individuals using the Internet (% of population),2020,21.99850082,Sub-Saharan Africa ,Lower middle income,15.2662,-4.2767
936,CG,"Congo, Rep.",Individuals using the Internet (% of population),2019,16.11639977,Sub-Saharan Africa ,Lower middle income,15.2662,-4.2767
937,CG,"Congo, Rep.",Individuals using the Internet (% of population),2018,11.8071003,Sub-Saharan Africa ,Lower middle income,15.2662,-4.2767
938,CG,"Congo, Rep.",Individuals using the Internet (% of population),2017,8.649999619,Sub-Saharan Africa ,Lower middle income,15.2662,-4.2767
939,CG,"Congo, Rep.",Individuals using the Internet (% of population),2016,8.121899605,Sub-Saharan Africa ,Lower middle income,15.2662,-4.2767
940,CR,Costa Rica,Individuals using the Internet (% of population),2025,,Latin America & Caribbean ,High income,-84.0089,9.63701
941,CR,Costa Rica,Individuals using the Internet (% of population),2024,87.17019653,Latin America & Caribbean ,High income,-84.0089,9.63701
942,CR,Costa Rica,Individuals using the Internet (% of population),2023,85.39514799,Latin America & Caribbean ,High income,-84.0089,9.63701
943,CR,Costa Rica,Individuals using the Internet (% of population),2022,82.59801121,Latin America & Caribbean ,High income,-84.0089,9.63701
944,CR,Costa Rica,Individuals using the Internet (% of population),2021,82.74901607,Latin America & Caribbean ,High income,-84.0089,9.63701
945,CR,Costa Rica,Individuals using the Internet (% of population),2020,80.53018608,Latin America & Caribbean ,High income,-84.0089,9.63701
946,CR,Costa Rica,Individuals using the Internet (% of population),2019,81.2025964435269,Latin America & Caribbean ,High income,-84.0089,9.63701
947,CR,Costa Rica,Individuals using the Internet (% of population),2018,73.4797284369906,Latin America & Caribbean ,High income,-84.0089,9.63701
948,CR,Costa Rica,Individuals using the Internet (% of population),2017,71.5816646195022,Latin America & Caribbean ,High income,-84.0089,9.63701
949,CR,Costa Rica,Individuals using the Internet (% of population),2016,65.8804491942718,Latin America & Caribbean ,High income,-84.0089,9.63701
950,CI,Cote d'Ivoire,Individuals using the Internet (% of population),2025,,Sub-Saharan Africa ,Lower middle income,-4.0305,5.332
951,CI,Cote d'Ivoire,Individuals using the Internet (% of population),2024,41.43219902,Sub-Saharan Africa ,Lower middle income,-4.0305,5.332
952,CI,Cote d'Ivoire,Individuals using the Internet (% of population),2023,40.65284979,Sub-Saharan Africa ,Lower middle income,-4.0305,5.332
953,CI,Cote d'Ivoire,Individuals using the Internet (% of population),2022,38.41328122,Sub-Saharan Africa ,Lower middle income,-4.0305,5.332
954,CI,Cote d'Ivoire,Individuals using the Internet (% of population),2021,35.95069885,Sub-Saharan Africa ,Lower middle income,-4.0305,5.332
955,CI,Cote d'Ivoire,Individuals using the Internet (% of population),2020,36.01660156,Sub-Saharan Africa ,Lower middle income,-4.0305,5.332
956,CI,Cote d'Ivoire,Individuals using the Internet (% of population),2019,36.2889545655205,Sub-Saharan Africa ,Lower middle income,-4.0305,5.332
957,CI,Cote d'Ivoire,Individuals using the Internet (% of population),2018,37.5465361301281,Sub-Saharan Africa ,Lower middle income,-4.0305,5.332
958,CI,Cote d'Ivoire,Individuals using the Internet (% of population),2017,43.8399208514876,Sub-Saharan Africa ,Lower middle income,-4.0305,5.332
959,CI,Cote d'Ivoire,Individuals using the Internet (% of population),2016,41.2078149304414,Sub-Saharan Africa ,Lower middle income,-4.0305,5.332
960,HR,Croatia,Individuals using the Internet (% of population),2025,,Europe & Central Asia,High income,15.9614,45.8069
961,HR,Croatia,Individuals using the Internet (% of population),2024,83.63240029,Europe & Central Asia,High income,15.9614,45.8069
962,HR,Croatia,Individuals using the Internet (% of population),2023,83.24117599,Europe & Central Asia,High income,15.9614,45.8069
963,HR,Croatia,Individuals using the Internet (% of population),2022,82.07155532,Europe & Central Asia,High income,15.9614,45.8069
964,HR,Croatia,Individuals using the Internet (% of population),2021,81.25396608,Europe & Central Asia,High income,15.9614,45.8069
965,HR,Croatia,Individuals using the Internet (% of population),2020,78.32090004,Europe & Central Asia,High income,15.9614,45.8069
966,HR,Croatia,Individuals using the Internet (% of population),2019,79.0797836757554,Europe & Central Asia,High income,15.9614,45.8069
967,HR,Croatia,Individuals using the Internet (% of population),2018,75.2946259897258,Europe & Central Asia,High income,15.9614,45.8069
968,HR,Croatia,Individuals using the Internet (% of population),2017,67.0961920368478,Europe & Central Asia,High income,15.9614,45.8069
969,HR,Croatia,Individuals using the Internet (% of population),2016,72.6972696701463,Europe & Central Asia,High income,15.9614,45.8069
970,CU,Cuba,Individuals using the Internet (% of population),2025,,Latin America & Caribbean ,Upper middle income,-82.3667,23.1333
971,CU,Cuba,Individuals using the Internet (% of population),2024,70.47699738,Latin America & Caribbean ,Upper middle income,-82.3667,23.1333
972,CU,Cuba,Individuals using the Internet (% of population),2023,69.55580139,Latin America & Caribbean ,Upper middle income,-82.3667,23.1333
973,CU,Cuba,Individuals using the Internet (% of population),2022,67.88410187,Latin America & Caribbean ,Upper middle income,-82.3667,23.1333
974,CU,Cuba,Individuals using the Internet (% of population),2021,67.64354869,Latin America & Caribbean ,Upper middle income,-82.3667,23.1333
975,CU,Cuba,Individuals using the Internet (% of population),2020,71.11907507,Latin America & Caribbean ,Upper middle income,-82.3667,23.1333
976,CU,Cuba,Individuals using the Internet (% of population),2019,67.9708086565152,Latin America & Caribbean ,Upper middle income,-82.3667,23.1333
977,CU,Cuba,Individuals using the Internet (% of population),2018,62.6789236230601,Latin America & Caribbean ,Upper middle income,-82.3667,23.1333
978,CU,Cuba,Individuals using the Internet (% of population),2017,57.1484043170788,Latin America & Caribbean ,Upper middle income,-82.3667,23.1333
979,CU,Cuba,Individuals using the Internet (% of population),2016,42.9786751910106,Latin America & Caribbean ,Upper middle income,-82.3667,23.1333
980,CW,Curacao,Individuals using the Internet (% of population),2025,,Latin America & Caribbean ,High income,,
981,CW,Curacao,Individuals using the Internet (% of population),2024,,Latin America & Caribbean ,High income,,
982,CW,Curacao,Individuals using the Internet (% of population),2023,,Latin America & Caribbean ,High income,,
983,CW,Curacao,Individuals using the Internet (% of population),2022,,Latin America & Caribbean ,High income,,
984,CW,Curacao,Individuals using the Internet (% of population),2021,,Latin America & Caribbean ,High income,,
985,CW,Curacao,Individuals using the Internet (% of population),2020,,Latin America & Caribbean ,High income,,
986,CW,Curacao,Individuals using the Internet (% of population),2019,,Latin America & Caribbean ,High income,,
987,CW,Curacao,Individuals using the Internet (% of population),2018,,Latin America & Caribbean ,High income,,
988,CW,Curacao,Individuals using the Internet (% of population),2017,68.1272162511339,Latin America & Caribbean ,High income,,
989,CW,Curacao,Individuals using the Internet (% of population),2016,61.855510740634,Latin America & Caribbean ,High income,,
990,CY,Cyprus,Individuals using the Internet (% of population),2025,,Europe & Central Asia,High income,33.3736,35.1676
991,CY,Cyprus,Individuals using the Internet (% of population),2024,89.60099246,Europe & Central Asia,High income,33.3736,35.1676
992,CY,Cyprus,Individuals using the Internet (% of population),2023,91.22110357,Europe & Central Asia,High income,33.3736,35.1676
993,CY,Cyprus,Individuals using the Internet (% of population),2022,89.60099194,Europe & Central Asia,High income,33.3736,35.1676
994,CY,Cyprus,Individuals using the Internet (% of population),2021,90.75951564,Europe & Central Asia,High income,33.3736,35.1676
995,CY,Cyprus,Individuals using the Internet (% of population),2020,90.80194644,Europe & Central Asia,High income,33.3736,35.1676
996,CY,Cyprus,Individuals using the Internet (% of population),2019,86.0636299618935,Europe & Central Asia,High income,33.3736,35.1676
997,CY,Cyprus,Individuals using the Internet (% of population),2018,84.4335825186889,Europe & Central Asia,High income,33.3736,35.1676
998,CY,Cyprus,Individuals using the Internet (% of population),2017,80.743188971932,Europe & Central Asia,High income,33.3736,35.1676
999,CY,Cyprus,Individuals using the Internet (% of population),2016,75.9002054030125,Europe & Central Asia,High income,33.3736,35.1676
1000,CZ,Czechia,Individuals using the Internet (% of population),2025,,Europe & Central Asia,High income,14.4205,50.0878
1001,CZ,Czechia,Individuals using the Internet (% of population),2024,87.68776014,Europe & Central Asia,High income,14.4205,50.0878
1002,CZ,Czechia,Individuals using the Internet (% of population),2023,85.99404818,Europe & Central Asia,High income,14.4205,50.0878
1003,CZ,Czechia,Individuals using the Internet (% of population),2022,84.54009378,Europe & Central Asia,High income,14.4205,50.0878
1004,CZ,Czechia,Individuals using the Internet (% of population),2021,82.67062427,Europe & Central Asia,High income,14.4205,50.0878
1005,CZ,Czechia,Individuals using the Internet (% of population),2020,81.33889705,Europe & Central Asia,High income,14.4205,50.0878
1006,CZ,Czechia,Individuals using the Internet (% of population),2019,80.8669444139622,Europe & Central Asia,High income,14.4205,50.0878
1007,CZ,Czechia,Individuals using the Internet (% of population),2018,80.6881675434288,Europe & Central Asia,High income,14.4205,50.0878
1008,CZ,Czechia,Individuals using the Internet (% of population),2017,78.7191728513432,Europe & Central Asia,High income,14.4205,50.0878
1009,CZ,Czechia,Individuals using the Internet (% of population),2016,76.4811986951838,Europe & Central Asia,High income,14.4205,50.0878
1010,DK,Denmark,Individuals using the Internet (% of population),2025,,Europe & Central Asia,High income,12.5681,55.6763
1011,DK,Denmark,Individuals using the Internet (% of population),2024,99.76915157,Europe & Central Asia,High income,12.5681,55.6763
1012,DK,Denmark,Individuals using the Internet (% of population),2023,98.77559197,Europe & Central Asia,High income,12.5681,55.6763
1013,DK,Denmark,Individuals using the Internet (% of population),2022,97.86011812,Europe & Central Asia,High income,12.5681,55.6763
1014,DK,Denmark,Individuals using the Internet (% of population),2021,98.8658506,Europe & Central Asia,High income,12.5681,55.6763
1015,DK,Denmark,Individuals using the Internet (% of population),2020,96.54914573,Europe & Central Asia,High income,12.5681,55.6763
1016,DK,Denmark,Individuals using the Internet (% of population),2019,98.0464347521549,Europe & Central Asia,High income,12.5681,55.6763
1017,DK,Denmark,Individuals using the Internet (% of population),2018,97.3192043651002,Europe & Central Asia,High income,12.5681,55.6763
1018,DK,Denmark,Individuals using the Internet (% of population),2017,97.0993621555621,Europe & Central Asia,High income,12.5681,55.6763
1019,DK,Denmark,Individuals using the Internet (% of population),2016,96.9677852516645,Europe & Central Asia,High income,12.5681,55.6763
1020,DJ,Djibouti,Individuals using the Internet (% of population),2025,,"Middle East, North Africa, Afghanistan & Pakistan",Lower middle income,43.1425,11.5806
1021,DJ,Djibouti,Individuals using the Internet (% of population),2024,65.29889679,"Middle East, North Africa, Afghanistan & Pakistan",Lower middle income,43.1425,11.5806
1022,DJ,Djibouti,Individuals using the Internet (% of population),2023,64.75869751,"Middle East, North Africa, Afghanistan & Pakistan",Lower middle income,43.1425,11.5806
1023,DJ,Djibouti,Individuals using the Internet (% of population),2022,63.77600098,"Middle East, North Africa, Afghanistan & Pakistan",Lower middle income,43.1425,11.5806
1024,DJ,Djibouti,Individuals using the Internet (% of population),2021,61.41120148,"Middle East, North Africa, Afghanistan & Pakistan",Lower middle income,43.1425,11.5806
1025,DJ,Djibouti,Individuals using the Internet (% of population),2020,59.92570114,"Middle East, North Africa, Afghanistan & Pakistan",Lower middle income,43.1425,11.5806
1026,DJ,Djibouti,Individuals using the Internet (% of population),2019,58.4762001,"Middle East, North Africa, Afghanistan & Pakistan",Lower middle income,43.1425,11.5806
1027,DJ,Djibouti,Individuals using the Internet (% of population),2018,57.06169891,"Middle East, North Africa, Afghanistan & Pakistan",Lower middle income,43.1425,11.5806
1028,DJ,Djibouti,Individuals using the Internet (% of population),2017,55.6814092453962,"Middle East, North Africa, Afghanistan & Pakistan",Lower middle income,43.1425,11.5806
1029,DJ,Djibouti,Individuals using the Internet (% of population),2016,30.79999924,"Middle East, North Africa, Afghanistan & Pakistan",Lower middle income,43.1425,11.5806
1030,DM,Dominica,Individuals using the Internet (% of population),2025,,Latin America & Caribbean ,Upper middle income,-61.39,15.2976
1031,DM,Dominica,Individuals using the Internet (% of population),2024,82.04689789,Latin America & Caribbean ,Upper middle income,-61.39,15.2976
1032,DM,Dominica,Individuals using the Internet (% of population),2023,81.33650208,Latin America & Caribbean ,Upper middle income,-61.39,15.2976
1033,DM,Dominica,Individuals using the Internet (% of population),2022,80.57980347,Latin America & Caribbean ,Upper middle income,-61.39,15.2976
1034,DM,Dominica,Individuals using the Internet (% of population),2021,78.07949829,Latin America & Caribbean ,Upper middle income,-61.39,15.2976
1035,DM,Dominica,Individuals using the Internet (% of population),2020,75.65670013,Latin America & Caribbean ,Upper middle income,-61.39,15.2976
1036,DM,Dominica,Individuals using the Internet (% of population),2019,73.38200378,Latin America & Caribbean ,Upper middle income,-61.39,15.2976
1037,DM,Dominica,Individuals using the Internet (% of population),2018,,Latin America & Caribbean ,Upper middle income,-61.39,15.2976
1038,DM,Dominica,Individuals using the Internet (% of population),2017,69.61969757,Latin America & Caribbean ,Upper middle income,-61.39,15.2976
1039,DM,Dominica,Individuals using the Internet (% of population),2016,67.02999878,Latin America & Caribbean ,Upper middle income,-61.39,15.2976
1040,DO,Dominican Republic,Individuals using the Internet (% of population),2025,,Latin America & Caribbean ,Upper middle income,-69.8908,18.479
1041,DO,Dominican Republic,Individuals using the Internet (% of population),2024,91.0022446,Latin America & Caribbean ,Upper middle income,-69.8908,18.479
1042,DO,Dominican Republic,Individuals using the Internet (% of population),2023,86.12689972,Latin America & Caribbean ,Upper middle income,-69.8908,18.479
1043,DO,Dominican Republic,Individuals using the Internet (% of population),2022,81.51269675,Latin America & Caribbean ,Upper middle income,-69.8908,18.479
1044,DO,Dominican Republic,Individuals using the Internet (% of population),2021,85.24298638,Latin America & Caribbean ,Upper middle income,-69.8908,18.479
1045,DO,Dominican Republic,Individuals using the Internet (% of population),2020,81.61730194,Latin America & Caribbean ,Upper middle income,-69.8908,18.479
1046,DO,Dominican Republic,Individuals using the Internet (% of population),2019,79.71549988,Latin America & Caribbean ,Upper middle income,-69.8908,18.479
1047,DO,Dominican Republic,Individuals using the Internet (% of population),2018,74.8220483597284,Latin America & Caribbean ,Upper middle income,-69.8908,18.479
1048,DO,Dominican Republic,Individuals using the Internet (% of population),2017,67.5712453277737,Latin America & Caribbean ,Upper middle income,-69.8908,18.479
1049,DO,Dominican Republic,Individuals using the Internet (% of population),2016,63.8708647408206,Latin America & Caribbean ,Upper middle income,-69.8908,18.479
1050,EC,Ecuador,Individuals using the Internet (% of population),2025,,Latin America & Caribbean ,Upper middle income,-78.5243,-0.229498
1051,EC,Ecuador,Individuals using the Internet (% of population),2024,77.17273115,Latin America & Caribbean ,Upper middle income,-78.5243,-0.229498
1052,EC,Ecuador,Individuals using the Internet (% of population),2023,72.6943146,Latin America & Caribbean ,Upper middle income,-78.5243,-0.229498
1053,EC,Ecuador,Individuals using the Internet (% of population),2022,69.71811356,Latin America & Caribbean ,Upper middle income,-78.5243,-0.229498
1054,EC,Ecuador,Individuals using the Internet (% of population),2021,69.1147995,Latin America & Caribbean ,Upper middle income,-78.5243,-0.229498
1055,EC,Ecuador,Individuals using the Internet (% of population),2020,70.7,Latin America & Caribbean ,Upper middle income,-78.5243,-0.229498
1056,EC,Ecuador,Individuals using the Internet (% of population),2019,59.2,Latin America & Caribbean ,Upper middle income,-78.5243,-0.229498
1057,EC,Ecuador,Individuals using the Internet (% of population),2018,57.5,Latin America & Caribbean ,Upper middle income,-78.5243,-0.229498
1058,EC,Ecuador,Individuals using the Internet (% of population),2017,55.79999924,Latin America & Caribbean ,Upper middle income,-78.5243,-0.229498
1059,EC,Ecuador,Individuals using the Internet (% of population),2016,54.0629247288864,Latin America & Caribbean ,Upper middle income,-78.5243,-0.229498
1060,EG,"Egypt, Arab Rep.",Individuals using the Internet (% of population),2025,,"Middle East, North Africa, Afghanistan & Pakistan",Lower middle income,31.2461,30.0982
1061,EG,"Egypt, Arab Rep.",Individuals using the Internet (% of population),2024,74.64839935,"Middle East, North Africa, Afghanistan & Pakistan",Lower middle income,31.2461,30.0982
1062,EG,"Egypt, Arab Rep.",Individuals using the Internet (% of population),2023,74.01190186,"Middle East, North Africa, Afghanistan & Pakistan",Lower middle income,31.2461,30.0982
1063,EG,"Egypt, Arab Rep.",Individuals using the Internet (% of population),2022,72.19806556,"Middle East, North Africa, Afghanistan & Pakistan",Lower middle income,31.2461,30.0982
1064,EG,"Egypt, Arab Rep.",Individuals using the Internet (% of population),2021,72.05599976,"Middle East, North Africa, Afghanistan & Pakistan",Lower middle income,31.2461,30.0982
1065,EG,"Egypt, Arab Rep.",Individuals using the Internet (% of population),2020,71.91420096,"Middle East, North Africa, Afghanistan & Pakistan",Lower middle income,31.2461,30.0982
1066,EG,"Egypt, Arab Rep.",Individuals using the Internet (% of population),2019,57.2828663990195,"Middle East, North Africa, Afghanistan & Pakistan",Lower middle income,31.2461,30.0982
1067,EG,"Egypt, Arab Rep.",Individuals using the Internet (% of population),2018,46.92433676792,"Middle East, North Africa, Afghanistan & Pakistan",Lower middle income,31.2461,30.0982
1068,EG,"Egypt, Arab Rep.",Individuals using the Internet (% of population),2017,44.9502042452857,"Middle East, North Africa, Afghanistan & Pakistan",Lower middle income,31.2461,30.0982
1069,EG,"Egypt, Arab Rep.",Individuals using the Internet (% of population),2016,41.2480670885772,"Middle East, North Africa, Afghanistan & Pakistan",Lower middle income,31.2461,30.0982
1070,SV,El Salvador,Individuals using the Internet (% of population),2025,,Latin America & Caribbean ,Upper middle income,-89.2073,13.7034
1071,SV,El Salvador,Individuals using the Internet (% of population),2024,66.47769928,Latin America & Caribbean ,Upper middle income,-89.2073,13.7034
1072,SV,El Salvador,Individuals using the Internet (% of population),2023,62.61989975,Latin America & Caribbean ,Upper middle income,-89.2073,13.7034
1073,SV,El Salvador,Individuals using the Internet (% of population),2022,60.05609894,Latin America & Caribbean ,Upper middle income,-89.2073,13.7034
1074,SV,El Salvador,Individuals using the Internet (% of population),2021,57.26380157,Latin America & Caribbean ,Upper middle income,-89.2073,13.7034
1075,SV,El Salvador,Individuals using the Internet (% of population),2020,54.60136976,Latin America & Caribbean ,Upper middle income,-89.2073,13.7034
1076,SV,El Salvador,Individuals using the Internet (% of population),2019,50.4911940673888,Latin America & Caribbean ,Upper middle income,-89.2073,13.7034
1077,SV,El Salvador,Individuals using the Internet (% of population),2018,43.79999924,Latin America & Caribbean ,Upper middle income,-89.2073,13.7034
1078,SV,El Salvador,Individuals using the Internet (% of population),2017,33.8207289048526,Latin America & Caribbean ,Upper middle income,-89.2073,13.7034
1079,SV,El Salvador,Individuals using the Internet (% of population),2016,28.99710083,Latin America & Caribbean ,Upper middle income,-89.2073,13.7034
1080,GQ,Equatorial Guinea,Individuals using the Internet (% of population),2025,,Sub-Saharan Africa ,Upper middle income,8.7741,3.7523
1081,GQ,Equatorial Guinea,Individuals using the Internet (% of population),2024,63.29930115,Sub-Saharan Africa ,Upper middle income,8.7741,3.7523
1082,GQ,Equatorial Guinea,Individuals using the Internet (% of population),2023,63.51950073,Sub-Saharan Africa ,Upper middle income,8.7741,3.7523
1083,GQ,Equatorial Guinea,Individuals using the Internet (% of population),2022,63.65950012,Sub-Saharan Africa ,Upper middle income,8.7741,3.7523
1084,GQ,Equatorial Guinea,Individuals using the Internet (% of population),2021,58.71730042,Sub-Saharan Africa ,Upper middle income,8.7741,3.7523
1085,GQ,Equatorial Guinea,Individuals using the Internet (% of population),2020,55.00130081,Sub-Saharan Africa ,Upper middle income,8.7741,3.7523
1086,GQ,Equatorial Guinea,Individuals using the Internet (% of population),2019,49.13370132,Sub-Saharan Africa ,Upper middle income,8.7741,3.7523
1087,GQ,Equatorial Guinea,Individuals using the Internet (% of population),2018,29.39999962,Sub-Saharan Africa ,Upper middle income,8.7741,3.7523
1088,GQ,Equatorial Guinea,Individuals using the Internet (% of population),2017,26.23999977,Sub-Saharan Africa ,Upper middle income,8.7741,3.7523
1089,GQ,Equatorial Guinea,Individuals using the Internet (% of population),2016,23.78000069,Sub-Saharan Africa ,Upper middle income,8.7741,3.7523
1090,ER,Eritrea,Individuals using the Internet (% of population),2025,,Sub-Saharan Africa ,Low income,38.9183,15.3315
1091,ER,Eritrea,Individuals using the Internet (% of population),2024,,Sub-Saharan Africa ,Low income,38.9183,15.3315
1092,ER,Eritrea,Individuals using the Internet (% of population),2023,,Sub-Saharan Africa ,Low income,38.9183,15.3315
1093,ER,Eritrea,Individuals using the Internet (% of population),2022,,Sub-Saharan Africa ,Low income,38.9183,15.3315
1094,ER,Eritrea,Individuals using the Internet (% of population),2021,,Sub-Saharan Africa ,Low income,38.9183,15.3315
1095,ER,Eritrea,Individuals using the Internet (% of population),2020,14.34939957,Sub-Saharan Africa ,Low income,38.9183,15.3315
1096,ER,Eritrea,Individuals using the Internet (% of population),2019,11.22379971,Sub-Saharan Africa ,Low income,38.9183,15.3315
1097,ER,Eritrea,Individuals using the Internet (% of population),2018,5.293000221,Sub-Saharan Africa ,Low income,38.9183,15.3315
1098,ER,Eritrea,Individuals using the Internet (% of population),2017,2.496099949,Sub-Saharan Africa ,Low income,38.9183,15.3315
1099,ER,Eritrea,Individuals using the Internet (% of population),2016,1.177099943,Sub-Saharan Africa ,Low income,38.9183,15.3315
1100,EE,Estonia,Individuals using the Internet (% of population),2025,,Europe & Central Asia,High income,24.7586,59.4392
1101,EE,Estonia,Individuals using the Internet (% of population),2024,92.23796204,Europe & Central Asia,High income,24.7586,59.4392
1102,EE,Estonia,Individuals using the Internet (% of population),2023,93.18342241,Europe & Central Asia,High income,24.7586,59.4392
1103,EE,Estonia,Individuals using the Internet (% of population),2022,91.52016546,Europe & Central Asia,High income,24.7586,59.4392
1104,EE,Estonia,Individuals using the Internet (% of population),2021,90.97970174,Europe & Central Asia,High income,24.7586,59.4392
1105,EE,Estonia,Individuals using the Internet (% of population),2020,89.05828666,Europe & Central Asia,High income,24.7586,59.4392
1106,EE,Estonia,Individuals using the Internet (% of population),2019,90.2289281997919,Europe & Central Asia,High income,24.7586,59.4392
1107,EE,Estonia,Individuals using the Internet (% of population),2018,89.3570077747426,Europe & Central Asia,High income,24.7586,59.4392
1108,EE,Estonia,Individuals using the Internet (% of population),2017,88.1024568740199,Europe & Central Asia,High income,24.7586,59.4392
1109,EE,Estonia,Individuals using the Internet (% of population),2016,87.2402327514547,Europe & Central Asia,High income,24.7586,59.4392
1110,SZ,Eswatini,Individuals using the Internet (% of population),2025,,Sub-Saharan Africa ,Lower middle income,31.4659,-26.5225
1111,SZ,Eswatini,Individuals using the Internet (% of population),2024,63.40309906,Sub-Saharan Africa ,Lower middle income,31.4659,-26.5225
1112,SZ,Eswatini,Individuals using the Internet (% of population),2023,61.33330154,Sub-Saharan Africa ,Lower middle income,31.4659,-26.5225
1113,SZ,Eswatini,Individuals using the Internet (% of population),2022,57.34370041,Sub-Saharan Africa ,Lower middle income,31.4659,-26.5225
1114,SZ,Eswatini,Individuals using the Internet (% of population),2021,53.99530029,Sub-Saharan Africa ,Lower middle income,31.4659,-26.5225
1115,SZ,Eswatini,Individuals using the Internet (% of population),2020,49.01300049,Sub-Saharan Africa ,Lower middle income,31.4659,-26.5225
1116,SZ,Eswatini,Individuals using the Internet (% of population),2019,43.93389893,Sub-Saharan Africa ,Lower middle income,31.4659,-26.5225
1117,SZ,Eswatini,Individuals using the Internet (% of population),2018,39.38100052,Sub-Saharan Africa ,Lower middle income,31.4659,-26.5225
1118,SZ,Eswatini,Individuals using the Internet (% of population),2017,35.33160019,Sub-Saharan Africa ,Lower middle income,31.4659,-26.5225
1119,SZ,Eswatini,Individuals using the Internet (% of population),2016,28.56999969,Sub-Saharan Africa ,Lower middle income,31.4659,-26.5225
1120,ET,Ethiopia,Individuals using the Internet (% of population),2025,,Sub-Saharan Africa ,Low income,38.7468,9.02274
1121,ET,Ethiopia,Individuals using the Internet (% of population),2024,21.94129944,Sub-Saharan Africa ,Low income,38.7468,9.02274
1122,ET,Ethiopia,Individuals using the Internet (% of population),2023,20.33749962,Sub-Saharan Africa ,Low income,38.7468,9.02274
1123,ET,Ethiopia,Individuals using the Internet (% of population),2022,17.9836998,Sub-Saharan Africa ,Low income,38.7468,9.02274
1124,ET,Ethiopia,Individuals using the Internet (% of population),2021,16.6981031,Sub-Saharan Africa ,Low income,38.7468,9.02274
1125,ET,Ethiopia,Individuals using the Internet (% of population),2020,16.06959915,Sub-Saharan Africa ,Low income,38.7468,9.02274
1126,ET,Ethiopia,Individuals using the Internet (% of population),2019,15.98460007,Sub-Saharan Africa ,Low income,38.7468,9.02274
1127,ET,Ethiopia,Individuals using the Internet (% of population),2018,15.88619995,Sub-Saharan Africa ,Low income,38.7468,9.02274
1128,ET,Ethiopia,Individuals using the Internet (% of population),2017,15.62440014,Sub-Saharan Africa ,Low income,38.7468,9.02274
1129,ET,Ethiopia,Individuals using the Internet (% of population),2016,15.3669238595896,Sub-Saharan Africa ,Low income,38.7468,9.02274
1130,FO,Faroe Islands,Individuals using the Internet (% of population),2025,,Europe & Central Asia,High income,-6.91181,61.8926
1131,FO,Faroe Islands,Individuals using the Internet (% of population),2024,,Europe & Central Asia,High income,-6.91181,61.8926
1132,FO,Faroe Islands,Individuals using the Internet (% of population),2023,,Europe & Central Asia,High income,-6.91181,61.8926
1133,FO,Faroe Islands,Individuals using the Internet (% of population),2022,,Europe & Central Asia,High income,-6.91181,61.8926
1134,FO,Faroe Islands,Individuals using the Internet (% of population),2021,,Europe & Central Asia,High income,-6.91181,61.8926
1135,FO,Faroe Islands,Individuals using the Internet (% of population),2020,,Europe & Central Asia,High income,-6.91181,61.8926
1136,FO,Faroe Islands,Individuals using the Internet (% of population),2019,,Europe & Central Asia,High income,-6.91181,61.8926
1137,FO,Faroe Islands,Individuals using the Internet (% of population),2018,,Europe & Central Asia,High income,-6.91181,61.8926
1138,FO,Faroe Islands,Individuals using the Internet (% of population),2017,97.5819589384468,Europe & Central Asia,High income,-6.91181,61.8926
1139,FO,Faroe Islands,Individuals using the Internet (% of population),2016,95.1086816720257,Europe & Central Asia,High income,-6.91181,61.8926
1140,FJ,Fiji,Individuals using the Internet (% of population),2025,,East Asia & Pacific,Upper middle income,178.399,-18.1149
1141,FJ,Fiji,Individuals using the Internet (% of population),2024,74.7052002,East Asia & Pacific,Upper middle income,178.399,-18.1149
1142,FJ,Fiji,Individuals using the Internet (% of population),2023,74.1160965,East Asia & Pacific,Upper middle income,178.399,-18.1149
1143,FJ,Fiji,Individuals using the Internet (% of population),2022,72.56549835,East Asia & Pacific,Upper middle income,178.399,-18.1149
1144,FJ,Fiji,Individuals using the Internet (% of population),2021,70.56800079,East Asia & Pacific,Upper middle income,178.399,-18.1149
1145,FJ,Fiji,Individuals using the Internet (% of population),2020,68.62560272,East Asia & Pacific,Upper middle income,178.399,-18.1149
1146,FJ,Fiji,Individuals using the Internet (% of population),2019,63.21789932,East Asia & Pacific,Upper middle income,178.399,-18.1149
1147,FJ,Fiji,Individuals using the Internet (% of population),2018,58.2364006,East Asia & Pacific,Upper middle income,178.399,-18.1149
1148,FJ,Fiji,Individuals using the Internet (% of population),2017,53.6473999,East Asia & Pacific,Upper middle income,178.399,-18.1149
1149,FJ,Fiji,Individuals using the Internet (% of population),2016,49.41999817,East Asia & Pacific,Upper middle income,178.399,-18.1149
1150,FI,Finland,Individuals using the Internet (% of population),2025,,Europe & Central Asia,High income,24.9525,60.1608
1151,FI,Finland,Individuals using the Internet (% of population),2024,93.72405196,Europe & Central Asia,High income,24.9525,60.1608
1152,FI,Finland,Individuals using the Internet (% of population),2023,93.51385075,Europe & Central Asia,High income,24.9525,60.1608
1153,FI,Finland,Individuals using the Internet (% of population),2022,92.98879471,Europe & Central Asia,High income,24.9525,60.1608
1154,FI,Finland,Individuals using the Internet (% of population),2021,92.80806082,Europe & Central Asia,High income,24.9525,60.1608
1155,FI,Finland,Individuals using the Internet (% of population),2020,92.17027106,Europe & Central Asia,High income,24.9525,60.1608
1156,FI,Finland,Individuals using the Internet (% of population),2019,89.6073851129779,Europe & Central Asia,High income,24.9525,60.1608
1157,FI,Finland,Individuals using the Internet (% of population),2018,88.8899599985585,Europe & Central Asia,High income,24.9525,60.1608
1158,FI,Finland,Individuals using the Internet (% of population),2017,87.4689290730615,Europe & Central Asia,High income,24.9525,60.1608
1159,FI,Finland,Individuals using the Internet (% of population),2016,87.7036499599455,Europe & Central Asia,High income,24.9525,60.1608
1160,FR,France,Individuals using the Internet (% of population),2025,,Europe & Central Asia,High income,2.35097,48.8566
1161,FR,France,Individuals using the Internet (% of population),2024,88.65381638,Europe & Central Asia,High income,2.35097,48.8566
1162,FR,France,Individuals using the Internet (% of population),2023,86.83635789,Europe & Central Asia,High income,2.35097,48.8566
1163,FR,France,Individuals using the Internet (% of population),2022,85.33331734,Europe & Central Asia,High income,2.35097,48.8566
1164,FR,France,Individuals using the Internet (% of population),2021,86.09548575,Europe & Central Asia,High income,2.35097,48.8566
1165,FR,France,Individuals using the Internet (% of population),2020,84.70639801,Europe & Central Asia,High income,2.35097,48.8566
1166,FR,France,Individuals using the Internet (% of population),2019,83.3397440866883,Europe & Central Asia,High income,2.35097,48.8566
1167,FR,France,Individuals using the Internet (% of population),2018,82.0431867788484,Europe & Central Asia,High income,2.35097,48.8566
1168,FR,France,Individuals using the Internet (% of population),2017,80.5024597243607,Europe & Central Asia,High income,2.35097,48.8566
1169,FR,France,Individuals using the Internet (% of population),2016,79.2698113207547,Europe & Central Asia,High income,2.35097,48.8566
1170,PF,French Polynesia,Individuals using the Internet (% of population),2025,,East Asia & Pacific,High income,-149.57,-17.535
1171,PF,French Polynesia,Individuals using the Internet (% of population),2024,,East Asia & Pacific,High income,-149.57,-17.535
1172,PF,French Polynesia,Individuals using the Internet (% of population),2023,,East Asia & Pacific,High income,-149.57,-17.535
1173,PF,French Polynesia,Individuals using the Internet (% of population),2022,,East Asia & Pacific,High income,-149.57,-17.535
1174,PF,French Polynesia,Individuals using the Internet (% of population),2021,,East Asia & Pacific,High income,-149.57,-17.535
1175,PF,French Polynesia,Individuals using the Internet (% of population),2020,,East Asia & Pacific,High income,-149.57,-17.535
1176,PF,French Polynesia,Individuals using the Internet (% of population),2019,,East Asia & Pacific,High income,-149.57,-17.535
1177,PF,French Polynesia,Individuals using the Internet (% of population),2018,,East Asia & Pacific,High income,-149.57,-17.535
1178,PF,French Polynesia,Individuals using the Internet (% of population),2017,72.7038953132942,East Asia & Pacific,High income,-149.57,-17.535
1179,PF,French Polynesia,Individuals using the Internet (% of population),2016,68.440419493378,East Asia & Pacific,High income,-149.57,-17.535
1180,GA,Gabon,Individuals using the Internet (% of population),2025,,Sub-Saharan Africa ,Upper middle income,9.45162,0.38832
1181,GA,Gabon,Individuals using the Internet (% of population),2024,68.72090149,Sub-Saharan Africa ,Upper middle income,9.45162,0.38832
1182,GA,Gabon,Individuals using the Internet (% of population),2023,68.19789886,Sub-Saharan Africa ,Upper middle income,9.45162,0.38832
1183,GA,Gabon,Individuals using the Internet (% of population),2022,67.67169952,Sub-Saharan Africa ,Upper middle income,9.45162,0.38832
1184,GA,Gabon,Individuals using the Internet (% of population),2021,65.76809692,Sub-Saharan Africa ,Upper middle income,9.45162,0.38832
1185,GA,Gabon,Individuals using the Internet (% of population),2020,63.91790009,Sub-Saharan Africa ,Upper middle income,9.45162,0.38832
1186,GA,Gabon,Individuals using the Internet (% of population),2019,59.51760101,Sub-Saharan Africa ,Upper middle income,9.45162,0.38832
1187,GA,Gabon,Individuals using the Internet (% of population),2018,55.42020035,Sub-Saharan Africa ,Upper middle income,9.45162,0.38832
1188,GA,Gabon,Individuals using the Internet (% of population),2017,51.60490036,Sub-Saharan Africa ,Upper middle income,9.45162,0.38832
1189,GA,Gabon,Individuals using the Internet (% of population),2016,48.0522995,Sub-Saharan Africa ,Upper middle income,9.45162,0.38832
1190,GM,"Gambia, The",Individuals using the Internet (% of population),2025,,Sub-Saharan Africa ,Low income,-16.5885,13.4495
1191,GM,"Gambia, The",Individuals using the Internet (% of population),2024,49.49430084,Sub-Saharan Africa ,Low income,-16.5885,13.4495
1192,GM,"Gambia, The",Individuals using the Internet (% of population),2023,48.72829819,Sub-Saharan Africa ,Low income,-16.5885,13.4495
1193,GM,"Gambia, The",Individuals using the Internet (% of population),2022,48.22539902,Sub-Saharan Africa ,Low income,-16.5885,13.4495
1194,GM,"Gambia, The",Individuals using the Internet (% of population),2021,41.67309952,Sub-Saharan Africa ,Low income,-16.5885,13.4495
1195,GM,"Gambia, The",Individuals using the Internet (% of population),2020,36.01100159,Sub-Saharan Africa ,Low income,-16.5885,13.4495
1196,GM,"Gambia, The",Individuals using the Internet (% of population),2019,31.11829948,Sub-Saharan Africa ,Low income,-16.5885,13.4495
1197,GM,"Gambia, The",Individuals using the Internet (% of population),2018,28.30900002,Sub-Saharan Africa ,Low income,-16.5885,13.4495
1198,GM,"Gambia, The",Individuals using the Internet (% of population),2017,22.5156002,Sub-Saharan Africa ,Low income,-16.5885,13.4495
1199,GM,"Gambia, The",Individuals using the Internet (% of population),2016,19.90640068,Sub-Saharan Africa ,Low income,-16.5885,13.4495
1200,GE,Georgia,Individuals using the Internet (% of population),2025,,Europe & Central Asia,Upper middle income,44.793,41.71
1201,GE,Georgia,Individuals using the Internet (% of population),2024,83.79855689,Europe & Central Asia,Upper middle income,44.793,41.71
1202,GE,Georgia,Individuals using the Internet (% of population),2023,81.88425624,Europe & Central Asia,Upper middle income,44.793,41.71
1203,GE,Georgia,Individuals using the Internet (% of population),2022,78.71127536,Europe & Central Asia,Upper middle income,44.793,41.71
1204,GE,Georgia,Individuals using the Internet (% of population),2021,76.4427093,Europe & Central Asia,Upper middle income,44.793,41.71
1205,GE,Georgia,Individuals using the Internet (% of population),2020,72.53157487,Europe & Central Asia,Upper middle income,44.793,41.71
1206,GE,Georgia,Individuals using the Internet (% of population),2019,68.8467135616978,Europe & Central Asia,Upper middle income,44.793,41.71
1207,GE,Georgia,Individuals using the Internet (% of population),2018,62.7179081974285,Europe & Central Asia,Upper middle income,44.793,41.71
1208,GE,Georgia,Individuals using the Internet (% of population),2017,59.7055045962571,Europe & Central Asia,Upper middle income,44.793,41.71
1209,GE,Georgia,Individuals using the Internet (% of population),2016,58.4592896118725,Europe & Central Asia,Upper middle income,44.793,41.71
1210,DE,Germany,Individuals using the Internet (% of population),2025,,Europe & Central Asia,High income,13.4115,52.5235
1211,DE,Germany,Individuals using the Internet (% of population),2024,93.49999579,Europe & Central Asia,High income,13.4115,52.5235
1212,DE,Germany,Individuals using the Internet (% of population),2023,92.4763763,Europe & Central Asia,High income,13.4115,52.5235
1213,DE,Germany,Individuals using the Internet (% of population),2022,91.62984383,Europe & Central Asia,High income,13.4115,52.5235
1214,DE,Germany,Individuals using the Internet (% of population),2021,91.43060973,Europe & Central Asia,High income,13.4115,52.5235
1215,DE,Germany,Individuals using the Internet (% of population),2020,89.81294133,Europe & Central Asia,High income,13.4115,52.5235
1216,DE,Germany,Individuals using the Internet (% of population),2019,88.1345169091916,Europe & Central Asia,High income,13.4115,52.5235
1217,DE,Germany,Individuals using the Internet (% of population),2018,87.037112092841,Europe & Central Asia,High income,13.4115,52.5235
1218,DE,Germany,Individuals using the Internet (% of population),2017,84.3941537010844,Europe & Central Asia,High income,13.4115,52.5235
1219,DE,Germany,Individuals using the Internet (% of population),2016,84.1652066441212,Europe & Central Asia,High income,13.4115,52.5235
1220,GH,Ghana,Individuals using the Internet (% of population),2025,,Sub-Saharan Africa ,Lower middle income,-0.20795,5.57045
1221,GH,Ghana,Individuals using the Internet (% of population),2024,72.17569733,Sub-Saharan Africa ,Lower middle income,-0.20795,5.57045
1222,GH,Ghana,Individuals using the Internet (% of population),2023,70.67430115,Sub-Saharan Africa ,Lower middle income,-0.20795,5.57045
1223,GH,Ghana,Individuals using the Internet (% of population),2022,69.91329956,Sub-Saharan Africa ,Lower middle income,-0.20795,5.57045
1224,GH,Ghana,Individuals using the Internet (% of population),2021,68.6,Sub-Saharan Africa ,Lower middle income,-0.20795,5.57045
1225,GH,Ghana,Individuals using the Internet (% of population),2020,62.51760101,Sub-Saharan Africa ,Lower middle income,-0.20795,5.57045
1226,GH,Ghana,Individuals using the Internet (% of population),2019,22.0732,Sub-Saharan Africa ,Lower middle income,-0.20795,5.57045
1227,GH,Ghana,Individuals using the Internet (% of population),2018,43.0,Sub-Saharan Africa ,Lower middle income,-0.20795,5.57045
1228,GH,Ghana,Individuals using the Internet (% of population),2017,37.88420105,Sub-Saharan Africa ,Lower middle income,-0.20795,5.57045
1229,GH,Ghana,Individuals using the Internet (% of population),2016,28.0,Sub-Saharan Africa ,Lower middle income,-0.20795,5.57045
1230,GI,Gibraltar,Individuals using the Internet (% of population),2025,,Europe & Central Asia,High income,,
1231,GI,Gibraltar,Individuals using the Internet (% of population),2024,,Europe & Central Asia,High income,,
1232,GI,Gibraltar,Individuals using the Internet (% of population),2023,,Europe & Central Asia,High income,,
1233,GI,Gibraltar,Individuals using the Internet (% of population),2022,,Europe & Central Asia,High income,,
1234,GI,Gibraltar,Individuals using the Internet (% of population),2021,,Europe & Central Asia,High income,,
1235,GI,Gibraltar,Individuals using the Internet (% of population),2020,,Europe & Central Asia,High income,,
1236,GI,Gibraltar,Individuals using the Internet (% of population),2019,,Europe & Central Asia,High income,,
1237,GI,Gibraltar,Individuals using the Internet (% of population),2018,,Europe & Central Asia,High income,,
1238,GI,Gibraltar,Individuals using the Internet (% of population),2017,,Europe & Central Asia,High income,,
1239,GI,Gibraltar,Individuals using the Internet (% of population),2016,94.4444715818151,Europe & Central Asia,High income,,
1240,GR,Greece,Individuals using the Internet (% of population),2025,,Europe & Central Asia,High income,23.7166,37.9792
1241,GR,Greece,Individuals using the Internet (% of population),2024,86.26968886,Europe & Central Asia,High income,23.7166,37.9792
1242,GR,Greece,Individuals using the Internet (% of population),2023,85.0102229,Europe & Central Asia,High income,23.7166,37.9792
1243,GR,Greece,Individuals using the Internet (% of population),2022,83.17066333,Europe & Central Asia,High income,23.7166,37.9792
1244,GR,Greece,Individuals using the Internet (% of population),2021,78.49426371,Europe & Central Asia,High income,23.7166,37.9792
1245,GR,Greece,Individuals using the Internet (% of population),2020,78.11584474,Europe & Central Asia,High income,23.7166,37.9792
1246,GR,Greece,Individuals using the Internet (% of population),2019,75.6712066931757,Europe & Central Asia,High income,23.7166,37.9792
1247,GR,Greece,Individuals using the Internet (% of population),2018,72.2383733920483,Europe & Central Asia,High income,23.7166,37.9792
1248,GR,Greece,Individuals using the Internet (% of population),2017,69.8929706543154,Europe & Central Asia,High income,23.7166,37.9792
1249,GR,Greece,Individuals using the Internet (% of population),2016,69.0879154723892,Europe & Central Asia,High income,23.7166,37.9792
1250,GL,Greenland,Individuals using the Internet (% of population),2025,,Europe & Central Asia,High income,-51.7214,64.1836
1251,GL,Greenland,Individuals using the Internet (% of population),2024,,Europe & Central Asia,High income,-51.7214,64.1836
1252,GL,Greenland,Individuals using the Internet (% of population),2023,,Europe & Central Asia,High income,-51.7214,64.1836
1253,GL,Greenland,Individuals using the Internet (% of population),2022,,Europe & Central Asia,High income,-51.7214,64.1836
1254,GL,Greenland,Individuals using the Internet (% of population),2021,,Europe & Central Asia,High income,-51.7214,64.1836
1255,GL,Greenland,Individuals using the Internet (% of population),2020,,Europe & Central Asia,High income,-51.7214,64.1836
1256,GL,Greenland,Individuals using the Internet (% of population),2019,,Europe & Central Asia,High income,-51.7214,64.1836
1257,GL,Greenland,Individuals using the Internet (% of population),2018,,Europe & Central Asia,High income,-51.7214,64.1836
1258,GL,Greenland,Individuals using the Internet (% of population),2017,69.4824617821988,Europe & Central Asia,High income,-51.7214,64.1836
1259,GL,Greenland,Individuals using the Internet (% of population),2016,68.500873675421,Europe & Central Asia,High income,-51.7214,64.1836
1260,GD,Grenada,Individuals using the Internet (% of population),2025,,Latin America & Caribbean ,Upper middle income,-61.7449,12.0653
1261,GD,Grenada,Individuals using the Internet (% of population),2024,70.16159821,Latin America & Caribbean ,Upper middle income,-61.7449,12.0653
1262,GD,Grenada,Individuals using the Internet (% of population),2023,69.4131012,Latin America & Caribbean ,Upper middle income,-61.7449,12.0653
1263,GD,Grenada,Individuals using the Internet (% of population),2022,68.42030334,Latin America & Caribbean ,Upper middle income,-61.7449,12.0653
1264,GD,Grenada,Individuals using the Internet (% of population),2021,67.02279663,Latin America & Caribbean ,Upper middle income,-61.7449,12.0653
1265,GD,Grenada,Individuals using the Internet (% of population),2020,65.65380096,Latin America & Caribbean ,Upper middle income,-61.7449,12.0653
1266,GD,Grenada,Individuals using the Internet (% of population),2019,64.31279755,Latin America & Caribbean ,Upper middle income,-61.7449,12.0653
1267,GD,Grenada,Individuals using the Internet (% of population),2018,61.42459869,Latin America & Caribbean ,Upper middle income,-61.7449,12.0653
1268,GD,Grenada,Individuals using the Internet (% of population),2017,54.20000076,Latin America & Caribbean ,Upper middle income,-61.7449,12.0653
1269,GD,Grenada,Individuals using the Internet (% of population),2016,53.29999924,Latin America & Caribbean ,Upper middle income,-61.7449,12.0653
1270,GU,Guam,Individuals using the Internet (% of population),2025,,East Asia & Pacific,High income,144.794,13.4443
1271,GU,Guam,Individuals using the Internet (% of population),2024,,East Asia & Pacific,High income,144.794,13.4443
1272,GU,Guam,Individuals using the Internet (% of population),2023,,East Asia & Pacific,High income,144.794,13.4443
1273,GU,Guam,Individuals using the Internet (% of population),2022,,East Asia & Pacific,High income,144.794,13.4443
1274,GU,Guam,Individuals using the Internet (% of population),2021,,East Asia & Pacific,High income,144.794,13.4443
1275,GU,Guam,Individuals using the Internet (% of population),2020,,East Asia & Pacific,High income,144.794,13.4443
1276,GU,Guam,Individuals using the Internet (% of population),2019,,East Asia & Pacific,High income,144.794,13.4443
1277,GU,Guam,Individuals using the Internet (% of population),2018,,East Asia & Pacific,High income,144.794,13.4443
1278,GU,Guam,Individuals using the Internet (% of population),2017,80.5054655600831,East Asia & Pacific,High income,144.794,13.4443
1279,GU,Guam,Individuals using the Internet (% of population),2016,77.009999893206,East Asia & Pacific,High income,144.794,13.4443
1280,GT,Guatemala,Individuals using the Internet (% of population),2025,,Latin America & Caribbean ,Upper middle income,-90.5328,14.6248
1281,GT,Guatemala,Individuals using the Internet (% of population),2024,60.22140121,Latin America & Caribbean ,Upper middle income,-90.5328,14.6248
1282,GT,Guatemala,Individuals using the Internet (% of population),2023,56.72669983,Latin America & Caribbean ,Upper middle income,-90.5328,14.6248
1283,GT,Guatemala,Individuals using the Internet (% of population),2022,54.40430069,Latin America & Caribbean ,Upper middle income,-90.5328,14.6248
1284,GT,Guatemala,Individuals using the Internet (% of population),2021,50.84164945,Latin America & Caribbean ,Upper middle income,-90.5328,14.6248
1285,GT,Guatemala,Individuals using the Internet (% of population),2020,47.51229858,Latin America & Caribbean ,Upper middle income,-90.5328,14.6248
1286,GT,Guatemala,Individuals using the Internet (% of population),2019,44.401049838502,Latin America & Caribbean ,Upper middle income,-90.5328,14.6248
1287,GT,Guatemala,Individuals using the Internet (% of population),2018,41.5,Latin America & Caribbean ,Upper middle income,-90.5328,14.6248
1288,GT,Guatemala,Individuals using the Internet (% of population),2017,37.90000153,Latin America & Caribbean ,Upper middle income,-90.5328,14.6248
1289,GT,Guatemala,Individuals using the Internet (% of population),2016,34.50930023,Latin America & Caribbean ,Upper middle income,-90.5328,14.6248
1290,GN,Guinea,Individuals using the Internet (% of population),2025,,Sub-Saharan Africa ,Lower middle income,-13.7,9.51667
1291,GN,Guinea,Individuals using the Internet (% of population),2024,33.30469894,Sub-Saharan Africa ,Lower middle income,-13.7,9.51667
1292,GN,Guinea,Individuals using the Internet (% of population),2023,32.31560135,Sub-Saharan Africa ,Lower middle income,-13.7,9.51667
1293,GN,Guinea,Individuals using the Internet (% of population),2022,31.31399918,Sub-Saharan Africa ,Lower middle income,-13.7,9.51667
1294,GN,Guinea,Individuals using the Internet (% of population),2021,28.61330032,Sub-Saharan Africa ,Lower middle income,-13.7,9.51667
1295,GN,Guinea,Individuals using the Internet (% of population),2020,26.14550018,Sub-Saharan Africa ,Lower middle income,-13.7,9.51667
1296,GN,Guinea,Individuals using the Internet (% of population),2019,23.89049911,Sub-Saharan Africa ,Lower middle income,-13.7,9.51667
1297,GN,Guinea,Individuals using the Internet (% of population),2018,21.8300230430563,Sub-Saharan Africa ,Lower middle income,-13.7,9.51667
1298,GN,Guinea,Individuals using the Internet (% of population),2017,18.70000076,Sub-Saharan Africa ,Lower middle income,-13.7,9.51667
1299,GN,Guinea,Individuals using the Internet (% of population),2016,13.10000038,Sub-Saharan Africa ,Lower middle income,-13.7,9.51667
1300,GW,Guinea-Bissau,Individuals using the Internet (% of population),2025,,Sub-Saharan Africa ,Low income,-15.1804,11.8037
1301,GW,Guinea-Bissau,Individuals using the Internet (% of population),2024,29.77739906,Sub-Saharan Africa ,Low income,-15.1804,11.8037
1302,GW,Guinea-Bissau,Individuals using the Internet (% of population),2023,28.71240044,Sub-Saharan Africa ,Low income,-15.1804,11.8037
1303,GW,Guinea-Bissau,Individuals using the Internet (% of population),2022,27.67379951,Sub-Saharan Africa ,Low income,-15.1804,11.8037
1304,GW,Guinea-Bissau,Individuals using the Internet (% of population),2021,23.3519001,Sub-Saharan Africa ,Low income,-15.1804,11.8037
1305,GW,Guinea-Bissau,Individuals using the Internet (% of population),2020,20.45730019,Sub-Saharan Africa ,Low income,-15.1804,11.8037
1306,GW,Guinea-Bissau,Individuals using the Internet (% of population),2019,17.92149925,Sub-Saharan Africa ,Low income,-15.1804,11.8037
1307,GW,Guinea-Bissau,Individuals using the Internet (% of population),2018,15.69999981,Sub-Saharan Africa ,Low income,-15.1804,11.8037
1308,GW,Guinea-Bissau,Individuals using the Internet (% of population),2017,14.80000019,Sub-Saharan Africa ,Low income,-15.1804,11.8037
1309,GW,Guinea-Bissau,Individuals using the Internet (% of population),2016,13.80000019,Sub-Saharan Africa ,Low income,-15.1804,11.8037
1310,GY,Guyana,Individuals using the Internet (% of population),2025,,Latin America & Caribbean ,High income,-58.1548,6.80461
1311,GY,Guyana,Individuals using the Internet (% of population),2024,83.00080109,Latin America & Caribbean ,High income,-58.1548,6.80461
1312,GY,Guyana,Individuals using the Internet (% of population),2023,79.3553009,Latin America & Caribbean ,High income,-58.1548,6.80461
1313,GY,Guyana,Individuals using the Internet (% of population),2022,76.56240082,Latin America & Caribbean ,High income,-58.1548,6.80461
1314,GY,Guyana,Individuals using the Internet (% of population),2021,71.65090179,Latin America & Caribbean ,High income,-58.1548,6.80461
1315,GY,Guyana,Individuals using the Internet (% of population),2020,62.95399857,Latin America & Caribbean ,High income,-58.1548,6.80461
1316,GY,Guyana,Individuals using the Internet (% of population),2019,55.31269836,Latin America & Caribbean ,High income,-58.1548,6.80461
1317,GY,Guyana,Individuals using the Internet (% of population),2018,48.59889984,Latin America & Caribbean ,High income,-58.1548,6.80461
1318,GY,Guyana,Individuals using the Internet (% of population),2017,42.6753006,Latin America & Caribbean ,High income,-58.1548,6.80461
1319,GY,Guyana,Individuals using the Internet (% of population),2016,35.65999985,Latin America & Caribbean ,High income,-58.1548,6.80461
1320,HT,Haiti,Individuals using the Internet (% of population),2025,,Latin America & Caribbean ,Lower middle income,-72.3288,18.5392
1321,HT,Haiti,Individuals using the Internet (% of population),2024,47.8614006,Latin America & Caribbean ,Lower middle income,-72.3288,18.5392
1322,HT,Haiti,Individuals using the Internet (% of population),2023,47.99269867,Latin America & Caribbean ,Lower middle income,-72.3288,18.5392
1323,HT,Haiti,Individuals using the Internet (% of population),2022,47.77470016,Latin America & Caribbean ,Lower middle income,-72.3288,18.5392
1324,HT,Haiti,Individuals using the Internet (% of population),2021,43.37919998,Latin America & Caribbean ,Lower middle income,-72.3288,18.5392
1325,HT,Haiti,Individuals using the Internet (% of population),2020,39.38809967,Latin America & Caribbean ,Lower middle income,-72.3288,18.5392
1326,HT,Haiti,Individuals using the Internet (% of population),2019,35.76409912,Latin America & Caribbean ,Lower middle income,-72.3288,18.5392
1327,HT,Haiti,Individuals using the Internet (% of population),2018,32.4736271300557,Latin America & Caribbean ,Lower middle income,-72.3288,18.5392
1328,HT,Haiti,Individuals using the Internet (% of population),2017,27.20000076,Latin America & Caribbean ,Lower middle income,-72.3288,18.5392
1329,HT,Haiti,Individuals using the Internet (% of population),2016,22.79999924,Latin America & Caribbean ,Lower middle income,-72.3288,18.5392
1330,HN,Honduras,Individuals using the Internet (% of population),2025,,Latin America & Caribbean ,Lower middle income,-87.4667,15.1333
1331,HN,Honduras,Individuals using the Internet (% of population),2024,58.62269974,Latin America & Caribbean ,Lower middle income,-87.4667,15.1333
1332,HN,Honduras,Individuals using the Internet (% of population),2023,58.0685997,Latin America & Caribbean ,Lower middle income,-87.4667,15.1333
1333,HN,Honduras,Individuals using the Internet (% of population),2022,56.88069916,Latin America & Caribbean ,Lower middle income,-87.4667,15.1333
1334,HN,Honduras,Individuals using the Internet (% of population),2021,51.95159912,Latin America & Caribbean ,Lower middle income,-87.4667,15.1333
1335,HN,Honduras,Individuals using the Internet (% of population),2020,45.24829865,Latin America & Caribbean ,Lower middle income,-87.4667,15.1333
1336,HN,Honduras,Individuals using the Internet (% of population),2019,39.3883521850111,Latin America & Caribbean ,Lower middle income,-87.4667,15.1333
1337,HN,Honduras,Individuals using the Internet (% of population),2018,36.0400608231468,Latin America & Caribbean ,Lower middle income,-87.4667,15.1333
1338,HN,Honduras,Individuals using the Internet (% of population),2017,31.7357924661485,Latin America & Caribbean ,Lower middle income,-87.4667,15.1333
1339,HN,Honduras,Individuals using the Internet (% of population),2016,29.5282180796457,Latin America & Caribbean ,Lower middle income,-87.4667,15.1333
1340,HK,"Hong Kong SAR, China",Individuals using the Internet (% of population),2025,,East Asia & Pacific,High income,114.109,22.3964
1341,HK,"Hong Kong SAR, China",Individuals using the Internet (% of population),2024,95.75536971,East Asia & Pacific,High income,114.109,22.3964
1342,HK,"Hong Kong SAR, China",Individuals using the Internet (% of population),2023,95.97781908,East Asia & Pacific,High income,114.109,22.3964
1343,HK,"Hong Kong SAR, China",Individuals using the Internet (% of population),2022,95.61357052,East Asia & Pacific,High income,114.109,22.3964
1344,HK,"Hong Kong SAR, China",Individuals using the Internet (% of population),2021,93.08715788,East Asia & Pacific,High income,114.109,22.3964
1345,HK,"Hong Kong SAR, China",Individuals using the Internet (% of population),2020,92.41313602,East Asia & Pacific,High income,114.109,22.3964
1346,HK,"Hong Kong SAR, China",Individuals using the Internet (% of population),2019,91.7434003891587,East Asia & Pacific,High income,114.109,22.3964
1347,HK,"Hong Kong SAR, China",Individuals using the Internet (% of population),2018,90.5073953294283,East Asia & Pacific,High income,114.109,22.3964
1348,HK,"Hong Kong SAR, China",Individuals using the Internet (% of population),2017,89.4159446487565,East Asia & Pacific,High income,114.109,22.3964
1349,HK,"Hong Kong SAR, China",Individuals using the Internet (% of population),2016,87.47941467087,East Asia & Pacific,High income,114.109,22.3964
1350,HU,Hungary,Individuals using the Internet (% of population),2025,,Europe & Central Asia,High income,19.0408,47.4984
1351,HU,Hungary,Individuals using the Internet (% of population),2024,93.77898628,Europe & Central Asia,High income,19.0408,47.4984
1352,HU,Hungary,Individuals using the Internet (% of population),2023,91.4500713,Europe & Central Asia,High income,19.0408,47.4984
1353,HU,Hungary,Individuals using the Internet (% of population),2022,89.14282688,Europe & Central Asia,High income,19.0408,47.4984
1354,HU,Hungary,Individuals using the Internet (% of population),2021,88.64083466,Europe & Central Asia,High income,19.0408,47.4984
1355,HU,Hungary,Individuals using the Internet (% of population),2020,84.77115202,Europe & Central Asia,High income,19.0408,47.4984
1356,HU,Hungary,Individuals using the Internet (% of population),2019,80.3716936050482,Europe & Central Asia,High income,19.0408,47.4984
1357,HU,Hungary,Individuals using the Internet (% of population),2018,76.0743606365063,Europe & Central Asia,High income,19.0408,47.4984
1358,HU,Hungary,Individuals using the Internet (% of population),2017,76.7505471201922,Europe & Central Asia,High income,19.0408,47.4984
1359,HU,Hungary,Individuals using the Internet (% of population),2016,79.2594121273057,Europe & Central Asia,High income,19.0408,47.4984
1360,IS,Iceland,Individuals using the Internet (% of population),2025,,Europe & Central Asia,High income,-21.8952,64.1353
1361,IS,Iceland,Individuals using the Internet (% of population),2024,98.209198,Europe & Central Asia,High income,-21.8952,64.1353
1362,IS,Iceland,Individuals using the Internet (% of population),2023,97.94860077,Europe & Central Asia,High income,-21.8952,64.1353
1363,IS,Iceland,Individuals using the Internet (% of population),2022,97.58339691,Europe & Central Asia,High income,-21.8952,64.1353
1364,IS,Iceland,Individuals using the Internet (% of population),2021,99.68701957,Europe & Central Asia,High income,-21.8952,64.1353
1365,IS,Iceland,Individuals using the Internet (% of population),2020,99.5327519,Europe & Central Asia,High income,-21.8952,64.1353
1366,IS,Iceland,Individuals using the Internet (% of population),2019,99.5049411693787,Europe & Central Asia,High income,-21.8952,64.1353
1367,IS,Iceland,Individuals using the Internet (% of population),2018,99.0109539916991,Europe & Central Asia,High income,-21.8952,64.1353
1368,IS,Iceland,Individuals using the Internet (% of population),2017,98.2552011867973,Europe & Central Asia,High income,-21.8952,64.1353
1369,IS,Iceland,Individuals using the Internet (% of population),2016,98.23999786,Europe & Central Asia,High income,-21.8952,64.1353
1370,IN,India,Individuals using the Internet (% of population),2025,70.0,South Asia,Lower middle income,77.225,28.6353
1371,IN,India,Individuals using the Internet (% of population),2024,64.9434967,South Asia,Lower middle income,77.225,28.6353
1372,IN,India,Individuals using the Internet (% of population),2023,60.25230026,South Asia,Lower middle income,77.225,28.6353
1373,IN,India,Individuals using the Internet (% of population),2022,55.9,South Asia,Lower middle income,77.225,28.6353
1374,IN,India,Individuals using the Internet (% of population),2021,49.2580986,South Asia,Lower middle income,77.225,28.6353
1375,IN,India,Individuals using the Internet (% of population),2020,43.40544313,South Asia,Lower middle income,77.225,28.6353
1376,IN,India,Individuals using the Internet (% of population),2019,29.52350044,South Asia,Lower middle income,77.225,28.6353
1377,IN,India,Individuals using the Internet (% of population),2018,20.0813000379384,South Asia,Lower middle income,77.225,28.6353
1378,IN,India,Individuals using the Internet (% of population),2017,18.20000076,South Asia,Lower middle income,77.225,28.6353
1379,IN,India,Individuals using the Internet (% of population),2016,16.5,South Asia,Lower middle income,77.225,28.6353
1380,ID,Indonesia,Individuals using the Internet (% of population),2025,,East Asia & Pacific,Upper middle income,106.83,-6.19752
1381,ID,Indonesia,Individuals using the Internet (% of population),2024,72.78075544,East Asia & Pacific,Upper middle income,106.83,-6.19752
1382,ID,Indonesia,Individuals using the Internet (% of population),2023,69.20836554,East Asia & Pacific,Upper middle income,106.83,-6.19752
1383,ID,Indonesia,Individuals using the Internet (% of population),2022,66.48461277,East Asia & Pacific,Upper middle income,106.83,-6.19752
1384,ID,Indonesia,Individuals using the Internet (% of population),2021,62.10447842,East Asia & Pacific,Upper middle income,106.83,-6.19752
1385,ID,Indonesia,Individuals using the Internet (% of population),2020,53.72649449,East Asia & Pacific,Upper middle income,106.83,-6.19752
1386,ID,Indonesia,Individuals using the Internet (% of population),2019,47.6906489788375,East Asia & Pacific,Upper middle income,106.83,-6.19752
1387,ID,Indonesia,Individuals using the Internet (% of population),2018,39.9046386385762,East Asia & Pacific,Upper middle income,106.83,-6.19752
1388,ID,Indonesia,Individuals using the Internet (% of population),2017,32.335806250688,East Asia & Pacific,Upper middle income,106.83,-6.19752
1389,ID,Indonesia,Individuals using the Internet (% of population),2016,25.447353701827,East Asia & Pacific,Upper middle income,106.83,-6.19752
1390,IR,"Iran, Islamic Rep.",Individuals using the Internet (% of population),2025,,"Middle East, North Africa, Afghanistan & Pakistan",Upper middle income,51.4447,35.6878
1391,IR,"Iran, Islamic Rep.",Individuals using the Internet (% of population),2024,85.3404007,"Middle East, North Africa, Afghanistan & Pakistan",Upper middle income,51.4447,35.6878
1392,IR,"Iran, Islamic Rep.",Individuals using the Internet (% of population),2023,83.71050262,"Middle East, North Africa, Afghanistan & Pakistan",Upper middle income,51.4447,35.6878
1393,IR,"Iran, Islamic Rep.",Individuals using the Internet (% of population),2022,81.71649933,"Middle East, North Africa, Afghanistan & Pakistan",Upper middle income,51.4447,35.6878
1394,IR,"Iran, Islamic Rep.",Individuals using the Internet (% of population),2021,78.5957366,"Middle East, North Africa, Afghanistan & Pakistan",Upper middle income,51.4447,35.6878
1395,IR,"Iran, Islamic Rep.",Individuals using the Internet (% of population),2020,75.56986637,"Middle East, North Africa, Afghanistan & Pakistan",Upper middle income,51.4447,35.6878
1396,IR,"Iran, Islamic Rep.",Individuals using the Internet (% of population),2019,72.4509047672065,"Middle East, North Africa, Afghanistan & Pakistan",Upper middle income,51.4447,35.6878
1397,IR,"Iran, Islamic Rep.",Individuals using the Internet (% of population),2018,70.2005650008363,"Middle East, North Africa, Afghanistan & Pakistan",Upper middle income,51.4447,35.6878
1398,IR,"Iran, Islamic Rep.",Individuals using the Internet (% of population),2017,64.0439736249513,"Middle East, North Africa, Afghanistan & Pakistan",Upper middle income,51.4447,35.6878
1399,IR,"Iran, Islamic Rep.",Individuals using the Internet (% of population),2016,53.2267716709857,"Middle East, North Africa, Afghanistan & Pakistan",Upper middle income,51.4447,35.6878
1400,IQ,Iraq,Individuals using the Internet (% of population),2025,,"Middle East, North Africa, Afghanistan & Pakistan",Upper middle income,44.394,33.3302
1401,IQ,Iraq,Individuals using the Internet (% of population),2024,81.47450256,"Middle East, North Africa, Afghanistan & Pakistan",Upper middle income,44.394,33.3302
1402,IQ,Iraq,Individuals using the Internet (% of population),2023,81.80889893,"Middle East, North Africa, Afghanistan & Pakistan",Upper middle income,44.394,33.3302
1403,IQ,Iraq,Individuals using the Internet (% of population),2022,78.71560926,"Middle East, North Africa, Afghanistan & Pakistan",Upper middle income,44.394,33.3302
1404,IQ,Iraq,Individuals using the Internet (% of population),2021,65.00219727,"Middle East, North Africa, Afghanistan & Pakistan",Upper middle income,44.394,33.3302
1405,IQ,Iraq,Individuals using the Internet (% of population),2020,53.67779922,"Middle East, North Africa, Afghanistan & Pakistan",Upper middle income,44.394,33.3302
1406,IQ,Iraq,Individuals using the Internet (% of population),2019,44.3263465511579,"Middle East, North Africa, Afghanistan & Pakistan",Upper middle income,44.394,33.3302
1407,IQ,Iraq,Individuals using the Internet (% of population),2018,33.92810059,"Middle East, North Africa, Afghanistan & Pakistan",Upper middle income,44.394,33.3302
1408,IQ,Iraq,Individuals using the Internet (% of population),2017,25.96920013,"Middle East, North Africa, Afghanistan & Pakistan",Upper middle income,44.394,33.3302
1409,IQ,Iraq,Individuals using the Internet (% of population),2016,19.87719917,"Middle East, North Africa, Afghanistan & Pakistan",Upper middle income,44.394,33.3302
1410,IE,Ireland,Individuals using the Internet (% of population),2025,,Europe & Central Asia,High income,-6.26749,53.3441
1411,IE,Ireland,Individuals using the Internet (% of population),2024,97.18769836,Europe & Central Asia,High income,-6.26749,53.3441
1412,IE,Ireland,Individuals using the Internet (% of population),2023,96.8660965,Europe & Central Asia,High income,-6.26749,53.3441
1413,IE,Ireland,Individuals using the Internet (% of population),2022,95.03690338,Europe & Central Asia,High income,-6.26749,53.3441
1414,IE,Ireland,Individuals using the Internet (% of population),2021,93.50610352,Europe & Central Asia,High income,-6.26749,53.3441
1415,IE,Ireland,Individuals using the Internet (% of population),2020,91.99989097,Europe & Central Asia,High income,-6.26749,53.3441
1416,IE,Ireland,Individuals using the Internet (% of population),2019,87.0000552425146,Europe & Central Asia,High income,-6.26749,53.3441
1417,IE,Ireland,Individuals using the Internet (% of population),2018,87.0001401148942,Europe & Central Asia,High income,-6.26749,53.3441
1418,IE,Ireland,Individuals using the Internet (% of population),2017,84.1140070623844,Europe & Central Asia,High income,-6.26749,53.3441
1419,IE,Ireland,Individuals using the Internet (% of population),2016,83.5,Europe & Central Asia,High income,-6.26749,53.3441
1420,IM,Isle of Man,Individuals using the Internet (% of population),2025,,Europe & Central Asia,High income,-4.47928,54.1509
1421,IM,Isle of Man,Individuals using the Internet (% of population),2024,,Europe & Central Asia,High income,-4.47928,54.1509
1422,IM,Isle of Man,Individuals using the Internet (% of population),2023,,Europe & Central Asia,High income,-4.47928,54.1509
1423,IM,Isle of Man,Individuals using the Internet (% of population),2022,,Europe & Central Asia,High income,-4.47928,54.1509
1424,IM,Isle of Man,Individuals using the Internet (% of population),2021,,Europe & Central Asia,High income,-4.47928,54.1509
1425,IM,Isle of Man,Individuals using the Internet (% of population),2020,,Europe & Central Asia,High income,-4.47928,54.1509
1426,IM,Isle of Man,Individuals using the Internet (% of population),2019,,Europe & Central Asia,High income,-4.47928,54.1509
1427,IM,Isle of Man,Individuals using the Internet (% of population),2018,,Europe & Central Asia,High income,-4.47928,54.1509
1428,IM,Isle of Man,Individuals using the Internet (% of population),2017,,Europe & Central Asia,High income,-4.47928,54.1509
1429,IM,Isle of Man,Individuals using the Internet (% of population),2016,,Europe & Central Asia,High income,-4.47928,54.1509
1430,IL,Israel,Individuals using the Internet (% of population),2025,,"Middle East, North Africa, Afghanistan & Pakistan",High income,35.2035,31.7717
1431,IL,Israel,Individuals using the Internet (% of population),2024,88.18242225,"Middle East, North Africa, Afghanistan & Pakistan",High income,35.2035,31.7717
1432,IL,Israel,Individuals using the Internet (% of population),2023,87.03842615,"Middle East, North Africa, Afghanistan & Pakistan",High income,35.2035,31.7717
1433,IL,Israel,Individuals using the Internet (% of population),2022,91.85079615,"Middle East, North Africa, Afghanistan & Pakistan",High income,35.2035,31.7717
1434,IL,Israel,Individuals using the Internet (% of population),2021,90.29689758,"Middle East, North Africa, Afghanistan & Pakistan",High income,35.2035,31.7717
1435,IL,Israel,Individuals using the Internet (% of population),2020,90.12734091,"Middle East, North Africa, Afghanistan & Pakistan",High income,35.2035,31.7717
1436,IL,Israel,Individuals using the Internet (% of population),2019,86.7878776180583,"Middle East, North Africa, Afghanistan & Pakistan",High income,35.2035,31.7717
1437,IL,Israel,Individuals using the Internet (% of population),2018,83.7331569615326,"Middle East, North Africa, Afghanistan & Pakistan",High income,35.2035,31.7717
1438,IL,Israel,Individuals using the Internet (% of population),2017,81.5811835871611,"Middle East, North Africa, Afghanistan & Pakistan",High income,35.2035,31.7717
1439,IL,Israel,Individuals using the Internet (% of population),2016,79.6531241815281,"Middle East, North Africa, Afghanistan & Pakistan",High income,35.2035,31.7717
1440,IT,Italy,Individuals using the Internet (% of population),2025,,Europe & Central Asia,High income,12.4823,41.8955
1441,IT,Italy,Individuals using the Internet (% of population),2024,89.2207202,Europe & Central Asia,High income,12.4823,41.8955
1442,IT,Italy,Individuals using the Internet (% of population),2023,87.0278292,Europe & Central Asia,High income,12.4823,41.8955
1443,IT,Italy,Individuals using the Internet (% of population),2022,85.06074504,Europe & Central Asia,High income,12.4823,41.8955
1444,IT,Italy,Individuals using the Internet (% of population),2021,74.8623274,Europe & Central Asia,High income,12.4823,41.8955
1445,IT,Italy,Individuals using the Internet (% of population),2020,70.48342785,Europe & Central Asia,High income,12.4823,41.8955
1446,IT,Italy,Individuals using the Internet (% of population),2019,67.8507102874836,Europe & Central Asia,High income,12.4823,41.8955
1447,IT,Italy,Individuals using the Internet (% of population),2018,74.3871829234822,Europe & Central Asia,High income,12.4823,41.8955
1448,IT,Italy,Individuals using the Internet (% of population),2017,63.0773469984291,Europe & Central Asia,High income,12.4823,41.8955
1449,IT,Italy,Individuals using the Internet (% of population),2016,61.3242527666303,Europe & Central Asia,High income,12.4823,41.8955
1450,JM,Jamaica,Individuals using the Internet (% of population),2025,,Latin America & Caribbean ,Upper middle income,-76.792,17.9927
1451,JM,Jamaica,Individuals using the Internet (% of population),2024,90.10870361,Latin America & Caribbean ,Upper middle income,-76.792,17.9927
1452,JM,Jamaica,Individuals using the Internet (% of population),2023,89.47304282,Latin America & Caribbean ,Upper middle income,-76.792,17.9927
1453,JM,Jamaica,Individuals using the Internet (% of population),2022,85.84329987,Latin America & Caribbean ,Upper middle income,-76.792,17.9927
1454,JM,Jamaica,Individuals using the Internet (% of population),2021,82.36071561,Latin America & Caribbean ,Upper middle income,-76.792,17.9927
1455,JM,Jamaica,Individuals using the Internet (% of population),2020,76.38400269,Latin America & Caribbean ,Upper middle income,-76.792,17.9927
1456,JM,Jamaica,Individuals using the Internet (% of population),2019,70.8410169743356,Latin America & Caribbean ,Upper middle income,-76.792,17.9927
1457,JM,Jamaica,Individuals using the Internet (% of population),2018,68.2145170876072,Latin America & Caribbean ,Upper middle income,-76.792,17.9927
1458,JM,Jamaica,Individuals using the Internet (% of population),2017,55.0720670507751,Latin America & Caribbean ,Upper middle income,-76.792,17.9927
1459,JM,Jamaica,Individuals using the Internet (% of population),2016,44.3668563671334,Latin America & Caribbean ,Upper middle income,-76.792,17.9927
1460,JP,Japan,Individuals using the Internet (% of population),2025,,East Asia & Pacific,High income,139.77,35.67
1461,JP,Japan,Individuals using the Internet (% of population),2024,85.54153081,East Asia & Pacific,High income,139.77,35.67
1462,JP,Japan,Individuals using the Internet (% of population),2023,85.00990295,East Asia & Pacific,High income,139.77,35.67
1463,JP,Japan,Individuals using the Internet (% of population),2022,84.92343147,East Asia & Pacific,High income,139.77,35.67
1464,JP,Japan,Individuals using the Internet (% of population),2021,82.91407928,East Asia & Pacific,High income,139.77,35.67
1465,JP,Japan,Individuals using the Internet (% of population),2020,90.21945812,East Asia & Pacific,High income,139.77,35.67
1466,JP,Japan,Individuals using the Internet (% of population),2019,92.7303978145525,East Asia & Pacific,High income,139.77,35.67
1467,JP,Japan,Individuals using the Internet (% of population),2018,88.7463508901772,East Asia & Pacific,High income,139.77,35.67
1468,JP,Japan,Individuals using the Internet (% of population),2017,91.7265472366635,East Asia & Pacific,High income,139.77,35.67
1469,JP,Japan,Individuals using the Internet (% of population),2016,93.1827212821617,East Asia & Pacific,High income,139.77,35.67
1470,JO,Jordan,Individuals using the Internet (% of population),2025,,"Middle East, North Africa, Afghanistan & Pakistan",Upper middle income,35.9263,31.9497
1471,JO,Jordan,Individuals using the Internet (% of population),2024,95.62244985,"Middle East, North Africa, Afghanistan & Pakistan",Upper middle income,35.9263,31.9497
1472,JO,Jordan,Individuals using the Internet (% of population),2023,92.53443944,"Middle East, North Africa, Afghanistan & Pakistan",Upper middle income,35.9263,31.9497
1473,JO,Jordan,Individuals using the Internet (% of population),2022,90.4999984,"Middle East, North Africa, Afghanistan & Pakistan",Upper middle income,35.9263,31.9497
1474,JO,Jordan,Individuals using the Internet (% of population),2021,85.999997,"Middle East, North Africa, Afghanistan & Pakistan",Upper middle income,35.9263,31.9497
1475,JO,Jordan,Individuals using the Internet (% of population),2020,78.4178009,"Middle East, North Africa, Afghanistan & Pakistan",Upper middle income,35.9263,31.9497
1476,JO,Jordan,Individuals using the Internet (% of population),2019,70.08470154,"Middle East, North Africa, Afghanistan & Pakistan",Upper middle income,35.9263,31.9497
1477,JO,Jordan,Individuals using the Internet (% of population),2018,65.2,"Middle East, North Africa, Afghanistan & Pakistan",Upper middle income,35.9263,31.9497
1478,JO,Jordan,Individuals using the Internet (% of population),2017,64.5,"Middle East, North Africa, Afghanistan & Pakistan",Upper middle income,35.9263,31.9497
1479,JO,Jordan,Individuals using the Internet (% of population),2016,56.15000153,"Middle East, North Africa, Afghanistan & Pakistan",Upper middle income,35.9263,31.9497
1480,KZ,Kazakhstan,Individuals using the Internet (% of population),2025,,Europe & Central Asia,Upper middle income,71.4382,51.1879
1481,KZ,Kazakhstan,Individuals using the Internet (% of population),2024,93.39167254,Europe & Central Asia,Upper middle income,71.4382,51.1879
1482,KZ,Kazakhstan,Individuals using the Internet (% of population),2023,92.87846096,Europe & Central Asia,Upper middle income,71.4382,51.1879
1483,KZ,Kazakhstan,Individuals using the Internet (% of population),2022,92.29685266,Europe & Central Asia,Upper middle income,71.4382,51.1879
1484,KZ,Kazakhstan,Individuals using the Internet (% of population),2021,90.9239507,Europe & Central Asia,Upper middle income,71.4382,51.1879
1485,KZ,Kazakhstan,Individuals using the Internet (% of population),2020,85.94259898,Europe & Central Asia,Upper middle income,71.4382,51.1879
1486,KZ,Kazakhstan,Individuals using the Internet (% of population),2019,81.8776204746284,Europe & Central Asia,Upper middle income,71.4382,51.1879
1487,KZ,Kazakhstan,Individuals using the Internet (% of population),2018,78.9039190578816,Europe & Central Asia,Upper middle income,71.4382,51.1879
1488,KZ,Kazakhstan,Individuals using the Internet (% of population),2017,76.4267482325439,Europe & Central Asia,Upper middle income,71.4382,51.1879
1489,KZ,Kazakhstan,Individuals using the Internet (% of population),2016,74.5877264735738,Europe & Central Asia,Upper middle income,71.4382,51.1879
1490,KE,Kenya,Individuals using the Internet (% of population),2025,,Sub-Saharan Africa ,Lower middle income,36.8126,-1.27975
1491,KE,Kenya,Individuals using the Internet (% of population),2024,34.97622513,Sub-Saharan Africa ,Lower middle income,36.8126,-1.27975
1492,KE,Kenya,Individuals using the Internet (% of population),2023,32.07040024,Sub-Saharan Africa ,Lower middle income,36.8126,-1.27975
1493,KE,Kenya,Individuals using the Internet (% of population),2022,29.40589905,Sub-Saharan Africa ,Lower middle income,36.8126,-1.27975
1494,KE,Kenya,Individuals using the Internet (% of population),2021,26.96290016,Sub-Saharan Africa ,Lower middle income,36.8126,-1.27975
1495,KE,Kenya,Individuals using the Internet (% of population),2020,24.7227993,Sub-Saharan Africa ,Lower middle income,36.8126,-1.27975
1496,KE,Kenya,Individuals using the Internet (% of population),2019,22.6687733618171,Sub-Saharan Africa ,Lower middle income,36.8126,-1.27975
1497,KE,Kenya,Individuals using the Internet (% of population),2018,19.5,Sub-Saharan Africa ,Lower middle income,36.8126,-1.27975
1498,KE,Kenya,Individuals using the Internet (% of population),2017,17.82710075,Sub-Saharan Africa ,Lower middle income,36.8126,-1.27975
1499,KE,Kenya,Individuals using the Internet (% of population),2016,16.6,Sub-Saharan Africa ,Lower middle income,36.8126,-1.27975
1500,KI,Kiribati,Individuals using the Internet (% of population),2025,,East Asia & Pacific,Lower middle income,172.979,1.32905
1501,KI,Kiribati,Individuals using the Internet (% of population),2024,89.44029999,East Asia & Pacific,Lower middle income,172.979,1.32905
1502,KI,Kiribati,Individuals using the Internet (% of population),2023,88.0,East Asia & Pacific,Lower middle income,172.979,1.32905
1503,KI,Kiribati,Individuals using the Internet (% of population),2022,84.99849701,East Asia & Pacific,Lower middle income,172.979,1.32905
1504,KI,Kiribati,Individuals using the Internet (% of population),2021,67.08760071,East Asia & Pacific,Lower middle income,172.979,1.32905
1505,KI,Kiribati,Individuals using the Internet (% of population),2020,52.95090103,East Asia & Pacific,Lower middle income,172.979,1.32905
1506,KI,Kiribati,Individuals using the Internet (% of population),2019,41.79299927,East Asia & Pacific,Lower middle income,172.979,1.32905
1507,KI,Kiribati,Individuals using the Internet (% of population),2018,32.9864006,East Asia & Pacific,Lower middle income,172.979,1.32905
1508,KI,Kiribati,Individuals using the Internet (% of population),2017,25.30960083,East Asia & Pacific,Lower middle income,172.979,1.32905
1509,KI,Kiribati,Individuals using the Internet (% of population),2016,19.41939926,East Asia & Pacific,Lower middle income,172.979,1.32905
1510,KP,"Korea, Dem. People's Rep.",Individuals using the Internet (% of population),2025,,East Asia & Pacific,Low income,125.754,39.0319
1511,KP,"Korea, Dem. People's Rep.",Individuals using the Internet (% of population),2024,,East Asia & Pacific,Low income,125.754,39.0319
1512,KP,"Korea, Dem. People's Rep.",Individuals using the Internet (% of population),2023,,East Asia & Pacific,Low income,125.754,39.0319
1513,KP,"Korea, Dem. People's Rep.",Individuals using the Internet (% of population),2022,,East Asia & Pacific,Low income,125.754,39.0319
1514,KP,"Korea, Dem. People's Rep.",Individuals using the Internet (% of population),2021,,East Asia & Pacific,Low income,125.754,39.0319
1515,KP,"Korea, Dem. People's Rep.",Individuals using the Internet (% of population),2020,,East Asia & Pacific,Low income,125.754,39.0319
1516,KP,"Korea, Dem. People's Rep.",Individuals using the Internet (% of population),2019,,East Asia & Pacific,Low income,125.754,39.0319
1517,KP,"Korea, Dem. People's Rep.",Individuals using the Internet (% of population),2018,,East Asia & Pacific,Low income,125.754,39.0319
1518,KP,"Korea, Dem. People's Rep.",Individuals using the Internet (% of population),2017,,East Asia & Pacific,Low income,125.754,39.0319
1519,KP,"Korea, Dem. People's Rep.",Individuals using the Internet (% of population),2016,,East Asia & Pacific,Low income,125.754,39.0319
1520,KR,"Korea, Rep.",Individuals using the Internet (% of population),2025,,East Asia & Pacific,High income,126.957,37.5323
1521,KR,"Korea, Rep.",Individuals using the Internet (% of population),2024,97.89563777,East Asia & Pacific,High income,126.957,37.5323
1522,KR,"Korea, Rep.",Individuals using the Internet (% of population),2023,97.41597478,East Asia & Pacific,High income,126.957,37.5323
1523,KR,"Korea, Rep.",Individuals using the Internet (% of population),2022,97.16855335,East Asia & Pacific,High income,126.957,37.5323
1524,KR,"Korea, Rep.",Individuals using the Internet (% of population),2021,97.57132698,East Asia & Pacific,High income,126.957,37.5323
1525,KR,"Korea, Rep.",Individuals using the Internet (% of population),2020,96.50506052,East Asia & Pacific,High income,126.957,37.5323
1526,KR,"Korea, Rep.",Individuals using the Internet (% of population),2019,96.157579184239,East Asia & Pacific,High income,126.957,37.5323
1527,KR,"Korea, Rep.",Individuals using the Internet (% of population),2018,96.0228595797887,East Asia & Pacific,High income,126.957,37.5323
1528,KR,"Korea, Rep.",Individuals using the Internet (% of population),2017,95.0694218761004,East Asia & Pacific,High income,126.957,37.5323
1529,KR,"Korea, Rep.",Individuals using the Internet (% of population),2016,92.8430256796075,East Asia & Pacific,High income,126.957,37.5323
1530,XK,Kosovo,Individuals using the Internet (% of population),2025,,Europe & Central Asia,Upper middle income,20.926,42.565
1531,XK,Kosovo,Individuals using the Internet (% of population),2024,,Europe & Central Asia,Upper middle income,20.926,42.565
1532,XK,Kosovo,Individuals using the Internet (% of population),2023,,Europe & Central Asia,Upper middle income,20.926,42.565
1533,XK,Kosovo,Individuals using the Internet (% of population),2022,,Europe & Central Asia,Upper middle income,20.926,42.565
1534,XK,Kosovo,Individuals using the Internet (% of population),2021,,Europe & Central Asia,Upper middle income,20.926,42.565
1535,XK,Kosovo,Individuals using the Internet (% of population),2020,,Europe & Central Asia,Upper middle income,20.926,42.565
1536,XK,Kosovo,Individuals using the Internet (% of population),2019,,Europe & Central Asia,Upper middle income,20.926,42.565
1537,XK,Kosovo,Individuals using the Internet (% of population),2018,89.4430319734879,Europe & Central Asia,Upper middle income,20.926,42.565
1538,XK,Kosovo,Individuals using the Internet (% of population),2017,83.8935968102791,Europe & Central Asia,Upper middle income,20.926,42.565
1539,XK,Kosovo,Individuals using the Internet (% of population),2016,,Europe & Central Asia,Upper middle income,20.926,42.565
1540,KW,Kuwait,Individuals using the Internet (% of population),2025,100.0,"Middle East, North Africa, Afghanistan & Pakistan",High income,47.9824,29.3721
1541,KW,Kuwait,Individuals using the Internet (% of population),2024,99.74729919,"Middle East, North Africa, Afghanistan & Pakistan",High income,47.9824,29.3721
1542,KW,Kuwait,Individuals using the Internet (% of population),2023,99.74731125,"Middle East, North Africa, Afghanistan & Pakistan",High income,47.9824,29.3721
1543,KW,Kuwait,Individuals using the Internet (% of population),2022,99.74729919,"Middle East, North Africa, Afghanistan & Pakistan",High income,47.9824,29.3721
1544,KW,Kuwait,Individuals using the Internet (% of population),2021,99.7,"Middle East, North Africa, Afghanistan & Pakistan",High income,47.9824,29.3721
1545,KW,Kuwait,Individuals using the Internet (% of population),2020,99.10587017,"Middle East, North Africa, Afghanistan & Pakistan",High income,47.9824,29.3721
1546,KW,Kuwait,Individuals using the Internet (% of population),2019,99.5426764518489,"Middle East, North Africa, Afghanistan & Pakistan",High income,47.9824,29.3721
1547,KW,Kuwait,Individuals using the Internet (% of population),2018,99.5988495907557,"Middle East, North Africa, Afghanistan & Pakistan",High income,47.9824,29.3721
1548,KW,Kuwait,Individuals using the Internet (% of population),2017,97.9999893344615,"Middle East, North Africa, Afghanistan & Pakistan",High income,47.9824,29.3721
1549,KW,Kuwait,Individuals using the Internet (% of population),2016,85.59999847,"Middle East, North Africa, Afghanistan & Pakistan",High income,47.9824,29.3721
1550,KG,Kyrgyz Republic,Individuals using the Internet (% of population),2025,,Europe & Central Asia,Lower middle income,74.6057,42.8851
1551,KG,Kyrgyz Republic,Individuals using the Internet (% of population),2024,92.0286026,Europe & Central Asia,Lower middle income,74.6057,42.8851
1552,KG,Kyrgyz Republic,Individuals using the Internet (% of population),2023,91.04440308,Europe & Central Asia,Lower middle income,74.6057,42.8851
1553,KG,Kyrgyz Republic,Individuals using the Internet (% of population),2022,84.1937027,Europe & Central Asia,Lower middle income,74.6057,42.8851
1554,KG,Kyrgyz Republic,Individuals using the Internet (% of population),2021,77.11769867,Europe & Central Asia,Lower middle income,74.6057,42.8851
1555,KG,Kyrgyz Republic,Individuals using the Internet (% of population),2020,72.0,Europe & Central Asia,Lower middle income,74.6057,42.8851
1556,KG,Kyrgyz Republic,Individuals using the Internet (% of population),2019,64.1,Europe & Central Asia,Lower middle income,74.6057,42.8851
1557,KG,Kyrgyz Republic,Individuals using the Internet (% of population),2018,62.8,Europe & Central Asia,Lower middle income,74.6057,42.8851
1558,KG,Kyrgyz Republic,Individuals using the Internet (% of population),2017,50.80530167,Europe & Central Asia,Lower middle income,74.6057,42.8851
1559,KG,Kyrgyz Republic,Individuals using the Internet (% of population),2016,40.52619934,Europe & Central Asia,Lower middle income,74.6057,42.8851
1560,LA,Lao PDR,Individuals using the Internet (% of population),2025,,East Asia & Pacific,Lower middle income,102.177,18.5826
1561,LA,Lao PDR,Individuals using the Internet (% of population),2024,65.59269714,East Asia & Pacific,Lower middle income,102.177,18.5826
1562,LA,Lao PDR,Individuals using the Internet (% of population),2023,64.39800262,East Asia & Pacific,Lower middle income,102.177,18.5826
1563,LA,Lao PDR,Individuals using the Internet (% of population),2022,64.54000092,East Asia & Pacific,Lower middle income,102.177,18.5826
1564,LA,Lao PDR,Individuals using the Internet (% of population),2021,62.0,East Asia & Pacific,Lower middle income,102.177,18.5826
1565,LA,Lao PDR,Individuals using the Internet (% of population),2020,54.0,East Asia & Pacific,Lower middle income,102.177,18.5826
1566,LA,Lao PDR,Individuals using the Internet (% of population),2019,47.03229904,East Asia & Pacific,Lower middle income,102.177,18.5826
1567,LA,Lao PDR,Individuals using the Internet (% of population),2018,36.27130127,East Asia & Pacific,Lower middle income,102.177,18.5826
1568,LA,Lao PDR,Individuals using the Internet (% of population),2017,25.51040077,East Asia & Pacific,Lower middle income,102.177,18.5826
1569,LA,Lao PDR,Individuals using the Internet (% of population),2016,21.87000084,East Asia & Pacific,Lower middle income,102.177,18.5826
1570,LV,Latvia,Individuals using the Internet (% of population),2025,,Europe & Central Asia,High income,24.1048,56.9465
1571,LV,Latvia,Individuals using the Internet (% of population),2024,92.70757011,Europe & Central Asia,High income,24.1048,56.9465
1572,LV,Latvia,Individuals using the Internet (% of population),2023,92.18791291,Europe & Central Asia,High income,24.1048,56.9465
1573,LV,Latvia,Individuals using the Internet (% of population),2022,91.03009059,Europe & Central Asia,High income,24.1048,56.9465
1574,LV,Latvia,Individuals using the Internet (% of population),2021,91.17964988,Europe & Central Asia,High income,24.1048,56.9465
1575,LV,Latvia,Individuals using the Internet (% of population),2020,88.89796078,Europe & Central Asia,High income,24.1048,56.9465
1576,LV,Latvia,Individuals using the Internet (% of population),2019,86.13545644343,Europe & Central Asia,High income,24.1048,56.9465
1577,LV,Latvia,Individuals using the Internet (% of population),2018,83.5771748630956,Europe & Central Asia,High income,24.1048,56.9465
1578,LV,Latvia,Individuals using the Internet (% of population),2017,80.1140770037369,Europe & Central Asia,High income,24.1048,56.9465
1579,LV,Latvia,Individuals using the Internet (% of population),2016,79.8420977843089,Europe & Central Asia,High income,24.1048,56.9465
1580,LB,Lebanon,Individuals using the Internet (% of population),2025,,"Middle East, North Africa, Afghanistan & Pakistan",Lower middle income,35.5134,33.8872
1581,LB,Lebanon,Individuals using the Internet (% of population),2024,80.63400269,"Middle East, North Africa, Afghanistan & Pakistan",Lower middle income,35.5134,33.8872
1582,LB,Lebanon,Individuals using the Internet (% of population),2023,81.7059021,"Middle East, North Africa, Afghanistan & Pakistan",Lower middle income,35.5134,33.8872
1583,LB,Lebanon,Individuals using the Internet (% of population),2022,81.46479797,"Middle East, North Africa, Afghanistan & Pakistan",Lower middle income,35.5134,33.8872
1584,LB,Lebanon,Individuals using the Internet (% of population),2021,82.65599823,"Middle East, North Africa, Afghanistan & Pakistan",Lower middle income,35.5134,33.8872
1585,LB,Lebanon,Individuals using the Internet (% of population),2020,82.0664978,"Middle East, North Africa, Afghanistan & Pakistan",Lower middle income,35.5134,33.8872
1586,LB,Lebanon,Individuals using the Internet (% of population),2019,81.48120117,"Middle East, North Africa, Afghanistan & Pakistan",Lower middle income,35.5134,33.8872
1587,LB,Lebanon,Individuals using the Internet (% of population),2018,80.90000153,"Middle East, North Africa, Afghanistan & Pakistan",Lower middle income,35.5134,33.8872
1588,LB,Lebanon,Individuals using the Internet (% of population),2017,78.18080139,"Middle East, North Africa, Afghanistan & Pakistan",Lower middle income,35.5134,33.8872
1589,LB,Lebanon,Individuals using the Internet (% of population),2016,76.11000061,"Middle East, North Africa, Afghanistan & Pakistan",Lower middle income,35.5134,33.8872
1590,LS,Lesotho,Individuals using the Internet (% of population),2025,,Sub-Saharan Africa ,Lower middle income,27.7167,-29.5208
1591,LS,Lesotho,Individuals using the Internet (% of population),2024,51.79660034,Sub-Saharan Africa ,Lower middle income,27.7167,-29.5208
1592,LS,Lesotho,Individuals using the Internet (% of population),2023,48.98590088,Sub-Saharan Africa ,Lower middle income,27.7167,-29.5208
1593,LS,Lesotho,Individuals using the Internet (% of population),2022,48.06959915,Sub-Saharan Africa ,Lower middle income,27.7167,-29.5208
1594,LS,Lesotho,Individuals using the Internet (% of population),2021,45.05670166,Sub-Saharan Africa ,Lower middle income,27.7167,-29.5208
1595,LS,Lesotho,Individuals using the Internet (% of population),2020,43.65750122,Sub-Saharan Africa ,Lower middle income,27.7167,-29.5208
1596,LS,Lesotho,Individuals using the Internet (% of population),2019,42.301733569273,Sub-Saharan Africa ,Lower middle income,27.7167,-29.5208
1597,LS,Lesotho,Individuals using the Internet (% of population),2018,40.79999924,Sub-Saharan Africa ,Lower middle income,27.7167,-29.5208
1598,LS,Lesotho,Individuals using the Internet (% of population),2017,39.0,Sub-Saharan Africa ,Lower middle income,27.7167,-29.5208
1599,LS,Lesotho,Individuals using the Internet (% of population),2016,32.4538569477365,Sub-Saharan Africa ,Lower middle income,27.7167,-29.5208
1600,LR,Liberia,Individuals using the Internet (% of population),2025,,Sub-Saharan Africa ,Low income,-10.7957,6.30039
1601,LR,Liberia,Individuals using the Internet (% of population),2024,32.23360062,Sub-Saharan Africa ,Low income,-10.7957,6.30039
1602,LR,Liberia,Individuals using the Internet (% of population),2023,31.22410011,Sub-Saharan Africa ,Low income,-10.7957,6.30039
1603,LR,Liberia,Individuals using the Internet (% of population),2022,30.38010025,Sub-Saharan Africa ,Low income,-10.7957,6.30039
1604,LR,Liberia,Individuals using the Internet (% of population),2021,26.38229942,Sub-Saharan Africa ,Low income,-10.7957,6.30039
1605,LR,Liberia,Individuals using the Internet (% of population),2020,22.91069984,Sub-Saharan Africa ,Low income,-10.7957,6.30039
1606,LR,Liberia,Individuals using the Internet (% of population),2019,19.89579964,Sub-Saharan Africa ,Low income,-10.7957,6.30039
1607,LR,Liberia,Individuals using the Internet (% of population),2018,17.27770042,Sub-Saharan Africa ,Low income,-10.7957,6.30039
1608,LR,Liberia,Individuals using the Internet (% of population),2017,16.29999924,Sub-Saharan Africa ,Low income,-10.7957,6.30039
1609,LR,Liberia,Individuals using the Internet (% of population),2016,15.69999981,Sub-Saharan Africa ,Low income,-10.7957,6.30039
1610,LY,Libya,Individuals using the Internet (% of population),2025,,"Middle East, North Africa, Afghanistan & Pakistan",Upper middle income,13.1072,32.8578
1611,LY,Libya,Individuals using the Internet (% of population),2024,81.95449829,"Middle East, North Africa, Afghanistan & Pakistan",Upper middle income,13.1072,32.8578
1612,LY,Libya,Individuals using the Internet (% of population),2023,82.10469818,"Middle East, North Africa, Afghanistan & Pakistan",Upper middle income,13.1072,32.8578
1613,LY,Libya,Individuals using the Internet (% of population),2022,80.64720154,"Middle East, North Africa, Afghanistan & Pakistan",Upper middle income,13.1072,32.8578
1614,LY,Libya,Individuals using the Internet (% of population),2021,77.438797,"Middle East, North Africa, Afghanistan & Pakistan",Upper middle income,13.1072,32.8578
1615,LY,Libya,Individuals using the Internet (% of population),2020,74.35810089,"Middle East, North Africa, Afghanistan & Pakistan",Upper middle income,13.1072,32.8578
1616,LY,Libya,Individuals using the Internet (% of population),2019,71.40409851,"Middle East, North Africa, Afghanistan & Pakistan",Upper middle income,13.1072,32.8578
1617,LY,Libya,Individuals using the Internet (% of population),2018,47.5,"Middle East, North Africa, Afghanistan & Pakistan",Upper middle income,13.1072,32.8578
1618,LY,Libya,Individuals using the Internet (% of population),2017,47.5,"Middle East, North Africa, Afghanistan & Pakistan",Upper middle income,13.1072,32.8578
1619,LY,Libya,Individuals using the Internet (% of population),2016,35.0,"Middle East, North Africa, Afghanistan & Pakistan",Upper middle income,13.1072,32.8578
1620,LI,Liechtenstein,Individuals using the Internet (% of population),2025,,Europe & Central Asia,High income,9.52148,47.1411
1621,LI,Liechtenstein,Individuals using the Internet (% of population),2024,98.2641983,Europe & Central Asia,High income,9.52148,47.1411
1622,LI,Liechtenstein,Individuals using the Internet (% of population),2023,98.13230133,Europe & Central Asia,High income,9.52148,47.1411
1623,LI,Liechtenstein,Individuals using the Internet (% of population),2022,97.88069916,Europe & Central Asia,High income,9.52148,47.1411
1624,LI,Liechtenstein,Individuals using the Internet (% of population),2021,95.56939697,Europe & Central Asia,High income,9.52148,47.1411
1625,LI,Liechtenstein,Individuals using the Internet (% of population),2020,94.34999847,Europe & Central Asia,High income,9.52148,47.1411
1626,LI,Liechtenstein,Individuals using the Internet (% of population),2019,93.14610291,Europe & Central Asia,High income,9.52148,47.1411
1627,LI,Liechtenstein,Individuals using the Internet (% of population),2018,,Europe & Central Asia,High income,9.52148,47.1411
1628,LI,Liechtenstein,Individuals using the Internet (% of population),2017,99.54660034,Europe & Central Asia,High income,9.52148,47.1411
1629,LI,Liechtenstein,Individuals using the Internet (% of population),2016,98.09390259,Europe & Central Asia,High income,9.52148,47.1411
1630,LT,Lithuania,Individuals using the Internet (% of population),2025,,Europe & Central Asia,High income,25.2799,54.6896
1631,LT,Lithuania,Individuals using the Internet (% of population),2024,89.16116293,Europe & Central Asia,High income,25.2799,54.6896
1632,LT,Lithuania,Individuals using the Internet (% of population),2023,88.50287484,Europe & Central Asia,High income,25.2799,54.6896
1633,LT,Lithuania,Individuals using the Internet (% of population),2022,87.72420219,Europe & Central Asia,High income,25.2799,54.6896
1634,LT,Lithuania,Individuals using the Internet (% of population),2021,86.93054425,Europe & Central Asia,High income,25.2799,54.6896
1635,LT,Lithuania,Individuals using the Internet (% of population),2020,83.05554724,Europe & Central Asia,High income,25.2799,54.6896
1636,LT,Lithuania,Individuals using the Internet (% of population),2019,81.5818683764046,Europe & Central Asia,High income,25.2799,54.6896
1637,LT,Lithuania,Individuals using the Internet (% of population),2018,79.7225827680518,Europe & Central Asia,High income,25.2799,54.6896
1638,LT,Lithuania,Individuals using the Internet (% of population),2017,77.6152565124514,Europe & Central Asia,High income,25.2799,54.6896
1639,LT,Lithuania,Individuals using the Internet (% of population),2016,74.3766455618662,Europe & Central Asia,High income,25.2799,54.6896
1640,LU,Luxembourg,Individuals using the Internet (% of population),2025,99.12902211,Europe & Central Asia,High income,6.1296,49.61
1641,LU,Luxembourg,Individuals using the Internet (% of population),2024,98.7606147,Europe & Central Asia,High income,6.1296,49.61
1642,LU,Luxembourg,Individuals using the Internet (% of population),2023,99.34785707,Europe & Central Asia,High income,6.1296,49.61
1643,LU,Luxembourg,Individuals using the Internet (% of population),2022,98.24203749,Europe & Central Asia,High income,6.1296,49.61
1644,LU,Luxembourg,Individuals using the Internet (% of population),2021,98.66086333,Europe & Central Asia,High income,6.1296,49.61
1645,LU,Luxembourg,Individuals using the Internet (% of population),2020,98.45962893,Europe & Central Asia,High income,6.1296,49.61
1646,LU,Luxembourg,Individuals using the Internet (% of population),2019,97.120635693272,Europe & Central Asia,High income,6.1296,49.61
1647,LU,Luxembourg,Individuals using the Internet (% of population),2018,97.061298705829,Europe & Central Asia,High income,6.1296,49.61
1648,LU,Luxembourg,Individuals using the Internet (% of population),2017,97.3629603241751,Europe & Central Asia,High income,6.1296,49.61
1649,LU,Luxembourg,Individuals using the Internet (% of population),2016,98.1366986657616,Europe & Central Asia,High income,6.1296,49.61
1650,MO,"Macao SAR, China",Individuals using the Internet (% of population),2025,,East Asia & Pacific,High income,113.55,22.1667
1651,MO,"Macao SAR, China",Individuals using the Internet (% of population),2024,89.82640076,East Asia & Pacific,High income,113.55,22.1667
1652,MO,"Macao SAR, China",Individuals using the Internet (% of population),2023,89.82640076,East Asia & Pacific,High income,113.55,22.1667
1653,MO,"Macao SAR, China",Individuals using the Internet (% of population),2022,89.48549652,East Asia & Pacific,High income,113.55,22.1667
1654,MO,"Macao SAR, China",Individuals using the Internet (% of population),2021,88.46810492,East Asia & Pacific,High income,113.55,22.1667
1655,MO,"Macao SAR, China",Individuals using the Internet (% of population),2020,87.46230316,East Asia & Pacific,High income,113.55,22.1667
1656,MO,"Macao SAR, China",Individuals using the Internet (% of population),2019,86.4679257062588,East Asia & Pacific,High income,113.55,22.1667
1657,MO,"Macao SAR, China",Individuals using the Internet (% of population),2018,83.7940896091516,East Asia & Pacific,High income,113.55,22.1667
1658,MO,"Macao SAR, China",Individuals using the Internet (% of population),2017,83.1740890688259,East Asia & Pacific,High income,113.55,22.1667
1659,MO,"Macao SAR, China",Individuals using the Internet (% of population),2016,81.6429854646415,East Asia & Pacific,High income,113.55,22.1667
1660,MG,Madagascar,Individuals using the Internet (% of population),2025,,Sub-Saharan Africa ,Low income,45.7167,-20.4667
1661,MG,Madagascar,Individuals using the Internet (% of population),2024,18.67790031,Sub-Saharan Africa ,Low income,45.7167,-20.4667
1662,MG,Madagascar,Individuals using the Internet (% of population),2023,18.24080086,Sub-Saharan Africa ,Low income,45.7167,-20.4667
1663,MG,Madagascar,Individuals using the Internet (% of population),2022,17.81170082,Sub-Saharan Africa ,Low income,45.7167,-20.4667
1664,MG,Madagascar,Individuals using the Internet (% of population),2021,13.74590015,Sub-Saharan Africa ,Low income,45.7167,-20.4667
1665,MG,Madagascar,Individuals using the Internet (% of population),2020,11.35470009,Sub-Saharan Africa ,Low income,45.7167,-20.4667
1666,MG,Madagascar,Individuals using the Internet (% of population),2019,9.379400253,Sub-Saharan Africa ,Low income,45.7167,-20.4667
1667,MG,Madagascar,Individuals using the Internet (% of population),2018,7.747799873,Sub-Saharan Africa ,Low income,45.7167,-20.4667
1668,MG,Madagascar,Individuals using the Internet (% of population),2017,6.406000137,Sub-Saharan Africa ,Low income,45.7167,-20.4667
1669,MG,Madagascar,Individuals using the Internet (% of population),2016,4.713699818,Sub-Saharan Africa ,Low income,45.7167,-20.4667
1670,MW,Malawi,Individuals using the Internet (% of population),2025,,Sub-Saharan Africa ,Low income,33.7703,-13.9899
1671,MW,Malawi,Individuals using the Internet (% of population),2024,18.96159935,Sub-Saharan Africa ,Low income,33.7703,-13.9899
1672,MW,Malawi,Individuals using the Internet (% of population),2023,17.98810346,Sub-Saharan Africa ,Low income,33.7703,-13.9899
1673,MW,Malawi,Individuals using the Internet (% of population),2022,16.84830093,Sub-Saharan Africa ,Low income,33.7703,-13.9899
1674,MW,Malawi,Individuals using the Internet (% of population),2021,15.30300045,Sub-Saharan Africa ,Low income,33.7703,-13.9899
1675,MW,Malawi,Individuals using the Internet (% of population),2020,13.89949989,Sub-Saharan Africa ,Low income,33.7703,-13.9899
1676,MW,Malawi,Individuals using the Internet (% of population),2019,11.05860043,Sub-Saharan Africa ,Low income,33.7703,-13.9899
1677,MW,Malawi,Individuals using the Internet (% of population),2018,8.798299789,Sub-Saharan Africa ,Low income,33.7703,-13.9899
1678,MW,Malawi,Individuals using the Internet (% of population),2017,7.0,Sub-Saharan Africa ,Low income,33.7703,-13.9899
1679,MW,Malawi,Individuals using the Internet (% of population),2016,6.300000191,Sub-Saharan Africa ,Low income,33.7703,-13.9899
1680,MY,Malaysia,Individuals using the Internet (% of population),2025,,East Asia & Pacific,Upper middle income,101.684,3.12433
1681,MY,Malaysia,Individuals using the Internet (% of population),2024,98.0206059,East Asia & Pacific,Upper middle income,101.684,3.12433
1682,MY,Malaysia,Individuals using the Internet (% of population),2023,97.69272633,East Asia & Pacific,Upper middle income,101.684,3.12433
1683,MY,Malaysia,Individuals using the Internet (% of population),2022,97.3986404,East Asia & Pacific,Upper middle income,101.684,3.12433
1684,MY,Malaysia,Individuals using the Internet (% of population),2021,96.7514278,East Asia & Pacific,Upper middle income,101.684,3.12433
1685,MY,Malaysia,Individuals using the Internet (% of population),2020,89.55501192,East Asia & Pacific,Upper middle income,101.684,3.12433
1686,MY,Malaysia,Individuals using the Internet (% of population),2019,84.1871450078281,East Asia & Pacific,Upper middle income,101.684,3.12433
1687,MY,Malaysia,Individuals using the Internet (% of population),2018,81.2010486181174,East Asia & Pacific,Upper middle income,101.684,3.12433
1688,MY,Malaysia,Individuals using the Internet (% of population),2017,80.1404790103961,East Asia & Pacific,Upper middle income,101.684,3.12433
1689,MY,Malaysia,Individuals using the Internet (% of population),2016,78.7883099275229,East Asia & Pacific,Upper middle income,101.684,3.12433
1690,MV,Maldives,Individuals using the Internet (% of population),2025,,South Asia,Upper middle income,73.5109,4.1742
1691,MV,Maldives,Individuals using the Internet (% of population),2024,85.23999786,South Asia,Upper middle income,73.5109,4.1742
1692,MV,Maldives,Individuals using the Internet (% of population),2023,84.55290222,South Asia,Upper middle income,73.5109,4.1742
1693,MV,Maldives,Individuals using the Internet (% of population),2022,83.91189054,South Asia,Upper middle income,73.5109,4.1742
1694,MV,Maldives,Individuals using the Internet (% of population),2021,81.95760345,South Asia,Upper middle income,73.5109,4.1742
1695,MV,Maldives,Individuals using the Internet (% of population),2020,79.09780121,South Asia,Upper middle income,73.5109,4.1742
1696,MV,Maldives,Individuals using the Internet (% of population),2019,77.46970367,South Asia,Upper middle income,73.5109,4.1742
1697,MV,Maldives,Individuals using the Internet (% of population),2018,70.93689728,South Asia,Upper middle income,73.5109,4.1742
1698,MV,Maldives,Individuals using the Internet (% of population),2017,64.95500183,South Asia,Upper middle income,73.5109,4.1742
1699,MV,Maldives,Individuals using the Internet (% of population),2016,59.47750092,South Asia,Upper middle income,73.5109,4.1742
1700,ML,Mali,Individuals using the Internet (% of population),2025,,Sub-Saharan Africa ,Low income,-7.50034,13.5667
1701,ML,Mali,Individuals using the Internet (% of population),2024,36.80149841,Sub-Saharan Africa ,Low income,-7.50034,13.5667
1702,ML,Mali,Individuals using the Internet (% of population),2023,36.03879929,Sub-Saharan Africa ,Low income,-7.50034,13.5667
1703,ML,Mali,Individuals using the Internet (% of population),2022,35.19919968,Sub-Saharan Africa ,Low income,-7.50034,13.5667
1704,ML,Mali,Individuals using the Internet (% of population),2021,33.95650101,Sub-Saharan Africa ,Low income,-7.50034,13.5667
1705,ML,Mali,Individuals using the Internet (% of population),2020,29.11300087,Sub-Saharan Africa ,Low income,-7.50034,13.5667
1706,ML,Mali,Individuals using the Internet (% of population),2019,24.96030045,Sub-Saharan Africa ,Low income,-7.50034,13.5667
1707,ML,Mali,Individuals using the Internet (% of population),2018,21.39999962,Sub-Saharan Africa ,Low income,-7.50034,13.5667
1708,ML,Mali,Individuals using the Internet (% of population),2017,18.89999962,Sub-Saharan Africa ,Low income,-7.50034,13.5667
1709,ML,Mali,Individuals using the Internet (% of population),2016,14.0,Sub-Saharan Africa ,Low income,-7.50034,13.5667
1710,MT,Malta,Individuals using the Internet (% of population),2025,,"Middle East, North Africa, Afghanistan & Pakistan",High income,14.5189,35.9042
1711,MT,Malta,Individuals using the Internet (% of population),2024,93.86029816,"Middle East, North Africa, Afghanistan & Pakistan",High income,14.5189,35.9042
1712,MT,Malta,Individuals using the Internet (% of population),2023,92.07266941,"Middle East, North Africa, Afghanistan & Pakistan",High income,14.5189,35.9042
1713,MT,Malta,Individuals using the Internet (% of population),2022,91.54062209,"Middle East, North Africa, Afghanistan & Pakistan",High income,14.5189,35.9042
1714,MT,Malta,Individuals using the Internet (% of population),2021,87.46977742,"Middle East, North Africa, Afghanistan & Pakistan",High income,14.5189,35.9042
1715,MT,Malta,Individuals using the Internet (% of population),2020,86.85876183,"Middle East, North Africa, Afghanistan & Pakistan",High income,14.5189,35.9042
1716,MT,Malta,Individuals using the Internet (% of population),2019,85.7785963798031,"Middle East, North Africa, Afghanistan & Pakistan",High income,14.5189,35.9042
1717,MT,Malta,Individuals using the Internet (% of population),2018,81.6580442928014,"Middle East, North Africa, Afghanistan & Pakistan",High income,14.5189,35.9042
1718,MT,Malta,Individuals using the Internet (% of population),2017,81.0119110762945,"Middle East, North Africa, Afghanistan & Pakistan",High income,14.5189,35.9042
1719,MT,Malta,Individuals using the Internet (% of population),2016,78.0751488032182,"Middle East, North Africa, Afghanistan & Pakistan",High income,14.5189,35.9042
1720,MH,Marshall Islands,Individuals using the Internet (% of population),2025,,East Asia & Pacific,Upper middle income,171.135,7.11046
1721,MH,Marshall Islands,Individuals using the Internet (% of population),2024,65.915802,East Asia & Pacific,Upper middle income,171.135,7.11046
1722,MH,Marshall Islands,Individuals using the Internet (% of population),2023,64.07589722,East Asia & Pacific,Upper middle income,171.135,7.11046
1723,MH,Marshall Islands,Individuals using the Internet (% of population),2022,64.26719666,East Asia & Pacific,Upper middle income,171.135,7.11046
1724,MH,Marshall Islands,Individuals using the Internet (% of population),2021,63.97259903,East Asia & Pacific,Upper middle income,171.135,7.11046
1725,MH,Marshall Islands,Individuals using the Internet (% of population),2020,56.41910172,East Asia & Pacific,Upper middle income,171.135,7.11046
1726,MH,Marshall Islands,Individuals using the Internet (% of population),2019,49.75749969,East Asia & Pacific,Upper middle income,171.135,7.11046
1727,MH,Marshall Islands,Individuals using the Internet (% of population),2018,43.88249969,East Asia & Pacific,Upper middle income,171.135,7.11046
1728,MH,Marshall Islands,Individuals using the Internet (% of population),2017,38.70119858,East Asia & Pacific,Upper middle income,171.135,7.11046
1729,MH,Marshall Islands,Individuals using the Internet (% of population),2016,29.78779984,East Asia & Pacific,Upper middle income,171.135,7.11046
1730,MR,Mauritania,Individuals using the Internet (% of population),2025,,Sub-Saharan Africa ,Lower middle income,-15.9824,18.2367
1731,MR,Mauritania,Individuals using the Internet (% of population),2024,45.77939987,Sub-Saharan Africa ,Lower middle income,-15.9824,18.2367
1732,MR,Mauritania,Individuals using the Internet (% of population),2023,44.95629883,Sub-Saharan Africa ,Lower middle income,-15.9824,18.2367
1733,MR,Mauritania,Individuals using the Internet (% of population),2022,42.46450043,Sub-Saharan Africa ,Lower middle income,-15.9824,18.2367
1734,MR,Mauritania,Individuals using the Internet (% of population),2021,35.63660049,Sub-Saharan Africa ,Lower middle income,-15.9824,18.2367
1735,MR,Mauritania,Individuals using the Internet (% of population),2020,29.90649986,Sub-Saharan Africa ,Lower middle income,-15.9824,18.2367
1736,MR,Mauritania,Individuals using the Internet (% of population),2019,25.0977993,Sub-Saharan Africa ,Lower middle income,-15.9824,18.2367
1737,MR,Mauritania,Individuals using the Internet (% of population),2018,22.96699905,Sub-Saharan Africa ,Lower middle income,-15.9824,18.2367
1738,MR,Mauritania,Individuals using the Internet (% of population),2017,21.01720047,Sub-Saharan Africa ,Lower middle income,-15.9824,18.2367
1739,MR,Mauritania,Individuals using the Internet (% of population),2016,19.23279953,Sub-Saharan Africa ,Lower middle income,-15.9824,18.2367
1740,MU,Mauritius,Individuals using the Internet (% of population),2025,,Sub-Saharan Africa ,Upper middle income,57.4977,-20.1605
1741,MU,Mauritius,Individuals using the Internet (% of population),2024,73.30793533,Sub-Saharan Africa ,Upper middle income,57.4977,-20.1605
1742,MU,Mauritius,Individuals using the Internet (% of population),2023,79.5,Sub-Saharan Africa ,Upper middle income,57.4977,-20.1605
1743,MU,Mauritius,Individuals using the Internet (% of population),2022,75.5,Sub-Saharan Africa ,Upper middle income,57.4977,-20.1605
1744,MU,Mauritius,Individuals using the Internet (% of population),2021,71.59999847,Sub-Saharan Africa ,Upper middle income,57.4977,-20.1605
1745,MU,Mauritius,Individuals using the Internet (% of population),2020,67.73290684,Sub-Saharan Africa ,Upper middle income,57.4977,-20.1605
1746,MU,Mauritius,Individuals using the Internet (% of population),2019,61.7299551453346,Sub-Saharan Africa ,Upper middle income,57.4977,-20.1605
1747,MU,Mauritius,Individuals using the Internet (% of population),2018,58.596169704299,Sub-Saharan Africa ,Upper middle income,57.4977,-20.1605
1748,MU,Mauritius,Individuals using the Internet (% of population),2017,55.4032403002657,Sub-Saharan Africa ,Upper middle income,57.4977,-20.1605
1749,MU,Mauritius,Individuals using the Internet (% of population),2016,52.19129944,Sub-Saharan Africa ,Upper middle income,57.4977,-20.1605
1750,MX,Mexico,Individuals using the Internet (% of population),2025,,Latin America & Caribbean ,Upper middle income,-99.1276,19.427
1751,MX,Mexico,Individuals using the Internet (% of population),2024,83.12233799,Latin America & Caribbean ,Upper middle income,-99.1276,19.427
1752,MX,Mexico,Individuals using the Internet (% of population),2023,81.18318755,Latin America & Caribbean ,Upper middle income,-99.1276,19.427
1753,MX,Mexico,Individuals using the Internet (% of population),2022,78.63217894,Latin America & Caribbean ,Upper middle income,-99.1276,19.427
1754,MX,Mexico,Individuals using the Internet (% of population),2021,75.62650476,Latin America & Caribbean ,Upper middle income,-99.1276,19.427
1755,MX,Mexico,Individuals using the Internet (% of population),2020,71.49017499,Latin America & Caribbean ,Upper middle income,-99.1276,19.427
1756,MX,Mexico,Individuals using the Internet (% of population),2019,69.6321092705209,Latin America & Caribbean ,Upper middle income,-99.1276,19.427
1757,MX,Mexico,Individuals using the Internet (% of population),2018,56.6595667981289,Latin America & Caribbean ,Upper middle income,-99.1276,19.427
1758,MX,Mexico,Individuals using the Internet (% of population),2017,53.0317886110982,Latin America & Caribbean ,Upper middle income,-99.1276,19.427
1759,MX,Mexico,Individuals using the Internet (% of population),2016,59.5404459967255,Latin America & Caribbean ,Upper middle income,-99.1276,19.427
1760,FM,"Micronesia, Fed. Sts.",Individuals using the Internet (% of population),2025,,East Asia & Pacific,Upper middle income,158.185,6.91771
1761,FM,"Micronesia, Fed. Sts.",Individuals using the Internet (% of population),2024,39.52360153,East Asia & Pacific,Upper middle income,158.185,6.91771
1762,FM,"Micronesia, Fed. Sts.",Individuals using the Internet (% of population),2023,39.39889908,East Asia & Pacific,Upper middle income,158.185,6.91771
1763,FM,"Micronesia, Fed. Sts.",Individuals using the Internet (% of population),2022,39.0279007,East Asia & Pacific,Upper middle income,158.185,6.91771
1764,FM,"Micronesia, Fed. Sts.",Individuals using the Internet (% of population),2021,,East Asia & Pacific,Upper middle income,158.185,6.91771
1765,FM,"Micronesia, Fed. Sts.",Individuals using the Internet (% of population),2020,39.38330078,East Asia & Pacific,Upper middle income,158.185,6.91771
1766,FM,"Micronesia, Fed. Sts.",Individuals using the Internet (% of population),2019,37.97370148,East Asia & Pacific,Upper middle income,158.185,6.91771
1767,FM,"Micronesia, Fed. Sts.",Individuals using the Internet (% of population),2018,36.61460114,East Asia & Pacific,Upper middle income,158.185,6.91771
1768,FM,"Micronesia, Fed. Sts.",Individuals using the Internet (% of population),2017,35.30410004,East Asia & Pacific,Upper middle income,158.185,6.91771
1769,FM,"Micronesia, Fed. Sts.",Individuals using the Internet (% of population),2016,33.35219955,East Asia & Pacific,Upper middle income,158.185,6.91771
1770,MD,Moldova,Individuals using the Internet (% of population),2025,,Europe & Central Asia,Upper middle income,28.8497,47.0167
1771,MD,Moldova,Individuals using the Internet (% of population),2024,77.3687973,Europe & Central Asia,Upper middle income,28.8497,47.0167
1772,MD,Moldova,Individuals using the Internet (% of population),2023,76.50330353,Europe & Central Asia,Upper middle income,28.8497,47.0167
1773,MD,Moldova,Individuals using the Internet (% of population),2022,74.91899872,Europe & Central Asia,Upper middle income,28.8497,47.0167
1774,MD,Moldova,Individuals using the Internet (% of population),2021,74.91899872,Europe & Central Asia,Upper middle income,28.8497,47.0167
1775,MD,Moldova,Individuals using the Internet (% of population),2020,74.11830139,Europe & Central Asia,Upper middle income,28.8497,47.0167
1776,MD,Moldova,Individuals using the Internet (% of population),2019,73.32610321,Europe & Central Asia,Upper middle income,28.8497,47.0167
1777,MD,Moldova,Individuals using the Internet (% of population),2018,72.54239655,Europe & Central Asia,Upper middle income,28.8497,47.0167
1778,MD,Moldova,Individuals using the Internet (% of population),2017,71.76709747,Europe & Central Asia,Upper middle income,28.8497,47.0167
1779,MD,Moldova,Individuals using the Internet (% of population),2016,70.9999991066624,Europe & Central Asia,Upper middle income,28.8497,47.0167
1780,MC,Monaco,Individuals using the Internet (% of population),2025,,Europe & Central Asia,High income,7.41891,43.7325
1781,MC,Monaco,Individuals using the Internet (% of population),2024,99.04489899,Europe & Central Asia,High income,7.41891,43.7325
1782,MC,Monaco,Individuals using the Internet (% of population),2023,98.87049866,Europe & Central Asia,High income,7.41891,43.7325
1783,MC,Monaco,Individuals using the Internet (% of population),2022,98.75189972,Europe & Central Asia,High income,7.41891,43.7325
1784,MC,Monaco,Individuals using the Internet (% of population),2021,99.07759857,Europe & Central Asia,High income,7.41891,43.7325
1785,MC,Monaco,Individuals using the Internet (% of population),2020,98.57080078,Europe & Central Asia,High income,7.41891,43.7325
1786,MC,Monaco,Individuals using the Internet (% of population),2019,98.0,Europe & Central Asia,High income,7.41891,43.7325
1787,MC,Monaco,Individuals using the Internet (% of population),2018,,Europe & Central Asia,High income,7.41891,43.7325
1788,MC,Monaco,Individuals using the Internet (% of population),2017,97.0530014,Europe & Central Asia,High income,7.41891,43.7325
1789,MC,Monaco,Individuals using the Internet (% of population),2016,95.20819855,Europe & Central Asia,High income,7.41891,43.7325
1790,MN,Mongolia,Individuals using the Internet (% of population),2025,,East Asia & Pacific,Upper middle income,106.937,47.9129
1791,MN,Mongolia,Individuals using the Internet (% of population),2024,85.12349701,East Asia & Pacific,Upper middle income,106.937,47.9129
1792,MN,Mongolia,Individuals using the Internet (% of population),2023,83.74320221,East Asia & Pacific,Upper middle income,106.937,47.9129
1793,MN,Mongolia,Individuals using the Internet (% of population),2022,81.07720184,East Asia & Pacific,Upper middle income,106.937,47.9129
1794,MN,Mongolia,Individuals using the Internet (% of population),2021,81.60682285,East Asia & Pacific,Upper middle income,106.937,47.9129
1795,MN,Mongolia,Individuals using the Internet (% of population),2020,62.50002848,East Asia & Pacific,Upper middle income,106.937,47.9129
1796,MN,Mongolia,Individuals using the Internet (% of population),2019,51.079994082603,East Asia & Pacific,Upper middle income,106.937,47.9129
1797,MN,Mongolia,Individuals using the Internet (% of population),2018,47.1300018848989,East Asia & Pacific,Upper middle income,106.937,47.9129
1798,MN,Mongolia,Individuals using the Internet (% of population),2017,23.71430016,East Asia & Pacific,Upper middle income,106.937,47.9129
1799,MN,Mongolia,Individuals using the Internet (% of population),2016,22.2657705007562,East Asia & Pacific,Upper middle income,106.937,47.9129
1800,ME,Montenegro,Individuals using the Internet (% of population),2025,,Europe & Central Asia,Upper middle income,19.2595,42.4602
1801,ME,Montenegro,Individuals using the Internet (% of population),2024,88.88258428,Europe & Central Asia,Upper middle income,19.2595,42.4602
1802,ME,Montenegro,Individuals using the Internet (% of population),2023,88.5515976,Europe & Central Asia,Upper middle income,19.2595,42.4602
1803,ME,Montenegro,Individuals using the Internet (% of population),2022,88.22192026,Europe & Central Asia,Upper middle income,19.2595,42.4602
1804,ME,Montenegro,Individuals using the Internet (% of population),2021,82.21969752,Europe & Central Asia,Upper middle income,19.2595,42.4602
1805,ME,Montenegro,Individuals using the Internet (% of population),2020,77.60879306,Europe & Central Asia,Upper middle income,19.2595,42.4602
1806,ME,Montenegro,Individuals using the Internet (% of population),2019,73.4766657478691,Europe & Central Asia,Upper middle income,19.2595,42.4602
1807,ME,Montenegro,Individuals using the Internet (% of population),2018,71.5171004874886,Europe & Central Asia,Upper middle income,19.2595,42.4602
1808,ME,Montenegro,Individuals using the Internet (% of population),2017,71.2723325399382,Europe & Central Asia,Upper middle income,19.2595,42.4602
1809,ME,Montenegro,Individuals using the Internet (% of population),2016,69.8816468416779,Europe & Central Asia,Upper middle income,19.2595,42.4602
1810,MA,Morocco,Individuals using the Internet (% of population),2025,,"Middle East, North Africa, Afghanistan & Pakistan",Lower middle income,-6.8704,33.9905
1811,MA,Morocco,Individuals using the Internet (% of population),2024,91.2,"Middle East, North Africa, Afghanistan & Pakistan",Lower middle income,-6.8704,33.9905
1812,MA,Morocco,Individuals using the Internet (% of population),2023,91.0,"Middle East, North Africa, Afghanistan & Pakistan",Lower middle income,-6.8704,33.9905
1813,MA,Morocco,Individuals using the Internet (% of population),2022,89.9,"Middle East, North Africa, Afghanistan & Pakistan",Lower middle income,-6.8704,33.9905
1814,MA,Morocco,Individuals using the Internet (% of population),2021,88.13031937,"Middle East, North Africa, Afghanistan & Pakistan",Lower middle income,-6.8704,33.9905
1815,MA,Morocco,Individuals using the Internet (% of population),2020,84.12036305,"Middle East, North Africa, Afghanistan & Pakistan",Lower middle income,-6.8704,33.9905
1816,MA,Morocco,Individuals using the Internet (% of population),2019,84.1203630467602,"Middle East, North Africa, Afghanistan & Pakistan",Lower middle income,-6.8704,33.9905
1817,MA,Morocco,Individuals using the Internet (% of population),2018,64.8038651924043,"Middle East, North Africa, Afghanistan & Pakistan",Lower middle income,-6.8704,33.9905
1818,MA,Morocco,Individuals using the Internet (% of population),2017,61.7622120123071,"Middle East, North Africa, Afghanistan & Pakistan",Lower middle income,-6.8704,33.9905
1819,MA,Morocco,Individuals using the Internet (% of population),2016,58.271236420398,"Middle East, North Africa, Afghanistan & Pakistan",Lower middle income,-6.8704,33.9905
1820,MZ,Mozambique,Individuals using the Internet (% of population),2025,,Sub-Saharan Africa ,Low income,32.5713,-25.9664
1821,MZ,Mozambique,Individuals using the Internet (% of population),2024,20.52729988,Sub-Saharan Africa ,Low income,32.5713,-25.9664
1822,MZ,Mozambique,Individuals using the Internet (% of population),2023,19.94560051,Sub-Saharan Africa ,Low income,32.5713,-25.9664
1823,MZ,Mozambique,Individuals using the Internet (% of population),2022,18.96220016,Sub-Saharan Africa ,Low income,32.5713,-25.9664
1824,MZ,Mozambique,Individuals using the Internet (% of population),2021,16.35759926,Sub-Saharan Africa ,Low income,32.5713,-25.9664
1825,MZ,Mozambique,Individuals using the Internet (% of population),2020,14.28740025,Sub-Saharan Africa ,Low income,32.5713,-25.9664
1826,MZ,Mozambique,Individuals using the Internet (% of population),2019,12.47929955,Sub-Saharan Africa ,Low income,32.5713,-25.9664
1827,MZ,Mozambique,Individuals using the Internet (% of population),2018,10.89999962,Sub-Saharan Africa ,Low income,32.5713,-25.9664
1828,MZ,Mozambique,Individuals using the Internet (% of population),2017,7.7963266079129,Sub-Saharan Africa ,Low income,32.5713,-25.9664
1829,MZ,Mozambique,Individuals using the Internet (% of population),2016,7.0,Sub-Saharan Africa ,Low income,32.5713,-25.9664
1830,MM,Myanmar,Individuals using the Internet (% of population),2025,,East Asia & Pacific,Lower middle income,95.9562,21.914
1831,MM,Myanmar,Individuals using the Internet (% of population),2024,,East Asia & Pacific,Lower middle income,95.9562,21.914
1832,MM,Myanmar,Individuals using the Internet (% of population),2023,,East Asia & Pacific,Lower middle income,95.9562,21.914
1833,MM,Myanmar,Individuals using the Internet (% of population),2022,,East Asia & Pacific,Lower middle income,95.9562,21.914
1834,MM,Myanmar,Individuals using the Internet (% of population),2021,,East Asia & Pacific,Lower middle income,95.9562,21.914
1835,MM,Myanmar,Individuals using the Internet (% of population),2020,45.4477005,East Asia & Pacific,Lower middle income,95.9562,21.914
1836,MM,Myanmar,Individuals using the Internet (% of population),2019,36.54050064,East Asia & Pacific,Lower middle income,95.9562,21.914
1837,MM,Myanmar,Individuals using the Internet (% of population),2018,29.37899971,East Asia & Pacific,Lower middle income,95.9562,21.914
1838,MM,Myanmar,Individuals using the Internet (% of population),2017,23.621081950267,East Asia & Pacific,Lower middle income,95.9562,21.914
1839,MM,Myanmar,Individuals using the Internet (% of population),2016,16.0,East Asia & Pacific,Lower middle income,95.9562,21.914
1840,NA,Namibia,Individuals using the Internet (% of population),2025,,Sub-Saharan Africa ,Lower middle income,17.0931,-22.5648
1841,NA,Namibia,Individuals using the Internet (% of population),2024,64.87460327,Sub-Saharan Africa ,Lower middle income,17.0931,-22.5648
1842,NA,Namibia,Individuals using the Internet (% of population),2023,63.69549942,Sub-Saharan Africa ,Lower middle income,17.0931,-22.5648
1843,NA,Namibia,Individuals using the Internet (% of population),2022,62.99720001,Sub-Saharan Africa ,Lower middle income,17.0931,-22.5648
1844,NA,Namibia,Individuals using the Internet (% of population),2021,60.25999832,Sub-Saharan Africa ,Lower middle income,17.0931,-22.5648
1845,NA,Namibia,Individuals using the Internet (% of population),2020,57.8608017,Sub-Saharan Africa ,Lower middle income,17.0931,-22.5648
1846,NA,Namibia,Individuals using the Internet (% of population),2019,49.77590179,Sub-Saharan Africa ,Lower middle income,17.0931,-22.5648
1847,NA,Namibia,Individuals using the Internet (% of population),2018,42.8207016,Sub-Saharan Africa ,Lower middle income,17.0931,-22.5648
1848,NA,Namibia,Individuals using the Internet (% of population),2017,36.83739853,Sub-Saharan Africa ,Lower middle income,17.0931,-22.5648
1849,NA,Namibia,Individuals using the Internet (% of population),2016,31.0333004,Sub-Saharan Africa ,Lower middle income,17.0931,-22.5648
1850,NR,Naoero,Individuals using the Internet (% of population),2025,,East Asia & Pacific,High income,166.920867,-0.5477
1851,NR,Naoero,Individuals using the Internet (% of population),2024,83.01170349,East Asia & Pacific,High income,166.920867,-0.5477
1852,NR,Naoero,Individuals using the Internet (% of population),2023,83.03970337,East Asia & Pacific,High income,166.920867,-0.5477
1853,NR,Naoero,Individuals using the Internet (% of population),2022,83.22660065,East Asia & Pacific,High income,166.920867,-0.5477
1854,NR,Naoero,Individuals using the Internet (% of population),2021,80.29499817,East Asia & Pacific,High income,166.920867,-0.5477
1855,NR,Naoero,Individuals using the Internet (% of population),2020,77.46659851,East Asia & Pacific,High income,166.920867,-0.5477
1856,NR,Naoero,Individuals using the Internet (% of population),2019,74.73789978,East Asia & Pacific,High income,166.920867,-0.5477
1857,NR,Naoero,Individuals using the Internet (% of population),2018,,East Asia & Pacific,High income,166.920867,-0.5477
1858,NR,Naoero,Individuals using the Internet (% of population),2017,62.38510132,East Asia & Pacific,High income,166.920867,-0.5477
1859,NR,Naoero,Individuals using the Internet (% of population),2016,,East Asia & Pacific,High income,166.920867,-0.5477
1860,NP,Nepal,Individuals using the Internet (% of population),2025,,South Asia,Lower middle income,85.3157,27.6939
1861,NP,Nepal,Individuals using the Internet (% of population),2024,46.32189941,South Asia,Lower middle income,85.3157,27.6939
1862,NP,Nepal,Individuals using the Internet (% of population),2023,45.80680084,South Asia,Lower middle income,85.3157,27.6939
1863,NP,Nepal,Individuals using the Internet (% of population),2022,45.45080185,South Asia,Lower middle income,85.3157,27.6939
1864,NP,Nepal,Individuals using the Internet (% of population),2021,40.98910141,South Asia,Lower middle income,85.3157,27.6939
1865,NP,Nepal,Individuals using the Internet (% of population),2020,36.96530151,South Asia,Lower middle income,85.3157,27.6939
1866,NP,Nepal,Individuals using the Internet (% of population),2019,33.33660126,South Asia,Lower middle income,85.3157,27.6939
1867,NP,Nepal,Individuals using the Internet (% of population),2018,28.60000038,South Asia,Lower middle income,85.3157,27.6939
1868,NP,Nepal,Individuals using the Internet (% of population),2017,24.3,South Asia,Lower middle income,85.3157,27.6939
1869,NP,Nepal,Individuals using the Internet (% of population),2016,20.70000076,South Asia,Lower middle income,85.3157,27.6939
1870,NL,Netherlands,Individuals using the Internet (% of population),2025,,Europe & Central Asia,High income,4.89095,52.3738
1871,NL,Netherlands,Individuals using the Internet (% of population),2024,97.00679779,Europe & Central Asia,High income,4.89095,52.3738
1872,NL,Netherlands,Individuals using the Internet (% of population),2023,97.00680272,Europe & Central Asia,High income,4.89095,52.3738
1873,NL,Netherlands,Individuals using the Internet (% of population),2022,92.51968504,Europe & Central Asia,High income,4.89095,52.3738
1874,NL,Netherlands,Individuals using the Internet (% of population),2021,92.05298013,Europe & Central Asia,High income,4.89095,52.3738
1875,NL,Netherlands,Individuals using the Internet (% of population),2020,91.33333333,Europe & Central Asia,High income,4.89095,52.3738
1876,NL,Netherlands,Individuals using the Internet (% of population),2019,93.2885906040269,Europe & Central Asia,High income,4.89095,52.3738
1877,NL,Netherlands,Individuals using the Internet (% of population),2018,91.8918918918919,Europe & Central Asia,High income,4.89095,52.3738
1878,NL,Netherlands,Individuals using the Internet (% of population),2017,93.1972789115646,Europe & Central Asia,High income,4.89095,52.3738
1879,NL,Netherlands,Individuals using the Internet (% of population),2016,90.4109589041096,Europe & Central Asia,High income,4.89095,52.3738
1880,NC,New Caledonia,Individuals using the Internet (% of population),2025,,East Asia & Pacific,High income,166.464,-22.2677
1881,NC,New Caledonia,Individuals using the Internet (% of population),2024,,East Asia & Pacific,High income,166.464,-22.2677
1882,NC,New Caledonia,Individuals using the Internet (% of population),2023,,East Asia & Pacific,High income,166.464,-22.2677
1883,NC,New Caledonia,Individuals using the Internet (% of population),2022,,East Asia & Pacific,High income,166.464,-22.2677
1884,NC,New Caledonia,Individuals using the Internet (% of population),2021,,East Asia & Pacific,High income,166.464,-22.2677
1885,NC,New Caledonia,Individuals using the Internet (% of population),2020,,East Asia & Pacific,High income,166.464,-22.2677
1886,NC,New Caledonia,Individuals using the Internet (% of population),2019,,East Asia & Pacific,High income,166.464,-22.2677
1887,NC,New Caledonia,Individuals using the Internet (% of population),2018,,East Asia & Pacific,High income,166.464,-22.2677
1888,NC,New Caledonia,Individuals using the Internet (% of population),2017,82.0058408035186,East Asia & Pacific,High income,166.464,-22.2677
1889,NC,New Caledonia,Individuals using the Internet (% of population),2016,,East Asia & Pacific,High income,166.464,-22.2677
1890,NZ,New Zealand,Individuals using the Internet (% of population),2025,,East Asia & Pacific,High income,174.776,-41.2865
1891,NZ,New Zealand,Individuals using the Internet (% of population),2024,93.51930237,East Asia & Pacific,High income,174.776,-41.2865
1892,NZ,New Zealand,Individuals using the Internet (% of population),2023,93.32610321,East Asia & Pacific,High income,174.776,-41.2865
1893,NZ,New Zealand,Individuals using the Internet (% of population),2022,93.07289886,East Asia & Pacific,High income,174.776,-41.2865
1894,NZ,New Zealand,Individuals using the Internet (% of population),2021,91.99060059,East Asia & Pacific,High income,174.776,-41.2865
1895,NZ,New Zealand,Individuals using the Internet (% of population),2020,90.92099762,East Asia & Pacific,High income,174.776,-41.2865
1896,NZ,New Zealand,Individuals using the Internet (% of population),2019,89.86370087,East Asia & Pacific,High income,174.776,-41.2865
1897,NZ,New Zealand,Individuals using the Internet (% of population),2018,89.0,East Asia & Pacific,High income,174.776,-41.2865
1898,NZ,New Zealand,Individuals using the Internet (% of population),2017,87.69999695,East Asia & Pacific,High income,174.776,-41.2865
1899,NZ,New Zealand,Individuals using the Internet (% of population),2016,86.5,East Asia & Pacific,High income,174.776,-41.2865
1900,NI,Nicaragua,Individuals using the Internet (% of population),2025,,Latin America & Caribbean ,Lower middle income,-86.2734,12.1475
1901,NI,Nicaragua,Individuals using the Internet (% of population),2024,61.39550018,Latin America & Caribbean ,Lower middle income,-86.2734,12.1475
1902,NI,Nicaragua,Individuals using the Internet (% of population),2023,60.30120087,Latin America & Caribbean ,Lower middle income,-86.2734,12.1475
1903,NI,Nicaragua,Individuals using the Internet (% of population),2022,59.38000107,Latin America & Caribbean ,Lower middle income,-86.2734,12.1475
1904,NI,Nicaragua,Individuals using the Internet (% of population),2021,51.62039948,Latin America & Caribbean ,Lower middle income,-86.2734,12.1475
1905,NI,Nicaragua,Individuals using the Internet (% of population),2020,44.87490082,Latin America & Caribbean ,Lower middle income,-86.2734,12.1475
1906,NI,Nicaragua,Individuals using the Internet (% of population),2019,39.01079941,Latin America & Caribbean ,Lower middle income,-86.2734,12.1475
1907,NI,Nicaragua,Individuals using the Internet (% of population),2018,33.9129982,Latin America & Caribbean ,Lower middle income,-86.2734,12.1475
1908,NI,Nicaragua,Individuals using the Internet (% of population),2017,30.39999962,Latin America & Caribbean ,Lower middle income,-86.2734,12.1475
1909,NI,Nicaragua,Individuals using the Internet (% of population),2016,24.57180023,Latin America & Caribbean ,Lower middle income,-86.2734,12.1475
1910,NE,Niger,Individuals using the Internet (% of population),2025,,Sub-Saharan Africa ,Low income,2.1073,13.514
1911,NE,Niger,Individuals using the Internet (% of population),2024,15.55760002,Sub-Saharan Africa ,Low income,2.1073,13.514
1912,NE,Niger,Individuals using the Internet (% of population),2023,12.98079967,Sub-Saharan Africa ,Low income,2.1073,13.514
1913,NE,Niger,Individuals using the Internet (% of population),2022,13.08749962,Sub-Saharan Africa ,Low income,2.1073,13.514
1914,NE,Niger,Individuals using the Internet (% of population),2021,12.45689964,Sub-Saharan Africa ,Low income,2.1073,13.514
1915,NE,Niger,Individuals using the Internet (% of population),2020,11.85680008,Sub-Saharan Africa ,Low income,2.1073,13.514
1916,NE,Niger,Individuals using the Internet (% of population),2019,11.28549957,Sub-Saharan Africa ,Low income,2.1073,13.514
1917,NE,Niger,Individuals using the Internet (% of population),2018,10.74180031,Sub-Saharan Africa ,Low income,2.1073,13.514
1918,NE,Niger,Individuals using the Internet (% of population),2017,10.2243115586561,Sub-Saharan Africa ,Low income,2.1073,13.514
1919,NE,Niger,Individuals using the Internet (% of population),2016,4.322800159,Sub-Saharan Africa ,Low income,2.1073,13.514
1920,NG,Nigeria,Individuals using the Internet (% of population),2025,,Sub-Saharan Africa ,Lower middle income,7.48906,9.05804
1921,NG,Nigeria,Individuals using the Internet (% of population),2024,41.21139908,Sub-Saharan Africa ,Lower middle income,7.48906,9.05804
1922,NG,Nigeria,Individuals using the Internet (% of population),2023,40.06399918,Sub-Saharan Africa ,Lower middle income,7.48906,9.05804
1923,NG,Nigeria,Individuals using the Internet (% of population),2022,39.14720154,Sub-Saharan Africa ,Lower middle income,7.48906,9.05804
1924,NG,Nigeria,Individuals using the Internet (% of population),2021,35.50979996,Sub-Saharan Africa ,Lower middle income,7.48906,9.05804
1925,NG,Nigeria,Individuals using the Internet (% of population),2020,31.88879967,Sub-Saharan Africa ,Lower middle income,7.48906,9.05804
1926,NG,Nigeria,Individuals using the Internet (% of population),2019,29.74410057,Sub-Saharan Africa ,Lower middle income,7.48906,9.05804
1927,NG,Nigeria,Individuals using the Internet (% of population),2018,27.74370003,Sub-Saharan Africa ,Lower middle income,7.48906,9.05804
1928,NG,Nigeria,Individuals using the Internet (% of population),2017,25.87789917,Sub-Saharan Africa ,Lower middle income,7.48906,9.05804
1929,NG,Nigeria,Individuals using the Internet (% of population),2016,24.13750076,Sub-Saharan Africa ,Lower middle income,7.48906,9.05804
1930,MK,North Macedonia,Individuals using the Internet (% of population),2025,93.1,Europe & Central Asia,Upper middle income,21.4361,42.0024
1931,MK,North Macedonia,Individuals using the Internet (% of population),2024,93.6,Europe & Central Asia,Upper middle income,21.4361,42.0024
1932,MK,North Macedonia,Individuals using the Internet (% of population),2023,88.5,Europe & Central Asia,Upper middle income,21.4361,42.0024
1933,MK,North Macedonia,Individuals using the Internet (% of population),2022,83.85030365,Europe & Central Asia,Upper middle income,21.4361,42.0024
1934,MK,North Macedonia,Individuals using the Internet (% of population),2021,81.873703,Europe & Central Asia,Upper middle income,21.4361,42.0024
1935,MK,North Macedonia,Individuals using the Internet (% of population),2020,81.40553811,Europe & Central Asia,Upper middle income,21.4361,42.0024
1936,MK,North Macedonia,Individuals using the Internet (% of population),2019,81.4128827618364,Europe & Central Asia,Upper middle income,21.4361,42.0024
1937,MK,North Macedonia,Individuals using the Internet (% of population),2018,79.1677551850871,Europe & Central Asia,Upper middle income,21.4361,42.0024
1938,MK,North Macedonia,Individuals using the Internet (% of population),2017,74.5168241807954,Europe & Central Asia,Upper middle income,21.4361,42.0024
1939,MK,North Macedonia,Individuals using the Internet (% of population),2016,72.1568144676058,Europe & Central Asia,Upper middle income,21.4361,42.0024
1940,MP,Northern Mariana Islands,Individuals using the Internet (% of population),2025,,East Asia & Pacific,High income,145.765,15.1935
1941,MP,Northern Mariana Islands,Individuals using the Internet (% of population),2024,,East Asia & Pacific,High income,145.765,15.1935
1942,MP,Northern Mariana Islands,Individuals using the Internet (% of population),2023,,East Asia & Pacific,High income,145.765,15.1935
1943,MP,Northern Mariana Islands,Individuals using the Internet (% of population),2022,,East Asia & Pacific,High income,145.765,15.1935
1944,MP,Northern Mariana Islands,Individuals using the Internet (% of population),2021,,East Asia & Pacific,High income,145.765,15.1935
1945,MP,Northern Mariana Islands,Individuals using the Internet (% of population),2020,,East Asia & Pacific,High income,145.765,15.1935
1946,MP,Northern Mariana Islands,Individuals using the Internet (% of population),2019,,East Asia & Pacific,High income,145.765,15.1935
1947,MP,Northern Mariana Islands,Individuals using the Internet (% of population),2018,,East Asia & Pacific,High income,145.765,15.1935
1948,MP,Northern Mariana Islands,Individuals using the Internet (% of population),2017,,East Asia & Pacific,High income,145.765,15.1935
1949,MP,Northern Mariana Islands,Individuals using the Internet (% of population),2016,,East Asia & Pacific,High income,145.765,15.1935
1950,NO,Norway,Individuals using the Internet (% of population),2025,,Europe & Central Asia,High income,10.7387,59.9138
1951,NO,Norway,Individuals using the Internet (% of population),2024,99.0,Europe & Central Asia,High income,10.7387,59.9138
1952,NO,Norway,Individuals using the Internet (% of population),2023,99.00000258,Europe & Central Asia,High income,10.7387,59.9138
1953,NO,Norway,Individuals using the Internet (% of population),2022,98.99997764,Europe & Central Asia,High income,10.7387,59.9138
1954,NO,Norway,Individuals using the Internet (% of population),2021,99.0000036,Europe & Central Asia,High income,10.7387,59.9138
1955,NO,Norway,Individuals using the Internet (% of population),2020,94.60755647,Europe & Central Asia,High income,10.7387,59.9138
1956,NO,Norway,Individuals using the Internet (% of population),2019,98.0000043853142,Europe & Central Asia,High income,10.7387,59.9138
1957,NO,Norway,Individuals using the Internet (% of population),2018,96.4916579887094,Europe & Central Asia,High income,10.7387,59.9138
1958,NO,Norway,Individuals using the Internet (% of population),2017,96.3576012951191,Europe & Central Asia,High income,10.7387,59.9138
1959,NO,Norway,Individuals using the Internet (% of population),2016,97.2982036675068,Europe & Central Asia,High income,10.7387,59.9138
1960,OM,Oman,Individuals using the Internet (% of population),2025,,"Middle East, North Africa, Afghanistan & Pakistan",High income,58.5874,23.6105
1961,OM,Oman,Individuals using the Internet (% of population),2024,95.25174678,"Middle East, North Africa, Afghanistan & Pakistan",High income,58.5874,23.6105
1962,OM,Oman,Individuals using the Internet (% of population),2023,95.25170135,"Middle East, North Africa, Afghanistan & Pakistan",High income,58.5874,23.6105
1963,OM,Oman,Individuals using the Internet (% of population),2022,95.24530029,"Middle East, North Africa, Afghanistan & Pakistan",High income,58.5874,23.6105
1964,OM,Oman,Individuals using the Internet (% of population),2021,95.23880005,"Middle East, North Africa, Afghanistan & Pakistan",High income,58.5874,23.6105
1965,OM,Oman,Individuals using the Internet (% of population),2020,95.23229321,"Middle East, North Africa, Afghanistan & Pakistan",High income,58.5874,23.6105
1966,OM,Oman,Individuals using the Internet (% of population),2019,90.25939941,"Middle East, North Africa, Afghanistan & Pakistan",High income,58.5874,23.6105
1967,OM,Oman,Individuals using the Internet (% of population),2018,85.5,"Middle East, North Africa, Afghanistan & Pakistan",High income,58.5874,23.6105
1968,OM,Oman,Individuals using the Internet (% of population),2017,80.18560028,"Middle East, North Africa, Afghanistan & Pakistan",High income,58.5874,23.6105
1969,OM,Oman,Individuals using the Internet (% of population),2016,76.8453904741456,"Middle East, North Africa, Afghanistan & Pakistan",High income,58.5874,23.6105
1970,PK,Pakistan,Individuals using the Internet (% of population),2025,,"Middle East, North Africa, Afghanistan & Pakistan",Lower middle income,72.8,30.5167
1971,PK,Pakistan,Individuals using the Internet (% of population),2024,57.253,"Middle East, North Africa, Afghanistan & Pakistan",Lower middle income,72.8,30.5167
1972,PK,Pakistan,Individuals using the Internet (% of population),2023,,"Middle East, North Africa, Afghanistan & Pakistan",Lower middle income,72.8,30.5167
1973,PK,Pakistan,Individuals using the Internet (% of population),2022,,"Middle East, North Africa, Afghanistan & Pakistan",Lower middle income,72.8,30.5167
1974,PK,Pakistan,Individuals using the Internet (% of population),2021,,"Middle East, North Africa, Afghanistan & Pakistan",Lower middle income,72.8,30.5167
1975,PK,Pakistan,Individuals using the Internet (% of population),2020,18.935,"Middle East, North Africa, Afghanistan & Pakistan",Lower middle income,72.8,30.5167
1976,PK,Pakistan,Individuals using the Internet (% of population),2019,17.070901719916,"Middle East, North Africa, Afghanistan & Pakistan",Lower middle income,72.8,30.5167
1977,PK,Pakistan,Individuals using the Internet (% of population),2018,15.34000015,"Middle East, North Africa, Afghanistan & Pakistan",Lower middle income,72.8,30.5167
1978,PK,Pakistan,Individuals using the Internet (% of population),2017,13.77999973,"Middle East, North Africa, Afghanistan & Pakistan",Lower middle income,72.8,30.5167
1979,PK,Pakistan,Individuals using the Internet (% of population),2016,12.385446763381,"Middle East, North Africa, Afghanistan & Pakistan",Lower middle income,72.8,30.5167
1980,PW,Palau,Individuals using the Internet (% of population),2025,,East Asia & Pacific,High income,134.479,7.34194
1981,PW,Palau,Individuals using the Internet (% of population),2024,83.92549896,East Asia & Pacific,High income,134.479,7.34194
1982,PW,Palau,Individuals using the Internet (% of population),2023,82.91629791,East Asia & Pacific,High income,134.479,7.34194
1983,PW,Palau,Individuals using the Internet (% of population),2022,82.56749725,East Asia & Pacific,High income,134.479,7.34194
1984,PW,Palau,Individuals using the Internet (% of population),2021,,East Asia & Pacific,High income,134.479,7.34194
1985,PW,Palau,Individuals using the Internet (% of population),2020,,East Asia & Pacific,High income,134.479,7.34194
1986,PW,Palau,Individuals using the Internet (% of population),2019,,East Asia & Pacific,High income,134.479,7.34194
1987,PW,Palau,Individuals using the Internet (% of population),2018,,East Asia & Pacific,High income,134.479,7.34194
1988,PW,Palau,Individuals using the Internet (% of population),2017,,East Asia & Pacific,High income,134.479,7.34194
1989,PW,Palau,Individuals using the Internet (% of population),2016,,East Asia & Pacific,High income,134.479,7.34194
1990,PA,Panama,Individuals using the Internet (% of population),2025,,Latin America & Caribbean ,High income,-79.5188,8.99427
1991,PA,Panama,Individuals using the Internet (% of population),2024,72.77149963,Latin America & Caribbean ,High income,-79.5188,8.99427
1992,PA,Panama,Individuals using the Internet (% of population),2023,68.54851592,Latin America & Caribbean ,High income,-79.5188,8.99427
1993,PA,Panama,Individuals using the Internet (% of population),2022,67.2838974,Latin America & Caribbean ,High income,-79.5188,8.99427
1994,PA,Panama,Individuals using the Internet (% of population),2021,66.04270172,Latin America & Caribbean ,High income,-79.5188,8.99427
1995,PA,Panama,Individuals using the Internet (% of population),2020,64.82430267,Latin America & Caribbean ,High income,-79.5188,8.99427
1996,PA,Panama,Individuals using the Internet (% of population),2019,63.6284147731451,Latin America & Caribbean ,High income,-79.5188,8.99427
1997,PA,Panama,Individuals using the Internet (% of population),2018,61.8055313202468,Latin America & Caribbean ,High income,-79.5188,8.99427
1998,PA,Panama,Individuals using the Internet (% of population),2017,59.9506309038683,Latin America & Caribbean ,High income,-79.5188,8.99427
1999,PA,Panama,Individuals using the Internet (% of population),2016,54.0,Latin America & Caribbean ,High income,-79.5188,8.99427
2000,PG,Papua New Guinea,Individuals using the Internet (% of population),2025,,East Asia & Pacific,Lower middle income,147.194,-9.47357
2001,PG,Papua New Guinea,Individuals using the Internet (% of population),2024,18.81159973,East Asia & Pacific,Lower middle income,147.194,-9.47357
2002,PG,Papua New Guinea,Individuals using the Internet (% of population),2023,18.56130028,East Asia & Pacific,Lower middle income,147.194,-9.47357
2003,PG,Papua New Guinea,Individuals using the Internet (% of population),2022,18.25659943,East Asia & Pacific,Lower middle income,147.194,-9.47357
2004,PG,Papua New Guinea,Individuals using the Internet (% of population),2021,16.55960083,East Asia & Pacific,Lower middle income,147.194,-9.47357
2005,PG,Papua New Guinea,Individuals using the Internet (% of population),2020,15.02040005,East Asia & Pacific,Lower middle income,147.194,-9.47357
2006,PG,Papua New Guinea,Individuals using the Internet (% of population),2019,13.62419987,East Asia & Pacific,Lower middle income,147.194,-9.47357
2007,PG,Papua New Guinea,Individuals using the Internet (% of population),2018,12.35789967,East Asia & Pacific,Lower middle income,147.194,-9.47357
2008,PG,Papua New Guinea,Individuals using the Internet (% of population),2017,11.20919991,East Asia & Pacific,Lower middle income,147.194,-9.47357
2009,PG,Papua New Guinea,Individuals using the Internet (% of population),2016,9.601499557,East Asia & Pacific,Lower middle income,147.194,-9.47357
2010,PY,Paraguay,Individuals using the Internet (% of population),2025,,Latin America & Caribbean ,Upper middle income,-57.6362,-25.3005
2011,PY,Paraguay,Individuals using the Internet (% of population),2024,81.57806793,Latin America & Caribbean ,Upper middle income,-57.6362,-25.3005
2012,PY,Paraguay,Individuals using the Internet (% of population),2023,78.09481878,Latin America & Caribbean ,Upper middle income,-57.6362,-25.3005
2013,PY,Paraguay,Individuals using the Internet (% of population),2022,76.25916611,Latin America & Caribbean ,Upper middle income,-57.6362,-25.3005
2014,PY,Paraguay,Individuals using the Internet (% of population),2021,77.01838621,Latin America & Caribbean ,Upper middle income,-57.6362,-25.3005
2015,PY,Paraguay,Individuals using the Internet (% of population),2020,73.95751114,Latin America & Caribbean ,Upper middle income,-57.6362,-25.3005
2016,PY,Paraguay,Individuals using the Internet (% of population),2019,68.5176284222264,Latin America & Caribbean ,Upper middle income,-57.6362,-25.3005
2017,PY,Paraguay,Individuals using the Internet (% of population),2018,64.9935430235756,Latin America & Caribbean ,Upper middle income,-57.6362,-25.3005
2018,PY,Paraguay,Individuals using the Internet (% of population),2017,61.0757562215797,Latin America & Caribbean ,Upper middle income,-57.6362,-25.3005
2019,PY,Paraguay,Individuals using the Internet (% of population),2016,53.4041274791009,Latin America & Caribbean ,Upper middle income,-57.6362,-25.3005
2020,PE,Peru,Individuals using the Internet (% of population),2025,,Latin America & Caribbean ,Upper middle income,-77.0465,-12.0931
2021,PE,Peru,Individuals using the Internet (% of population),2024,81.95705992,Latin America & Caribbean ,Upper middle income,-77.0465,-12.0931
2022,PE,Peru,Individuals using the Internet (% of population),2023,79.48484477,Latin America & Caribbean ,Upper middle income,-77.0465,-12.0931
2023,PE,Peru,Individuals using the Internet (% of population),2022,74.67495213,Latin America & Caribbean ,Upper middle income,-77.0465,-12.0931
2024,PE,Peru,Individuals using the Internet (% of population),2021,71.10782643,Latin America & Caribbean ,Upper middle income,-77.0465,-12.0931
2025,PE,Peru,Individuals using the Internet (% of population),2020,65.25179796,Latin America & Caribbean ,Upper middle income,-77.0465,-12.0931
2026,PE,Peru,Individuals using the Internet (% of population),2019,59.9505036049006,Latin America & Caribbean ,Upper middle income,-77.0465,-12.0931
2027,PE,Peru,Individuals using the Internet (% of population),2018,55.0543342443197,Latin America & Caribbean ,Upper middle income,-77.0465,-12.0931
2028,PE,Peru,Individuals using the Internet (% of population),2017,50.4504121848143,Latin America & Caribbean ,Upper middle income,-77.0465,-12.0931
2029,PE,Peru,Individuals using the Internet (% of population),2016,45.4617406869459,Latin America & Caribbean ,Upper middle income,-77.0465,-12.0931
2030,PH,Philippines,Individuals using the Internet (% of population),2025,,East Asia & Pacific,Upper middle income,121.035,14.5515
2031,PH,Philippines,Individuals using the Internet (% of population),2024,67.26300914,East Asia & Pacific,Upper middle income,121.035,14.5515
2032,PH,Philippines,Individuals using the Internet (% of population),2023,77.86699677,East Asia & Pacific,Upper middle income,121.035,14.5515
2033,PH,Philippines,Individuals using the Internet (% of population),2022,75.21114422,East Asia & Pacific,Upper middle income,121.035,14.5515
2034,PH,Philippines,Individuals using the Internet (% of population),2021,66.90779877,East Asia & Pacific,Upper middle income,121.035,14.5515
2035,PH,Philippines,Individuals using the Internet (% of population),2020,53.76490021,East Asia & Pacific,Upper middle income,121.035,14.5515
2036,PH,Philippines,Individuals using the Internet (% of population),2019,43.0266118680279,East Asia & Pacific,Upper middle income,121.035,14.5515
2037,PH,Philippines,Individuals using the Internet (% of population),2018,44.09999847,East Asia & Pacific,Upper middle income,121.035,14.5515
2038,PH,Philippines,Individuals using the Internet (% of population),2017,41.59999847,East Asia & Pacific,Upper middle income,121.035,14.5515
2039,PH,Philippines,Individuals using the Internet (% of population),2016,39.20000076,East Asia & Pacific,Upper middle income,121.035,14.5515
2040,PL,Poland,Individuals using the Internet (% of population),2025,,Europe & Central Asia,High income,21.02,52.26
2041,PL,Poland,Individuals using the Internet (% of population),2024,88.58496367,Europe & Central Asia,High income,21.02,52.26
2042,PL,Poland,Individuals using the Internet (% of population),2023,86.414744,Europe & Central Asia,High income,21.02,52.26
2043,PL,Poland,Individuals using the Internet (% of population),2022,86.94113479,Europe & Central Asia,High income,21.02,52.26
2044,PL,Poland,Individuals using the Internet (% of population),2021,85.37490906,Europe & Central Asia,High income,21.02,52.26
2045,PL,Poland,Individuals using the Internet (% of population),2020,83.18488715,Europe & Central Asia,High income,21.02,52.26
2046,PL,Poland,Individuals using the Internet (% of population),2019,80.4359068768673,Europe & Central Asia,High income,21.02,52.26
2047,PL,Poland,Individuals using the Internet (% of population),2018,77.5417345350006,Europe & Central Asia,High income,21.02,52.26
2048,PL,Poland,Individuals using the Internet (% of population),2017,75.9853659493832,Europe & Central Asia,High income,21.02,52.26
2049,PL,Poland,Individuals using the Internet (% of population),2016,73.3007040962669,Europe & Central Asia,High income,21.02,52.26
2050,PT,Portugal,Individuals using the Internet (% of population),2025,,Europe & Central Asia,High income,-9.13552,38.7072
2051,PT,Portugal,Individuals using the Internet (% of population),2024,88.48704454,Europe & Central Asia,High income,-9.13552,38.7072
2052,PT,Portugal,Individuals using the Internet (% of population),2023,85.79012676,Europe & Central Asia,High income,-9.13552,38.7072
2053,PT,Portugal,Individuals using the Internet (% of population),2022,84.49690644,Europe & Central Asia,High income,-9.13552,38.7072
2054,PT,Portugal,Individuals using the Internet (% of population),2021,82.30902804,Europe & Central Asia,High income,-9.13552,38.7072
2055,PT,Portugal,Individuals using the Internet (% of population),2020,78.26166044,Europe & Central Asia,High income,-9.13552,38.7072
2056,PT,Portugal,Individuals using the Internet (% of population),2019,75.3463779408712,Europe & Central Asia,High income,-9.13552,38.7072
2057,PT,Portugal,Individuals using the Internet (% of population),2018,74.6609681487507,Europe & Central Asia,High income,-9.13552,38.7072
2058,PT,Portugal,Individuals using the Internet (% of population),2017,73.7912139515729,Europe & Central Asia,High income,-9.13552,38.7072
2059,PT,Portugal,Individuals using the Internet (% of population),2016,70.423567088723,Europe & Central Asia,High income,-9.13552,38.7072
2060,PR,Puerto Rico (US),Individuals using the Internet (% of population),2025,,Latin America & Caribbean ,High income,-66,18.23
2061,PR,Puerto Rico (US),Individuals using the Internet (% of population),2024,,Latin America & Caribbean ,High income,-66,18.23
2062,PR,Puerto Rico (US),Individuals using the Internet (% of population),2023,,Latin America & Caribbean ,High income,-66,18.23
2063,PR,Puerto Rico (US),Individuals using the Internet (% of population),2022,87.29178106,Latin America & Caribbean ,High income,-66,18.23
2064,PR,Puerto Rico (US),Individuals using the Internet (% of population),2021,84.78666399,Latin America & Caribbean ,High income,-66,18.23
2065,PR,Puerto Rico (US),Individuals using the Internet (% of population),2020,,Latin America & Caribbean ,High income,-66,18.23
2066,PR,Puerto Rico (US),Individuals using the Internet (% of population),2019,77.7364393708352,Latin America & Caribbean ,High income,-66,18.23
2067,PR,Puerto Rico (US),Individuals using the Internet (% of population),2018,70.8563997424362,Latin America & Caribbean ,High income,-66,18.23
2068,PR,Puerto Rico (US),Individuals using the Internet (% of population),2017,68.7407731407209,Latin America & Caribbean ,High income,-66,18.23
2069,PR,Puerto Rico (US),Individuals using the Internet (% of population),2016,68.6438071976518,Latin America & Caribbean ,High income,-66,18.23
2070,QA,Qatar,Individuals using the Internet (% of population),2025,,"Middle East, North Africa, Afghanistan & Pakistan",High income,51.5082,25.2948
2071,QA,Qatar,Individuals using the Internet (% of population),2024,98.08540344,"Middle East, North Africa, Afghanistan & Pakistan",High income,51.5082,25.2948
2072,QA,Qatar,Individuals using the Internet (% of population),2023,98.15229797,"Middle East, North Africa, Afghanistan & Pakistan",High income,51.5082,25.2948
2073,QA,Qatar,Individuals using the Internet (% of population),2022,98.03800201,"Middle East, North Africa, Afghanistan & Pakistan",High income,51.5082,25.2948
2074,QA,Qatar,Individuals using the Internet (% of population),2021,99.65280151,"Middle East, North Africa, Afghanistan & Pakistan",High income,51.5082,25.2948
2075,QA,Qatar,Individuals using the Internet (% of population),2020,99.65284913,"Middle East, North Africa, Afghanistan & Pakistan",High income,51.5082,25.2948
2076,QA,Qatar,Individuals using the Internet (% of population),2019,99.6528042086389,"Middle East, North Africa, Afghanistan & Pakistan",High income,51.5082,25.2948
2077,QA,Qatar,Individuals using the Internet (% of population),2018,99.6528491261175,"Middle East, North Africa, Afghanistan & Pakistan",High income,51.5082,25.2948
2078,QA,Qatar,Individuals using the Internet (% of population),2017,97.3888491654164,"Middle East, North Africa, Afghanistan & Pakistan",High income,51.5082,25.2948
2079,QA,Qatar,Individuals using the Internet (% of population),2016,95.1246621661148,"Middle East, North Africa, Afghanistan & Pakistan",High income,51.5082,25.2948
2080,RO,Romania,Individuals using the Internet (% of population),2025,,Europe & Central Asia,High income,26.0979,44.4479
2081,RO,Romania,Individuals using the Internet (% of population),2024,91.29048551,Europe & Central Asia,High income,26.0979,44.4479
2082,RO,Romania,Individuals using the Internet (% of population),2023,89.20335498,Europe & Central Asia,High income,26.0979,44.4479
2083,RO,Romania,Individuals using the Internet (% of population),2022,85.50309124,Europe & Central Asia,High income,26.0979,44.4479
2084,RO,Romania,Individuals using the Internet (% of population),2021,83.5904265,Europe & Central Asia,High income,26.0979,44.4479
2085,RO,Romania,Individuals using the Internet (% of population),2020,78.45526895,Europe & Central Asia,High income,26.0979,44.4479
2086,RO,Romania,Individuals using the Internet (% of population),2019,73.6574757545465,Europe & Central Asia,High income,26.0979,44.4479
2087,RO,Romania,Individuals using the Internet (% of population),2018,70.6812779273268,Europe & Central Asia,High income,26.0979,44.4479
2088,RO,Romania,Individuals using the Internet (% of population),2017,63.7472821822484,Europe & Central Asia,High income,26.0979,44.4479
2089,RO,Romania,Individuals using the Internet (% of population),2016,59.5039512852713,Europe & Central Asia,High income,26.0979,44.4479
2090,RU,Russian Federation,Individuals using the Internet (% of population),2025,,Europe & Central Asia,High income,37.6176,55.7558
2091,RU,Russian Federation,Individuals using the Internet (% of population),2024,94.36495368,Europe & Central Asia,High income,37.6176,55.7558
2092,RU,Russian Federation,Individuals using the Internet (% of population),2023,92.24496346,Europe & Central Asia,High income,37.6176,55.7558
2093,RU,Russian Federation,Individuals using the Internet (% of population),2022,90.41799163,Europe & Central Asia,High income,37.6176,55.7558
2094,RU,Russian Federation,Individuals using the Internet (% of population),2021,88.21384578,Europe & Central Asia,High income,37.6176,55.7558
2095,RU,Russian Federation,Individuals using the Internet (% of population),2020,84.99466978,Europe & Central Asia,High income,37.6176,55.7558
2096,RU,Russian Federation,Individuals using the Internet (% of population),2019,82.6421618670668,Europe & Central Asia,High income,37.6176,55.7558
2097,RU,Russian Federation,Individuals using the Internet (% of population),2018,80.8647218726954,Europe & Central Asia,High income,37.6176,55.7558
2098,RU,Russian Federation,Individuals using the Internet (% of population),2017,76.0081385339105,Europe & Central Asia,High income,37.6176,55.7558
2099,RU,Russian Federation,Individuals using the Internet (% of population),2016,73.091434617897,Europe & Central Asia,High income,37.6176,55.7558
2100,RW,Rwanda,Individuals using the Internet (% of population),2025,,Sub-Saharan Africa ,Low income,30.0587,-1.95325
2101,RW,Rwanda,Individuals using the Internet (% of population),2024,31.70330048,Sub-Saharan Africa ,Low income,30.0587,-1.95325
2102,RW,Rwanda,Individuals using the Internet (% of population),2023,28.80579948,Sub-Saharan Africa ,Low income,30.0587,-1.95325
2103,RW,Rwanda,Individuals using the Internet (% of population),2022,28.01679993,Sub-Saharan Africa ,Low income,30.0587,-1.95325
2104,RW,Rwanda,Individuals using the Internet (% of population),2021,24.4416008,Sub-Saharan Africa ,Low income,30.0587,-1.95325
2105,RW,Rwanda,Individuals using the Internet (% of population),2020,23.8,Sub-Saharan Africa ,Low income,30.0587,-1.95325
2106,RW,Rwanda,Individuals using the Internet (% of population),2019,21.3579998,Sub-Saharan Africa ,Low income,30.0587,-1.95325
2107,RW,Rwanda,Individuals using the Internet (% of population),2018,19.16659927,Sub-Saharan Africa ,Low income,30.0587,-1.95325
2108,RW,Rwanda,Individuals using the Internet (% of population),2017,17.2,Sub-Saharan Africa ,Low income,30.0587,-1.95325
2109,RW,Rwanda,Individuals using the Internet (% of population),2016,14.63710022,Sub-Saharan Africa ,Low income,30.0587,-1.95325
2110,WS,Samoa,Individuals using the Internet (% of population),2025,,East Asia & Pacific,Upper middle income,-171.752,-13.8314
2111,WS,Samoa,Individuals using the Internet (% of population),2024,,East Asia & Pacific,Upper middle income,-171.752,-13.8314
2112,WS,Samoa,Individuals using the Internet (% of population),2023,,East Asia & Pacific,Upper middle income,-171.752,-13.8314
2113,WS,Samoa,Individuals using the Internet (% of population),2022,,East Asia & Pacific,Upper middle income,-171.752,-13.8314
2114,WS,Samoa,Individuals using the Internet (% of population),2021,,East Asia & Pacific,Upper middle income,-171.752,-13.8314
2115,WS,Samoa,Individuals using the Internet (% of population),2020,,East Asia & Pacific,Upper middle income,-171.752,-13.8314
2116,WS,Samoa,Individuals using the Internet (% of population),2019,,East Asia & Pacific,Upper middle income,-171.752,-13.8314
2117,WS,Samoa,Individuals using the Internet (% of population),2018,,East Asia & Pacific,Upper middle income,-171.752,-13.8314
2118,WS,Samoa,Individuals using the Internet (% of population),2017,,East Asia & Pacific,Upper middle income,-171.752,-13.8314
2119,WS,Samoa,Individuals using the Internet (% of population),2016,,East Asia & Pacific,Upper middle income,-171.752,-13.8314
2120,SM,San Marino,Individuals using the Internet (% of population),2025,,Europe & Central Asia,High income,12.4486,43.9322
2121,SM,San Marino,Individuals using the Internet (% of population),2024,97.35220337,Europe & Central Asia,High income,12.4486,43.9322
2122,SM,San Marino,Individuals using the Internet (% of population),2023,97.33640289,Europe & Central Asia,High income,12.4486,43.9322
2123,SM,San Marino,Individuals using the Internet (% of population),2022,97.32790375,Europe & Central Asia,High income,12.4486,43.9322
2124,SM,San Marino,Individuals using the Internet (% of population),2021,81.66999817,Europe & Central Asia,High income,12.4486,43.9322
2125,SM,San Marino,Individuals using the Internet (% of population),2020,77.94999695,Europe & Central Asia,High income,12.4486,43.9322
2126,SM,San Marino,Individuals using the Internet (% of population),2019,67.85070038,Europe & Central Asia,High income,12.4486,43.9322
2127,SM,San Marino,Individuals using the Internet (% of population),2018,,Europe & Central Asia,High income,12.4486,43.9322
2128,SM,San Marino,Individuals using the Internet (% of population),2017,60.18230057,Europe & Central Asia,High income,12.4486,43.9322
2129,SM,San Marino,Individuals using the Internet (% of population),2016,55.0,Europe & Central Asia,High income,12.4486,43.9322
2130,ST,Sao Tome and Principe,Individuals using the Internet (% of population),2025,,Sub-Saharan Africa ,Lower middle income,6.6071,0.20618
2131,ST,Sao Tome and Principe,Individuals using the Internet (% of population),2024,59.11759949,Sub-Saharan Africa ,Lower middle income,6.6071,0.20618
2132,ST,Sao Tome and Principe,Individuals using the Internet (% of population),2023,58.70130157,Sub-Saharan Africa ,Lower middle income,6.6071,0.20618
2133,ST,Sao Tome and Principe,Individuals using the Internet (% of population),2022,58.56779861,Sub-Saharan Africa ,Lower middle income,6.6071,0.20618
2134,ST,Sao Tome and Principe,Individuals using the Internet (% of population),2021,54.94950104,Sub-Saharan Africa ,Lower middle income,6.6071,0.20618
2135,ST,Sao Tome and Principe,Individuals using the Internet (% of population),2020,51.55469894,Sub-Saharan Africa ,Lower middle income,6.6071,0.20618
2136,ST,Sao Tome and Principe,Individuals using the Internet (% of population),2019,44.25790024,Sub-Saharan Africa ,Lower middle income,6.6071,0.20618
2137,ST,Sao Tome and Principe,Individuals using the Internet (% of population),2018,37.99380112,Sub-Saharan Africa ,Lower middle income,6.6071,0.20618
2138,ST,Sao Tome and Principe,Individuals using the Internet (% of population),2017,32.61640167,Sub-Saharan Africa ,Lower middle income,6.6071,0.20618
2139,ST,Sao Tome and Principe,Individuals using the Internet (% of population),2016,28.0,Sub-Saharan Africa ,Lower middle income,6.6071,0.20618
2140,SA,Saudi Arabia,Individuals using the Internet (% of population),2025,,"Middle East, North Africa, Afghanistan & Pakistan",High income,46.6977,24.6748
2141,SA,Saudi Arabia,Individuals using the Internet (% of population),2024,100.0,"Middle East, North Africa, Afghanistan & Pakistan",High income,46.6977,24.6748
2142,SA,Saudi Arabia,Individuals using the Internet (% of population),2023,100.0,"Middle East, North Africa, Afghanistan & Pakistan",High income,46.6977,24.6748
2143,SA,Saudi Arabia,Individuals using the Internet (% of population),2022,100.0,"Middle East, North Africa, Afghanistan & Pakistan",High income,46.6977,24.6748
2144,SA,Saudi Arabia,Individuals using the Internet (% of population),2021,100.0,"Middle East, North Africa, Afghanistan & Pakistan",High income,46.6977,24.6748
2145,SA,Saudi Arabia,Individuals using the Internet (% of population),2020,97.8623325,"Middle East, North Africa, Afghanistan & Pakistan",High income,46.6977,24.6748
2146,SA,Saudi Arabia,Individuals using the Internet (% of population),2019,95.7247355953812,"Middle East, North Africa, Afghanistan & Pakistan",High income,46.6977,24.6748
2147,SA,Saudi Arabia,Individuals using the Internet (% of population),2018,93.3100018480347,"Middle East, North Africa, Afghanistan & Pakistan",High income,46.6977,24.6748
2148,SA,Saudi Arabia,Individuals using the Internet (% of population),2017,94.1755996113911,"Middle East, North Africa, Afghanistan & Pakistan",High income,46.6977,24.6748
2149,SA,Saudi Arabia,Individuals using the Internet (% of population),2016,74.8792746891625,"Middle East, North Africa, Afghanistan & Pakistan",High income,46.6977,24.6748
2150,SN,Senegal,Individuals using the Internet (% of population),2025,,Sub-Saharan Africa ,Lower middle income,-17.4734,14.7247
2151,SN,Senegal,Individuals using the Internet (% of population),2024,60.11780167,Sub-Saharan Africa ,Lower middle income,-17.4734,14.7247
2152,SN,Senegal,Individuals using the Internet (% of population),2023,59.18740082,Sub-Saharan Africa ,Lower middle income,-17.4734,14.7247
2153,SN,Senegal,Individuals using the Internet (% of population),2022,56.82830048,Sub-Saharan Africa ,Lower middle income,-17.4734,14.7247
2154,SN,Senegal,Individuals using the Internet (% of population),2021,55.04040146,Sub-Saharan Africa ,Lower middle income,-17.4734,14.7247
2155,SN,Senegal,Individuals using the Internet (% of population),2020,53.30879974,Sub-Saharan Africa ,Lower middle income,-17.4734,14.7247
2156,SN,Senegal,Individuals using the Internet (% of population),2019,43.37969971,Sub-Saharan Africa ,Lower middle income,-17.4734,14.7247
2157,SN,Senegal,Individuals using the Internet (% of population),2018,35.29999924,Sub-Saharan Africa ,Lower middle income,-17.4734,14.7247
2158,SN,Senegal,Individuals using the Internet (% of population),2017,29.64310074,Sub-Saharan Africa ,Lower middle income,-17.4734,14.7247
2159,SN,Senegal,Individuals using the Internet (% of population),2016,25.66480064,Sub-Saharan Africa ,Lower middle income,-17.4734,14.7247
2160,RS,Serbia,Individuals using the Internet (% of population),2025,,Europe & Central Asia,Upper middle income,20.4656,44.8024
2161,RS,Serbia,Individuals using the Internet (% of population),2024,87.69071294,Europe & Central Asia,Upper middle income,20.4656,44.8024
2162,RS,Serbia,Individuals using the Internet (% of population),2023,85.35746686,Europe & Central Asia,Upper middle income,20.4656,44.8024
2163,RS,Serbia,Individuals using the Internet (% of population),2022,83.53825397,Europe & Central Asia,Upper middle income,20.4656,44.8024
2164,RS,Serbia,Individuals using the Internet (% of population),2021,81.16588116,Europe & Central Asia,Upper middle income,20.4656,44.8024
2165,RS,Serbia,Individuals using the Internet (% of population),2020,78.36804864,Europe & Central Asia,Upper middle income,20.4656,44.8024
2166,RS,Serbia,Individuals using the Internet (% of population),2019,77.4167736219802,Europe & Central Asia,Upper middle income,20.4656,44.8024
2167,RS,Serbia,Individuals using the Internet (% of population),2018,73.360709154564,Europe & Central Asia,Upper middle income,20.4656,44.8024
2168,RS,Serbia,Individuals using the Internet (% of population),2017,70.3308355269141,Europe & Central Asia,Upper middle income,20.4656,44.8024
2169,RS,Serbia,Individuals using the Internet (% of population),2016,67.0568413716938,Europe & Central Asia,Upper middle income,20.4656,44.8024
2170,SC,Seychelles,Individuals using the Internet (% of population),2025,,Sub-Saharan Africa ,High income,55.4466,-4.6309
2171,SC,Seychelles,Individuals using the Internet (% of population),2024,87.81800079,Sub-Saharan Africa ,High income,55.4466,-4.6309
2172,SC,Seychelles,Individuals using the Internet (% of population),2023,86.001297,Sub-Saharan Africa ,High income,55.4466,-4.6309
2173,SC,Seychelles,Individuals using the Internet (% of population),2022,84.83380127,Sub-Saharan Africa ,High income,55.4466,-4.6309
2174,SC,Seychelles,Individuals using the Internet (% of population),2021,81.99530029,Sub-Saharan Africa ,High income,55.4466,-4.6309
2175,SC,Seychelles,Individuals using the Internet (% of population),2020,79.25170135,Sub-Saharan Africa ,High income,55.4466,-4.6309
2176,SC,Seychelles,Individuals using the Internet (% of population),2019,76.63420105,Sub-Saharan Africa ,High income,55.4466,-4.6309
2177,SC,Seychelles,Individuals using the Internet (% of population),2018,69.23660278,Sub-Saharan Africa ,High income,55.4466,-4.6309
2178,SC,Seychelles,Individuals using the Internet (% of population),2017,62.55310059,Sub-Saharan Africa ,High income,55.4466,-4.6309
2179,SC,Seychelles,Individuals using the Internet (% of population),2016,56.51470184,Sub-Saharan Africa ,High income,55.4466,-4.6309
2180,SL,Sierra Leone,Individuals using the Internet (% of population),2025,,Sub-Saharan Africa ,Low income,-13.2134,8.4821
2181,SL,Sierra Leone,Individuals using the Internet (% of population),2024,25.10499954,Sub-Saharan Africa ,Low income,-13.2134,8.4821
2182,SL,Sierra Leone,Individuals using the Internet (% of population),2023,23.71360016,Sub-Saharan Africa ,Low income,-13.2134,8.4821
2183,SL,Sierra Leone,Individuals using the Internet (% of population),2022,21.50880051,Sub-Saharan Africa ,Low income,-13.2134,8.4821
2184,SL,Sierra Leone,Individuals using the Internet (% of population),2021,18.65390015,Sub-Saharan Africa ,Low income,-13.2134,8.4821
2185,SL,Sierra Leone,Individuals using the Internet (% of population),2020,17.12080002,Sub-Saharan Africa ,Low income,-13.2134,8.4821
2186,SL,Sierra Leone,Individuals using the Internet (% of population),2019,15.71370029,Sub-Saharan Africa ,Low income,-13.2134,8.4821
2187,SL,Sierra Leone,Individuals using the Internet (% of population),2018,14.42230034,Sub-Saharan Africa ,Low income,-13.2134,8.4821
2188,SL,Sierra Leone,Individuals using the Internet (% of population),2017,9.297100067,Sub-Saharan Africa ,Low income,-13.2134,8.4821
2189,SL,Sierra Leone,Individuals using the Internet (% of population),2016,7.680099964,Sub-Saharan Africa ,Low income,-13.2134,8.4821
2190,SG,Singapore,Individuals using the Internet (% of population),2025,,East Asia & Pacific,High income,103.85,1.28941
2191,SG,Singapore,Individuals using the Internet (% of population),2024,94.37757178,East Asia & Pacific,High income,103.85,1.28941
2192,SG,Singapore,Individuals using the Internet (% of population),2023,94.28518987,East Asia & Pacific,High income,103.85,1.28941
2193,SG,Singapore,Individuals using the Internet (% of population),2022,95.95386476,East Asia & Pacific,High income,103.85,1.28941
2194,SG,Singapore,Individuals using the Internet (% of population),2021,96.92468156,East Asia & Pacific,High income,103.85,1.28941
2195,SG,Singapore,Individuals using the Internet (% of population),2020,92.00434653,East Asia & Pacific,High income,103.85,1.28941
2196,SG,Singapore,Individuals using the Internet (% of population),2019,88.9492526850762,East Asia & Pacific,High income,103.85,1.28941
2197,SG,Singapore,Individuals using the Internet (% of population),2018,88.1656360313447,East Asia & Pacific,High income,103.85,1.28941
2198,SG,Singapore,Individuals using the Internet (% of population),2017,84.4522678893074,East Asia & Pacific,High income,103.85,1.28941
2199,SG,Singapore,Individuals using the Internet (% of population),2016,84.4522678893074,East Asia & Pacific,High income,103.85,1.28941
2200,SX,Sint Maarten (Dutch part),Individuals using the Internet (% of population),2025,,Latin America & Caribbean ,High income,,
2201,SX,Sint Maarten (Dutch part),Individuals using the Internet (% of population),2024,,Latin America & Caribbean ,High income,,
2202,SX,Sint Maarten (Dutch part),Individuals using the Internet (% of population),2023,,Latin America & Caribbean ,High income,,
2203,SX,Sint Maarten (Dutch part),Individuals using the Internet (% of population),2022,,Latin America & Caribbean ,High income,,
2204,SX,Sint Maarten (Dutch part),Individuals using the Internet (% of population),2021,,Latin America & Caribbean ,High income,,
2205,SX,Sint Maarten (Dutch part),Individuals using the Internet (% of population),2020,,Latin America & Caribbean ,High income,,
2206,SX,Sint Maarten (Dutch part),Individuals using the Internet (% of population),2019,,Latin America & Caribbean ,High income,,
2207,SX,Sint Maarten (Dutch part),Individuals using the Internet (% of population),2018,,Latin America & Caribbean ,High income,,
2208,SX,Sint Maarten (Dutch part),Individuals using the Internet (% of population),2017,,Latin America & Caribbean ,High income,,
2209,SX,Sint Maarten (Dutch part),Individuals using the Internet (% of population),2016,,Latin America & Caribbean ,High income,,
2210,SK,Slovak Republic,Individuals using the Internet (% of population),2025,,Europe & Central Asia,High income,17.1073,48.1484
2211,SK,Slovak Republic,Individuals using the Internet (% of population),2024,89.82507032,Europe & Central Asia,High income,17.1073,48.1484
2212,SK,Slovak Republic,Individuals using the Internet (% of population),2023,87.2131343,Europe & Central Asia,High income,17.1073,48.1484
2213,SK,Slovak Republic,Individuals using the Internet (% of population),2022,89.06766196,Europe & Central Asia,High income,17.1073,48.1484
2214,SK,Slovak Republic,Individuals using the Internet (% of population),2021,88.92560523,Europe & Central Asia,High income,17.1073,48.1484
2215,SK,Slovak Republic,Individuals using the Internet (% of population),2020,89.92090413,Europe & Central Asia,High income,17.1073,48.1484
2216,SK,Slovak Republic,Individuals using the Internet (% of population),2019,82.8536605021784,Europe & Central Asia,High income,17.1073,48.1484
2217,SK,Slovak Republic,Individuals using the Internet (% of population),2018,80.4489224826099,Europe & Central Asia,High income,17.1073,48.1484
2218,SK,Slovak Republic,Individuals using the Internet (% of population),2017,81.6256675172655,Europe & Central Asia,High income,17.1073,48.1484
2219,SK,Slovak Republic,Individuals using the Internet (% of population),2016,80.475857275668,Europe & Central Asia,High income,17.1073,48.1484
2220,SI,Slovenia,Individuals using the Internet (% of population),2025,,Europe & Central Asia,High income,14.5044,46.0546
2221,SI,Slovenia,Individuals using the Internet (% of population),2024,90.76355487,Europe & Central Asia,High income,14.5044,46.0546
2222,SI,Slovenia,Individuals using the Internet (% of population),2023,90.37794678,Europe & Central Asia,High income,14.5044,46.0546
2223,SI,Slovenia,Individuals using the Internet (% of population),2022,88.91248552,Europe & Central Asia,High income,14.5044,46.0546
2224,SI,Slovenia,Individuals using the Internet (% of population),2021,89.00399524,Europe & Central Asia,High income,14.5044,46.0546
2225,SI,Slovenia,Individuals using the Internet (% of population),2020,86.60130109,Europe & Central Asia,High income,14.5044,46.0546
2226,SI,Slovenia,Individuals using the Internet (% of population),2019,83.1083578026717,Europe & Central Asia,High income,14.5044,46.0546
2227,SI,Slovenia,Individuals using the Internet (% of population),2018,79.7499765956562,Europe & Central Asia,High income,14.5044,46.0546
2228,SI,Slovenia,Individuals using the Internet (% of population),2017,78.8854263554775,Europe & Central Asia,High income,14.5044,46.0546
2229,SI,Slovenia,Individuals using the Internet (% of population),2016,75.4985042610791,Europe & Central Asia,High income,14.5044,46.0546
2230,SB,Solomon Islands,Individuals using the Internet (% of population),2025,,East Asia & Pacific,Lower middle income,159.949,-9.42676
2231,SB,Solomon Islands,Individuals using the Internet (% of population),2024,29.04070091,East Asia & Pacific,Lower middle income,159.949,-9.42676
2232,SB,Solomon Islands,Individuals using the Internet (% of population),2023,28.67239952,East Asia & Pacific,Lower middle income,159.949,-9.42676
2233,SB,Solomon Islands,Individuals using the Internet (% of population),2022,28.01729965,East Asia & Pacific,Lower middle income,159.949,-9.42676
2234,SB,Solomon Islands,Individuals using the Internet (% of population),2021,26.03790092,East Asia & Pacific,Lower middle income,159.949,-9.42676
2235,SB,Solomon Islands,Individuals using the Internet (% of population),2020,24.1984005,East Asia & Pacific,Lower middle income,159.949,-9.42676
2236,SB,Solomon Islands,Individuals using the Internet (% of population),2019,22.48880005,East Asia & Pacific,Lower middle income,159.949,-9.42676
2237,SB,Solomon Islands,Individuals using the Internet (% of population),2018,20.8593998,East Asia & Pacific,Lower middle income,159.949,-9.42676
2238,SB,Solomon Islands,Individuals using the Internet (% of population),2017,15.14840031,East Asia & Pacific,Lower middle income,159.949,-9.42676
2239,SB,Solomon Islands,Individuals using the Internet (% of population),2016,11.00090027,East Asia & Pacific,Lower middle income,159.949,-9.42676
2240,SO,"Somalia, Fed. Rep.",Individuals using the Internet (% of population),2025,,Sub-Saharan Africa ,Low income,45.3254,2.07515
2241,SO,"Somalia, Fed. Rep.",Individuals using the Internet (% of population),2024,27.94020081,Sub-Saharan Africa ,Low income,45.3254,2.07515
2242,SO,"Somalia, Fed. Rep.",Individuals using the Internet (% of population),2023,26.12010002,Sub-Saharan Africa ,Low income,45.3254,2.07515
2243,SO,"Somalia, Fed. Rep.",Individuals using the Internet (% of population),2022,27.6,Sub-Saharan Africa ,Low income,45.3254,2.07515
2244,SO,"Somalia, Fed. Rep.",Individuals using the Internet (% of population),2021,23.87479973,Sub-Saharan Africa ,Low income,45.3254,2.07515
2245,SO,"Somalia, Fed. Rep.",Individuals using the Internet (% of population),2020,15.02369976,Sub-Saharan Africa ,Low income,45.3254,2.07515
2246,SO,"Somalia, Fed. Rep.",Individuals using the Internet (% of population),2019,2.731400013,Sub-Saharan Africa ,Low income,45.3254,2.07515
2247,SO,"Somalia, Fed. Rep.",Individuals using the Internet (% of population),2018,,Sub-Saharan Africa ,Low income,45.3254,2.07515
2248,SO,"Somalia, Fed. Rep.",Individuals using the Internet (% of population),2017,,Sub-Saharan Africa ,Low income,45.3254,2.07515
2249,SO,"Somalia, Fed. Rep.",Individuals using the Internet (% of population),2016,1.879999995,Sub-Saharan Africa ,Low income,45.3254,2.07515
2250,ZA,South Africa,Individuals using the Internet (% of population),2025,,Sub-Saharan Africa ,Upper middle income,28.1871,-25.746
2251,ZA,South Africa,Individuals using the Internet (% of population),2024,78.35759735,Sub-Saharan Africa ,Upper middle income,28.1871,-25.746
2252,ZA,South Africa,Individuals using the Internet (% of population),2023,78.33670044,Sub-Saharan Africa ,Upper middle income,28.1871,-25.746
2253,ZA,South Africa,Individuals using the Internet (% of population),2022,78.29319763,Sub-Saharan Africa ,Upper middle income,28.1871,-25.746
2254,ZA,South Africa,Individuals using the Internet (% of population),2021,74.96859741,Sub-Saharan Africa ,Upper middle income,28.1871,-25.746
2255,ZA,South Africa,Individuals using the Internet (% of population),2020,72.1128006,Sub-Saharan Africa ,Upper middle income,28.1871,-25.746
2256,ZA,South Africa,Individuals using the Internet (% of population),2019,69.69689941,Sub-Saharan Africa ,Upper middle income,28.1871,-25.746
2257,ZA,South Africa,Individuals using the Internet (% of population),2018,62.40000153,Sub-Saharan Africa ,Upper middle income,28.1871,-25.746
2258,ZA,South Africa,Individuals using the Internet (% of population),2017,56.16740036,Sub-Saharan Africa ,Upper middle income,28.1871,-25.746
2259,ZA,South Africa,Individuals using the Internet (% of population),2016,54.0,Sub-Saharan Africa ,Upper middle income,28.1871,-25.746
2260,SS,South Sudan,Individuals using the Internet (% of population),2025,,Sub-Saharan Africa ,Low income,31.6,4.85
2261,SS,South Sudan,Individuals using the Internet (% of population),2024,,Sub-Saharan Africa ,Low income,31.6,4.85
2262,SS,South Sudan,Individuals using the Internet (% of population),2023,,Sub-Saharan Africa ,Low income,31.6,4.85
2263,SS,South Sudan,Individuals using the Internet (% of population),2022,,Sub-Saharan Africa ,Low income,31.6,4.85
2264,SS,South Sudan,Individuals using the Internet (% of population),2021,,Sub-Saharan Africa ,Low income,31.6,4.85
2265,SS,South Sudan,Individuals using the Internet (% of population),2020,,Sub-Saharan Africa ,Low income,31.6,4.85
2266,SS,South Sudan,Individuals using the Internet (% of population),2019,6.671000004,Sub-Saharan Africa ,Low income,31.6,4.85
2267,SS,South Sudan,Individuals using the Internet (% of population),2018,4.800000191,Sub-Saharan Africa ,Low income,31.6,4.85
2268,SS,South Sudan,Individuals using the Internet (% of population),2017,4.1,Sub-Saharan Africa ,Low income,31.6,4.85
2269,SS,South Sudan,Individuals using the Internet (% of population),2016,3.5,Sub-Saharan Africa ,Low income,31.6,4.85
2270,ES,Spain,Individuals using the Internet (% of population),2025,,Europe & Central Asia,High income,-3.70327,40.4167
2271,ES,Spain,Individuals using the Internet (% of population),2024,95.7574516,Europe & Central Asia,High income,-3.70327,40.4167
2272,ES,Spain,Individuals using the Internet (% of population),2023,95.44564516,Europe & Central Asia,High income,-3.70327,40.4167
2273,ES,Spain,Individuals using the Internet (% of population),2022,94.4855432,Europe & Central Asia,High income,-3.70327,40.4167
2274,ES,Spain,Individuals using the Internet (% of population),2021,93.89752157,Europe & Central Asia,High income,-3.70327,40.4167
2275,ES,Spain,Individuals using the Internet (% of population),2020,93.20564892,Europe & Central Asia,High income,-3.70327,40.4167
2276,ES,Spain,Individuals using the Internet (% of population),2019,90.718665325267,Europe & Central Asia,High income,-3.70327,40.4167
2277,ES,Spain,Individuals using the Internet (% of population),2018,86.107235525659,Europe & Central Asia,High income,-3.70327,40.4167
2278,ES,Spain,Individuals using the Internet (% of population),2017,84.6022457016524,Europe & Central Asia,High income,-3.70327,40.4167
2279,ES,Spain,Individuals using the Internet (% of population),2016,80.5613329432179,Europe & Central Asia,High income,-3.70327,40.4167
2280,LK,Sri Lanka,Individuals using the Internet (% of population),2025,,South Asia,Upper middle income,79.8528,6.92148
2281,LK,Sri Lanka,Individuals using the Internet (% of population),2024,54.59,South Asia,Upper middle income,79.8528,6.92148
2282,LK,Sri Lanka,Individuals using the Internet (% of population),2023,51.2,South Asia,Upper middle income,79.8528,6.92148
2283,LK,Sri Lanka,Individuals using the Internet (% of population),2022,48.3,South Asia,Upper middle income,79.8528,6.92148
2284,LK,Sri Lanka,Individuals using the Internet (% of population),2021,44.45308724,South Asia,Upper middle income,79.8528,6.92148
2285,LK,Sri Lanka,Individuals using the Internet (% of population),2020,36.18473435,South Asia,Upper middle income,79.8528,6.92148
2286,LK,Sri Lanka,Individuals using the Internet (% of population),2019,32.02090073,South Asia,Upper middle income,79.8528,6.92148
2287,LK,Sri Lanka,Individuals using the Internet (% of population),2018,28.33620071,South Asia,Upper middle income,79.8528,6.92148
2288,LK,Sri Lanka,Individuals using the Internet (% of population),2017,25.07550049,South Asia,Upper middle income,79.8528,6.92148
2289,LK,Sri Lanka,Individuals using the Internet (% of population),2016,22.19,South Asia,Upper middle income,79.8528,6.92148
2290,KN,St. Kitts and Nevis,Individuals using the Internet (% of population),2025,,Latin America & Caribbean ,High income,-62.7309,17.3
2291,KN,St. Kitts and Nevis,Individuals using the Internet (% of population),2024,76.88400269,Latin America & Caribbean ,High income,-62.7309,17.3
2292,KN,St. Kitts and Nevis,Individuals using the Internet (% of population),2023,76.58950043,Latin America & Caribbean ,High income,-62.7309,17.3
2293,KN,St. Kitts and Nevis,Individuals using the Internet (% of population),2022,75.76229858,Latin America & Caribbean ,High income,-62.7309,17.3
2294,KN,St. Kitts and Nevis,Individuals using the Internet (% of population),2021,74.37159729,Latin America & Caribbean ,High income,-62.7309,17.3
2295,KN,St. Kitts and Nevis,Individuals using the Internet (% of population),2020,70.27529907,Latin America & Caribbean ,High income,-62.7309,17.3
2296,KN,St. Kitts and Nevis,Individuals using the Internet (% of population),2019,69.43499756,Latin America & Caribbean ,High income,-62.7309,17.3
2297,KN,St. Kitts and Nevis,Individuals using the Internet (% of population),2018,68.60479736,Latin America & Caribbean ,High income,-62.7309,17.3
2298,KN,St. Kitts and Nevis,Individuals using the Internet (% of population),2017,67.78440094,Latin America & Caribbean ,High income,-62.7309,17.3
2299,KN,St. Kitts and Nevis,Individuals using the Internet (% of population),2016,66.97389984,Latin America & Caribbean ,High income,-62.7309,17.3
2300,LC,St. Lucia,Individuals using the Internet (% of population),2025,,Latin America & Caribbean ,Upper middle income,-60.9832,14
2301,LC,St. Lucia,Individuals using the Internet (% of population),2024,68.20500183,Latin America & Caribbean ,Upper middle income,-60.9832,14
2302,LC,St. Lucia,Individuals using the Internet (% of population),2023,67.44390106,Latin America & Caribbean ,Upper middle income,-60.9832,14
2303,LC,St. Lucia,Individuals using the Internet (% of population),2022,66.95159912,Latin America & Caribbean ,Upper middle income,-60.9832,14
2304,LC,St. Lucia,Individuals using the Internet (% of population),2021,63.06330109,Latin America & Caribbean ,Upper middle income,-60.9832,14
2305,LC,St. Lucia,Individuals using the Internet (% of population),2020,62.06399918,Latin America & Caribbean ,Upper middle income,-60.9832,14
2306,LC,St. Lucia,Individuals using the Internet (% of population),2019,61.08050156,Latin America & Caribbean ,Upper middle income,-60.9832,14
2307,LC,St. Lucia,Individuals using the Internet (% of population),2018,60.11259842,Latin America & Caribbean ,Upper middle income,-60.9832,14
2308,LC,St. Lucia,Individuals using the Internet (% of population),2017,59.16009903,Latin America & Caribbean ,Upper middle income,-60.9832,14
2309,LC,St. Lucia,Individuals using the Internet (% of population),2016,58.22259903,Latin America & Caribbean ,Upper middle income,-60.9832,14
2310,MF,St. Martin (French part),Individuals using the Internet (% of population),2025,,Latin America & Caribbean ,High income,,
2311,MF,St. Martin (French part),Individuals using the Internet (% of population),2024,,Latin America & Caribbean ,High income,,
2312,MF,St. Martin (French part),Individuals using the Internet (% of population),2023,,Latin America & Caribbean ,High income,,
2313,MF,St. Martin (French part),Individuals using the Internet (% of population),2022,,Latin America & Caribbean ,High income,,
2314,MF,St. Martin (French part),Individuals using the Internet (% of population),2021,,Latin America & Caribbean ,High income,,
2315,MF,St. Martin (French part),Individuals using the Internet (% of population),2020,,Latin America & Caribbean ,High income,,
2316,MF,St. Martin (French part),Individuals using the Internet (% of population),2019,,Latin America & Caribbean ,High income,,
2317,MF,St. Martin (French part),Individuals using the Internet (% of population),2018,,Latin America & Caribbean ,High income,,
2318,MF,St. Martin (French part),Individuals using the Internet (% of population),2017,,Latin America & Caribbean ,High income,,
2319,MF,St. Martin (French part),Individuals using the Internet (% of population),2016,,Latin America & Caribbean ,High income,,
2320,VC,St. Vincent and the Grenadines,Individuals using the Internet (% of population),2025,,Latin America & Caribbean ,Upper middle income,-61.2653,13.2035
2321,VC,St. Vincent and the Grenadines,Individuals using the Internet (% of population),2024,76.19010162,Latin America & Caribbean ,Upper middle income,-61.2653,13.2035
2322,VC,St. Vincent and the Grenadines,Individuals using the Internet (% of population),2023,75.53679657,Latin America & Caribbean ,Upper middle income,-61.2653,13.2035
2323,VC,St. Vincent and the Grenadines,Individuals using the Internet (% of population),2022,74.75479889,Latin America & Caribbean ,Upper middle income,-61.2653,13.2035
2324,VC,St. Vincent and the Grenadines,Individuals using the Internet (% of population),2021,68.83339691,Latin America & Caribbean ,Upper middle income,-61.2653,13.2035
2325,VC,St. Vincent and the Grenadines,Individuals using the Internet (% of population),2020,63.38100052,Latin America & Caribbean ,Upper middle income,-61.2653,13.2035
2326,VC,St. Vincent and the Grenadines,Individuals using the Internet (% of population),2019,59.57630157,Latin America & Caribbean ,Upper middle income,-61.2653,13.2035
2327,VC,St. Vincent and the Grenadines,Individuals using the Internet (% of population),2018,56.0,Latin America & Caribbean ,Upper middle income,-61.2653,13.2035
2328,VC,St. Vincent and the Grenadines,Individuals using the Internet (% of population),2017,53.70000076,Latin America & Caribbean ,Upper middle income,-61.2653,13.2035
2329,VC,St. Vincent and the Grenadines,Individuals using the Internet (% of population),2016,51.5,Latin America & Caribbean ,Upper middle income,-61.2653,13.2035
2330,SD,Sudan,Individuals using the Internet (% of population),2025,,Sub-Saharan Africa ,Low income,32.5363,15.5932
2331,SD,Sudan,Individuals using the Internet (% of population),2024,,Sub-Saharan Africa ,Low income,32.5363,15.5932
2332,SD,Sudan,Individuals using the Internet (% of population),2023,,Sub-Saharan Africa ,Low income,32.5363,15.5932
2333,SD,Sudan,Individuals using the Internet (% of population),2022,,Sub-Saharan Africa ,Low income,32.5363,15.5932
2334,SD,Sudan,Individuals using the Internet (% of population),2021,,Sub-Saharan Africa ,Low income,32.5363,15.5932
2335,SD,Sudan,Individuals using the Internet (% of population),2020,,Sub-Saharan Africa ,Low income,32.5363,15.5932
2336,SD,Sudan,Individuals using the Internet (% of population),2019,,Sub-Saharan Africa ,Low income,32.5363,15.5932
2337,SD,Sudan,Individuals using the Internet (% of population),2018,,Sub-Saharan Africa ,Low income,32.5363,15.5932
2338,SD,Sudan,Individuals using the Internet (% of population),2017,18.60000038,Sub-Saharan Africa ,Low income,32.5363,15.5932
2339,SD,Sudan,Individuals using the Internet (% of population),2016,14.0999999446534,Sub-Saharan Africa ,Low income,32.5363,15.5932
2340,SR,Suriname,Individuals using the Internet (% of population),2025,,Latin America & Caribbean ,Upper middle income,-55.1679,5.8232
2341,SR,Suriname,Individuals using the Internet (% of population),2024,,Latin America & Caribbean ,Upper middle income,-55.1679,5.8232
2342,SR,Suriname,Individuals using the Internet (% of population),2023,87.4,Latin America & Caribbean ,Upper middle income,-55.1679,5.8232
2343,SR,Suriname,Individuals using the Internet (% of population),2022,,Latin America & Caribbean ,Upper middle income,-55.1679,5.8232
2344,SR,Suriname,Individuals using the Internet (% of population),2021,,Latin America & Caribbean ,Upper middle income,-55.1679,5.8232
2345,SR,Suriname,Individuals using the Internet (% of population),2020,,Latin America & Caribbean ,Upper middle income,-55.1679,5.8232
2346,SR,Suriname,Individuals using the Internet (% of population),2019,62.03350067,Latin America & Caribbean ,Upper middle income,-55.1679,5.8232
2347,SR,Suriname,Individuals using the Internet (% of population),2018,55.10210037,Latin America & Caribbean ,Upper middle income,-55.1679,5.8232
2348,SR,Suriname,Individuals using the Internet (% of population),2017,48.94520187,Latin America & Caribbean ,Upper middle income,-55.1679,5.8232
2349,SR,Suriname,Individuals using the Internet (% of population),2016,45.40000153,Latin America & Caribbean ,Upper middle income,-55.1679,5.8232
2350,SE,Sweden,Individuals using the Internet (% of population),2025,95.76629783,Europe & Central Asia,High income,18.0645,59.3327
2351,SE,Sweden,Individuals using the Internet (% of population),2024,95.52930428,Europe & Central Asia,High income,18.0645,59.3327
2352,SE,Sweden,Individuals using the Internet (% of population),2023,95.70327461,Europe & Central Asia,High income,18.0645,59.3327
2353,SE,Sweden,Individuals using the Internet (% of population),2022,95.00970335,Europe & Central Asia,High income,18.0645,59.3327
2354,SE,Sweden,Individuals using the Internet (% of population),2021,94.6703163,Europe & Central Asia,High income,18.0645,59.3327
2355,SE,Sweden,Individuals using the Internet (% of population),2020,94.53943122,Europe & Central Asia,High income,18.0645,59.3327
2356,SE,Sweden,Individuals using the Internet (% of population),2019,94.4934434072202,Europe & Central Asia,High income,18.0645,59.3327
2357,SE,Sweden,Individuals using the Internet (% of population),2018,89.2469631588137,Europe & Central Asia,High income,18.0645,59.3327
2358,SE,Sweden,Individuals using the Internet (% of population),2017,93.0062669652127,Europe & Central Asia,High income,18.0645,59.3327
2359,SE,Sweden,Individuals using the Internet (% of population),2016,89.6509476102355,Europe & Central Asia,High income,18.0645,59.3327
2360,CH,Switzerland,Individuals using the Internet (% of population),2025,97.32103855,Europe & Central Asia,High income,7.44821,46.948
2361,CH,Switzerland,Individuals using the Internet (% of population),2024,97.3443985,Europe & Central Asia,High income,7.44821,46.948
2362,CH,Switzerland,Individuals using the Internet (% of population),2023,97.34436623,Europe & Central Asia,High income,7.44821,46.948
2363,CH,Switzerland,Individuals using the Internet (% of population),2022,96.45279694,Europe & Central Asia,High income,7.44821,46.948
2364,CH,Switzerland,Individuals using the Internet (% of population),2021,95.56937154,Europe & Central Asia,High income,7.44821,46.948
2365,CH,Switzerland,Individuals using the Internet (% of population),2020,94.34999847,Europe & Central Asia,High income,7.44821,46.948
2366,CH,Switzerland,Individuals using the Internet (% of population),2019,93.1460869535177,Europe & Central Asia,High income,7.44821,46.948
2367,CH,Switzerland,Individuals using the Internet (% of population),2018,91.80000305,Europe & Central Asia,High income,7.44821,46.948
2368,CH,Switzerland,Individuals using the Internet (% of population),2017,89.6861476710225,Europe & Central Asia,High income,7.44821,46.948
2369,CH,Switzerland,Individuals using the Internet (% of population),2016,89.1346877351392,Europe & Central Asia,High income,7.44821,46.948
2370,SY,Syrian Arab Republic,Individuals using the Internet (% of population),2025,,"Middle East, North Africa, Afghanistan & Pakistan",Low income,36.3119,33.5146
2371,SY,Syrian Arab Republic,Individuals using the Internet (% of population),2024,,"Middle East, North Africa, Afghanistan & Pakistan",Low income,36.3119,33.5146
2372,SY,Syrian Arab Republic,Individuals using the Internet (% of population),2023,,"Middle East, North Africa, Afghanistan & Pakistan",Low income,36.3119,33.5146
2373,SY,Syrian Arab Republic,Individuals using the Internet (% of population),2022,,"Middle East, North Africa, Afghanistan & Pakistan",Low income,36.3119,33.5146
2374,SY,Syrian Arab Republic,Individuals using the Internet (% of population),2021,,"Middle East, North Africa, Afghanistan & Pakistan",Low income,36.3119,33.5146
2375,SY,Syrian Arab Republic,Individuals using the Internet (% of population),2020,,"Middle East, North Africa, Afghanistan & Pakistan",Low income,36.3119,33.5146
2376,SY,Syrian Arab Republic,Individuals using the Internet (% of population),2019,,"Middle East, North Africa, Afghanistan & Pakistan",Low income,36.3119,33.5146
2377,SY,Syrian Arab Republic,Individuals using the Internet (% of population),2018,33.77000046,"Middle East, North Africa, Afghanistan & Pakistan",Low income,36.3119,33.5146
2378,SY,Syrian Arab Republic,Individuals using the Internet (% of population),2017,32.70000076,"Middle East, North Africa, Afghanistan & Pakistan",Low income,36.3119,33.5146
2379,SY,Syrian Arab Republic,Individuals using the Internet (% of population),2016,31.8696003,"Middle East, North Africa, Afghanistan & Pakistan",Low income,36.3119,33.5146
2380,TJ,Tajikistan,Individuals using the Internet (% of population),2025,,Europe & Central Asia,Lower middle income,68.7864,38.5878
2381,TJ,Tajikistan,Individuals using the Internet (% of population),2024,55.79339981,Europe & Central Asia,Lower middle income,68.7864,38.5878
2382,TJ,Tajikistan,Individuals using the Internet (% of population),2023,54.41550064,Europe & Central Asia,Lower middle income,68.7864,38.5878
2383,TJ,Tajikistan,Individuals using the Internet (% of population),2022,48.91429901,Europe & Central Asia,Lower middle income,68.7864,38.5878
2384,TJ,Tajikistan,Individuals using the Internet (% of population),2021,36.70560074,Europe & Central Asia,Lower middle income,68.7864,38.5878
2385,TJ,Tajikistan,Individuals using the Internet (% of population),2020,27.54409981,Europe & Central Asia,Lower middle income,68.7864,38.5878
2386,TJ,Tajikistan,Individuals using the Internet (% of population),2019,22.68630028,Europe & Central Asia,Lower middle income,68.7864,38.5878
2387,TJ,Tajikistan,Individuals using the Internet (% of population),2018,32.59999847,Europe & Central Asia,Lower middle income,68.7864,38.5878
2388,TJ,Tajikistan,Individuals using the Internet (% of population),2017,21.95999908,Europe & Central Asia,Lower middle income,68.7864,38.5878
2389,TJ,Tajikistan,Individuals using the Internet (% of population),2016,20.46999931,Europe & Central Asia,Lower middle income,68.7864,38.5878
2390,TZ,Tanzania,Individuals using the Internet (% of population),2025,,Sub-Saharan Africa ,Lower middle income,35.7382,-6.17486
2391,TZ,Tanzania,Individuals using the Internet (% of population),2024,31.16209984,Sub-Saharan Africa ,Lower middle income,35.7382,-6.17486
2392,TZ,Tanzania,Individuals using the Internet (% of population),2023,28.43190002,Sub-Saharan Africa ,Lower middle income,35.7382,-6.17486
2393,TZ,Tanzania,Individuals using the Internet (% of population),2022,26.86059952,Sub-Saharan Africa ,Lower middle income,35.7382,-6.17486
2394,TZ,Tanzania,Individuals using the Internet (% of population),2021,22.87540054,Sub-Saharan Africa ,Lower middle income,35.7382,-6.17486
2395,TZ,Tanzania,Individuals using the Internet (% of population),2020,19.48139954,Sub-Saharan Africa ,Lower middle income,35.7382,-6.17486
2396,TZ,Tanzania,Individuals using the Internet (% of population),2019,16.59090042,Sub-Saharan Africa ,Lower middle income,35.7382,-6.17486
2397,TZ,Tanzania,Individuals using the Internet (% of population),2018,15.49069977,Sub-Saharan Africa ,Lower middle income,35.7382,-6.17486
2398,TZ,Tanzania,Individuals using the Internet (% of population),2017,14.46339989,Sub-Saharan Africa ,Lower middle income,35.7382,-6.17486
2399,TZ,Tanzania,Individuals using the Internet (% of population),2016,13.5042328468919,Sub-Saharan Africa ,Lower middle income,35.7382,-6.17486
2400,TH,Thailand,Individuals using the Internet (% of population),2025,,East Asia & Pacific,Upper middle income,100.521,13.7308
2401,TH,Thailand,Individuals using the Internet (% of population),2024,90.86718789,East Asia & Pacific,Upper middle income,100.521,13.7308
2402,TH,Thailand,Individuals using the Internet (% of population),2023,89.53525238,East Asia & Pacific,Upper middle income,100.521,13.7308
2403,TH,Thailand,Individuals using the Internet (% of population),2022,87.97724503,East Asia & Pacific,Upper middle income,100.521,13.7308
2404,TH,Thailand,Individuals using the Internet (% of population),2021,85.26956666,East Asia & Pacific,Upper middle income,100.521,13.7308
2405,TH,Thailand,Individuals using the Internet (% of population),2020,77.84374066,East Asia & Pacific,Upper middle income,100.521,13.7308
2406,TH,Thailand,Individuals using the Internet (% of population),2019,66.6524194587528,East Asia & Pacific,Upper middle income,100.521,13.7308
2407,TH,Thailand,Individuals using the Internet (% of population),2018,56.8174809301456,East Asia & Pacific,Upper middle income,100.521,13.7308
2408,TH,Thailand,Individuals using the Internet (% of population),2017,52.8919293439676,East Asia & Pacific,Upper middle income,100.521,13.7308
2409,TH,Thailand,Individuals using the Internet (% of population),2016,47.5049656215909,East Asia & Pacific,Upper middle income,100.521,13.7308
2410,TL,Timor-Leste,Individuals using the Internet (% of population),2025,,East Asia & Pacific,Lower middle income,125.567,-8.56667
2411,TL,Timor-Leste,Individuals using the Internet (% of population),2024,,East Asia & Pacific,Lower middle income,125.567,-8.56667
2412,TL,Timor-Leste,Individuals using the Internet (% of population),2023,,East Asia & Pacific,Lower middle income,125.567,-8.56667
2413,TL,Timor-Leste,Individuals using the Internet (% of population),2022,,East Asia & Pacific,Lower middle income,125.567,-8.56667
2414,TL,Timor-Leste,Individuals using the Internet (% of population),2021,35.04199982,East Asia & Pacific,Lower middle income,125.567,-8.56667
2415,TL,Timor-Leste,Individuals using the Internet (% of population),2020,32.01269913,East Asia & Pacific,Lower middle income,125.567,-8.56667
2416,TL,Timor-Leste,Individuals using the Internet (% of population),2019,28.00460052,East Asia & Pacific,Lower middle income,125.567,-8.56667
2417,TL,Timor-Leste,Individuals using the Internet (% of population),2018,27.60000038,East Asia & Pacific,Lower middle income,125.567,-8.56667
2418,TL,Timor-Leste,Individuals using the Internet (% of population),2017,24.20000076,East Asia & Pacific,Lower middle income,125.567,-8.56667
2419,TL,Timor-Leste,Individuals using the Internet (% of population),2016,21.20000076,East Asia & Pacific,Lower middle income,125.567,-8.56667
2420,TG,Togo,Individuals using the Internet (% of population),2025,,Sub-Saharan Africa ,Lower middle income,1.2255,6.1228
2421,TG,Togo,Individuals using the Internet (% of population),2024,39.48320007,Sub-Saharan Africa ,Lower middle income,1.2255,6.1228
2422,TG,Togo,Individuals using the Internet (% of population),2023,37.57020187,Sub-Saharan Africa ,Lower middle income,1.2255,6.1228
2423,TG,Togo,Individuals using the Internet (% of population),2022,35.60749817,Sub-Saharan Africa ,Lower middle income,1.2255,6.1228
2424,TG,Togo,Individuals using the Internet (% of population),2021,30.33839989,Sub-Saharan Africa ,Lower middle income,1.2255,6.1228
2425,TG,Togo,Individuals using the Internet (% of population),2020,29.02370071,Sub-Saharan Africa ,Lower middle income,1.2255,6.1228
2426,TG,Togo,Individuals using the Internet (% of population),2019,20.72730064,Sub-Saharan Africa ,Lower middle income,1.2255,6.1228
2427,TG,Togo,Individuals using the Internet (% of population),2018,15.5,Sub-Saharan Africa ,Lower middle income,1.2255,6.1228
2428,TG,Togo,Individuals using the Internet (% of population),2017,12.3602249692905,Sub-Saharan Africa ,Lower middle income,1.2255,6.1228
2429,TG,Togo,Individuals using the Internet (% of population),2016,11.31000042,Sub-Saharan Africa ,Lower middle income,1.2255,6.1228
2430,TO,Tonga,Individuals using the Internet (% of population),2025,,East Asia & Pacific,Upper middle income,-175.216,-21.136
2431,TO,Tonga,Individuals using the Internet (% of population),2024,67.4417038,East Asia & Pacific,Upper middle income,-175.216,-21.136
2432,TO,Tonga,Individuals using the Internet (% of population),2023,64.13140106,East Asia & Pacific,Upper middle income,-175.216,-21.136
2433,TO,Tonga,Individuals using the Internet (% of population),2022,61.60739899,East Asia & Pacific,Upper middle income,-175.216,-21.136
2434,TO,Tonga,Individuals using the Internet (% of population),2021,57.549,East Asia & Pacific,Upper middle income,-175.216,-21.136
2435,TO,Tonga,Individuals using the Internet (% of population),2020,54.47370148,East Asia & Pacific,Upper middle income,-175.216,-21.136
2436,TO,Tonga,Individuals using the Internet (% of population),2019,51.56299973,East Asia & Pacific,Upper middle income,-175.216,-21.136
2437,TO,Tonga,Individuals using the Internet (% of population),2018,48.80789948,East Asia & Pacific,Upper middle income,-175.216,-21.136
2438,TO,Tonga,Individuals using the Internet (% of population),2017,46.20080185,East Asia & Pacific,Upper middle income,-175.216,-21.136
2439,TO,Tonga,Individuals using the Internet (% of population),2016,39.95000076,East Asia & Pacific,Upper middle income,-175.216,-21.136
2440,TT,Trinidad and Tobago,Individuals using the Internet (% of population),2025,,Latin America & Caribbean ,High income,-61.4789,10.6596
2441,TT,Trinidad and Tobago,Individuals using the Internet (% of population),2024,82.15989685,Latin America & Caribbean ,High income,-61.4789,10.6596
2442,TT,Trinidad and Tobago,Individuals using the Internet (% of population),2023,81.9681015,Latin America & Caribbean ,High income,-61.4789,10.6596
2443,TT,Trinidad and Tobago,Individuals using the Internet (% of population),2022,81.69760132,Latin America & Caribbean ,High income,-61.4789,10.6596
2444,TT,Trinidad and Tobago,Individuals using the Internet (% of population),2021,84.36576986,Latin America & Caribbean ,High income,-61.4789,10.6596
2445,TT,Trinidad and Tobago,Individuals using the Internet (% of population),2020,77.28130341,Latin America & Caribbean ,High income,-61.4789,10.6596
2446,TT,Trinidad and Tobago,Individuals using the Internet (% of population),2019,74.98670197,Latin America & Caribbean ,High income,-61.4789,10.6596
2447,TT,Trinidad and Tobago,Individuals using the Internet (% of population),2018,72.76029968,Latin America & Caribbean ,High income,-61.4789,10.6596
2448,TT,Trinidad and Tobago,Individuals using the Internet (% of population),2017,70.59999847,Latin America & Caribbean ,High income,-61.4789,10.6596
2449,TT,Trinidad and Tobago,Individuals using the Internet (% of population),2016,67.80000305,Latin America & Caribbean ,High income,-61.4789,10.6596
2450,TN,Tunisia,Individuals using the Internet (% of population),2025,,"Middle East, North Africa, Afghanistan & Pakistan",Lower middle income,10.21,36.7899
2451,TN,Tunisia,Individuals using the Internet (% of population),2024,76.5,"Middle East, North Africa, Afghanistan & Pakistan",Lower middle income,10.21,36.7899
2452,TN,Tunisia,Individuals using the Internet (% of population),2023,,"Middle East, North Africa, Afghanistan & Pakistan",Lower middle income,10.21,36.7899
2453,TN,Tunisia,Individuals using the Internet (% of population),2022,,"Middle East, North Africa, Afghanistan & Pakistan",Lower middle income,10.21,36.7899
2454,TN,Tunisia,Individuals using the Internet (% of population),2021,68.31552226,"Middle East, North Africa, Afghanistan & Pakistan",Lower middle income,10.21,36.7899
2455,TN,Tunisia,Individuals using the Internet (% of population),2020,68.55639648,"Middle East, North Africa, Afghanistan & Pakistan",Lower middle income,10.21,36.7899
2456,TN,Tunisia,Individuals using the Internet (% of population),2019,66.6999983024144,"Middle East, North Africa, Afghanistan & Pakistan",Lower middle income,10.21,36.7899
2457,TN,Tunisia,Individuals using the Internet (% of population),2018,64.1908102327387,"Middle East, North Africa, Afghanistan & Pakistan",Lower middle income,10.21,36.7899
2458,TN,Tunisia,Individuals using the Internet (% of population),2017,55.5001550633671,"Middle East, North Africa, Afghanistan & Pakistan",Lower middle income,10.21,36.7899
2459,TN,Tunisia,Individuals using the Internet (% of population),2016,49.5999948415756,"Middle East, North Africa, Afghanistan & Pakistan",Lower middle income,10.21,36.7899
2460,TR,Turkiye,Individuals using the Internet (% of population),2025,89.77024003,Europe & Central Asia,Upper middle income,32.3606,39.7153
2461,TR,Turkiye,Individuals using the Internet (% of population),2024,87.3078767,Europe & Central Asia,Upper middle income,32.3606,39.7153
2462,TR,Turkiye,Individuals using the Internet (% of population),2023,85.96074155,Europe & Central Asia,Upper middle income,32.3606,39.7153
2463,TR,Turkiye,Individuals using the Internet (% of population),2022,83.43716576,Europe & Central Asia,Upper middle income,32.3606,39.7153
2464,TR,Turkiye,Individuals using the Internet (% of population),2021,81.40843745,Europe & Central Asia,Upper middle income,32.3606,39.7153
2465,TR,Turkiye,Individuals using the Internet (% of population),2020,77.6695605,Europe & Central Asia,Upper middle income,32.3606,39.7153
2466,TR,Turkiye,Individuals using the Internet (% of population),2019,73.9767022871511,Europe & Central Asia,Upper middle income,32.3606,39.7153
2467,TR,Turkiye,Individuals using the Internet (% of population),2018,71.0427608433809,Europe & Central Asia,Upper middle income,32.3606,39.7153
2468,TR,Turkiye,Individuals using the Internet (% of population),2017,64.6846176835371,Europe & Central Asia,Upper middle income,32.3606,39.7153
2469,TR,Turkiye,Individuals using the Internet (% of population),2016,58.3477340145685,Europe & Central Asia,Upper middle income,32.3606,39.7153
2470,TM,Turkmenistan,Individuals using the Internet (% of population),2025,,Europe & Central Asia,Upper middle income,58.3794,37.9509
2471,TM,Turkmenistan,Individuals using the Internet (% of population),2024,,Europe & Central Asia,Upper middle income,58.3794,37.9509
2472,TM,Turkmenistan,Individuals using the Internet (% of population),2023,,Europe & Central Asia,Upper middle income,58.3794,37.9509
2473,TM,Turkmenistan,Individuals using the Internet (% of population),2022,,Europe & Central Asia,Upper middle income,58.3794,37.9509
2474,TM,Turkmenistan,Individuals using the Internet (% of population),2021,,Europe & Central Asia,Upper middle income,58.3794,37.9509
2475,TM,Turkmenistan,Individuals using the Internet (% of population),2020,,Europe & Central Asia,Upper middle income,58.3794,37.9509
2476,TM,Turkmenistan,Individuals using the Internet (% of population),2019,,Europe & Central Asia,Upper middle income,58.3794,37.9509
2477,TM,Turkmenistan,Individuals using the Internet (% of population),2018,,Europe & Central Asia,Upper middle income,58.3794,37.9509
2478,TM,Turkmenistan,Individuals using the Internet (% of population),2017,,Europe & Central Asia,Upper middle income,58.3794,37.9509
2479,TM,Turkmenistan,Individuals using the Internet (% of population),2016,17.99029922,Europe & Central Asia,Upper middle income,58.3794,37.9509
2480,TC,Turks and Caicos Islands,Individuals using the Internet (% of population),2025,,Latin America & Caribbean ,High income,-71.141389,21.4602778
2481,TC,Turks and Caicos Islands,Individuals using the Internet (% of population),2024,,Latin America & Caribbean ,High income,-71.141389,21.4602778
2482,TC,Turks and Caicos Islands,Individuals using the Internet (% of population),2023,,Latin America & Caribbean ,High income,-71.141389,21.4602778
2483,TC,Turks and Caicos Islands,Individuals using the Internet (% of population),2022,,Latin America & Caribbean ,High income,-71.141389,21.4602778
2484,TC,Turks and Caicos Islands,Individuals using the Internet (% of population),2021,,Latin America & Caribbean ,High income,-71.141389,21.4602778
2485,TC,Turks and Caicos Islands,Individuals using the Internet (% of population),2020,,Latin America & Caribbean ,High income,-71.141389,21.4602778
2486,TC,Turks and Caicos Islands,Individuals using the Internet (% of population),2019,,Latin America & Caribbean ,High income,-71.141389,21.4602778
2487,TC,Turks and Caicos Islands,Individuals using the Internet (% of population),2018,,Latin America & Caribbean ,High income,-71.141389,21.4602778
2488,TC,Turks and Caicos Islands,Individuals using the Internet (% of population),2017,,Latin America & Caribbean ,High income,-71.141389,21.4602778
2489,TC,Turks and Caicos Islands,Individuals using the Internet (% of population),2016,,Latin America & Caribbean ,High income,-71.141389,21.4602778
2490,TV,Tuvalu,Individuals using the Internet (% of population),2025,,East Asia & Pacific,Upper middle income,179.089567,-8.6314877
2491,TV,Tuvalu,Individuals using the Internet (% of population),2024,,East Asia & Pacific,Upper middle income,179.089567,-8.6314877
2492,TV,Tuvalu,Individuals using the Internet (% of population),2023,,East Asia & Pacific,Upper middle income,179.089567,-8.6314877
2493,TV,Tuvalu,Individuals using the Internet (% of population),2022,,East Asia & Pacific,Upper middle income,179.089567,-8.6314877
2494,TV,Tuvalu,Individuals using the Internet (% of population),2021,,East Asia & Pacific,Upper middle income,179.089567,-8.6314877
2495,TV,Tuvalu,Individuals using the Internet (% of population),2020,,East Asia & Pacific,Upper middle income,179.089567,-8.6314877
2496,TV,Tuvalu,Individuals using the Internet (% of population),2019,,East Asia & Pacific,Upper middle income,179.089567,-8.6314877
2497,TV,Tuvalu,Individuals using the Internet (% of population),2018,,East Asia & Pacific,Upper middle income,179.089567,-8.6314877
2498,TV,Tuvalu,Individuals using the Internet (% of population),2017,35.20000076,East Asia & Pacific,Upper middle income,179.089567,-8.6314877
2499,TV,Tuvalu,Individuals using the Internet (% of population),2016,31.0,East Asia & Pacific,Upper middle income,179.089567,-8.6314877
2500,UG,Uganda,Individuals using the Internet (% of population),2025,,Sub-Saharan Africa ,Low income,32.5729,0.314269
2501,UG,Uganda,Individuals using the Internet (% of population),2024,8.949831061,Sub-Saharan Africa ,Low income,32.5729,0.314269
2502,UG,Uganda,Individuals using the Internet (% of population),2023,9.286999702,Sub-Saharan Africa ,Low income,32.5729,0.314269
2503,UG,Uganda,Individuals using the Internet (% of population),2022,9.636899948,Sub-Saharan Africa ,Low income,32.5729,0.314269
2504,UG,Uganda,Individuals using the Internet (% of population),2021,10.0,Sub-Saharan Africa ,Low income,32.5729,0.314269
2505,UG,Uganda,Individuals using the Internet (% of population),2020,7.4,Sub-Saharan Africa ,Low income,32.5729,0.314269
2506,UG,Uganda,Individuals using the Internet (% of population),2019,11.72579956,Sub-Saharan Africa ,Low income,32.5729,0.314269
2507,UG,Uganda,Individuals using the Internet (% of population),2018,9.326299667,Sub-Saharan Africa ,Low income,32.5729,0.314269
2508,UG,Uganda,Individuals using the Internet (% of population),2017,7.417900085,Sub-Saharan Africa ,Low income,32.5729,0.314269
2509,UG,Uganda,Individuals using the Internet (% of population),2016,5.9,Sub-Saharan Africa ,Low income,32.5729,0.314269
2510,UA,Ukraine,Individuals using the Internet (% of population),2025,,Europe & Central Asia,Upper middle income,30.5038,50.4536
2511,UA,Ukraine,Individuals using the Internet (% of population),2024,82.47489929,Europe & Central Asia,Upper middle income,30.5038,50.4536
2512,UA,Ukraine,Individuals using the Internet (% of population),2023,81.58059692,Europe & Central Asia,Upper middle income,30.5038,50.4536
2513,UA,Ukraine,Individuals using the Internet (% of population),2022,80.47429657,Europe & Central Asia,Upper middle income,30.5038,50.4536
2514,UA,Ukraine,Individuals using the Internet (% of population),2021,79.21829353,Europe & Central Asia,Upper middle income,30.5038,50.4536
2515,UA,Ukraine,Individuals using the Internet (% of population),2020,75.03790912,Europe & Central Asia,Upper middle income,30.5038,50.4536
2516,UA,Ukraine,Individuals using the Internet (% of population),2019,70.1248442995263,Europe & Central Asia,Upper middle income,30.5038,50.4536
2517,UA,Ukraine,Individuals using the Internet (% of population),2018,62.5531553933869,Europe & Central Asia,Upper middle income,30.5038,50.4536
2518,UA,Ukraine,Individuals using the Internet (% of population),2017,58.8894794459775,Europe & Central Asia,Upper middle income,30.5038,50.4536
2519,UA,Ukraine,Individuals using the Internet (% of population),2016,53.0009695981884,Europe & Central Asia,Upper middle income,30.5038,50.4536
2520,AE,United Arab Emirates,Individuals using the Internet (% of population),2025,,"Middle East, North Africa, Afghanistan & Pakistan",High income,54.3705,24.4764
2521,AE,United Arab Emirates,Individuals using the Internet (% of population),2024,100.0,"Middle East, North Africa, Afghanistan & Pakistan",High income,54.3705,24.4764
2522,AE,United Arab Emirates,Individuals using the Internet (% of population),2023,100.0,"Middle East, North Africa, Afghanistan & Pakistan",High income,54.3705,24.4764
2523,AE,United Arab Emirates,Individuals using the Internet (% of population),2022,100.0,"Middle East, North Africa, Afghanistan & Pakistan",High income,54.3705,24.4764
2524,AE,United Arab Emirates,Individuals using the Internet (% of population),2021,100.0,"Middle East, North Africa, Afghanistan & Pakistan",High income,54.3705,24.4764
2525,AE,United Arab Emirates,Individuals using the Internet (% of population),2020,100.0,"Middle East, North Africa, Afghanistan & Pakistan",High income,54.3705,24.4764
2526,AE,United Arab Emirates,Individuals using the Internet (% of population),2019,99.1499979561243,"Middle East, North Africa, Afghanistan & Pakistan",High income,54.3705,24.4764
2527,AE,United Arab Emirates,Individuals using the Internet (% of population),2018,98.4500017817194,"Middle East, North Africa, Afghanistan & Pakistan",High income,54.3705,24.4764
2528,AE,United Arab Emirates,Individuals using the Internet (% of population),2017,94.8199225383446,"Middle East, North Africa, Afghanistan & Pakistan",High income,54.3705,24.4764
2529,AE,United Arab Emirates,Individuals using the Internet (% of population),2016,90.6000073180483,"Middle East, North Africa, Afghanistan & Pakistan",High income,54.3705,24.4764
2530,GB,United Kingdom,Individuals using the Internet (% of population),2025,,Europe & Central Asia,High income,-0.126236,51.5002
2531,GB,United Kingdom,Individuals using the Internet (% of population),2024,95.4720993,Europe & Central Asia,High income,-0.126236,51.5002
2532,GB,United Kingdom,Individuals using the Internet (% of population),2023,95.44719696,Europe & Central Asia,High income,-0.126236,51.5002
2533,GB,United Kingdom,Individuals using the Internet (% of population),2022,95.46530151,Europe & Central Asia,High income,-0.126236,51.5002
2534,GB,United Kingdom,Individuals using the Internet (% of population),2021,96.19650269,Europe & Central Asia,High income,-0.126236,51.5002
2535,GB,United Kingdom,Individuals using the Internet (% of population),2020,94.81820132,Europe & Central Asia,High income,-0.126236,51.5002
2536,GB,United Kingdom,Individuals using the Internet (% of population),2019,92.5166285497138,Europe & Central Asia,High income,-0.126236,51.5002
2537,GB,United Kingdom,Individuals using the Internet (% of population),2018,90.692008988783,Europe & Central Asia,High income,-0.126236,51.5002
2538,GB,United Kingdom,Individuals using the Internet (% of population),2017,90.4245504868553,Europe & Central Asia,High income,-0.126236,51.5002
2539,GB,United Kingdom,Individuals using the Internet (% of population),2016,94.7758006318882,Europe & Central Asia,High income,-0.126236,51.5002
2540,US,United States,Individuals using the Internet (% of population),2025,,North America,High income,-77.032,38.8895
2541,US,United States,Individuals using the Internet (% of population),2024,94.69380188,North America,High income,-77.032,38.8895
2542,US,United States,Individuals using the Internet (% of population),2023,93.52559662,North America,High income,-77.032,38.8895
2543,US,United States,Individuals using the Internet (% of population),2022,92.72850037,North America,High income,-77.032,38.8895
2544,US,United States,Individuals using the Internet (% of population),2021,91.2684021,North America,High income,-77.032,38.8895
2545,US,United States,Individuals using the Internet (% of population),2020,90.34470367,North America,High income,-77.032,38.8895
2546,US,United States,Individuals using the Internet (% of population),2019,89.4302848575712,North America,High income,-77.032,38.8895
2547,US,United States,Individuals using the Internet (% of population),2018,88.498903165152,North America,High income,-77.032,38.8895
2548,US,United States,Individuals using the Internet (% of population),2017,87.2748891687657,North America,High income,-77.032,38.8895
2549,US,United States,Individuals using the Internet (% of population),2016,85.5444212887222,North America,High income,-77.032,38.8895
2550,UY,Uruguay,Individuals using the Internet (% of population),2025,,Latin America & Caribbean ,High income,-56.0675,-34.8941
2551,UY,Uruguay,Individuals using the Internet (% of population),2024,91.99109007,Latin America & Caribbean ,High income,-56.0675,-34.8941
2552,UY,Uruguay,Individuals using the Internet (% of population),2023,90.92590332,Latin America & Caribbean ,High income,-56.0675,-34.8941
2553,UY,Uruguay,Individuals using the Internet (% of population),2022,89.87304314,Latin America & Caribbean ,High income,-56.0675,-34.8941
2554,UY,Uruguay,Individuals using the Internet (% of population),2021,87.64440155,Latin America & Caribbean ,High income,-56.0675,-34.8941
2555,UY,Uruguay,Individuals using the Internet (% of population),2020,85.47100067,Latin America & Caribbean ,High income,-56.0675,-34.8941
2556,UY,Uruguay,Individuals using the Internet (% of population),2019,83.3515337667548,Latin America & Caribbean ,High income,-56.0675,-34.8941
2557,UY,Uruguay,Individuals using the Internet (% of population),2018,80.7268428795854,Latin America & Caribbean ,High income,-56.0675,-34.8941
2558,UY,Uruguay,Individuals using the Internet (% of population),2017,70.3223543994698,Latin America & Caribbean ,High income,-56.0675,-34.8941
2559,UY,Uruguay,Individuals using the Internet (% of population),2016,66.40000153,Latin America & Caribbean ,High income,-56.0675,-34.8941
2560,UZ,Uzbekistan,Individuals using the Internet (% of population),2025,,Europe & Central Asia,Lower middle income,69.269,41.3052
2561,UZ,Uzbekistan,Individuals using the Internet (% of population),2024,89.50550079,Europe & Central Asia,Lower middle income,69.269,41.3052
2562,UZ,Uzbekistan,Individuals using the Internet (% of population),2023,89.01361047,Europe & Central Asia,Lower middle income,69.269,41.3052
2563,UZ,Uzbekistan,Individuals using the Internet (% of population),2022,83.90000012,Europe & Central Asia,Lower middle income,69.269,41.3052
2564,UZ,Uzbekistan,Individuals using the Internet (% of population),2021,76.59043014,Europe & Central Asia,Lower middle income,69.269,41.3052
2565,UZ,Uzbekistan,Individuals using the Internet (% of population),2020,71.09999824,Europe & Central Asia,Lower middle income,69.269,41.3052
2566,UZ,Uzbekistan,Individuals using the Internet (% of population),2019,70.3999986481458,Europe & Central Asia,Lower middle income,69.269,41.3052
2567,UZ,Uzbekistan,Individuals using the Internet (% of population),2018,55.2000006732722,Europe & Central Asia,Lower middle income,69.269,41.3052
2568,UZ,Uzbekistan,Individuals using the Internet (% of population),2017,48.6999988524556,Europe & Central Asia,Lower middle income,69.269,41.3052
2569,UZ,Uzbekistan,Individuals using the Internet (% of population),2016,46.79130173,Europe & Central Asia,Lower middle income,69.269,41.3052
2570,VU,Vanuatu,Individuals using the Internet (% of population),2025,,East Asia & Pacific,Lower middle income,168.321,-17.7404
2571,VU,Vanuatu,Individuals using the Internet (% of population),2024,,East Asia & Pacific,Lower middle income,168.321,-17.7404
2572,VU,Vanuatu,Individuals using the Internet (% of population),2023,,East Asia & Pacific,Lower middle income,168.321,-17.7404
2573,VU,Vanuatu,Individuals using the Internet (% of population),2022,,East Asia & Pacific,Lower middle income,168.321,-17.7404
2574,VU,Vanuatu,Individuals using the Internet (% of population),2021,,East Asia & Pacific,Lower middle income,168.321,-17.7404
2575,VU,Vanuatu,Individuals using the Internet (% of population),2020,,East Asia & Pacific,Lower middle income,168.321,-17.7404
2576,VU,Vanuatu,Individuals using the Internet (% of population),2019,,East Asia & Pacific,Lower middle income,168.321,-17.7404
2577,VU,Vanuatu,Individuals using the Internet (% of population),2018,,East Asia & Pacific,Lower middle income,168.321,-17.7404
2578,VU,Vanuatu,Individuals using the Internet (% of population),2017,,East Asia & Pacific,Lower middle income,168.321,-17.7404
2579,VU,Vanuatu,Individuals using the Internet (% of population),2016,,East Asia & Pacific,Lower middle income,168.321,-17.7404
2580,VE,"Venezuela, RB",Individuals using the Internet (% of population),2025,,Latin America & Caribbean ,Lower middle income,-69.8371,9.08165
2581,VE,"Venezuela, RB",Individuals using the Internet (% of population),2024,76.67890167,Latin America & Caribbean ,Lower middle income,-69.8371,9.08165
2582,VE,"Venezuela, RB",Individuals using the Internet (% of population),2023,76.33190155,Latin America & Caribbean ,Lower middle income,-69.8371,9.08165
2583,VE,"Venezuela, RB",Individuals using the Internet (% of population),2022,75.82180023,Latin America & Caribbean ,Lower middle income,-69.8371,9.08165
2584,VE,"Venezuela, RB",Individuals using the Internet (% of population),2021,74.11219788,Latin America & Caribbean ,Lower middle income,-69.8371,9.08165
2585,VE,"Venezuela, RB",Individuals using the Internet (% of population),2020,72.44110107,Latin America & Caribbean ,Lower middle income,-69.8371,9.08165
2586,VE,"Venezuela, RB",Individuals using the Internet (% of population),2019,49.05009842,Latin America & Caribbean ,Lower middle income,-69.8371,9.08165
2587,VE,"Venezuela, RB",Individuals using the Internet (% of population),2018,,Latin America & Caribbean ,Lower middle income,-69.8371,9.08165
2588,VE,"Venezuela, RB",Individuals using the Internet (% of population),2017,,Latin America & Caribbean ,Lower middle income,-69.8371,9.08165
2589,VE,"Venezuela, RB",Individuals using the Internet (% of population),2016,60.0,Latin America & Caribbean ,Lower middle income,-69.8371,9.08165
2590,VN,Viet Nam,Individuals using the Internet (% of population),2025,,East Asia & Pacific,Upper middle income,105.825,21.0069
2591,VN,Viet Nam,Individuals using the Internet (% of population),2024,84.15,East Asia & Pacific,Upper middle income,105.825,21.0069
2592,VN,Viet Nam,Individuals using the Internet (% of population),2023,78.08,East Asia & Pacific,Upper middle income,105.825,21.0069
2593,VN,Viet Nam,Individuals using the Internet (% of population),2022,78.58999918,East Asia & Pacific,Upper middle income,105.825,21.0069
2594,VN,Viet Nam,Individuals using the Internet (% of population),2021,74.20999985,East Asia & Pacific,Upper middle income,105.825,21.0069
2595,VN,Viet Nam,Individuals using the Internet (% of population),2020,70.30000012,East Asia & Pacific,Upper middle income,105.825,21.0069
2596,VN,Viet Nam,Individuals using the Internet (% of population),2019,68.6615802057338,East Asia & Pacific,Upper middle income,105.825,21.0069
2597,VN,Viet Nam,Individuals using the Internet (% of population),2018,69.8479286837965,East Asia & Pacific,Upper middle income,105.825,21.0069
2598,VN,Viet Nam,Individuals using the Internet (% of population),2017,58.1400000036297,East Asia & Pacific,Upper middle income,105.825,21.0069
2599,VN,Viet Nam,Individuals using the Internet (% of population),2016,53.0,East Asia & Pacific,Upper middle income,105.825,21.0069
2600,VI,Virgin Islands (U.S.),Individuals using the Internet (% of population),2025,,Latin America & Caribbean ,High income,-64.8963,18.3358
2601,VI,Virgin Islands (U.S.),Individuals using the Internet (% of population),2024,,Latin America & Caribbean ,High income,-64.8963,18.3358
2602,VI,Virgin Islands (U.S.),Individuals using the Internet (% of population),2023,,Latin America & Caribbean ,High income,-64.8963,18.3358
2603,VI,Virgin Islands (U.S.),Individuals using the Internet (% of population),2022,,Latin America & Caribbean ,High income,-64.8963,18.3358
2604,VI,Virgin Islands (U.S.),Individuals using the Internet (% of population),2021,,Latin America & Caribbean ,High income,-64.8963,18.3358
2605,VI,Virgin Islands (U.S.),Individuals using the Internet (% of population),2020,,Latin America & Caribbean ,High income,-64.8963,18.3358
2606,VI,Virgin Islands (U.S.),Individuals using the Internet (% of population),2019,,Latin America & Caribbean ,High income,-64.8963,18.3358
2607,VI,Virgin Islands (U.S.),Individuals using the Internet (% of population),2018,,Latin America & Caribbean ,High income,-64.8963,18.3358
2608,VI,Virgin Islands (U.S.),Individuals using the Internet (% of population),2017,64.3774942980087,Latin America & Caribbean ,High income,-64.8963,18.3358
2609,VI,Virgin Islands (U.S.),Individuals using the Internet (% of population),2016,59.60831579895,Latin America & Caribbean ,High income,-64.8963,18.3358
2610,PS,West Bank and Gaza,Individuals using the Internet (% of population),2025,,"Middle East, North Africa, Afghanistan & Pakistan",Lower middle income,,
2611,PS,West Bank and Gaza,Individuals using the Internet (% of population),2024,,"Middle East, North Africa, Afghanistan & Pakistan",Lower middle income,,
2612,PS,West Bank and Gaza,Individuals using the Internet (% of population),2023,86.63765334,"Middle East, North Africa, Afghanistan & Pakistan",Lower middle income,,
2613,PS,West Bank and Gaza,Individuals using the Internet (% of population),2022,88.64690554,"Middle East, North Africa, Afghanistan & Pakistan",Lower middle income,,
2614,PS,West Bank and Gaza,Individuals using the Internet (% of population),2021,,"Middle East, North Africa, Afghanistan & Pakistan",Lower middle income,,
2615,PS,West Bank and Gaza,Individuals using the Internet (% of population),2020,76.18160248,"Middle East, North Africa, Afghanistan & Pakistan",Lower middle income,,
2616,PS,West Bank and Gaza,Individuals using the Internet (% of population),2019,70.6225837001758,"Middle East, North Africa, Afghanistan & Pakistan",Lower middle income,,
2617,PS,West Bank and Gaza,Individuals using the Internet (% of population),2018,64.3999937114499,"Middle East, North Africa, Afghanistan & Pakistan",Lower middle income,,
2618,PS,West Bank and Gaza,Individuals using the Internet (% of population),2017,63.29999924,"Middle East, North Africa, Afghanistan & Pakistan",Lower middle income,,
2619,PS,West Bank and Gaza,Individuals using the Internet (% of population),2016,59.90000153,"Middle East, North Africa, Afghanistan & Pakistan",Lower middle income,,
2620,YE,"Yemen, Rep.",Individuals using the Internet (% of population),2025,,"Middle East, North Africa, Afghanistan & Pakistan",Low income,44.2075,15.352
2621,YE,"Yemen, Rep.",Individuals using the Internet (% of population),2024,,"Middle East, North Africa, Afghanistan & Pakistan",Low income,44.2075,15.352
2622,YE,"Yemen, Rep.",Individuals using the Internet (% of population),2023,,"Middle East, North Africa, Afghanistan & Pakistan",Low income,44.2075,15.352
2623,YE,"Yemen, Rep.",Individuals using the Internet (% of population),2022,,"Middle East, North Africa, Afghanistan & Pakistan",Low income,44.2075,15.352
2624,YE,"Yemen, Rep.",Individuals using the Internet (% of population),2021,,"Middle East, North Africa, Afghanistan & Pakistan",Low income,44.2075,15.352
2625,YE,"Yemen, Rep.",Individuals using the Internet (% of population),2020,,"Middle East, North Africa, Afghanistan & Pakistan",Low income,44.2075,15.352
2626,YE,"Yemen, Rep.",Individuals using the Internet (% of population),2019,17.49099922,"Middle East, North Africa, Afghanistan & Pakistan",Low income,44.2075,15.352
2627,YE,"Yemen, Rep.",Individuals using the Internet (% of population),2018,,"Middle East, North Africa, Afghanistan & Pakistan",Low income,44.2075,15.352
2628,YE,"Yemen, Rep.",Individuals using the Internet (% of population),2017,,"Middle East, North Africa, Afghanistan & Pakistan",Low income,44.2075,15.352
2629,YE,"Yemen, Rep.",Individuals using the Internet (% of population),2016,24.57920074,"Middle East, North Africa, Afghanistan & Pakistan",Low income,44.2075,15.352
2630,ZM,Zambia,Individuals using the Internet (% of population),2025,,Sub-Saharan Africa ,Lower middle income,28.2937,-15.3982
2631,ZM,Zambia,Individuals using the Internet (% of population),2024,17.10099983,Sub-Saharan Africa ,Lower middle income,28.2937,-15.3982
2632,ZM,Zambia,Individuals using the Internet (% of population),2023,16.45070076,Sub-Saharan Africa ,Lower middle income,28.2937,-15.3982
2633,ZM,Zambia,Individuals using the Internet (% of population),2022,15.0,Sub-Saharan Africa ,Lower middle income,28.2937,-15.3982
2634,ZM,Zambia,Individuals using the Internet (% of population),2021,14.82190037,Sub-Saharan Africa ,Lower middle income,28.2937,-15.3982
2635,ZM,Zambia,Individuals using the Internet (% of population),2020,14.64579964,Sub-Saharan Africa ,Lower middle income,28.2937,-15.3982
2636,ZM,Zambia,Individuals using the Internet (% of population),2019,14.47189999,Sub-Saharan Africa ,Lower middle income,28.2937,-15.3982
2637,ZM,Zambia,Individuals using the Internet (% of population),2018,14.2999970950012,Sub-Saharan Africa ,Lower middle income,28.2937,-15.3982
2638,ZM,Zambia,Individuals using the Internet (% of population),2017,12.19999981,Sub-Saharan Africa ,Lower middle income,28.2937,-15.3982
2639,ZM,Zambia,Individuals using the Internet (% of population),2016,10.30000019,Sub-Saharan Africa ,Lower middle income,28.2937,-15.3982
2640,ZW,Zimbabwe,Individuals using the Internet (% of population),2025,,Sub-Saharan Africa ,Lower middle income,31.0672,-17.8312
2641,ZW,Zimbabwe,Individuals using the Internet (% of population),2024,41.64279938,Sub-Saharan Africa ,Lower middle income,31.0672,-17.8312
2642,ZW,Zimbabwe,Individuals using the Internet (% of population),2023,38.67480087,Sub-Saharan Africa ,Lower middle income,31.0672,-17.8312
2643,ZW,Zimbabwe,Individuals using the Internet (% of population),2022,36.25650024,Sub-Saharan Africa ,Lower middle income,31.0672,-17.8312
2644,ZW,Zimbabwe,Individuals using the Internet (% of population),2021,32.5923996,Sub-Saharan Africa ,Lower middle income,31.0672,-17.8312
2645,ZW,Zimbabwe,Individuals using the Internet (% of population),2020,29.29856532,Sub-Saharan Africa ,Lower middle income,31.0672,-17.8312
2646,ZW,Zimbabwe,Individuals using the Internet (% of population),2019,26.5883007,Sub-Saharan Africa ,Lower middle income,31.0672,-17.8312
2647,ZW,Zimbabwe,Individuals using the Internet (% of population),2018,25.0,Sub-Saharan Africa ,Lower middle income,31.0672,-17.8312
2648,ZW,Zimbabwe,Individuals using the Internet (% of population),2017,24.39999962,Sub-Saharan Africa ,Lower middle income,31.0672,-17.8312
2649,ZW,Zimbabwe,Individuals using the Internet (% of population),2016,23.12000084,Sub-Saharan Africa ,Lower middle income,31.0672,-17.8312
2650,ZH,Africa Eastern and Southern,Mobile cellular subscriptions (per 100 people),2025,93.1,Aggregates,Aggregates,,
2651,ZH,Africa Eastern and Southern,Mobile cellular subscriptions (per 100 people),2024,87.3,Aggregates,Aggregates,,
2652,ZH,Africa Eastern and Southern,Mobile cellular subscriptions (per 100 people),2023,82.3,Aggregates,Aggregates,,
2653,ZH,Africa Eastern and Southern,Mobile cellular subscriptions (per 100 people),2022,77.7,Aggregates,Aggregates,,
2654,ZH,Africa Eastern and Southern,Mobile cellular subscriptions (per 100 people),2021,74.7,Aggregates,Aggregates,,
2655,ZH,Africa Eastern and Southern,Mobile cellular subscriptions (per 100 people),2020,69.9,Aggregates,Aggregates,,
2656,ZH,Africa Eastern and Southern,Mobile cellular subscriptions (per 100 people),2019,67.9,Aggregates,Aggregates,,
2657,ZH,Africa Eastern and Southern,Mobile cellular subscriptions (per 100 people),2018,65.2,Aggregates,Aggregates,,
2658,ZH,Africa Eastern and Southern,Mobile cellular subscriptions (per 100 people),2017,63.5,Aggregates,Aggregates,,
2659,ZH,Africa Eastern and Southern,Mobile cellular subscriptions (per 100 people),2016,63.6,Aggregates,Aggregates,,
2660,ZI,Africa Western and Central,Mobile cellular subscriptions (per 100 people),2025,86.5,Aggregates,Aggregates,,
2661,ZI,Africa Western and Central,Mobile cellular subscriptions (per 100 people),2024,91.8,Aggregates,Aggregates,,
2662,ZI,Africa Western and Central,Mobile cellular subscriptions (per 100 people),2023,101.4,Aggregates,Aggregates,,
2663,ZI,Africa Western and Central,Mobile cellular subscriptions (per 100 people),2022,102.1,Aggregates,Aggregates,,
2664,ZI,Africa Western and Central,Mobile cellular subscriptions (per 100 people),2021,95.2,Aggregates,Aggregates,,
2665,ZI,Africa Western and Central,Mobile cellular subscriptions (per 100 people),2020,96.7,Aggregates,Aggregates,,
2666,ZI,Africa Western and Central,Mobile cellular subscriptions (per 100 people),2019,91.3,Aggregates,Aggregates,,
2667,ZI,Africa Western and Central,Mobile cellular subscriptions (per 100 people),2018,87.8,Aggregates,Aggregates,,
2668,ZI,Africa Western and Central,Mobile cellular subscriptions (per 100 people),2017,81.4,Aggregates,Aggregates,,
2669,ZI,Africa Western and Central,Mobile cellular subscriptions (per 100 people),2016,82.9,Aggregates,Aggregates,,
2670,1A,Arab World,Mobile cellular subscriptions (per 100 people),2025,,Aggregates,Aggregates,,
2671,1A,Arab World,Mobile cellular subscriptions (per 100 people),2024,,Aggregates,Aggregates,,
2672,1A,Arab World,Mobile cellular subscriptions (per 100 people),2023,,Aggregates,Aggregates,,
2673,1A,Arab World,Mobile cellular subscriptions (per 100 people),2022,102.925568544421,Aggregates,Aggregates,,
2674,1A,Arab World,Mobile cellular subscriptions (per 100 people),2021,99.2339505781343,Aggregates,Aggregates,,
2675,1A,Arab World,Mobile cellular subscriptions (per 100 people),2020,96.2300336647374,Aggregates,Aggregates,,
2676,1A,Arab World,Mobile cellular subscriptions (per 100 people),2019,96.7326519819152,Aggregates,Aggregates,,
2677,1A,Arab World,Mobile cellular subscriptions (per 100 people),2018,96.4014579839673,Aggregates,Aggregates,,
2678,1A,Arab World,Mobile cellular subscriptions (per 100 people),2017,98.1963031894916,Aggregates,Aggregates,,
2679,1A,Arab World,Mobile cellular subscriptions (per 100 people),2016,100.424978952655,Aggregates,Aggregates,,
2680,S3,Caribbean small states,Mobile cellular subscriptions (per 100 people),2025,,Aggregates,Aggregates,,
2681,S3,Caribbean small states,Mobile cellular subscriptions (per 100 people),2024,,Aggregates,Aggregates,,
2682,S3,Caribbean small states,Mobile cellular subscriptions (per 100 people),2023,,Aggregates,Aggregates,,
2683,S3,Caribbean small states,Mobile cellular subscriptions (per 100 people),2022,,Aggregates,Aggregates,,
2684,S3,Caribbean small states,Mobile cellular subscriptions (per 100 people),2021,109.129045044123,Aggregates,Aggregates,,
2685,S3,Caribbean small states,Mobile cellular subscriptions (per 100 people),2020,111.600729388143,Aggregates,Aggregates,,
2686,S3,Caribbean small states,Mobile cellular subscriptions (per 100 people),2019,106.436957613453,Aggregates,Aggregates,,
2687,S3,Caribbean small states,Mobile cellular subscriptions (per 100 people),2018,104.593014821527,Aggregates,Aggregates,,
2688,S3,Caribbean small states,Mobile cellular subscriptions (per 100 people),2017,102.877295759944,Aggregates,Aggregates,,
2689,S3,Caribbean small states,Mobile cellular subscriptions (per 100 people),2016,101.901814316053,Aggregates,Aggregates,,
2690,B8,Central Europe and the Baltics,Mobile cellular subscriptions (per 100 people),2025,,Aggregates,Aggregates,,
2691,B8,Central Europe and the Baltics,Mobile cellular subscriptions (per 100 people),2024,,Aggregates,Aggregates,,
2692,B8,Central Europe and the Baltics,Mobile cellular subscriptions (per 100 people),2023,,Aggregates,Aggregates,,
2693,B8,Central Europe and the Baltics,Mobile cellular subscriptions (per 100 people),2022,124.683360007648,Aggregates,Aggregates,,
2694,B8,Central Europe and the Baltics,Mobile cellular subscriptions (per 100 people),2021,124.396200399213,Aggregates,Aggregates,,
2695,B8,Central Europe and the Baltics,Mobile cellular subscriptions (per 100 people),2020,121.617426753818,Aggregates,Aggregates,,
2696,B8,Central Europe and the Baltics,Mobile cellular subscriptions (per 100 people),2019,120.788794710806,Aggregates,Aggregates,,
2697,B8,Central Europe and the Baltics,Mobile cellular subscriptions (per 100 people),2018,119.829218463391,Aggregates,Aggregates,,
2698,B8,Central Europe and the Baltics,Mobile cellular subscriptions (per 100 people),2017,122.132128080483,Aggregates,Aggregates,,
2699,B8,Central Europe and the Baltics,Mobile cellular subscriptions (per 100 people),2016,124.997371413113,Aggregates,Aggregates,,
2700,V2,Early-demographic dividend,Mobile cellular subscriptions (per 100 people),2025,,Aggregates,Aggregates,,
2701,V2,Early-demographic dividend,Mobile cellular subscriptions (per 100 people),2024,,Aggregates,Aggregates,,
2702,V2,Early-demographic dividend,Mobile cellular subscriptions (per 100 people),2023,,Aggregates,Aggregates,,
2703,V2,Early-demographic dividend,Mobile cellular subscriptions (per 100 people),2022,96.3653995383414,Aggregates,Aggregates,,
2704,V2,Early-demographic dividend,Mobile cellular subscriptions (per 100 people),2021,97.8329155295442,Aggregates,Aggregates,,
2705,V2,Early-demographic dividend,Mobile cellular subscriptions (per 100 people),2020,95.6621086286102,Aggregates,Aggregates,,
2706,V2,Early-demographic dividend,Mobile cellular subscriptions (per 100 people),2019,95.9977673901306,Aggregates,Aggregates,,
2707,V2,Early-demographic dividend,Mobile cellular subscriptions (per 100 people),2018,95.6077352113338,Aggregates,Aggregates,,
2708,V2,Early-demographic dividend,Mobile cellular subscriptions (per 100 people),2017,96.3611769859029,Aggregates,Aggregates,,
2709,V2,Early-demographic dividend,Mobile cellular subscriptions (per 100 people),2016,93.9590434686905,Aggregates,Aggregates,,
2710,Z4,East Asia & Pacific,Mobile cellular subscriptions (per 100 people),2025,135.1,Aggregates,Aggregates,,
2711,Z4,East Asia & Pacific,Mobile cellular subscriptions (per 100 people),2024,132.9,Aggregates,Aggregates,,
2712,Z4,East Asia & Pacific,Mobile cellular subscriptions (per 100 people),2023,130.9,Aggregates,Aggregates,,
2713,Z4,East Asia & Pacific,Mobile cellular subscriptions (per 100 people),2022,128.7,Aggregates,Aggregates,,
2714,Z4,East Asia & Pacific,Mobile cellular subscriptions (per 100 people),2021,127.6,Aggregates,Aggregates,,
2715,Z4,East Asia & Pacific,Mobile cellular subscriptions (per 100 people),2020,126.1,Aggregates,Aggregates,,
2716,Z4,East Asia & Pacific,Mobile cellular subscriptions (per 100 people),2019,128.1,Aggregates,Aggregates,,
2717,Z4,East Asia & Pacific,Mobile cellular subscriptions (per 100 people),2018,120.7,Aggregates,Aggregates,,
2718,Z4,East Asia & Pacific,Mobile cellular subscriptions (per 100 people),2017,115.9,Aggregates,Aggregates,,
2719,Z4,East Asia & Pacific,Mobile cellular subscriptions (per 100 people),2016,109.8,Aggregates,Aggregates,,
2720,4E,East Asia & Pacific (excluding high income),Mobile cellular subscriptions (per 100 people),2025,129.8,Aggregates,Aggregates,,
2721,4E,East Asia & Pacific (excluding high income),Mobile cellular subscriptions (per 100 people),2024,128.2,Aggregates,Aggregates,,
2722,4E,East Asia & Pacific (excluding high income),Mobile cellular subscriptions (per 100 people),2023,126.9,Aggregates,Aggregates,,
2723,4E,East Asia & Pacific (excluding high income),Mobile cellular subscriptions (per 100 people),2022,125.5,Aggregates,Aggregates,,
2724,4E,East Asia & Pacific (excluding high income),Mobile cellular subscriptions (per 100 people),2021,124.9,Aggregates,Aggregates,,
2725,4E,East Asia & Pacific (excluding high income),Mobile cellular subscriptions (per 100 people),2020,123.8,Aggregates,Aggregates,,
2726,4E,East Asia & Pacific (excluding high income),Mobile cellular subscriptions (per 100 people),2019,126.854387586962,Aggregates,Aggregates,,
2727,4E,East Asia & Pacific (excluding high income),Mobile cellular subscriptions (per 100 people),2018,120.388492509008,Aggregates,Aggregates,,
2728,4E,East Asia & Pacific (excluding high income),Mobile cellular subscriptions (per 100 people),2017,114.29740003326,Aggregates,Aggregates,,
2729,4E,East Asia & Pacific (excluding high income),Mobile cellular subscriptions (per 100 people),2016,107.879616292969,Aggregates,Aggregates,,
2730,T4,East Asia & Pacific (IDA & IBRD countries),Mobile cellular subscriptions (per 100 people),2025,131.0,Aggregates,Aggregates,,
2731,T4,East Asia & Pacific (IDA & IBRD countries),Mobile cellular subscriptions (per 100 people),2024,129.5,Aggregates,Aggregates,,
2732,T4,East Asia & Pacific (IDA & IBRD countries),Mobile cellular subscriptions (per 100 people),2023,128.1,Aggregates,Aggregates,,
2733,T4,East Asia & Pacific (IDA & IBRD countries),Mobile cellular subscriptions (per 100 people),2022,126.8,Aggregates,Aggregates,,
2734,T4,East Asia & Pacific (IDA & IBRD countries),Mobile cellular subscriptions (per 100 people),2021,126.2,Aggregates,Aggregates,,
2735,T4,East Asia & Pacific (IDA & IBRD countries),Mobile cellular subscriptions (per 100 people),2020,125.0,Aggregates,Aggregates,,
2736,T4,East Asia & Pacific (IDA & IBRD countries),Mobile cellular subscriptions (per 100 people),2019,127.8,Aggregates,Aggregates,,
2737,T4,East Asia & Pacific (IDA & IBRD countries),Mobile cellular subscriptions (per 100 people),2018,119.9,Aggregates,Aggregates,,
2738,T4,East Asia & Pacific (IDA & IBRD countries),Mobile cellular subscriptions (per 100 people),2017,115.1,Aggregates,Aggregates,,
2739,T4,East Asia & Pacific (IDA & IBRD countries),Mobile cellular subscriptions (per 100 people),2016,108.6,Aggregates,Aggregates,,
2740,XC,Euro area,Mobile cellular subscriptions (per 100 people),2025,,Aggregates,Aggregates,,
2741,XC,Euro area,Mobile cellular subscriptions (per 100 people),2024,,Aggregates,Aggregates,,
2742,XC,Euro area,Mobile cellular subscriptions (per 100 people),2023,,Aggregates,Aggregates,,
2743,XC,Euro area,Mobile cellular subscriptions (per 100 people),2022,123.504922574754,Aggregates,Aggregates,,
2744,XC,Euro area,Mobile cellular subscriptions (per 100 people),2021,123.005707748284,Aggregates,Aggregates,,
2745,XC,Euro area,Mobile cellular subscriptions (per 100 people),2020,121.425545157311,Aggregates,Aggregates,,
2746,XC,Euro area,Mobile cellular subscriptions (per 100 people),2019,122.045744412398,Aggregates,Aggregates,,
2747,XC,Euro area,Mobile cellular subscriptions (per 100 people),2018,122.501733240973,Aggregates,Aggregates,,
2748,XC,Euro area,Mobile cellular subscriptions (per 100 people),2017,122.790373736647,Aggregates,Aggregates,,
2749,XC,Euro area,Mobile cellular subscriptions (per 100 people),2016,121.39529734813,Aggregates,Aggregates,,
2750,Z7,Europe & Central Asia,Mobile cellular subscriptions (per 100 people),2025,134.6,Aggregates,Aggregates,,
2751,Z7,Europe & Central Asia,Mobile cellular subscriptions (per 100 people),2024,132.4,Aggregates,Aggregates,,
2752,Z7,Europe & Central Asia,Mobile cellular subscriptions (per 100 people),2023,130.2,Aggregates,Aggregates,,
2753,Z7,Europe & Central Asia,Mobile cellular subscriptions (per 100 people),2022,126.6,Aggregates,Aggregates,,
2754,Z7,Europe & Central Asia,Mobile cellular subscriptions (per 100 people),2021,126.0,Aggregates,Aggregates,,
2755,Z7,Europe & Central Asia,Mobile cellular subscriptions (per 100 people),2020,123.3,Aggregates,Aggregates,,
2756,Z7,Europe & Central Asia,Mobile cellular subscriptions (per 100 people),2019,125.0,Aggregates,Aggregates,,
2757,Z7,Europe & Central Asia,Mobile cellular subscriptions (per 100 people),2018,122.6,Aggregates,Aggregates,,
2758,Z7,Europe & Central Asia,Mobile cellular subscriptions (per 100 people),2017,122.7,Aggregates,Aggregates,,
2759,Z7,Europe & Central Asia,Mobile cellular subscriptions (per 100 people),2016,123.6,Aggregates,Aggregates,,
2760,7E,Europe & Central Asia (excluding high income),Mobile cellular subscriptions (per 100 people),2025,117.3,Aggregates,Aggregates,,
2761,7E,Europe & Central Asia (excluding high income),Mobile cellular subscriptions (per 100 people),2024,115.4,Aggregates,Aggregates,,
2762,7E,Europe & Central Asia (excluding high income),Mobile cellular subscriptions (per 100 people),2023,113.2,Aggregates,Aggregates,,
2763,7E,Europe & Central Asia (excluding high income),Mobile cellular subscriptions (per 100 people),2022,110.0,Aggregates,Aggregates,,
2764,7E,Europe & Central Asia (excluding high income),Mobile cellular subscriptions (per 100 people),2021,109.9,Aggregates,Aggregates,,
2765,7E,Europe & Central Asia (excluding high income),Mobile cellular subscriptions (per 100 people),2020,106.3,Aggregates,Aggregates,,
2766,7E,Europe & Central Asia (excluding high income),Mobile cellular subscriptions (per 100 people),2019,111.747265336464,Aggregates,Aggregates,,
2767,7E,Europe & Central Asia (excluding high income),Mobile cellular subscriptions (per 100 people),2018,107.098654897689,Aggregates,Aggregates,,
2768,7E,Europe & Central Asia (excluding high income),Mobile cellular subscriptions (per 100 people),2017,109.863407070652,Aggregates,Aggregates,,
2769,7E,Europe & Central Asia (excluding high income),Mobile cellular subscriptions (per 100 people),2016,108.379627294018,Aggregates,Aggregates,,
2770,T7,Europe & Central Asia (IDA & IBRD countries),Mobile cellular subscriptions (per 100 people),2025,142.4,Aggregates,Aggregates,,
2771,T7,Europe & Central Asia (IDA & IBRD countries),Mobile cellular subscriptions (per 100 people),2024,139.6,Aggregates,Aggregates,,
2772,T7,Europe & Central Asia (IDA & IBRD countries),Mobile cellular subscriptions (per 100 people),2023,136.8,Aggregates,Aggregates,,
2773,T7,Europe & Central Asia (IDA & IBRD countries),Mobile cellular subscriptions (per 100 people),2022,131.1,Aggregates,Aggregates,,
2774,T7,Europe & Central Asia (IDA & IBRD countries),Mobile cellular subscriptions (per 100 people),2021,130.9,Aggregates,Aggregates,,
2775,T7,Europe & Central Asia (IDA & IBRD countries),Mobile cellular subscriptions (per 100 people),2020,126.7,Aggregates,Aggregates,,
2776,T7,Europe & Central Asia (IDA & IBRD countries),Mobile cellular subscriptions (per 100 people),2019,129.0,Aggregates,Aggregates,,
2777,T7,Europe & Central Asia (IDA & IBRD countries),Mobile cellular subscriptions (per 100 people),2018,124.5,Aggregates,Aggregates,,
2778,T7,Europe & Central Asia (IDA & IBRD countries),Mobile cellular subscriptions (per 100 people),2017,124.1,Aggregates,Aggregates,,
2779,T7,Europe & Central Asia (IDA & IBRD countries),Mobile cellular subscriptions (per 100 people),2016,126.8,Aggregates,Aggregates,,
2780,EU,European Union,Mobile cellular subscriptions (per 100 people),2025,,Aggregates,Aggregates,,
2781,EU,European Union,Mobile cellular subscriptions (per 100 people),2024,,Aggregates,Aggregates,,
2782,EU,European Union,Mobile cellular subscriptions (per 100 people),2023,,Aggregates,Aggregates,,
2783,EU,European Union,Mobile cellular subscriptions (per 100 people),2022,123.687099666304,Aggregates,Aggregates,,
2784,EU,European Union,Mobile cellular subscriptions (per 100 people),2021,123.265317671991,Aggregates,Aggregates,,
2785,EU,European Union,Mobile cellular subscriptions (per 100 people),2020,121.476371720115,Aggregates,Aggregates,,
2786,EU,European Union,Mobile cellular subscriptions (per 100 people),2019,121.799562736112,Aggregates,Aggregates,,
2787,EU,European Union,Mobile cellular subscriptions (per 100 people),2018,121.955286915766,Aggregates,Aggregates,,
2788,EU,European Union,Mobile cellular subscriptions (per 100 people),2017,122.55683721261,Aggregates,Aggregates,,
2789,EU,European Union,Mobile cellular subscriptions (per 100 people),2016,122.1922182244,Aggregates,Aggregates,,
2790,XE,Heavily indebted poor countries (HIPC),Mobile cellular subscriptions (per 100 people),2025,,Aggregates,Aggregates,,
2791,XE,Heavily indebted poor countries (HIPC),Mobile cellular subscriptions (per 100 people),2024,,Aggregates,Aggregates,,
2792,XE,Heavily indebted poor countries (HIPC),Mobile cellular subscriptions (per 100 people),2023,,Aggregates,Aggregates,,
2793,XE,Heavily indebted poor countries (HIPC),Mobile cellular subscriptions (per 100 people),2022,76.7140221946963,Aggregates,Aggregates,,
2794,XE,Heavily indebted poor countries (HIPC),Mobile cellular subscriptions (per 100 people),2021,74.4847568397299,Aggregates,Aggregates,,
2795,XE,Heavily indebted poor countries (HIPC),Mobile cellular subscriptions (per 100 people),2020,70.9316903394181,Aggregates,Aggregates,,
2796,XE,Heavily indebted poor countries (HIPC),Mobile cellular subscriptions (per 100 people),2019,68.0968402043626,Aggregates,Aggregates,,
2797,XE,Heavily indebted poor countries (HIPC),Mobile cellular subscriptions (per 100 people),2018,72.134817476378,Aggregates,Aggregates,,
2798,XE,Heavily indebted poor countries (HIPC),Mobile cellular subscriptions (per 100 people),2017,65.1418315273652,Aggregates,Aggregates,,
2799,XE,Heavily indebted poor countries (HIPC),Mobile cellular subscriptions (per 100 people),2016,65.09246540567,Aggregates,Aggregates,,
2800,XD,High income,Mobile cellular subscriptions (per 100 people),2025,141.6,Aggregates,Aggregates,,
2801,XD,High income,Mobile cellular subscriptions (per 100 people),2024,138.5,Aggregates,Aggregates,,
2802,XD,High income,Mobile cellular subscriptions (per 100 people),2023,135.8,Aggregates,Aggregates,,
2803,XD,High income,Mobile cellular subscriptions (per 100 people),2022,131.3,Aggregates,Aggregates,,
2804,XD,High income,Mobile cellular subscriptions (per 100 people),2021,128.7,Aggregates,Aggregates,,
2805,XD,High income,Mobile cellular subscriptions (per 100 people),2020,125.9,Aggregates,Aggregates,,
2806,XD,High income,Mobile cellular subscriptions (per 100 people),2019,126.1,Aggregates,Aggregates,,
2807,XD,High income,Mobile cellular subscriptions (per 100 people),2018,124.2,Aggregates,Aggregates,,
2808,XD,High income,Mobile cellular subscriptions (per 100 people),2017,122.9,Aggregates,Aggregates,,
2809,XD,High income,Mobile cellular subscriptions (per 100 people),2016,123.3,Aggregates,Aggregates,,
2810,XF,IBRD only,Mobile cellular subscriptions (per 100 people),2025,115.9,Aggregates,Aggregates,,
2811,XF,IBRD only,Mobile cellular subscriptions (per 100 people),2024,114.9,Aggregates,Aggregates,,
2812,XF,IBRD only,Mobile cellular subscriptions (per 100 people),2023,113.9,Aggregates,Aggregates,,
2813,XF,IBRD only,Mobile cellular subscriptions (per 100 people),2022,112.2,Aggregates,Aggregates,,
2814,XF,IBRD only,Mobile cellular subscriptions (per 100 people),2021,111.6,Aggregates,Aggregates,,
2815,XF,IBRD only,Mobile cellular subscriptions (per 100 people),2020,109.6,Aggregates,Aggregates,,
2816,XF,IBRD only,Mobile cellular subscriptions (per 100 people),2019,111.0,Aggregates,Aggregates,,
2817,XF,IBRD only,Mobile cellular subscriptions (per 100 people),2018,108.3,Aggregates,Aggregates,,
2818,XF,IBRD only,Mobile cellular subscriptions (per 100 people),2017,106.8,Aggregates,Aggregates,,
2819,XF,IBRD only,Mobile cellular subscriptions (per 100 people),2016,103.9,Aggregates,Aggregates,,
2820,ZT,IDA & IBRD total,Mobile cellular subscriptions (per 100 people),2025,107.8,Aggregates,Aggregates,,
2821,ZT,IDA & IBRD total,Mobile cellular subscriptions (per 100 people),2024,107.0,Aggregates,Aggregates,,
2822,ZT,IDA & IBRD total,Mobile cellular subscriptions (per 100 people),2023,106.7,Aggregates,Aggregates,,
2823,ZT,IDA & IBRD total,Mobile cellular subscriptions (per 100 people),2022,105.2,Aggregates,Aggregates,,
2824,ZT,IDA & IBRD total,Mobile cellular subscriptions (per 100 people),2021,104.2,Aggregates,Aggregates,,
2825,ZT,IDA & IBRD total,Mobile cellular subscriptions (per 100 people),2020,102.5,Aggregates,Aggregates,,
2826,ZT,IDA & IBRD total,Mobile cellular subscriptions (per 100 people),2019,102.9,Aggregates,Aggregates,,
2827,ZT,IDA & IBRD total,Mobile cellular subscriptions (per 100 people),2018,100.0,Aggregates,Aggregates,,
2828,ZT,IDA & IBRD total,Mobile cellular subscriptions (per 100 people),2017,98.0,Aggregates,Aggregates,,
2829,ZT,IDA & IBRD total,Mobile cellular subscriptions (per 100 people),2016,95.7,Aggregates,Aggregates,,
2830,XH,IDA blend,Mobile cellular subscriptions (per 100 people),2025,84.2,Aggregates,Aggregates,,
2831,XH,IDA blend,Mobile cellular subscriptions (per 100 people),2024,88.2,Aggregates,Aggregates,,
2832,XH,IDA blend,Mobile cellular subscriptions (per 100 people),2023,95.3,Aggregates,Aggregates,,
2833,XH,IDA blend,Mobile cellular subscriptions (per 100 people),2022,95.5,Aggregates,Aggregates,,
2834,XH,IDA blend,Mobile cellular subscriptions (per 100 people),2021,90.9,Aggregates,Aggregates,,
2835,XH,IDA blend,Mobile cellular subscriptions (per 100 people),2020,90.4,Aggregates,Aggregates,,
2836,XH,IDA blend,Mobile cellular subscriptions (per 100 people),2019,83.2,Aggregates,Aggregates,,
2837,XH,IDA blend,Mobile cellular subscriptions (per 100 people),2018,77.5,Aggregates,Aggregates,,
2838,XH,IDA blend,Mobile cellular subscriptions (per 100 people),2017,71.9,Aggregates,Aggregates,,
2839,XH,IDA blend,Mobile cellular subscriptions (per 100 people),2016,72.2,Aggregates,Aggregates,,
2840,XI,IDA only,Mobile cellular subscriptions (per 100 people),2025,88.6,Aggregates,Aggregates,,
2841,XI,IDA only,Mobile cellular subscriptions (per 100 people),2024,86.0,Aggregates,Aggregates,,
2842,XI,IDA only,Mobile cellular subscriptions (per 100 people),2023,84.1,Aggregates,Aggregates,,
2843,XI,IDA only,Mobile cellular subscriptions (per 100 people),2022,81.8,Aggregates,Aggregates,,
2844,XI,IDA only,Mobile cellular subscriptions (per 100 people),2021,80.9,Aggregates,Aggregates,,
2845,XI,IDA only,Mobile cellular subscriptions (per 100 people),2020,78.6,Aggregates,Aggregates,,
2846,XI,IDA only,Mobile cellular subscriptions (per 100 people),2019,78.9,Aggregates,Aggregates,,
2847,XI,IDA only,Mobile cellular subscriptions (per 100 people),2018,75.9,Aggregates,Aggregates,,
2848,XI,IDA only,Mobile cellular subscriptions (per 100 people),2017,72.9,Aggregates,Aggregates,,
2849,XI,IDA only,Mobile cellular subscriptions (per 100 people),2016,71.5,Aggregates,Aggregates,,
2850,XG,IDA total,Mobile cellular subscriptions (per 100 people),2025,87.1,Aggregates,Aggregates,,
2851,XG,IDA total,Mobile cellular subscriptions (per 100 people),2024,86.7,Aggregates,Aggregates,,
2852,XG,IDA total,Mobile cellular subscriptions (per 100 people),2023,88.0,Aggregates,Aggregates,,
2853,XG,IDA total,Mobile cellular subscriptions (per 100 people),2022,86.6,Aggregates,Aggregates,,
2854,XG,IDA total,Mobile cellular subscriptions (per 100 people),2021,84.4,Aggregates,Aggregates,,
2855,XG,IDA total,Mobile cellular subscriptions (per 100 people),2020,82.8,Aggregates,Aggregates,,
2856,XG,IDA total,Mobile cellular subscriptions (per 100 people),2019,80.4,Aggregates,Aggregates,,
2857,XG,IDA total,Mobile cellular subscriptions (per 100 people),2018,76.5,Aggregates,Aggregates,,
2858,XG,IDA total,Mobile cellular subscriptions (per 100 people),2017,72.5,Aggregates,Aggregates,,
2859,XG,IDA total,Mobile cellular subscriptions (per 100 people),2016,71.8,Aggregates,Aggregates,,
2860,V3,Late-demographic dividend,Mobile cellular subscriptions (per 100 people),2025,,Aggregates,Aggregates,,
2861,V3,Late-demographic dividend,Mobile cellular subscriptions (per 100 people),2024,,Aggregates,Aggregates,,
2862,V3,Late-demographic dividend,Mobile cellular subscriptions (per 100 people),2023,,Aggregates,Aggregates,,
2863,V3,Late-demographic dividend,Mobile cellular subscriptions (per 100 people),2022,126.745828074436,Aggregates,Aggregates,,
2864,V3,Late-demographic dividend,Mobile cellular subscriptions (per 100 people),2021,125.812134493348,Aggregates,Aggregates,,
2865,V3,Late-demographic dividend,Mobile cellular subscriptions (per 100 people),2020,123.572144960936,Aggregates,Aggregates,,
2866,V3,Late-demographic dividend,Mobile cellular subscriptions (per 100 people),2019,125.404898376046,Aggregates,Aggregates,,
2867,V3,Late-demographic dividend,Mobile cellular subscriptions (per 100 people),2018,122.711163672734,Aggregates,Aggregates,,
2868,V3,Late-demographic dividend,Mobile cellular subscriptions (per 100 people),2017,113.603401335573,Aggregates,Aggregates,,
2869,V3,Late-demographic dividend,Mobile cellular subscriptions (per 100 people),2016,110.460057411029,Aggregates,Aggregates,,
2870,ZJ,Latin America & Caribbean,Mobile cellular subscriptions (per 100 people),2025,116.8,Aggregates,Aggregates,,
2871,ZJ,Latin America & Caribbean,Mobile cellular subscriptions (per 100 people),2024,114.6,Aggregates,Aggregates,,
2872,ZJ,Latin America & Caribbean,Mobile cellular subscriptions (per 100 people),2023,112.6,Aggregates,Aggregates,,
2873,ZJ,Latin America & Caribbean,Mobile cellular subscriptions (per 100 people),2022,109.9,Aggregates,Aggregates,,
2874,ZJ,Latin America & Caribbean,Mobile cellular subscriptions (per 100 people),2021,108.7,Aggregates,Aggregates,,
2875,ZJ,Latin America & Caribbean,Mobile cellular subscriptions (per 100 people),2020,102.8,Aggregates,Aggregates,,
2876,ZJ,Latin America & Caribbean,Mobile cellular subscriptions (per 100 people),2019,103.3,Aggregates,Aggregates,,
2877,ZJ,Latin America & Caribbean,Mobile cellular subscriptions (per 100 people),2018,105.7,Aggregates,Aggregates,,
2878,ZJ,Latin America & Caribbean,Mobile cellular subscriptions (per 100 people),2017,107.3,Aggregates,Aggregates,,
2879,ZJ,Latin America & Caribbean,Mobile cellular subscriptions (per 100 people),2016,110.6,Aggregates,Aggregates,,
2880,XJ,Latin America & Caribbean (excluding high income),Mobile cellular subscriptions (per 100 people),2025,117.7,Aggregates,Aggregates,,
2881,XJ,Latin America & Caribbean (excluding high income),Mobile cellular subscriptions (per 100 people),2024,115.3,Aggregates,Aggregates,,
2882,XJ,Latin America & Caribbean (excluding high income),Mobile cellular subscriptions (per 100 people),2023,113.0,Aggregates,Aggregates,,
2883,XJ,Latin America & Caribbean (excluding high income),Mobile cellular subscriptions (per 100 people),2022,110.4,Aggregates,Aggregates,,
2884,XJ,Latin America & Caribbean (excluding high income),Mobile cellular subscriptions (per 100 people),2021,109.3,Aggregates,Aggregates,,
2885,XJ,Latin America & Caribbean (excluding high income),Mobile cellular subscriptions (per 100 people),2020,103.2,Aggregates,Aggregates,,
2886,XJ,Latin America & Caribbean (excluding high income),Mobile cellular subscriptions (per 100 people),2019,102.935203569244,Aggregates,Aggregates,,
2887,XJ,Latin America & Caribbean (excluding high income),Mobile cellular subscriptions (per 100 people),2018,105.416355456367,Aggregates,Aggregates,,
2888,XJ,Latin America & Caribbean (excluding high income),Mobile cellular subscriptions (per 100 people),2017,106.979795909807,Aggregates,Aggregates,,
2889,XJ,Latin America & Caribbean (excluding high income),Mobile cellular subscriptions (per 100 people),2016,110.176580106195,Aggregates,Aggregates,,
2890,T2,Latin America & the Caribbean (IDA & IBRD countries),Mobile cellular subscriptions (per 100 people),2025,117.5,Aggregates,Aggregates,,
2891,T2,Latin America & the Caribbean (IDA & IBRD countries),Mobile cellular subscriptions (per 100 people),2024,115.3,Aggregates,Aggregates,,
2892,T2,Latin America & the Caribbean (IDA & IBRD countries),Mobile cellular subscriptions (per 100 people),2023,113.2,Aggregates,Aggregates,,
2893,T2,Latin America & the Caribbean (IDA & IBRD countries),Mobile cellular subscriptions (per 100 people),2022,110.6,Aggregates,Aggregates,,
2894,T2,Latin America & the Caribbean (IDA & IBRD countries),Mobile cellular subscriptions (per 100 people),2021,109.5,Aggregates,Aggregates,,
2895,T2,Latin America & the Caribbean (IDA & IBRD countries),Mobile cellular subscriptions (per 100 people),2020,103.6,Aggregates,Aggregates,,
2896,T2,Latin America & the Caribbean (IDA & IBRD countries),Mobile cellular subscriptions (per 100 people),2019,104.1,Aggregates,Aggregates,,
2897,T2,Latin America & the Caribbean (IDA & IBRD countries),Mobile cellular subscriptions (per 100 people),2018,106.8,Aggregates,Aggregates,,
2898,T2,Latin America & the Caribbean (IDA & IBRD countries),Mobile cellular subscriptions (per 100 people),2017,108.5,Aggregates,Aggregates,,
2899,T2,Latin America & the Caribbean (IDA & IBRD countries),Mobile cellular subscriptions (per 100 people),2016,112.1,Aggregates,Aggregates,,
2900,XL,Least developed countries: UN classification,Mobile cellular subscriptions (per 100 people),2025,86.3,Aggregates,Aggregates,,
2901,XL,Least developed countries: UN classification,Mobile cellular subscriptions (per 100 people),2024,83.9,Aggregates,Aggregates,,
2902,XL,Least developed countries: UN classification,Mobile cellular subscriptions (per 100 people),2023,82.2,Aggregates,Aggregates,,
2903,XL,Least developed countries: UN classification,Mobile cellular subscriptions (per 100 people),2022,78.7,Aggregates,Aggregates,,
2904,XL,Least developed countries: UN classification,Mobile cellular subscriptions (per 100 people),2021,77.4,Aggregates,Aggregates,,
2905,XL,Least developed countries: UN classification,Mobile cellular subscriptions (per 100 people),2020,75.0,Aggregates,Aggregates,,
2906,XL,Least developed countries: UN classification,Mobile cellular subscriptions (per 100 people),2019,73.8109656936553,Aggregates,Aggregates,,
2907,XL,Least developed countries: UN classification,Mobile cellular subscriptions (per 100 people),2018,75.3630550960803,Aggregates,Aggregates,,
2908,XL,Least developed countries: UN classification,Mobile cellular subscriptions (per 100 people),2017,67.4699596052071,Aggregates,Aggregates,,
2909,XL,Least developed countries: UN classification,Mobile cellular subscriptions (per 100 people),2016,66.7254164006605,Aggregates,Aggregates,,
2910,XO,Low & middle income,Mobile cellular subscriptions (per 100 people),2025,,Aggregates,Aggregates,,
2911,XO,Low & middle income,Mobile cellular subscriptions (per 100 people),2024,,Aggregates,Aggregates,,
2912,XO,Low & middle income,Mobile cellular subscriptions (per 100 people),2023,,Aggregates,Aggregates,,
2913,XO,Low & middle income,Mobile cellular subscriptions (per 100 people),2022,104.401559003568,Aggregates,Aggregates,,
2914,XO,Low & middle income,Mobile cellular subscriptions (per 100 people),2021,103.023535265877,Aggregates,Aggregates,,
2915,XO,Low & middle income,Mobile cellular subscriptions (per 100 people),2020,101.296663699881,Aggregates,Aggregates,,
2916,XO,Low & middle income,Mobile cellular subscriptions (per 100 people),2019,101.585315512496,Aggregates,Aggregates,,
2917,XO,Low & middle income,Mobile cellular subscriptions (per 100 people),2018,100.365686483195,Aggregates,Aggregates,,
2918,XO,Low & middle income,Mobile cellular subscriptions (per 100 people),2017,96.6111318192515,Aggregates,Aggregates,,
2919,XO,Low & middle income,Mobile cellular subscriptions (per 100 people),2016,93.8812825625047,Aggregates,Aggregates,,
2920,XM,Low income,Mobile cellular subscriptions (per 100 people),2025,69.3,Aggregates,Aggregates,,
2921,XM,Low income,Mobile cellular subscriptions (per 100 people),2024,67.0,Aggregates,Aggregates,,
2922,XM,Low income,Mobile cellular subscriptions (per 100 people),2023,65.2,Aggregates,Aggregates,,
2923,XM,Low income,Mobile cellular subscriptions (per 100 people),2022,62.5,Aggregates,Aggregates,,
2924,XM,Low income,Mobile cellular subscriptions (per 100 people),2021,60.2,Aggregates,Aggregates,,
2925,XM,Low income,Mobile cellular subscriptions (per 100 people),2020,58.0,Aggregates,Aggregates,,
2926,XM,Low income,Mobile cellular subscriptions (per 100 people),2019,52.3,Aggregates,Aggregates,,
2927,XM,Low income,Mobile cellular subscriptions (per 100 people),2018,50.6,Aggregates,Aggregates,,
2928,XM,Low income,Mobile cellular subscriptions (per 100 people),2017,50.7,Aggregates,Aggregates,,
2929,XM,Low income,Mobile cellular subscriptions (per 100 people),2016,50.8,Aggregates,Aggregates,,
2930,XN,Lower middle income,Mobile cellular subscriptions (per 100 people),2025,89.9,Aggregates,Aggregates,,
2931,XN,Lower middle income,Mobile cellular subscriptions (per 100 people),2024,90.9,Aggregates,Aggregates,,
2932,XN,Lower middle income,Mobile cellular subscriptions (per 100 people),2023,92.8,Aggregates,Aggregates,,
2933,XN,Lower middle income,Mobile cellular subscriptions (per 100 people),2022,93.6,Aggregates,Aggregates,,
2934,XN,Lower middle income,Mobile cellular subscriptions (per 100 people),2021,92.8,Aggregates,Aggregates,,
2935,XN,Lower middle income,Mobile cellular subscriptions (per 100 people),2020,92.9,Aggregates,Aggregates,,
2936,XN,Lower middle income,Mobile cellular subscriptions (per 100 people),2019,92.4,Aggregates,Aggregates,,
2937,XN,Lower middle income,Mobile cellular subscriptions (per 100 people),2018,90.7,Aggregates,Aggregates,,
2938,XN,Lower middle income,Mobile cellular subscriptions (per 100 people),2017,88.1,Aggregates,Aggregates,,
2939,XN,Lower middle income,Mobile cellular subscriptions (per 100 people),2016,86.6,Aggregates,Aggregates,,
2940,ZQ,"Middle East, North Africa, Afghanistan & Pakistan",Mobile cellular subscriptions (per 100 people),2025,107.1,Aggregates,Aggregates,,
2941,ZQ,"Middle East, North Africa, Afghanistan & Pakistan",Mobile cellular subscriptions (per 100 people),2024,104.6,Aggregates,Aggregates,,
2942,ZQ,"Middle East, North Africa, Afghanistan & Pakistan",Mobile cellular subscriptions (per 100 people),2023,102.4,Aggregates,Aggregates,,
2943,ZQ,"Middle East, North Africa, Afghanistan & Pakistan",Mobile cellular subscriptions (per 100 people),2022,101.5,Aggregates,Aggregates,,
2944,ZQ,"Middle East, North Africa, Afghanistan & Pakistan",Mobile cellular subscriptions (per 100 people),2021,98.3,Aggregates,Aggregates,,
2945,ZQ,"Middle East, North Africa, Afghanistan & Pakistan",Mobile cellular subscriptions (per 100 people),2020,95.4,Aggregates,Aggregates,,
2946,ZQ,"Middle East, North Africa, Afghanistan & Pakistan",Mobile cellular subscriptions (per 100 people),2019,107.8,Aggregates,Aggregates,,
2947,ZQ,"Middle East, North Africa, Afghanistan & Pakistan",Mobile cellular subscriptions (per 100 people),2018,102.2,Aggregates,Aggregates,,
2948,ZQ,"Middle East, North Africa, Afghanistan & Pakistan",Mobile cellular subscriptions (per 100 people),2017,103.1,Aggregates,Aggregates,,
2949,ZQ,"Middle East, North Africa, Afghanistan & Pakistan",Mobile cellular subscriptions (per 100 people),2016,104.0,Aggregates,Aggregates,,
2950,XQ,"Middle East, North Africa, Afghanistan & Pakistan (excluding high income)",Mobile cellular subscriptions (per 100 people),2025,101.0,Aggregates,Aggregates,,
2951,XQ,"Middle East, North Africa, Afghanistan & Pakistan (excluding high income)",Mobile cellular subscriptions (per 100 people),2024,98.8,Aggregates,Aggregates,,
2952,XQ,"Middle East, North Africa, Afghanistan & Pakistan (excluding high income)",Mobile cellular subscriptions (per 100 people),2023,96.9,Aggregates,Aggregates,,
2953,XQ,"Middle East, North Africa, Afghanistan & Pakistan (excluding high income)",Mobile cellular subscriptions (per 100 people),2022,96.4,Aggregates,Aggregates,,
2954,XQ,"Middle East, North Africa, Afghanistan & Pakistan (excluding high income)",Mobile cellular subscriptions (per 100 people),2021,93.7,Aggregates,Aggregates,,
2955,XQ,"Middle East, North Africa, Afghanistan & Pakistan (excluding high income)",Mobile cellular subscriptions (per 100 people),2020,90.6,Aggregates,Aggregates,,
2956,XQ,"Middle East, North Africa, Afghanistan & Pakistan (excluding high income)",Mobile cellular subscriptions (per 100 people),2019,103.172035341985,Aggregates,Aggregates,,
2957,XQ,"Middle East, North Africa, Afghanistan & Pakistan (excluding high income)",Mobile cellular subscriptions (per 100 people),2018,95.8594616996784,Aggregates,Aggregates,,
2958,XQ,"Middle East, North Africa, Afghanistan & Pakistan (excluding high income)",Mobile cellular subscriptions (per 100 people),2017,97.6525656662388,Aggregates,Aggregates,,
2959,XQ,"Middle East, North Africa, Afghanistan & Pakistan (excluding high income)",Mobile cellular subscriptions (per 100 people),2016,96.0686374623559,Aggregates,Aggregates,,
2960,T3,"Middle East, North Africa, Afghanistan & Pakistan (IDA & IBRD)",Mobile cellular subscriptions (per 100 people),2025,101.1,Aggregates,Aggregates,,
2961,T3,"Middle East, North Africa, Afghanistan & Pakistan (IDA & IBRD)",Mobile cellular subscriptions (per 100 people),2024,99.0,Aggregates,Aggregates,,
2962,T3,"Middle East, North Africa, Afghanistan & Pakistan (IDA & IBRD)",Mobile cellular subscriptions (per 100 people),2023,97.0,Aggregates,Aggregates,,
2963,T3,"Middle East, North Africa, Afghanistan & Pakistan (IDA & IBRD)",Mobile cellular subscriptions (per 100 people),2022,96.5,Aggregates,Aggregates,,
2964,T3,"Middle East, North Africa, Afghanistan & Pakistan (IDA & IBRD)",Mobile cellular subscriptions (per 100 people),2021,93.8,Aggregates,Aggregates,,
2965,T3,"Middle East, North Africa, Afghanistan & Pakistan (IDA & IBRD)",Mobile cellular subscriptions (per 100 people),2020,90.7,Aggregates,Aggregates,,
2966,T3,"Middle East, North Africa, Afghanistan & Pakistan (IDA & IBRD)",Mobile cellular subscriptions (per 100 people),2019,101.8,Aggregates,Aggregates,,
2967,T3,"Middle East, North Africa, Afghanistan & Pakistan (IDA & IBRD)",Mobile cellular subscriptions (per 100 people),2018,95.0,Aggregates,Aggregates,,
2968,T3,"Middle East, North Africa, Afghanistan & Pakistan (IDA & IBRD)",Mobile cellular subscriptions (per 100 people),2017,96.3,Aggregates,Aggregates,,
2969,T3,"Middle East, North Africa, Afghanistan & Pakistan (IDA & IBRD)",Mobile cellular subscriptions (per 100 people),2016,94.8,Aggregates,Aggregates,,
2970,XP,Middle income,Mobile cellular subscriptions (per 100 people),2025,,Aggregates,Aggregates,,
2971,XP,Middle income,Mobile cellular subscriptions (per 100 people),2024,,Aggregates,Aggregates,,
2972,XP,Middle income,Mobile cellular subscriptions (per 100 people),2023,,Aggregates,Aggregates,,
2973,XP,Middle income,Mobile cellular subscriptions (per 100 people),2022,108.260864694504,Aggregates,Aggregates,,
2974,XP,Middle income,Mobile cellular subscriptions (per 100 people),2021,108.170552432744,Aggregates,Aggregates,,
2975,XP,Middle income,Mobile cellular subscriptions (per 100 people),2020,106.600308165132,Aggregates,Aggregates,,
2976,XP,Middle income,Mobile cellular subscriptions (per 100 people),2019,107.095305221948,Aggregates,Aggregates,,
2977,XP,Middle income,Mobile cellular subscriptions (per 100 people),2018,103.839322872039,Aggregates,Aggregates,,
2978,XP,Middle income,Mobile cellular subscriptions (per 100 people),2017,101.573546820726,Aggregates,Aggregates,,
2979,XP,Middle income,Mobile cellular subscriptions (per 100 people),2016,98.4606788890971,Aggregates,Aggregates,,
2980,XU,North America,Mobile cellular subscriptions (per 100 people),2025,112.0,Aggregates,Aggregates,,
2981,XU,North America,Mobile cellular subscriptions (per 100 people),2024,111.2,Aggregates,Aggregates,,
2982,XU,North America,Mobile cellular subscriptions (per 100 people),2023,110.5,Aggregates,Aggregates,,
2983,XU,North America,Mobile cellular subscriptions (per 100 people),2022,107.0,Aggregates,Aggregates,,
2984,XU,North America,Mobile cellular subscriptions (per 100 people),2021,104.4,Aggregates,Aggregates,,
2985,XU,North America,Mobile cellular subscriptions (per 100 people),2020,101.9,Aggregates,Aggregates,,
2986,XU,North America,Mobile cellular subscriptions (per 100 people),2019,103.9,Aggregates,Aggregates,,
2987,XU,North America,Mobile cellular subscriptions (per 100 people),2018,102.4,Aggregates,Aggregates,,
2988,XU,North America,Mobile cellular subscriptions (per 100 people),2017,100.8,Aggregates,Aggregates,,
2989,XU,North America,Mobile cellular subscriptions (per 100 people),2016,100.9,Aggregates,Aggregates,,
2990,XY,Not classified,Mobile cellular subscriptions (per 100 people),2025,,Aggregates,Aggregates,,
2991,XY,Not classified,Mobile cellular subscriptions (per 100 people),2024,,Aggregates,Aggregates,,
2992,XY,Not classified,Mobile cellular subscriptions (per 100 people),2023,,Aggregates,Aggregates,,
2993,XY,Not classified,Mobile cellular subscriptions (per 100 people),2022,,Aggregates,Aggregates,,
2994,XY,Not classified,Mobile cellular subscriptions (per 100 people),2021,,Aggregates,Aggregates,,
2995,XY,Not classified,Mobile cellular subscriptions (per 100 people),2020,,Aggregates,Aggregates,,
2996,XY,Not classified,Mobile cellular subscriptions (per 100 people),2019,,Aggregates,Aggregates,,
2997,XY,Not classified,Mobile cellular subscriptions (per 100 people),2018,,Aggregates,Aggregates,,
2998,XY,Not classified,Mobile cellular subscriptions (per 100 people),2017,,Aggregates,Aggregates,,
2999,XY,Not classified,Mobile cellular subscriptions (per 100 people),2016,,Aggregates,Aggregates,,
3000,OE,OECD members,Mobile cellular subscriptions (per 100 people),2025,,Aggregates,Aggregates,,
3001,OE,OECD members,Mobile cellular subscriptions (per 100 people),2024,,Aggregates,Aggregates,,
3002,OE,OECD members,Mobile cellular subscriptions (per 100 people),2023,,Aggregates,Aggregates,,
3003,OE,OECD members,Mobile cellular subscriptions (per 100 people),2022,122.304805090448,Aggregates,Aggregates,,
3004,OE,OECD members,Mobile cellular subscriptions (per 100 people),2021,119.661730921855,Aggregates,Aggregates,,
3005,OE,OECD members,Mobile cellular subscriptions (per 100 people),2020,116.846970739129,Aggregates,Aggregates,,
3006,OE,OECD members,Mobile cellular subscriptions (per 100 people),2019,116.859199303601,Aggregates,Aggregates,,
3007,OE,OECD members,Mobile cellular subscriptions (per 100 people),2018,115.711339697942,Aggregates,Aggregates,,
3008,OE,OECD members,Mobile cellular subscriptions (per 100 people),2017,114.135901730199,Aggregates,Aggregates,,
3009,OE,OECD members,Mobile cellular subscriptions (per 100 people),2016,113.057251683705,Aggregates,Aggregates,,
3010,S4,Other small states,Mobile cellular subscriptions (per 100 people),2025,,Aggregates,Aggregates,,
3011,S4,Other small states,Mobile cellular subscriptions (per 100 people),2024,,Aggregates,Aggregates,,
3012,S4,Other small states,Mobile cellular subscriptions (per 100 people),2023,,Aggregates,Aggregates,,
3013,S4,Other small states,Mobile cellular subscriptions (per 100 people),2022,124.936732236042,Aggregates,Aggregates,,
3014,S4,Other small states,Mobile cellular subscriptions (per 100 people),2021,122.10410369102,Aggregates,Aggregates,,
3015,S4,Other small states,Mobile cellular subscriptions (per 100 people),2020,116.366309924558,Aggregates,Aggregates,,
3016,S4,Other small states,Mobile cellular subscriptions (per 100 people),2019,117.370650821352,Aggregates,Aggregates,,
3017,S4,Other small states,Mobile cellular subscriptions (per 100 people),2018,118.780029723513,Aggregates,Aggregates,,
3018,S4,Other small states,Mobile cellular subscriptions (per 100 people),2017,121.103732971592,Aggregates,Aggregates,,
3019,S4,Other small states,Mobile cellular subscriptions (per 100 people),2016,124.52921788017,Aggregates,Aggregates,,
3020,S2,Pacific island small states,Mobile cellular subscriptions (per 100 people),2025,,Aggregates,Aggregates,,
3021,S2,Pacific island small states,Mobile cellular subscriptions (per 100 people),2024,,Aggregates,Aggregates,,
3022,S2,Pacific island small states,Mobile cellular subscriptions (per 100 people),2023,,Aggregates,Aggregates,,
3023,S2,Pacific island small states,Mobile cellular subscriptions (per 100 people),2022,,Aggregates,Aggregates,,
3024,S2,Pacific island small states,Mobile cellular subscriptions (per 100 people),2021,76.1797159429208,Aggregates,Aggregates,,
3025,S2,Pacific island small states,Mobile cellular subscriptions (per 100 people),2020,77.0756422471147,Aggregates,Aggregates,,
3026,S2,Pacific island small states,Mobile cellular subscriptions (per 100 people),2019,81.0742061939604,Aggregates,Aggregates,,
3027,S2,Pacific island small states,Mobile cellular subscriptions (per 100 people),2018,86.8609752052671,Aggregates,Aggregates,,
3028,S2,Pacific island small states,Mobile cellular subscriptions (per 100 people),2017,83.6290582383162,Aggregates,Aggregates,,
3029,S2,Pacific island small states,Mobile cellular subscriptions (per 100 people),2016,83.781590361882,Aggregates,Aggregates,,
3030,V4,Post-demographic dividend,Mobile cellular subscriptions (per 100 people),2025,,Aggregates,Aggregates,,
3031,V4,Post-demographic dividend,Mobile cellular subscriptions (per 100 people),2024,,Aggregates,Aggregates,,
3032,V4,Post-demographic dividend,Mobile cellular subscriptions (per 100 people),2023,,Aggregates,Aggregates,,
3033,V4,Post-demographic dividend,Mobile cellular subscriptions (per 100 people),2022,124.353057874527,Aggregates,Aggregates,,
3034,V4,Post-demographic dividend,Mobile cellular subscriptions (per 100 people),2021,122.464288181858,Aggregates,Aggregates,,
3035,V4,Post-demographic dividend,Mobile cellular subscriptions (per 100 people),2020,120.082259897927,Aggregates,Aggregates,,
3036,V4,Post-demographic dividend,Mobile cellular subscriptions (per 100 people),2019,120.325840291568,Aggregates,Aggregates,,
3037,V4,Post-demographic dividend,Mobile cellular subscriptions (per 100 people),2018,118.571319766921,Aggregates,Aggregates,,
3038,V4,Post-demographic dividend,Mobile cellular subscriptions (per 100 people),2017,117.106881888307,Aggregates,Aggregates,,
3039,V4,Post-demographic dividend,Mobile cellular subscriptions (per 100 people),2016,115.999792347336,Aggregates,Aggregates,,
3040,V1,Pre-demographic dividend,Mobile cellular subscriptions (per 100 people),2025,,Aggregates,Aggregates,,
3041,V1,Pre-demographic dividend,Mobile cellular subscriptions (per 100 people),2024,,Aggregates,Aggregates,,
3042,V1,Pre-demographic dividend,Mobile cellular subscriptions (per 100 people),2023,,Aggregates,Aggregates,,
3043,V1,Pre-demographic dividend,Mobile cellular subscriptions (per 100 people),2022,86.7805674982389,Aggregates,Aggregates,,
3044,V1,Pre-demographic dividend,Mobile cellular subscriptions (per 100 people),2021,80.385516649546,Aggregates,Aggregates,,
3045,V1,Pre-demographic dividend,Mobile cellular subscriptions (per 100 people),2020,79.9650119592337,Aggregates,Aggregates,,
3046,V1,Pre-demographic dividend,Mobile cellular subscriptions (per 100 people),2019,75.7454289641895,Aggregates,Aggregates,,
3047,V1,Pre-demographic dividend,Mobile cellular subscriptions (per 100 people),2018,73.3848389949006,Aggregates,Aggregates,,
3048,V1,Pre-demographic dividend,Mobile cellular subscriptions (per 100 people),2017,68.6060228997526,Aggregates,Aggregates,,
3049,V1,Pre-demographic dividend,Mobile cellular subscriptions (per 100 people),2016,68.1425805185222,Aggregates,Aggregates,,
3050,S1,Small states,Mobile cellular subscriptions (per 100 people),2025,161.6,Aggregates,Aggregates,,
3051,S1,Small states,Mobile cellular subscriptions (per 100 people),2024,143.1,Aggregates,Aggregates,,
3052,S1,Small states,Mobile cellular subscriptions (per 100 people),2023,131.0,Aggregates,Aggregates,,
3053,S1,Small states,Mobile cellular subscriptions (per 100 people),2022,117.2,Aggregates,Aggregates,,
3054,S1,Small states,Mobile cellular subscriptions (per 100 people),2021,114.0,Aggregates,Aggregates,,
3055,S1,Small states,Mobile cellular subscriptions (per 100 people),2020,111.5,Aggregates,Aggregates,,
3056,S1,Small states,Mobile cellular subscriptions (per 100 people),2019,111.0,Aggregates,Aggregates,,
3057,S1,Small states,Mobile cellular subscriptions (per 100 people),2018,111.8,Aggregates,Aggregates,,
3058,S1,Small states,Mobile cellular subscriptions (per 100 people),2017,113.3,Aggregates,Aggregates,,
3059,S1,Small states,Mobile cellular subscriptions (per 100 people),2016,115.4,Aggregates,Aggregates,,
3060,8S,South Asia,Mobile cellular subscriptions (per 100 people),2025,81.7,Aggregates,Aggregates,,
3061,8S,South Asia,Mobile cellular subscriptions (per 100 people),2024,83.4,Aggregates,Aggregates,,
3062,8S,South Asia,Mobile cellular subscriptions (per 100 people),2023,85.3,Aggregates,Aggregates,,
3063,8S,South Asia,Mobile cellular subscriptions (per 100 people),2022,85.0,Aggregates,Aggregates,,
3064,8S,South Asia,Mobile cellular subscriptions (per 100 people),2021,86.2,Aggregates,Aggregates,,
3065,8S,South Asia,Mobile cellular subscriptions (per 100 people),2020,86.3,Aggregates,Aggregates,,
3066,8S,South Asia,Mobile cellular subscriptions (per 100 people),2019,83.9,Aggregates,Aggregates,,
3067,8S,South Asia,Mobile cellular subscriptions (per 100 people),2018,85.5,Aggregates,Aggregates,,
3068,8S,South Asia,Mobile cellular subscriptions (per 100 people),2017,84.8,Aggregates,Aggregates,,
3069,8S,South Asia,Mobile cellular subscriptions (per 100 people),2016,81.8,Aggregates,Aggregates,,
3070,T5,South Asia (IDA & IBRD),Mobile cellular subscriptions (per 100 people),2025,81.7,Aggregates,Aggregates,,
3071,T5,South Asia (IDA & IBRD),Mobile cellular subscriptions (per 100 people),2024,83.4,Aggregates,Aggregates,,
3072,T5,South Asia (IDA & IBRD),Mobile cellular subscriptions (per 100 people),2023,85.3,Aggregates,Aggregates,,
3073,T5,South Asia (IDA & IBRD),Mobile cellular subscriptions (per 100 people),2022,85.0,Aggregates,Aggregates,,
3074,T5,South Asia (IDA & IBRD),Mobile cellular subscriptions (per 100 people),2021,86.2,Aggregates,Aggregates,,
3075,T5,South Asia (IDA & IBRD),Mobile cellular subscriptions (per 100 people),2020,86.3,Aggregates,Aggregates,,
3076,T5,South Asia (IDA & IBRD),Mobile cellular subscriptions (per 100 people),2019,83.9,Aggregates,Aggregates,,
3077,T5,South Asia (IDA & IBRD),Mobile cellular subscriptions (per 100 people),2018,85.5,Aggregates,Aggregates,,
3078,T5,South Asia (IDA & IBRD),Mobile cellular subscriptions (per 100 people),2017,84.8,Aggregates,Aggregates,,
3079,T5,South Asia (IDA & IBRD),Mobile cellular subscriptions (per 100 people),2016,81.8,Aggregates,Aggregates,,
3080,ZG,Sub-Saharan Africa,Mobile cellular subscriptions (per 100 people),2025,90.4,Aggregates,Aggregates,,
3081,ZG,Sub-Saharan Africa,Mobile cellular subscriptions (per 100 people),2024,89.2,Aggregates,Aggregates,,
3082,ZG,Sub-Saharan Africa,Mobile cellular subscriptions (per 100 people),2023,90.0,Aggregates,Aggregates,,
3083,ZG,Sub-Saharan Africa,Mobile cellular subscriptions (per 100 people),2022,87.6,Aggregates,Aggregates,,
3084,ZG,Sub-Saharan Africa,Mobile cellular subscriptions (per 100 people),2021,83.0,Aggregates,Aggregates,,
3085,ZG,Sub-Saharan Africa,Mobile cellular subscriptions (per 100 people),2020,80.8,Aggregates,Aggregates,,
3086,ZG,Sub-Saharan Africa,Mobile cellular subscriptions (per 100 people),2019,77.4,Aggregates,Aggregates,,
3087,ZG,Sub-Saharan Africa,Mobile cellular subscriptions (per 100 people),2018,74.4,Aggregates,Aggregates,,
3088,ZG,Sub-Saharan Africa,Mobile cellular subscriptions (per 100 people),2017,70.8,Aggregates,Aggregates,,
3089,ZG,Sub-Saharan Africa,Mobile cellular subscriptions (per 100 people),2016,71.5,Aggregates,Aggregates,,
3090,ZF,Sub-Saharan Africa (excluding high income),Mobile cellular subscriptions (per 100 people),2025,92.7,Aggregates,Aggregates,,
3091,ZF,Sub-Saharan Africa (excluding high income),Mobile cellular subscriptions (per 100 people),2024,91.9,Aggregates,Aggregates,,
3092,ZF,Sub-Saharan Africa (excluding high income),Mobile cellular subscriptions (per 100 people),2023,93.4,Aggregates,Aggregates,,
3093,ZF,Sub-Saharan Africa (excluding high income),Mobile cellular subscriptions (per 100 people),2022,91.0,Aggregates,Aggregates,,
3094,ZF,Sub-Saharan Africa (excluding high income),Mobile cellular subscriptions (per 100 people),2021,86.4,Aggregates,Aggregates,,
3095,ZF,Sub-Saharan Africa (excluding high income),Mobile cellular subscriptions (per 100 people),2020,85.7,Aggregates,Aggregates,,
3096,ZF,Sub-Saharan Africa (excluding high income),Mobile cellular subscriptions (per 100 people),2019,78.6090423405444,Aggregates,Aggregates,,
3097,ZF,Sub-Saharan Africa (excluding high income),Mobile cellular subscriptions (per 100 people),2018,81.1598032629882,Aggregates,Aggregates,,
3098,ZF,Sub-Saharan Africa (excluding high income),Mobile cellular subscriptions (per 100 people),2017,71.9143725084297,Aggregates,Aggregates,,
3099,ZF,Sub-Saharan Africa (excluding high income),Mobile cellular subscriptions (per 100 people),2016,72.6041910215201,Aggregates,Aggregates,,
3100,T6,Sub-Saharan Africa (IDA & IBRD countries),Mobile cellular subscriptions (per 100 people),2025,90.4,Aggregates,Aggregates,,
3101,T6,Sub-Saharan Africa (IDA & IBRD countries),Mobile cellular subscriptions (per 100 people),2024,89.2,Aggregates,Aggregates,,
3102,T6,Sub-Saharan Africa (IDA & IBRD countries),Mobile cellular subscriptions (per 100 people),2023,90.0,Aggregates,Aggregates,,
3103,T6,Sub-Saharan Africa (IDA & IBRD countries),Mobile cellular subscriptions (per 100 people),2022,87.6,Aggregates,Aggregates,,
3104,T6,Sub-Saharan Africa (IDA & IBRD countries),Mobile cellular subscriptions (per 100 people),2021,83.0,Aggregates,Aggregates,,
3105,T6,Sub-Saharan Africa (IDA & IBRD countries),Mobile cellular subscriptions (per 100 people),2020,80.8,Aggregates,Aggregates,,
3106,T6,Sub-Saharan Africa (IDA & IBRD countries),Mobile cellular subscriptions (per 100 people),2019,77.4,Aggregates,Aggregates,,
3107,T6,Sub-Saharan Africa (IDA & IBRD countries),Mobile cellular subscriptions (per 100 people),2018,74.4,Aggregates,Aggregates,,
3108,T6,Sub-Saharan Africa (IDA & IBRD countries),Mobile cellular subscriptions (per 100 people),2017,70.8,Aggregates,Aggregates,,
3109,T6,Sub-Saharan Africa (IDA & IBRD countries),Mobile cellular subscriptions (per 100 people),2016,71.5,Aggregates,Aggregates,,
3110,XT,Upper middle income,Mobile cellular subscriptions (per 100 people),2025,132.4,Aggregates,Aggregates,,
3111,XT,Upper middle income,Mobile cellular subscriptions (per 100 people),2024,129.9,Aggregates,Aggregates,,
3112,XT,Upper middle income,Mobile cellular subscriptions (per 100 people),2023,127.5,Aggregates,Aggregates,,
3113,XT,Upper middle income,Mobile cellular subscriptions (per 100 people),2022,124.1,Aggregates,Aggregates,,
3114,XT,Upper middle income,Mobile cellular subscriptions (per 100 people),2021,122.9,Aggregates,Aggregates,,
3115,XT,Upper middle income,Mobile cellular subscriptions (per 100 people),2020,119.7,Aggregates,Aggregates,,
3116,XT,Upper middle income,Mobile cellular subscriptions (per 100 people),2019,121.0,Aggregates,Aggregates,,
3117,XT,Upper middle income,Mobile cellular subscriptions (per 100 people),2018,116.0,Aggregates,Aggregates,,
3118,XT,Upper middle income,Mobile cellular subscriptions (per 100 people),2017,114.3,Aggregates,Aggregates,,
3119,XT,Upper middle income,Mobile cellular subscriptions (per 100 people),2016,109.5,Aggregates,Aggregates,,
3120,1W,World,Mobile cellular subscriptions (per 100 people),2025,111.5,Aggregates,Aggregates,,
3121,1W,World,Mobile cellular subscriptions (per 100 people),2024,110.4,Aggregates,Aggregates,,
3122,1W,World,Mobile cellular subscriptions (per 100 people),2023,109.8,Aggregates,Aggregates,,
3123,1W,World,Mobile cellular subscriptions (per 100 people),2022,108.0,Aggregates,Aggregates,,
3124,1W,World,Mobile cellular subscriptions (per 100 people),2021,106.7,Aggregates,Aggregates,,
3125,1W,World,Mobile cellular subscriptions (per 100 people),2020,104.8,Aggregates,Aggregates,,
3126,1W,World,Mobile cellular subscriptions (per 100 people),2019,105.9,Aggregates,Aggregates,,
3127,1W,World,Mobile cellular subscriptions (per 100 people),2018,103.1,Aggregates,Aggregates,,
3128,1W,World,Mobile cellular subscriptions (per 100 people),2017,101.4,Aggregates,Aggregates,,
3129,1W,World,Mobile cellular subscriptions (per 100 people),2016,99.3,Aggregates,Aggregates,,
3130,AF,Afghanistan,Mobile cellular subscriptions (per 100 people),2025,,"Middle East, North Africa, Afghanistan & Pakistan",Low income,69.1761,34.5228
3131,AF,Afghanistan,Mobile cellular subscriptions (per 100 people),2024,60.0990815591219,"Middle East, North Africa, Afghanistan & Pakistan",Low income,69.1761,34.5228
3132,AF,Afghanistan,Mobile cellular subscriptions (per 100 people),2023,55.5474967036959,"Middle East, North Africa, Afghanistan & Pakistan",Low income,69.1761,34.5228
3133,AF,Afghanistan,Mobile cellular subscriptions (per 100 people),2022,56.2655188632539,"Middle East, North Africa, Afghanistan & Pakistan",Low income,69.1761,34.5228
3134,AF,Afghanistan,Mobile cellular subscriptions (per 100 people),2021,56.6944760468967,"Middle East, North Africa, Afghanistan & Pakistan",Low income,69.1761,34.5228
3135,AF,Afghanistan,Mobile cellular subscriptions (per 100 people),2020,58.0461137722591,"Middle East, North Africa, Afghanistan & Pakistan",Low income,69.1761,34.5228
3136,AF,Afghanistan,Mobile cellular subscriptions (per 100 people),2019,59.6470805870469,"Middle East, North Africa, Afghanistan & Pakistan",Low income,69.1761,34.5228
3137,AF,Afghanistan,Mobile cellular subscriptions (per 100 people),2018,59.8109345283062,"Middle East, North Africa, Afghanistan & Pakistan",Low income,69.1761,34.5228
3138,AF,Afghanistan,Mobile cellular subscriptions (per 100 people),2017,67.0507903920361,"Middle East, North Africa, Afghanistan & Pakistan",Low income,69.1761,34.5228
3139,AF,Afghanistan,Mobile cellular subscriptions (per 100 people),2016,62.2553342863232,"Middle East, North Africa, Afghanistan & Pakistan",Low income,69.1761,34.5228
3140,AL,Albania,Mobile cellular subscriptions (per 100 people),2025,,Europe & Central Asia,Upper middle income,19.8172,41.3317
3141,AL,Albania,Mobile cellular subscriptions (per 100 people),2024,89.1328603947682,Europe & Central Asia,Upper middle income,19.8172,41.3317
3142,AL,Albania,Mobile cellular subscriptions (per 100 people),2023,92.9973271969712,Europe & Central Asia,Upper middle income,19.8172,41.3317
3143,AL,Albania,Mobile cellular subscriptions (per 100 people),2022,98.3950391992101,Europe & Central Asia,Upper middle income,19.8172,41.3317
3144,AL,Albania,Mobile cellular subscriptions (per 100 people),2021,92.4843357131703,Europe & Central Asia,Upper middle income,19.8172,41.3317
3145,AL,Albania,Mobile cellular subscriptions (per 100 people),2020,91.1880900599383,Europe & Central Asia,Upper middle income,19.8172,41.3317
3146,AL,Albania,Mobile cellular subscriptions (per 100 people),2019,91.1634968336332,Europe & Central Asia,Upper middle income,19.8172,41.3317
3147,AL,Albania,Mobile cellular subscriptions (per 100 people),2018,93.8030862083918,Europe & Central Asia,Upper middle income,19.8172,41.3317
3148,AL,Albania,Mobile cellular subscriptions (per 100 people),2017,125.099939894598,Europe & Central Asia,Upper middle income,19.8172,41.3317
3149,AL,Albania,Mobile cellular subscriptions (per 100 people),2016,116.284011654089,Europe & Central Asia,Upper middle income,19.8172,41.3317
3150,DZ,Algeria,Mobile cellular subscriptions (per 100 people),2025,,"Middle East, North Africa, Afghanistan & Pakistan",Upper middle income,3.05097,36.7397
3151,DZ,Algeria,Mobile cellular subscriptions (per 100 people),2024,115.457278573892,"Middle East, North Africa, Afghanistan & Pakistan",Upper middle income,3.05097,36.7397
3152,DZ,Algeria,Mobile cellular subscriptions (per 100 people),2023,111.60623555659,"Middle East, North Africa, Afghanistan & Pakistan",Upper middle income,3.05097,36.7397
3153,DZ,Algeria,Mobile cellular subscriptions (per 100 people),2022,107.787115922596,"Middle East, North Africa, Afghanistan & Pakistan",Upper middle income,3.05097,36.7397
3154,DZ,Algeria,Mobile cellular subscriptions (per 100 people),2021,105.037092587919,"Middle East, North Africa, Afghanistan & Pakistan",Upper middle income,3.05097,36.7397
3155,DZ,Algeria,Mobile cellular subscriptions (per 100 people),2020,103.436671524065,"Middle East, North Africa, Afghanistan & Pakistan",Upper middle income,3.05097,36.7397
3156,DZ,Algeria,Mobile cellular subscriptions (per 100 people),2019,104.922068012909,"Middle East, North Africa, Afghanistan & Pakistan",Upper middle income,3.05097,36.7397
3157,DZ,Algeria,Mobile cellular subscriptions (per 100 people),2018,110.938066513767,"Middle East, North Africa, Afghanistan & Pakistan",Upper middle income,3.05097,36.7397
3158,DZ,Algeria,Mobile cellular subscriptions (per 100 people),2017,109.96986300969,"Middle East, North Africa, Afghanistan & Pakistan",Upper middle income,3.05097,36.7397
3159,DZ,Algeria,Mobile cellular subscriptions (per 100 people),2016,115.154200093555,"Middle East, North Africa, Afghanistan & Pakistan",Upper middle income,3.05097,36.7397
3160,AS,American Samoa,Mobile cellular subscriptions (per 100 people),2025,,East Asia & Pacific,High income,-170.691,-14.2846
3161,AS,American Samoa,Mobile cellular subscriptions (per 100 people),2024,,East Asia & Pacific,High income,-170.691,-14.2846
3162,AS,American Samoa,Mobile cellular subscriptions (per 100 people),2023,,East Asia & Pacific,High income,-170.691,-14.2846
3163,AS,American Samoa,Mobile cellular subscriptions (per 100 people),2022,,East Asia & Pacific,High income,-170.691,-14.2846
3164,AS,American Samoa,Mobile cellular subscriptions (per 100 people),2021,,East Asia & Pacific,High income,-170.691,-14.2846
3165,AS,American Samoa,Mobile cellular subscriptions (per 100 people),2020,,East Asia & Pacific,High income,-170.691,-14.2846
3166,AS,American Samoa,Mobile cellular subscriptions (per 100 people),2019,,East Asia & Pacific,High income,-170.691,-14.2846
3167,AS,American Samoa,Mobile cellular subscriptions (per 100 people),2018,,East Asia & Pacific,High income,-170.691,-14.2846
3168,AS,American Samoa,Mobile cellular subscriptions (per 100 people),2017,,East Asia & Pacific,High income,-170.691,-14.2846
3169,AS,American Samoa,Mobile cellular subscriptions (per 100 people),2016,,East Asia & Pacific,High income,-170.691,-14.2846
3170,AD,Andorra,Mobile cellular subscriptions (per 100 people),2025,,Europe & Central Asia,High income,1.5218,42.5075
3171,AD,Andorra,Mobile cellular subscriptions (per 100 people),2024,155.692108667529,Europe & Central Asia,High income,1.5218,42.5075
3172,AD,Andorra,Mobile cellular subscriptions (per 100 people),2023,156.09725932522,Europe & Central Asia,High income,1.5218,42.5075
3173,AD,Andorra,Mobile cellular subscriptions (per 100 people),2022,142.426447525249,Europe & Central Asia,High income,1.5218,42.5075
3174,AD,Andorra,Mobile cellular subscriptions (per 100 people),2021,119.687611658415,Europe & Central Asia,High income,1.5218,42.5075
3175,AD,Andorra,Mobile cellular subscriptions (per 100 people),2020,103.876970793487,Europe & Central Asia,High income,1.5218,42.5075
3176,AD,Andorra,Mobile cellular subscriptions (per 100 people),2019,114.952794413788,Europe & Central Asia,High income,1.5218,42.5075
3177,AD,Andorra,Mobile cellular subscriptions (per 100 people),2018,109.914584497485,Europe & Central Asia,High income,1.5218,42.5075
3178,AD,Andorra,Mobile cellular subscriptions (per 100 people),2017,108.912327318574,Europe & Central Asia,High income,1.5218,42.5075
3179,AD,Andorra,Mobile cellular subscriptions (per 100 people),2016,105.473739626772,Europe & Central Asia,High income,1.5218,42.5075
3180,AO,Angola,Mobile cellular subscriptions (per 100 people),2025,,Sub-Saharan Africa ,Lower middle income,13.242,-8.81155
3181,AO,Angola,Mobile cellular subscriptions (per 100 people),2024,69.7039467163584,Sub-Saharan Africa ,Lower middle income,13.242,-8.81155
3182,AO,Angola,Mobile cellular subscriptions (per 100 people),2023,70.0519587723571,Sub-Saharan Africa ,Lower middle income,13.242,-8.81155
3183,AO,Angola,Mobile cellular subscriptions (per 100 people),2022,66.6008073123779,Sub-Saharan Africa ,Lower middle income,13.242,-8.81155
3184,AO,Angola,Mobile cellular subscriptions (per 100 people),2021,44.3868689341257,Sub-Saharan Africa ,Lower middle income,13.242,-8.81155
3185,AO,Angola,Mobile cellular subscriptions (per 100 people),2020,43.7804317055698,Sub-Saharan Africa ,Lower middle income,13.242,-8.81155
3186,AO,Angola,Mobile cellular subscriptions (per 100 people),2019,45.8065312825399,Sub-Saharan Africa ,Lower middle income,13.242,-8.81155
3187,AO,Angola,Mobile cellular subscriptions (per 100 people),2018,42.4588784507729,Sub-Saharan Africa ,Lower middle income,13.242,-8.81155
3188,AO,Angola,Mobile cellular subscriptions (per 100 people),2017,44.0682088632918,Sub-Saharan Africa ,Lower middle income,13.242,-8.81155
3189,AO,Angola,Mobile cellular subscriptions (per 100 people),2016,44.5502272379157,Sub-Saharan Africa ,Lower middle income,13.242,-8.81155
3190,AG,Antigua and Barbuda,Mobile cellular subscriptions (per 100 people),2025,,Latin America & Caribbean ,High income,-61.8456,17.1175
3191,AG,Antigua and Barbuda,Mobile cellular subscriptions (per 100 people),2024,,Latin America & Caribbean ,High income,-61.8456,17.1175
3192,AG,Antigua and Barbuda,Mobile cellular subscriptions (per 100 people),2023,,Latin America & Caribbean ,High income,-61.8456,17.1175
3193,AG,Antigua and Barbuda,Mobile cellular subscriptions (per 100 people),2022,200.540715208962,Latin America & Caribbean ,High income,-61.8456,17.1175
3194,AG,Antigua and Barbuda,Mobile cellular subscriptions (per 100 people),2021,199.244171566557,Latin America & Caribbean ,High income,-61.8456,17.1175
3195,AG,Antigua and Barbuda,Mobile cellular subscriptions (per 100 people),2020,200.3353439453,Latin America & Caribbean ,High income,-61.8456,17.1175
3196,AG,Antigua and Barbuda,Mobile cellular subscriptions (per 100 people),2019,201.392233264743,Latin America & Caribbean ,High income,-61.8456,17.1175
3197,AG,Antigua and Barbuda,Mobile cellular subscriptions (per 100 people),2018,,Latin America & Caribbean ,High income,-61.8456,17.1175
3198,AG,Antigua and Barbuda,Mobile cellular subscriptions (per 100 people),2017,203.386832913295,Latin America & Caribbean ,High income,-61.8456,17.1175
3199,AG,Antigua and Barbuda,Mobile cellular subscriptions (per 100 people),2016,200.06891262546,Latin America & Caribbean ,High income,-61.8456,17.1175
3200,AR,Argentina,Mobile cellular subscriptions (per 100 people),2025,,Latin America & Caribbean ,Upper middle income,-58.4173,-34.6118
3201,AR,Argentina,Mobile cellular subscriptions (per 100 people),2024,140.234979049333,Latin America & Caribbean ,Upper middle income,-58.4173,-34.6118
3202,AR,Argentina,Mobile cellular subscriptions (per 100 people),2023,137.706086781571,Latin America & Caribbean ,Upper middle income,-58.4173,-34.6118
3203,AR,Argentina,Mobile cellular subscriptions (per 100 people),2022,131.483556254876,Latin America & Caribbean ,Upper middle income,-58.4173,-34.6118
3204,AR,Argentina,Mobile cellular subscriptions (per 100 people),2021,130.352799939601,Latin America & Caribbean ,Upper middle income,-58.4173,-34.6118
3205,AR,Argentina,Mobile cellular subscriptions (per 100 people),2020,121.180612527028,Latin America & Caribbean ,Upper middle income,-58.4173,-34.6118
3206,AR,Argentina,Mobile cellular subscriptions (per 100 people),2019,125.302657911726,Latin America & Caribbean ,Upper middle income,-58.4173,-34.6118
3207,AR,Argentina,Mobile cellular subscriptions (per 100 people),2018,131.224265691711,Latin America & Caribbean ,Upper middle income,-58.4173,-34.6118
3208,AR,Argentina,Mobile cellular subscriptions (per 100 people),2017,139.758240519621,Latin America & Caribbean ,Upper middle income,-58.4173,-34.6118
3209,AR,Argentina,Mobile cellular subscriptions (per 100 people),2016,145.146584717972,Latin America & Caribbean ,Upper middle income,-58.4173,-34.6118
3210,AM,Armenia,Mobile cellular subscriptions (per 100 people),2025,,Europe & Central Asia,Upper middle income,44.509,40.1596
3211,AM,Armenia,Mobile cellular subscriptions (per 100 people),2024,134.88694751567,Europe & Central Asia,Upper middle income,44.509,40.1596
3212,AM,Armenia,Mobile cellular subscriptions (per 100 people),2023,134.519957069953,Europe & Central Asia,Upper middle income,44.509,40.1596
3213,AM,Armenia,Mobile cellular subscriptions (per 100 people),2022,130.540072214196,Europe & Central Asia,Upper middle income,44.509,40.1596
3214,AM,Armenia,Mobile cellular subscriptions (per 100 people),2021,125.395134877327,Europe & Central Asia,Upper middle income,44.509,40.1596
3215,AM,Armenia,Mobile cellular subscriptions (per 100 people),2020,120.682370700808,Europe & Central Asia,Upper middle income,44.509,40.1596
3216,AM,Armenia,Mobile cellular subscriptions (per 100 people),2019,124.613701509519,Europe & Central Asia,Upper middle income,44.509,40.1596
3217,AM,Armenia,Mobile cellular subscriptions (per 100 people),2018,123.000001718234,Europe & Central Asia,Upper middle income,44.509,40.1596
3218,AM,Armenia,Mobile cellular subscriptions (per 100 people),2017,119.676441862212,Europe & Central Asia,Upper middle income,44.509,40.1596
3219,AM,Armenia,Mobile cellular subscriptions (per 100 people),2016,117.670797483754,Europe & Central Asia,Upper middle income,44.509,40.1596
3220,AW,Aruba,Mobile cellular subscriptions (per 100 people),2025,,Latin America & Caribbean ,High income,-70.0167,12.5167
3221,AW,Aruba,Mobile cellular subscriptions (per 100 people),2024,,Latin America & Caribbean ,High income,-70.0167,12.5167
3222,AW,Aruba,Mobile cellular subscriptions (per 100 people),2023,,Latin America & Caribbean ,High income,-70.0167,12.5167
3223,AW,Aruba,Mobile cellular subscriptions (per 100 people),2022,130.647974615427,Latin America & Caribbean ,High income,-70.0167,12.5167
3224,AW,Aruba,Mobile cellular subscriptions (per 100 people),2021,131.09206195727,Latin America & Caribbean ,High income,-70.0167,12.5167
3225,AW,Aruba,Mobile cellular subscriptions (per 100 people),2020,131.284916201117,Latin America & Caribbean ,High income,-70.0167,12.5167
3226,AW,Aruba,Mobile cellular subscriptions (per 100 people),2019,131.682169673877,Latin America & Caribbean ,High income,-70.0167,12.5167
3227,AW,Aruba,Mobile cellular subscriptions (per 100 people),2018,,Latin America & Caribbean ,High income,-70.0167,12.5167
3228,AW,Aruba,Mobile cellular subscriptions (per 100 people),2017,,Latin America & Caribbean ,High income,-70.0167,12.5167
3229,AW,Aruba,Mobile cellular subscriptions (per 100 people),2016,,Latin America & Caribbean ,High income,-70.0167,12.5167
3230,AU,Australia,Mobile cellular subscriptions (per 100 people),2025,,East Asia & Pacific,High income,149.129,-35.282
3231,AU,Australia,Mobile cellular subscriptions (per 100 people),2024,112.581025002429,East Asia & Pacific,High income,149.129,-35.282
3232,AU,Australia,Mobile cellular subscriptions (per 100 people),2023,112.513177133796,East Asia & Pacific,High income,149.129,-35.282
3233,AU,Australia,Mobile cellular subscriptions (per 100 people),2022,109.469171081514,East Asia & Pacific,High income,149.129,-35.282
3234,AU,Australia,Mobile cellular subscriptions (per 100 people),2021,105.118514623956,East Asia & Pacific,High income,149.129,-35.282
3235,AU,Australia,Mobile cellular subscriptions (per 100 people),2020,104.930155780087,East Asia & Pacific,High income,149.129,-35.282
3236,AU,Australia,Mobile cellular subscriptions (per 100 people),2019,109.752830879788,East Asia & Pacific,High income,149.129,-35.282
3237,AU,Australia,Mobile cellular subscriptions (per 100 people),2018,110.033134941946,East Asia & Pacific,High income,149.129,-35.282
3238,AU,Australia,Mobile cellular subscriptions (per 100 people),2017,107.799761578952,East Asia & Pacific,High income,149.129,-35.282
3239,AU,Australia,Mobile cellular subscriptions (per 100 people),2016,109.128813718295,East Asia & Pacific,High income,149.129,-35.282
3240,AT,Austria,Mobile cellular subscriptions (per 100 people),2025,,Europe & Central Asia,High income,16.3798,48.2201
3241,AT,Austria,Mobile cellular subscriptions (per 100 people),2024,124.45929984531,Europe & Central Asia,High income,16.3798,48.2201
3242,AT,Austria,Mobile cellular subscriptions (per 100 people),2023,121.746207105931,Europe & Central Asia,High income,16.3798,48.2201
3243,AT,Austria,Mobile cellular subscriptions (per 100 people),2022,121.16645744796,Europe & Central Asia,High income,16.3798,48.2201
3244,AT,Austria,Mobile cellular subscriptions (per 100 people),2021,121.357731973824,Europe & Central Asia,High income,16.3798,48.2201
3245,AT,Austria,Mobile cellular subscriptions (per 100 people),2020,120.131806593244,Europe & Central Asia,High income,16.3798,48.2201
3246,AT,Austria,Mobile cellular subscriptions (per 100 people),2019,120.776373862218,Europe & Central Asia,High income,16.3798,48.2201
3247,AT,Austria,Mobile cellular subscriptions (per 100 people),2018,124.230205900482,Europe & Central Asia,High income,16.3798,48.2201
3248,AT,Austria,Mobile cellular subscriptions (per 100 people),2017,123.414865109678,Europe & Central Asia,High income,16.3798,48.2201
3249,AT,Austria,Mobile cellular subscriptions (per 100 people),2016,126.797525496643,Europe & Central Asia,High income,16.3798,48.2201
3250,AZ,Azerbaijan,Mobile cellular subscriptions (per 100 people),2025,,Europe & Central Asia,Upper middle income,49.8932,40.3834
3251,AZ,Azerbaijan,Mobile cellular subscriptions (per 100 people),2024,109.543149535867,Europe & Central Asia,Upper middle income,49.8932,40.3834
3252,AZ,Azerbaijan,Mobile cellular subscriptions (per 100 people),2023,107.686732782159,Europe & Central Asia,Upper middle income,49.8932,40.3834
3253,AZ,Azerbaijan,Mobile cellular subscriptions (per 100 people),2022,107.506296074404,Europe & Central Asia,Upper middle income,49.8932,40.3834
3254,AZ,Azerbaijan,Mobile cellular subscriptions (per 100 people),2021,105.693559477177,Europe & Central Asia,Upper middle income,49.8932,40.3834
3255,AZ,Azerbaijan,Mobile cellular subscriptions (per 100 people),2020,101.596683471276,Europe & Central Asia,Upper middle income,49.8932,40.3834
3256,AZ,Azerbaijan,Mobile cellular subscriptions (per 100 people),2019,106.328337689377,Europe & Central Asia,Upper middle income,49.8932,40.3834
3257,AZ,Azerbaijan,Mobile cellular subscriptions (per 100 people),2018,102.987275423455,Europe & Central Asia,Upper middle income,49.8932,40.3834
3258,AZ,Azerbaijan,Mobile cellular subscriptions (per 100 people),2017,101.589906615934,Europe & Central Asia,Upper middle income,49.8932,40.3834
3259,AZ,Azerbaijan,Mobile cellular subscriptions (per 100 people),2016,103.248460646417,Europe & Central Asia,Upper middle income,49.8932,40.3834
3260,BS,"Bahamas, The",Mobile cellular subscriptions (per 100 people),2025,,Latin America & Caribbean ,High income,-77.339,25.0661
3261,BS,"Bahamas, The",Mobile cellular subscriptions (per 100 people),2024,96.6798992232414,Latin America & Caribbean ,High income,-77.339,25.0661
3262,BS,"Bahamas, The",Mobile cellular subscriptions (per 100 people),2023,100.047566593231,Latin America & Caribbean ,High income,-77.339,25.0661
3263,BS,"Bahamas, The",Mobile cellular subscriptions (per 100 people),2022,101.623744145214,Latin America & Caribbean ,High income,-77.339,25.0661
3264,BS,"Bahamas, The",Mobile cellular subscriptions (per 100 people),2021,100.257333370336,Latin America & Caribbean ,High income,-77.339,25.0661
3265,BS,"Bahamas, The",Mobile cellular subscriptions (per 100 people),2020,117.717493173143,Latin America & Caribbean ,High income,-77.339,25.0661
3266,BS,"Bahamas, The",Mobile cellular subscriptions (per 100 people),2019,107.811997212897,Latin America & Caribbean ,High income,-77.339,25.0661
3267,BS,"Bahamas, The",Mobile cellular subscriptions (per 100 people),2018,98.9789084760782,Latin America & Caribbean ,High income,-77.339,25.0661
3268,BS,"Bahamas, The",Mobile cellular subscriptions (per 100 people),2017,90.5386890661613,Latin America & Caribbean ,High income,-77.339,25.0661
3269,BS,"Bahamas, The",Mobile cellular subscriptions (per 100 people),2016,92.8218938037134,Latin America & Caribbean ,High income,-77.339,25.0661
3270,BH,Bahrain,Mobile cellular subscriptions (per 100 people),2025,,"Middle East, North Africa, Afghanistan & Pakistan",High income,50.5354,26.1921
3271,BH,Bahrain,Mobile cellular subscriptions (per 100 people),2024,159.536143577452,"Middle East, North Africa, Afghanistan & Pakistan",High income,50.5354,26.1921
3272,BH,Bahrain,Mobile cellular subscriptions (per 100 people),2023,153.899937948583,"Middle East, North Africa, Afghanistan & Pakistan",High income,50.5354,26.1921
3273,BH,Bahrain,Mobile cellular subscriptions (per 100 people),2022,139.636142863944,"Middle East, North Africa, Afghanistan & Pakistan",High income,50.5354,26.1921
3274,BH,Bahrain,Mobile cellular subscriptions (per 100 people),2021,128.078912532195,"Middle East, North Africa, Afghanistan & Pakistan",High income,50.5354,26.1921
3275,BH,Bahrain,Mobile cellular subscriptions (per 100 people),2020,119.41160169027,"Middle East, North Africa, Afghanistan & Pakistan",High income,50.5354,26.1921
3276,BH,Bahrain,Mobile cellular subscriptions (per 100 people),2019,129.142743677937,"Middle East, North Africa, Afghanistan & Pakistan",High income,50.5354,26.1921
3277,BH,Bahrain,Mobile cellular subscriptions (per 100 people),2018,139.735421260048,"Middle East, North Africa, Afghanistan & Pakistan",High income,50.5354,26.1921
3278,BH,Bahrain,Mobile cellular subscriptions (per 100 people),2017,159.546894557674,"Middle East, North Africa, Afghanistan & Pakistan",High income,50.5354,26.1921
3279,BH,Bahrain,Mobile cellular subscriptions (per 100 people),2016,209.489131255928,"Middle East, North Africa, Afghanistan & Pakistan",High income,50.5354,26.1921
3280,BD,Bangladesh,Mobile cellular subscriptions (per 100 people),2025,,South Asia,Lower middle income,90.4113,23.7055
3281,BD,Bangladesh,Mobile cellular subscriptions (per 100 people),2024,108.077037369691,South Asia,Lower middle income,90.4113,23.7055
3282,BD,Bangladesh,Mobile cellular subscriptions (per 100 people),2023,111.280894357567,South Asia,Lower middle income,90.4113,23.7055
3283,BD,Bangladesh,Mobile cellular subscriptions (per 100 people),2022,109.8665408168,South Asia,Lower middle income,90.4113,23.7055
3284,BD,Bangladesh,Mobile cellular subscriptions (per 100 people),2021,110.012054001037,South Asia,Lower middle income,90.4113,23.7055
3285,BD,Bangladesh,Mobile cellular subscriptions (per 100 people),2020,106.002140470412,South Asia,Lower middle income,90.4113,23.7055
3286,BD,Bangladesh,Mobile cellular subscriptions (per 100 people),2019,100.399571155843,South Asia,Lower middle income,90.4113,23.7055
3287,BD,Bangladesh,Mobile cellular subscriptions (per 100 people),2018,98.9289060885788,South Asia,Lower middle income,90.4113,23.7055
3288,BD,Bangladesh,Mobile cellular subscriptions (per 100 people),2017,93.0689844922452,South Asia,Lower middle income,90.4113,23.7055
3289,BD,Bangladesh,Mobile cellular subscriptions (per 100 people),2016,84.5595499717024,South Asia,Lower middle income,90.4113,23.7055
3290,BB,Barbados,Mobile cellular subscriptions (per 100 people),2025,,Latin America & Caribbean ,High income,-59.6105,13.0935
3291,BB,Barbados,Mobile cellular subscriptions (per 100 people),2024,,Latin America & Caribbean ,High income,-59.6105,13.0935
3292,BB,Barbados,Mobile cellular subscriptions (per 100 people),2023,,Latin America & Caribbean ,High income,-59.6105,13.0935
3293,BB,Barbados,Mobile cellular subscriptions (per 100 people),2022,114.580721030894,Latin America & Caribbean ,High income,-59.6105,13.0935
3294,BB,Barbados,Mobile cellular subscriptions (per 100 people),2021,112.222706603295,Latin America & Caribbean ,High income,-59.6105,13.0935
3295,BB,Barbados,Mobile cellular subscriptions (per 100 people),2020,104.722078254017,Latin America & Caribbean ,High income,-59.6105,13.0935
3296,BB,Barbados,Mobile cellular subscriptions (per 100 people),2019,117.111593950364,Latin America & Caribbean ,High income,-59.6105,13.0935
3297,BB,Barbados,Mobile cellular subscriptions (per 100 people),2018,117.318523321138,Latin America & Caribbean ,High income,-59.6105,13.0935
3298,BB,Barbados,Mobile cellular subscriptions (per 100 people),2017,117.629947424965,Latin America & Caribbean ,High income,-59.6105,13.0935
3299,BB,Barbados,Mobile cellular subscriptions (per 100 people),2016,118.816300545784,Latin America & Caribbean ,High income,-59.6105,13.0935
3300,BY,Belarus,Mobile cellular subscriptions (per 100 people),2025,,Europe & Central Asia,Upper middle income,27.5766,53.9678
3301,BY,Belarus,Mobile cellular subscriptions (per 100 people),2024,131.123016605614,Europe & Central Asia,Upper middle income,27.5766,53.9678
3302,BY,Belarus,Mobile cellular subscriptions (per 100 people),2023,128.979176539764,Europe & Central Asia,Upper middle income,27.5766,53.9678
3303,BY,Belarus,Mobile cellular subscriptions (per 100 people),2022,128.314999383533,Europe & Central Asia,Upper middle income,27.5766,53.9678
3304,BY,Belarus,Mobile cellular subscriptions (per 100 people),2021,127.117317282369,Europe & Central Asia,Upper middle income,27.5766,53.9678
3305,BY,Belarus,Mobile cellular subscriptions (per 100 people),2020,125.164732031333,Europe & Central Asia,Upper middle income,27.5766,53.9678
3306,BY,Belarus,Mobile cellular subscriptions (per 100 people),2019,123.229810991965,Europe & Central Asia,Upper middle income,27.5766,53.9678
3307,BY,Belarus,Mobile cellular subscriptions (per 100 people),2018,122.56975741957,Europe & Central Asia,Upper middle income,27.5766,53.9678
3308,BY,Belarus,Mobile cellular subscriptions (per 100 people),2017,120.212652133209,Europe & Central Asia,Upper middle income,27.5766,53.9678
3309,BY,Belarus,Mobile cellular subscriptions (per 100 people),2016,120.431507778029,Europe & Central Asia,Upper middle income,27.5766,53.9678
3310,BE,Belgium,Mobile cellular subscriptions (per 100 people),2025,,Europe & Central Asia,High income,4.36761,50.8371
3311,BE,Belgium,Mobile cellular subscriptions (per 100 people),2024,103.90465332676,Europe & Central Asia,High income,4.36761,50.8371
3312,BE,Belgium,Mobile cellular subscriptions (per 100 people),2023,103.196426365374,Europe & Central Asia,High income,4.36761,50.8371
3313,BE,Belgium,Mobile cellular subscriptions (per 100 people),2022,101.680355820653,Europe & Central Asia,High income,4.36761,50.8371
3314,BE,Belgium,Mobile cellular subscriptions (per 100 people),2021,101.462935633736,Europe & Central Asia,High income,4.36761,50.8371
3315,BE,Belgium,Mobile cellular subscriptions (per 100 people),2020,99.9100614924974,Europe & Central Asia,High income,4.36761,50.8371
3316,BE,Belgium,Mobile cellular subscriptions (per 100 people),2019,100.164960666171,Europe & Central Asia,High income,4.36761,50.8371
3317,BE,Belgium,Mobile cellular subscriptions (per 100 people),2018,100.164027018171,Europe & Central Asia,High income,4.36761,50.8371
3318,BE,Belgium,Mobile cellular subscriptions (per 100 people),2017,99.8303971992992,Europe & Central Asia,High income,4.36761,50.8371
3319,BE,Belgium,Mobile cellular subscriptions (per 100 people),2016,110.74871736226,Europe & Central Asia,High income,4.36761,50.8371
3320,BZ,Belize,Mobile cellular subscriptions (per 100 people),2025,,Latin America & Caribbean ,Upper middle income,-88.7713,17.2534
3321,BZ,Belize,Mobile cellular subscriptions (per 100 people),2024,,Latin America & Caribbean ,Upper middle income,-88.7713,17.2534
3322,BZ,Belize,Mobile cellular subscriptions (per 100 people),2023,,Latin America & Caribbean ,Upper middle income,-88.7713,17.2534
3323,BZ,Belize,Mobile cellular subscriptions (per 100 people),2022,67.1750266305468,Latin America & Caribbean ,Upper middle income,-88.7713,17.2534
3324,BZ,Belize,Mobile cellular subscriptions (per 100 people),2021,66.7769498110516,Latin America & Caribbean ,Upper middle income,-88.7713,17.2534
3325,BZ,Belize,Mobile cellular subscriptions (per 100 people),2020,67.551661668526,Latin America & Caribbean ,Upper middle income,-88.7713,17.2534
3326,BZ,Belize,Mobile cellular subscriptions (per 100 people),2019,66.0704612665196,Latin America & Caribbean ,Upper middle income,-88.7713,17.2534
3327,BZ,Belize,Mobile cellular subscriptions (per 100 people),2018,64.7801570644827,Latin America & Caribbean ,Upper middle income,-88.7713,17.2534
3328,BZ,Belize,Mobile cellular subscriptions (per 100 people),2017,64.1585522049721,Latin America & Caribbean ,Upper middle income,-88.7713,17.2534
3329,BZ,Belize,Mobile cellular subscriptions (per 100 people),2016,61.1255672392756,Latin America & Caribbean ,Upper middle income,-88.7713,17.2534
3330,BJ,Benin,Mobile cellular subscriptions (per 100 people),2025,,Sub-Saharan Africa ,Lower middle income,2.6323,6.4779
3331,BJ,Benin,Mobile cellular subscriptions (per 100 people),2024,125.940873932186,Sub-Saharan Africa ,Lower middle income,2.6323,6.4779
3332,BJ,Benin,Mobile cellular subscriptions (per 100 people),2023,116.036046685168,Sub-Saharan Africa ,Lower middle income,2.6323,6.4779
3333,BJ,Benin,Mobile cellular subscriptions (per 100 people),2022,105.745019386968,Sub-Saharan Africa ,Lower middle income,2.6323,6.4779
3334,BJ,Benin,Mobile cellular subscriptions (per 100 people),2021,94.9182598289459,Sub-Saharan Africa ,Lower middle income,2.6323,6.4779
3335,BJ,Benin,Mobile cellular subscriptions (per 100 people),2020,85.2390738023357,Sub-Saharan Africa ,Lower middle income,2.6323,6.4779
3336,BJ,Benin,Mobile cellular subscriptions (per 100 people),2019,81.3235345537806,Sub-Saharan Africa ,Lower middle income,2.6323,6.4779
3337,BJ,Benin,Mobile cellular subscriptions (per 100 people),2018,76.4080341122638,Sub-Saharan Africa ,Lower middle income,2.6323,6.4779
3338,BJ,Benin,Mobile cellular subscriptions (per 100 people),2017,72.867145412956,Sub-Saharan Africa ,Lower middle income,2.6323,6.4779
3339,BJ,Benin,Mobile cellular subscriptions (per 100 people),2016,76.0182091705462,Sub-Saharan Africa ,Lower middle income,2.6323,6.4779
3340,BM,Bermuda,Mobile cellular subscriptions (per 100 people),2025,,North America,High income,-64.706,32.3293
3341,BM,Bermuda,Mobile cellular subscriptions (per 100 people),2024,96.6767745528807,North America,High income,-64.706,32.3293
3342,BM,Bermuda,Mobile cellular subscriptions (per 100 people),2023,,North America,High income,-64.706,32.3293
3343,BM,Bermuda,Mobile cellular subscriptions (per 100 people),2022,105.274212729154,North America,High income,-64.706,32.3293
3344,BM,Bermuda,Mobile cellular subscriptions (per 100 people),2021,105.185001856206,North America,High income,-64.706,32.3293
3345,BM,Bermuda,Mobile cellular subscriptions (per 100 people),2020,105.619583113293,North America,High income,-64.706,32.3293
3346,BM,Bermuda,Mobile cellular subscriptions (per 100 people),2019,104.512767716474,North America,High income,-64.706,32.3293
3347,BM,Bermuda,Mobile cellular subscriptions (per 100 people),2018,,North America,High income,-64.706,32.3293
3348,BM,Bermuda,Mobile cellular subscriptions (per 100 people),2017,102.231904117777,North America,High income,-64.706,32.3293
3349,BM,Bermuda,Mobile cellular subscriptions (per 100 people),2016,100.6966224842,North America,High income,-64.706,32.3293
3350,BT,Bhutan,Mobile cellular subscriptions (per 100 people),2025,,South Asia,Lower middle income,89.6177,27.5768
3351,BT,Bhutan,Mobile cellular subscriptions (per 100 people),2024,99.7576826476519,South Asia,Lower middle income,89.6177,27.5768
3352,BT,Bhutan,Mobile cellular subscriptions (per 100 people),2023,95.6260610260877,South Asia,Lower middle income,89.6177,27.5768
3353,BT,Bhutan,Mobile cellular subscriptions (per 100 people),2022,95.129809428439,South Asia,Lower middle income,89.6177,27.5768
3354,BT,Bhutan,Mobile cellular subscriptions (per 100 people),2021,100.330908049861,South Asia,Lower middle income,89.6177,27.5768
3355,BT,Bhutan,Mobile cellular subscriptions (per 100 people),2020,96.7702849068709,South Asia,Lower middle income,89.6177,27.5768
3356,BT,Bhutan,Mobile cellular subscriptions (per 100 people),2019,95.3472955869586,South Asia,Lower middle income,89.6177,27.5768
3357,BT,Bhutan,Mobile cellular subscriptions (per 100 people),2018,92.6022594006784,South Asia,Lower middle income,89.6177,27.5768
3358,BT,Bhutan,Mobile cellular subscriptions (per 100 people),2017,96.8565690310008,South Asia,Lower middle income,89.6177,27.5768
3359,BT,Bhutan,Mobile cellular subscriptions (per 100 people),2016,93.382103211003,South Asia,Lower middle income,89.6177,27.5768
3360,BO,Bolivia,Mobile cellular subscriptions (per 100 people),2025,,Latin America & Caribbean ,Lower middle income,-66.1936,-13.9908
3361,BO,Bolivia,Mobile cellular subscriptions (per 100 people),2024,98.0287940811943,Latin America & Caribbean ,Lower middle income,-66.1936,-13.9908
3362,BO,Bolivia,Mobile cellular subscriptions (per 100 people),2023,,Latin America & Caribbean ,Lower middle income,-66.1936,-13.9908
3363,BO,Bolivia,Mobile cellular subscriptions (per 100 people),2022,101.57150434614,Latin America & Caribbean ,Lower middle income,-66.1936,-13.9908
3364,BO,Bolivia,Mobile cellular subscriptions (per 100 people),2021,100.809064985893,Latin America & Caribbean ,Lower middle income,-66.1936,-13.9908
3365,BO,Bolivia,Mobile cellular subscriptions (per 100 people),2020,99.898817726261,Latin America & Caribbean ,Lower middle income,-66.1936,-13.9908
3366,BO,Bolivia,Mobile cellular subscriptions (per 100 people),2019,100.14945954148,Latin America & Caribbean ,Lower middle income,-66.1936,-13.9908
3367,BO,Bolivia,Mobile cellular subscriptions (per 100 people),2018,99.4565867202022,Latin America & Caribbean ,Lower middle income,-66.1936,-13.9908
3368,BO,Bolivia,Mobile cellular subscriptions (per 100 people),2017,96.6383703523099,Latin America & Caribbean ,Lower middle income,-66.1936,-13.9908
3369,BO,Bolivia,Mobile cellular subscriptions (per 100 people),2016,90.3953302409119,Latin America & Caribbean ,Lower middle income,-66.1936,-13.9908
3370,BA,Bosnia and Herzegovina,Mobile cellular subscriptions (per 100 people),2025,,Europe & Central Asia,Upper middle income,18.4214,43.8607
3371,BA,Bosnia and Herzegovina,Mobile cellular subscriptions (per 100 people),2024,121.232373011893,Europe & Central Asia,Upper middle income,18.4214,43.8607
3372,BA,Bosnia and Herzegovina,Mobile cellular subscriptions (per 100 people),2023,117.733690876159,Europe & Central Asia,Upper middle income,18.4214,43.8607
3373,BA,Bosnia and Herzegovina,Mobile cellular subscriptions (per 100 people),2022,118.944352880459,Europe & Central Asia,Upper middle income,18.4214,43.8607
3374,BA,Bosnia and Herzegovina,Mobile cellular subscriptions (per 100 people),2021,114.911613799718,Europe & Central Asia,Upper middle income,18.4214,43.8607
3375,BA,Bosnia and Herzegovina,Mobile cellular subscriptions (per 100 people),2020,106.374742411306,Europe & Central Asia,Upper middle income,18.4214,43.8607
3376,BA,Bosnia and Herzegovina,Mobile cellular subscriptions (per 100 people),2019,112.254788698841,Europe & Central Asia,Upper middle income,18.4214,43.8607
3377,BA,Bosnia and Herzegovina,Mobile cellular subscriptions (per 100 people),2018,102.186536758193,Europe & Central Asia,Upper middle income,18.4214,43.8607
3378,BA,Bosnia and Herzegovina,Mobile cellular subscriptions (per 100 people),2017,100.332576774399,Europe & Central Asia,Upper middle income,18.4214,43.8607
3379,BA,Bosnia and Herzegovina,Mobile cellular subscriptions (per 100 people),2016,98.0143984902979,Europe & Central Asia,Upper middle income,18.4214,43.8607
3380,BW,Botswana,Mobile cellular subscriptions (per 100 people),2025,,Sub-Saharan Africa ,Upper middle income,25.9201,-24.6544
3381,BW,Botswana,Mobile cellular subscriptions (per 100 people),2024,163.999922257361,Sub-Saharan Africa ,Upper middle income,25.9201,-24.6544
3382,BW,Botswana,Mobile cellular subscriptions (per 100 people),2023,179.027305378019,Sub-Saharan Africa ,Upper middle income,25.9201,-24.6544
3383,BW,Botswana,Mobile cellular subscriptions (per 100 people),2022,178.205018910673,Sub-Saharan Africa ,Upper middle income,25.9201,-24.6544
3384,BW,Botswana,Mobile cellular subscriptions (per 100 people),2021,173.25235140068,Sub-Saharan Africa ,Upper middle income,25.9201,-24.6544
3385,BW,Botswana,Mobile cellular subscriptions (per 100 people),2020,161.858815314634,Sub-Saharan Africa ,Upper middle income,25.9201,-24.6544
3386,BW,Botswana,Mobile cellular subscriptions (per 100 people),2019,160.661520194607,Sub-Saharan Africa ,Upper middle income,25.9201,-24.6544
3387,BW,Botswana,Mobile cellular subscriptions (per 100 people),2018,147.06483856362,Sub-Saharan Africa ,Upper middle income,25.9201,-24.6544
3388,BW,Botswana,Mobile cellular subscriptions (per 100 people),2017,142.962095019868,Sub-Saharan Africa ,Upper middle income,25.9201,-24.6544
3389,BW,Botswana,Mobile cellular subscriptions (per 100 people),2016,147.172960511479,Sub-Saharan Africa ,Upper middle income,25.9201,-24.6544
3390,BR,Brazil,Mobile cellular subscriptions (per 100 people),2025,,Latin America & Caribbean ,Upper middle income,-47.9292,-15.7801
3391,BR,Brazil,Mobile cellular subscriptions (per 100 people),2024,101.926846460424,Latin America & Caribbean ,Upper middle income,-47.9292,-15.7801
3392,BR,Brazil,Mobile cellular subscriptions (per 100 people),2023,101.020256020808,Latin America & Caribbean ,Upper middle income,-47.9292,-15.7801
3393,BR,Brazil,Mobile cellular subscriptions (per 100 people),2022,101.245468903076,Latin America & Caribbean ,Upper middle income,-47.9292,-15.7801
3394,BR,Brazil,Mobile cellular subscriptions (per 100 people),2021,104.824727184587,Latin America & Caribbean ,Upper middle income,-47.9292,-15.7801
3395,BR,Brazil,Mobile cellular subscriptions (per 100 people),2020,98.6456198619193,Latin America & Caribbean ,Upper middle income,-47.9292,-15.7801
3396,BR,Brazil,Mobile cellular subscriptions (per 100 people),2019,97.3747376780285,Latin America & Caribbean ,Upper middle income,-47.9292,-15.7801
3397,BR,Brazil,Mobile cellular subscriptions (per 100 people),2018,101.602460284017,Latin America & Caribbean ,Upper middle income,-47.9292,-15.7801
3398,BR,Brazil,Mobile cellular subscriptions (per 100 people),2017,108.092570205646,Latin America & Caribbean ,Upper middle income,-47.9292,-15.7801
3399,BR,Brazil,Mobile cellular subscriptions (per 100 people),2016,120.101181531485,Latin America & Caribbean ,Upper middle income,-47.9292,-15.7801
3400,VG,British Virgin Islands,Mobile cellular subscriptions (per 100 people),2025,,Latin America & Caribbean ,High income,-64.623056,18.431389
3401,VG,British Virgin Islands,Mobile cellular subscriptions (per 100 people),2024,93.1316662866408,Latin America & Caribbean ,High income,-64.623056,18.431389
3402,VG,British Virgin Islands,Mobile cellular subscriptions (per 100 people),2023,90.8246761574965,Latin America & Caribbean ,High income,-64.623056,18.431389
3403,VG,British Virgin Islands,Mobile cellular subscriptions (per 100 people),2022,92.8912549909966,Latin America & Caribbean ,High income,-64.623056,18.431389
3404,VG,British Virgin Islands,Mobile cellular subscriptions (per 100 people),2021,99.5556613504721,Latin America & Caribbean ,High income,-64.623056,18.431389
3405,VG,British Virgin Islands,Mobile cellular subscriptions (per 100 people),2020,94.6896458866299,Latin America & Caribbean ,High income,-64.623056,18.431389
3406,VG,British Virgin Islands,Mobile cellular subscriptions (per 100 people),2019,108.624811100426,Latin America & Caribbean ,High income,-64.623056,18.431389
3407,VG,British Virgin Islands,Mobile cellular subscriptions (per 100 people),2018,115.28406959633,Latin America & Caribbean ,High income,-64.623056,18.431389
3408,VG,British Virgin Islands,Mobile cellular subscriptions (per 100 people),2017,134.692192421787,Latin America & Caribbean ,High income,-64.623056,18.431389
3409,VG,British Virgin Islands,Mobile cellular subscriptions (per 100 people),2016,117.152724481965,Latin America & Caribbean ,High income,-64.623056,18.431389
3410,BN,Brunei Darussalam,Mobile cellular subscriptions (per 100 people),2025,,East Asia & Pacific,High income,114.946,4.94199
3411,BN,Brunei Darussalam,Mobile cellular subscriptions (per 100 people),2024,118.130579766209,East Asia & Pacific,High income,114.946,4.94199
3412,BN,Brunei Darussalam,Mobile cellular subscriptions (per 100 people),2023,118.673752421293,East Asia & Pacific,High income,114.946,4.94199
3413,BN,Brunei Darussalam,Mobile cellular subscriptions (per 100 people),2022,116.108439291126,East Asia & Pacific,High income,114.946,4.94199
3414,BN,Brunei Darussalam,Mobile cellular subscriptions (per 100 people),2021,133.597065445264,East Asia & Pacific,High income,114.946,4.94199
3415,BN,Brunei Darussalam,Mobile cellular subscriptions (per 100 people),2020,119.933885258067,East Asia & Pacific,High income,114.946,4.94199
3416,BN,Brunei Darussalam,Mobile cellular subscriptions (per 100 people),2019,129.845260684919,East Asia & Pacific,High income,114.946,4.94199
3417,BN,Brunei Darussalam,Mobile cellular subscriptions (per 100 people),2018,129.268175692652,East Asia & Pacific,High income,114.946,4.94199
3418,BN,Brunei Darussalam,Mobile cellular subscriptions (per 100 people),2017,125.870435240727,East Asia & Pacific,High income,114.946,4.94199
3419,BN,Brunei Darussalam,Mobile cellular subscriptions (per 100 people),2016,122.42681797345,East Asia & Pacific,High income,114.946,4.94199
3420,BG,Bulgaria,Mobile cellular subscriptions (per 100 people),2025,,Europe & Central Asia,High income,23.3238,42.7105
3421,BG,Bulgaria,Mobile cellular subscriptions (per 100 people),2024,118.067152838789,Europe & Central Asia,High income,23.3238,42.7105
3422,BG,Bulgaria,Mobile cellular subscriptions (per 100 people),2023,117.932685806225,Europe & Central Asia,High income,23.3238,42.7105
3423,BG,Bulgaria,Mobile cellular subscriptions (per 100 people),2022,116.679163253179,Europe & Central Asia,High income,23.3238,42.7105
3424,BG,Bulgaria,Mobile cellular subscriptions (per 100 people),2021,114.911988483727,Europe & Central Asia,High income,23.3238,42.7105
3425,BG,Bulgaria,Mobile cellular subscriptions (per 100 people),2020,114.596737765322,Europe & Central Asia,High income,23.3238,42.7105
3426,BG,Bulgaria,Mobile cellular subscriptions (per 100 people),2019,116.616975862125,Europe & Central Asia,High income,23.3238,42.7105
3427,BG,Bulgaria,Mobile cellular subscriptions (per 100 people),2018,119.394511829255,Europe & Central Asia,High income,23.3238,42.7105
3428,BG,Bulgaria,Mobile cellular subscriptions (per 100 people),2017,120.595632675282,Europe & Central Asia,High income,23.3238,42.7105
3429,BG,Bulgaria,Mobile cellular subscriptions (per 100 people),2016,125.906027330453,Europe & Central Asia,High income,23.3238,42.7105
3430,BF,Burkina Faso,Mobile cellular subscriptions (per 100 people),2025,,Sub-Saharan Africa ,Low income,-1.53395,12.3605
3431,BF,Burkina Faso,Mobile cellular subscriptions (per 100 people),2024,116.5895933212,Sub-Saharan Africa ,Low income,-1.53395,12.3605
3432,BF,Burkina Faso,Mobile cellular subscriptions (per 100 people),2023,116.16313821519,Sub-Saharan Africa ,Low income,-1.53395,12.3605
3433,BF,Burkina Faso,Mobile cellular subscriptions (per 100 people),2022,113.996146792235,Sub-Saharan Africa ,Low income,-1.53395,12.3605
3434,BF,Burkina Faso,Mobile cellular subscriptions (per 100 people),2021,112.198419449151,Sub-Saharan Africa ,Low income,-1.53395,12.3605
3435,BF,Burkina Faso,Mobile cellular subscriptions (per 100 people),2020,102.972844247019,Sub-Saharan Africa ,Low income,-1.53395,12.3605
3436,BF,Burkina Faso,Mobile cellular subscriptions (per 100 people),2019,97.1498646690919,Sub-Saharan Africa ,Low income,-1.53395,12.3605
3437,BF,Burkina Faso,Mobile cellular subscriptions (per 100 people),2018,94.6219614871852,Sub-Saharan Africa ,Low income,-1.53395,12.3605
3438,BF,Burkina Faso,Mobile cellular subscriptions (per 100 people),2017,90.2081424191231,Sub-Saharan Africa ,Low income,-1.53395,12.3605
3439,BF,Burkina Faso,Mobile cellular subscriptions (per 100 people),2016,79.6697942824089,Sub-Saharan Africa ,Low income,-1.53395,12.3605
3440,BI,Burundi,Mobile cellular subscriptions (per 100 people),2025,,Sub-Saharan Africa ,Low income,29.3639,-3.3784
3441,BI,Burundi,Mobile cellular subscriptions (per 100 people),2024,,Sub-Saharan Africa ,Low income,29.3639,-3.3784
3442,BI,Burundi,Mobile cellular subscriptions (per 100 people),2023,63.1631365759764,Sub-Saharan Africa ,Low income,29.3639,-3.3784
3443,BI,Burundi,Mobile cellular subscriptions (per 100 people),2022,56.2599912004244,Sub-Saharan Africa ,Low income,29.3639,-3.3784
3444,BI,Burundi,Mobile cellular subscriptions (per 100 people),2021,59.700785493419,Sub-Saharan Africa ,Low income,29.3639,-3.3784
3445,BI,Burundi,Mobile cellular subscriptions (per 100 people),2020,52.5571219738138,Sub-Saharan Africa ,Low income,29.3639,-3.3784
3446,BI,Burundi,Mobile cellular subscriptions (per 100 people),2019,53.2995504978403,Sub-Saharan Africa ,Low income,29.3639,-3.3784
3447,BI,Burundi,Mobile cellular subscriptions (per 100 people),2018,53.2736942349584,Sub-Saharan Africa ,Low income,29.3639,-3.3784
3448,BI,Burundi,Mobile cellular subscriptions (per 100 people),2017,51.4533280518012,Sub-Saharan Africa ,Low income,29.3639,-3.3784
3449,BI,Burundi,Mobile cellular subscriptions (per 100 people),2016,47.6697304877258,Sub-Saharan Africa ,Low income,29.3639,-3.3784
3450,CV,Cabo Verde,Mobile cellular subscriptions (per 100 people),2025,,Sub-Saharan Africa ,Upper middle income,-23.5087,14.9218
3451,CV,Cabo Verde,Mobile cellular subscriptions (per 100 people),2024,111.84067886381,Sub-Saharan Africa ,Upper middle income,-23.5087,14.9218
3452,CV,Cabo Verde,Mobile cellular subscriptions (per 100 people),2023,113.022968194497,Sub-Saharan Africa ,Upper middle income,-23.5087,14.9218
3453,CV,Cabo Verde,Mobile cellular subscriptions (per 100 people),2022,113.247367438782,Sub-Saharan Africa ,Upper middle income,-23.5087,14.9218
3454,CV,Cabo Verde,Mobile cellular subscriptions (per 100 people),2021,114.230551109167,Sub-Saharan Africa ,Upper middle income,-23.5087,14.9218
3455,CV,Cabo Verde,Mobile cellular subscriptions (per 100 people),2020,105.838590655535,Sub-Saharan Africa ,Upper middle income,-23.5087,14.9218
3456,CV,Cabo Verde,Mobile cellular subscriptions (per 100 people),2019,115.867801067488,Sub-Saharan Africa ,Upper middle income,-23.5087,14.9218
3457,CV,Cabo Verde,Mobile cellular subscriptions (per 100 people),2018,118.876152819844,Sub-Saharan Africa ,Upper middle income,-23.5087,14.9218
3458,CV,Cabo Verde,Mobile cellular subscriptions (per 100 people),2017,119.373631537182,Sub-Saharan Africa ,Upper middle income,-23.5087,14.9218
3459,CV,Cabo Verde,Mobile cellular subscriptions (per 100 people),2016,117.442454843782,Sub-Saharan Africa ,Upper middle income,-23.5087,14.9218
3460,KH,Cambodia,Mobile cellular subscriptions (per 100 people),2025,,East Asia & Pacific,Lower middle income,104.874,11.5556
3461,KH,Cambodia,Mobile cellular subscriptions (per 100 people),2024,116.091961125929,East Asia & Pacific,Lower middle income,104.874,11.5556
3462,KH,Cambodia,Mobile cellular subscriptions (per 100 people),2023,120.80911943838,East Asia & Pacific,Lower middle income,104.874,11.5556
3463,KH,Cambodia,Mobile cellular subscriptions (per 100 people),2022,113.391506572248,East Asia & Pacific,Lower middle income,104.874,11.5556
3464,KH,Cambodia,Mobile cellular subscriptions (per 100 people),2021,117.234785164989,East Asia & Pacific,Lower middle income,104.874,11.5556
3465,KH,Cambodia,Mobile cellular subscriptions (per 100 people),2020,126.075894769858,East Asia & Pacific,Lower middle income,104.874,11.5556
3466,KH,Cambodia,Mobile cellular subscriptions (per 100 people),2019,129.957441474291,East Asia & Pacific,Lower middle income,104.874,11.5556
3467,KH,Cambodia,Mobile cellular subscriptions (per 100 people),2018,119.309943480982,East Asia & Pacific,Lower middle income,104.874,11.5556
3468,KH,Cambodia,Mobile cellular subscriptions (per 100 people),2017,115.551192369591,East Asia & Pacific,Lower middle income,104.874,11.5556
3469,KH,Cambodia,Mobile cellular subscriptions (per 100 people),2016,125.627644524442,East Asia & Pacific,Lower middle income,104.874,11.5556
3470,CM,Cameroon,Mobile cellular subscriptions (per 100 people),2025,,Sub-Saharan Africa ,Lower middle income,11.5174,3.8721
3471,CM,Cameroon,Mobile cellular subscriptions (per 100 people),2024,108.213130152497,Sub-Saharan Africa ,Lower middle income,11.5174,3.8721
3472,CM,Cameroon,Mobile cellular subscriptions (per 100 people),2023,96.4817325902196,Sub-Saharan Africa ,Lower middle income,11.5174,3.8721
3473,CM,Cameroon,Mobile cellular subscriptions (per 100 people),2022,89.8274190453067,Sub-Saharan Africa ,Lower middle income,11.5174,3.8721
3474,CM,Cameroon,Mobile cellular subscriptions (per 100 people),2021,80.8081013360278,Sub-Saharan Africa ,Lower middle income,11.5174,3.8721
3475,CM,Cameroon,Mobile cellular subscriptions (per 100 people),2020,85.2721639882676,Sub-Saharan Africa ,Lower middle income,11.5174,3.8721
3476,CM,Cameroon,Mobile cellular subscriptions (per 100 people),2019,83.9044001051513,Sub-Saharan Africa ,Lower middle income,11.5174,3.8721
3477,CM,Cameroon,Mobile cellular subscriptions (per 100 people),2018,74.3995446655806,Sub-Saharan Africa ,Lower middle income,11.5174,3.8721
3478,CM,Cameroon,Mobile cellular subscriptions (per 100 people),2017,83.4502920413828,Sub-Saharan Africa ,Lower middle income,11.5174,3.8721
3479,CM,Cameroon,Mobile cellular subscriptions (per 100 people),2016,79.8046154795305,Sub-Saharan Africa ,Lower middle income,11.5174,3.8721
3480,CA,Canada,Mobile cellular subscriptions (per 100 people),2025,,North America,High income,-75.6919,45.4215
3481,CA,Canada,Mobile cellular subscriptions (per 100 people),2024,94.1059718794246,North America,High income,-75.6919,45.4215
3482,CA,Canada,Mobile cellular subscriptions (per 100 people),2023,94.1497268194785,North America,High income,-75.6919,45.4215
3483,CA,Canada,Mobile cellular subscriptions (per 100 people),2022,91.2386689983444,North America,High income,-75.6919,45.4215
3484,CA,Canada,Mobile cellular subscriptions (per 100 people),2021,87.4056019628826,North America,High income,-75.6919,45.4215
3485,CA,Canada,Mobile cellular subscriptions (per 100 people),2020,84.7747749116615,North America,High income,-75.6919,45.4215
3486,CA,Canada,Mobile cellular subscriptions (per 100 people),2019,90.9589210049458,North America,High income,-75.6919,45.4215
3487,CA,Canada,Mobile cellular subscriptions (per 100 people),2018,89.0494584998715,North America,High income,-75.6919,45.4215
3488,CA,Canada,Mobile cellular subscriptions (per 100 people),2017,86.1024018448784,North America,High income,-75.6919,45.4215
3489,CA,Canada,Mobile cellular subscriptions (per 100 people),2016,84.5919452304565,North America,High income,-75.6919,45.4215
3490,KY,Cayman Islands,Mobile cellular subscriptions (per 100 people),2025,,Latin America & Caribbean ,High income,-81.3857,19.3022
3491,KY,Cayman Islands,Mobile cellular subscriptions (per 100 people),2024,,Latin America & Caribbean ,High income,-81.3857,19.3022
3492,KY,Cayman Islands,Mobile cellular subscriptions (per 100 people),2023,,Latin America & Caribbean ,High income,-81.3857,19.3022
3493,KY,Cayman Islands,Mobile cellular subscriptions (per 100 people),2022,139.314997695241,Latin America & Caribbean ,High income,-81.3857,19.3022
3494,KY,Cayman Islands,Mobile cellular subscriptions (per 100 people),2021,142.637074228333,Latin America & Caribbean ,High income,-81.3857,19.3022
3495,KY,Cayman Islands,Mobile cellular subscriptions (per 100 people),2020,145.594315997903,Latin America & Caribbean ,High income,-81.3857,19.3022
3496,KY,Cayman Islands,Mobile cellular subscriptions (per 100 people),2019,147.043533797733,Latin America & Caribbean ,High income,-81.3857,19.3022
3497,KY,Cayman Islands,Mobile cellular subscriptions (per 100 people),2018,,Latin America & Caribbean ,High income,-81.3857,19.3022
3498,KY,Cayman Islands,Mobile cellular subscriptions (per 100 people),2017,149.772991400015,Latin America & Caribbean ,High income,-81.3857,19.3022
3499,KY,Cayman Islands,Mobile cellular subscriptions (per 100 people),2016,151.594294770206,Latin America & Caribbean ,High income,-81.3857,19.3022
3500,CF,Central African Republic,Mobile cellular subscriptions (per 100 people),2025,,Sub-Saharan Africa ,Low income,21.6407,5.63056
3501,CF,Central African Republic,Mobile cellular subscriptions (per 100 people),2024,,Sub-Saharan Africa ,Low income,21.6407,5.63056
3502,CF,Central African Republic,Mobile cellular subscriptions (per 100 people),2023,,Sub-Saharan Africa ,Low income,21.6407,5.63056
3503,CF,Central African Republic,Mobile cellular subscriptions (per 100 people),2022,38.8217901039988,Sub-Saharan Africa ,Low income,21.6407,5.63056
3504,CF,Central African Republic,Mobile cellular subscriptions (per 100 people),2021,35.8169832358522,Sub-Saharan Africa ,Low income,21.6407,5.63056
3505,CF,Central African Republic,Mobile cellular subscriptions (per 100 people),2020,36.426009643045,Sub-Saharan Africa ,Low income,21.6407,5.63056
3506,CF,Central African Republic,Mobile cellular subscriptions (per 100 people),2019,32.2626859489842,Sub-Saharan Africa ,Low income,21.6407,5.63056
3507,CF,Central African Republic,Mobile cellular subscriptions (per 100 people),2018,26.2215810621653,Sub-Saharan Africa ,Low income,21.6407,5.63056
3508,CF,Central African Republic,Mobile cellular subscriptions (per 100 people),2017,24.5204193752763,Sub-Saharan Africa ,Low income,21.6407,5.63056
3509,CF,Central African Republic,Mobile cellular subscriptions (per 100 people),2016,26.4835649048309,Sub-Saharan Africa ,Low income,21.6407,5.63056
3510,TD,Chad,Mobile cellular subscriptions (per 100 people),2025,,Sub-Saharan Africa ,Low income,15.0445,12.1048
3511,TD,Chad,Mobile cellular subscriptions (per 100 people),2024,72.9289782617702,Sub-Saharan Africa ,Low income,15.0445,12.1048
3512,TD,Chad,Mobile cellular subscriptions (per 100 people),2023,70.1873962423852,Sub-Saharan Africa ,Low income,15.0445,12.1048
3513,TD,Chad,Mobile cellular subscriptions (per 100 people),2022,65.4377795535985,Sub-Saharan Africa ,Low income,15.0445,12.1048
3514,TD,Chad,Mobile cellular subscriptions (per 100 people),2021,58.0323175441615,Sub-Saharan Africa ,Low income,15.0445,12.1048
3515,TD,Chad,Mobile cellular subscriptions (per 100 people),2020,50.434327397335,Sub-Saharan Africa ,Low income,15.0445,12.1048
3516,TD,Chad,Mobile cellular subscriptions (per 100 people),2019,45.9378876746208,Sub-Saharan Africa ,Low income,15.0445,12.1048
3517,TD,Chad,Mobile cellular subscriptions (per 100 people),2018,43.2279057924006,Sub-Saharan Africa ,Low income,15.0445,12.1048
3518,TD,Chad,Mobile cellular subscriptions (per 100 people),2017,40.7648866631048,Sub-Saharan Africa ,Low income,15.0445,12.1048
3519,TD,Chad,Mobile cellular subscriptions (per 100 people),2016,36.9555838356879,Sub-Saharan Africa ,Low income,15.0445,12.1048
3520,JG,Channel Islands,Mobile cellular subscriptions (per 100 people),2025,,Europe & Central Asia,High income,,
3521,JG,Channel Islands,Mobile cellular subscriptions (per 100 people),2024,,Europe & Central Asia,High income,,
3522,JG,Channel Islands,Mobile cellular subscriptions (per 100 people),2023,,Europe & Central Asia,High income,,
3523,JG,Channel Islands,Mobile cellular subscriptions (per 100 people),2022,,Europe & Central Asia,High income,,
3524,JG,Channel Islands,Mobile cellular subscriptions (per 100 people),2021,,Europe & Central Asia,High income,,
3525,JG,Channel Islands,Mobile cellular subscriptions (per 100 people),2020,,Europe & Central Asia,High income,,
3526,JG,Channel Islands,Mobile cellular subscriptions (per 100 people),2019,,Europe & Central Asia,High income,,
3527,JG,Channel Islands,Mobile cellular subscriptions (per 100 people),2018,,Europe & Central Asia,High income,,
3528,JG,Channel Islands,Mobile cellular subscriptions (per 100 people),2017,,Europe & Central Asia,High income,,
3529,JG,Channel Islands,Mobile cellular subscriptions (per 100 people),2016,,Europe & Central Asia,High income,,
3530,CL,Chile,Mobile cellular subscriptions (per 100 people),2025,,Latin America & Caribbean ,High income,-70.6475,-33.475
3531,CL,Chile,Mobile cellular subscriptions (per 100 people),2024,132.660408764665,Latin America & Caribbean ,High income,-70.6475,-33.475
3532,CL,Chile,Mobile cellular subscriptions (per 100 people),2023,135.871118507277,Latin America & Caribbean ,High income,-70.6475,-33.475
3533,CL,Chile,Mobile cellular subscriptions (per 100 people),2022,135.114280974065,Latin America & Caribbean ,High income,-70.6475,-33.475
3534,CL,Chile,Mobile cellular subscriptions (per 100 people),2021,136.571581265001,Latin America & Caribbean ,High income,-70.6475,-33.475
3535,CL,Chile,Mobile cellular subscriptions (per 100 people),2020,129.413740104604,Latin America & Caribbean ,High income,-70.6475,-33.475
3536,CL,Chile,Mobile cellular subscriptions (per 100 people),2019,130.492770400522,Latin America & Caribbean ,High income,-70.6475,-33.475
3537,CL,Chile,Mobile cellular subscriptions (per 100 people),2018,133.270134198082,Latin America & Caribbean ,High income,-70.6475,-33.475
3538,CL,Chile,Mobile cellular subscriptions (per 100 people),2017,124.000811902967,Latin America & Caribbean ,High income,-70.6475,-33.475
3539,CL,Chile,Mobile cellular subscriptions (per 100 people),2016,127.565123343064,Latin America & Caribbean ,High income,-70.6475,-33.475
3540,CN,China,Mobile cellular subscriptions (per 100 people),2025,,East Asia & Pacific,Upper middle income,116.286,40.0495
3541,CN,China,Mobile cellular subscriptions (per 100 people),2024,131.753932036803,East Asia & Pacific,Upper middle income,116.286,40.0495
3542,CN,China,Mobile cellular subscriptions (per 100 people),2023,128.247014127486,East Asia & Pacific,Upper middle income,116.286,40.0495
3543,CN,China,Mobile cellular subscriptions (per 100 people),2022,124.195248970763,East Asia & Pacific,Upper middle income,116.286,40.0495
3544,CN,China,Mobile cellular subscriptions (per 100 people),2021,121.491918368395,East Asia & Pacific,Upper middle income,116.286,40.0495
3545,CN,China,Mobile cellular subscriptions (per 100 people),2020,120.496715387079,East Asia & Pacific,Upper middle income,116.286,40.0495
3546,CN,China,Mobile cellular subscriptions (per 100 people),2019,122.670391850252,East Asia & Pacific,Upper middle income,116.286,40.0495
3547,CN,China,Mobile cellular subscriptions (per 100 people),2018,116.229125477063,East Asia & Pacific,Upper middle income,116.286,40.0495
3548,CN,China,Mobile cellular subscriptions (per 100 people),2017,104.073181609424,East Asia & Pacific,Upper middle income,116.286,40.0495
3549,CN,China,Mobile cellular subscriptions (per 100 people),2016,97.2138770934621,East Asia & Pacific,Upper middle income,116.286,40.0495
3550,CO,Colombia,Mobile cellular subscriptions (per 100 people),2025,,Latin America & Caribbean ,Upper middle income,-74.082,4.60987
3551,CO,Colombia,Mobile cellular subscriptions (per 100 people),2024,174.094289675393,Latin America & Caribbean ,Upper middle income,-74.082,4.60987
3552,CO,Colombia,Mobile cellular subscriptions (per 100 people),2023,166.980107777443,Latin America & Caribbean ,Upper middle income,-74.082,4.60987
3553,CO,Colombia,Mobile cellular subscriptions (per 100 people),2022,156.195161137443,Latin America & Caribbean ,Upper middle income,-74.082,4.60987
3554,CO,Colombia,Mobile cellular subscriptions (per 100 people),2021,146.627837254516,Latin America & Caribbean ,Upper middle income,-74.082,4.60987
3555,CO,Colombia,Mobile cellular subscriptions (per 100 people),2020,133.661019178018,Latin America & Caribbean ,Upper middle income,-74.082,4.60987
3556,CO,Colombia,Mobile cellular subscriptions (per 100 people),2019,132.810761644655,Latin America & Caribbean ,Upper middle income,-74.082,4.60987
3557,CO,Colombia,Mobile cellular subscriptions (per 100 people),2018,131.595473810882,Latin America & Caribbean ,Upper middle income,-74.082,4.60987
3558,CO,Colombia,Mobile cellular subscriptions (per 100 people),2017,129.272014227481,Latin America & Caribbean ,Upper middle income,-74.082,4.60987
3559,CO,Colombia,Mobile cellular subscriptions (per 100 people),2016,123.709953422515,Latin America & Caribbean ,Upper middle income,-74.082,4.60987
3560,KM,Comoros,Mobile cellular subscriptions (per 100 people),2025,,Sub-Saharan Africa ,Lower middle income,43.2418,-11.6986
3561,KM,Comoros,Mobile cellular subscriptions (per 100 people),2024,,Sub-Saharan Africa ,Lower middle income,43.2418,-11.6986
3562,KM,Comoros,Mobile cellular subscriptions (per 100 people),2023,109.855630436495,Sub-Saharan Africa ,Lower middle income,43.2418,-11.6986
3563,KM,Comoros,Mobile cellular subscriptions (per 100 people),2022,100.549036907747,Sub-Saharan Africa ,Lower middle income,43.2418,-11.6986
3564,KM,Comoros,Mobile cellular subscriptions (per 100 people),2021,104.311430086999,Sub-Saharan Africa ,Lower middle income,43.2418,-11.6986
3565,KM,Comoros,Mobile cellular subscriptions (per 100 people),2020,97.4339379901591,Sub-Saharan Africa ,Lower middle income,43.2418,-11.6986
3566,KM,Comoros,Mobile cellular subscriptions (per 100 people),2019,73.1291747290161,Sub-Saharan Africa ,Lower middle income,43.2418,-11.6986
3567,KM,Comoros,Mobile cellular subscriptions (per 100 people),2018,64.6590805998004,Sub-Saharan Africa ,Lower middle income,43.2418,-11.6986
3568,KM,Comoros,Mobile cellular subscriptions (per 100 people),2017,61.9708221164076,Sub-Saharan Africa ,Lower middle income,43.2418,-11.6986
3569,KM,Comoros,Mobile cellular subscriptions (per 100 people),2016,61.2597928387402,Sub-Saharan Africa ,Lower middle income,43.2418,-11.6986
3570,CD,"Congo, Dem. Rep.",Mobile cellular subscriptions (per 100 people),2025,,Sub-Saharan Africa ,Low income,15.3222,-4.325
3571,CD,"Congo, Dem. Rep.",Mobile cellular subscriptions (per 100 people),2024,58.532153345468,Sub-Saharan Africa ,Low income,15.3222,-4.325
3572,CD,"Congo, Dem. Rep.",Mobile cellular subscriptions (per 100 people),2023,53.1888827659463,Sub-Saharan Africa ,Low income,15.3222,-4.325
3573,CD,"Congo, Dem. Rep.",Mobile cellular subscriptions (per 100 people),2022,48.6773534153863,Sub-Saharan Africa ,Low income,15.3222,-4.325
3574,CD,"Congo, Dem. Rep.",Mobile cellular subscriptions (per 100 people),2021,47.2882541992485,Sub-Saharan Africa ,Low income,15.3222,-4.325
3575,CD,"Congo, Dem. Rep.",Mobile cellular subscriptions (per 100 people),2020,42.5027574227056,Sub-Saharan Africa ,Low income,15.3222,-4.325
3576,CD,"Congo, Dem. Rep.",Mobile cellular subscriptions (per 100 people),2019,39.9399996397964,Sub-Saharan Africa ,Low income,15.3222,-4.325
3577,CD,"Congo, Dem. Rep.",Mobile cellular subscriptions (per 100 people),2018,40.5014483221793,Sub-Saharan Africa ,Low income,15.3222,-4.325
3578,CD,"Congo, Dem. Rep.",Mobile cellular subscriptions (per 100 people),2017,40.6222618919854,Sub-Saharan Africa ,Low income,15.3222,-4.325
3579,CD,"Congo, Dem. Rep.",Mobile cellular subscriptions (per 100 people),2016,34.4098982787676,Sub-Saharan Africa ,Low income,15.3222,-4.325
3580,CG,"Congo, Rep.",Mobile cellular subscriptions (per 100 people),2025,,Sub-Saharan Africa ,Lower middle income,15.2662,-4.2767
3581,CG,"Congo, Rep.",Mobile cellular subscriptions (per 100 people),2024,95.5319320614796,Sub-Saharan Africa ,Lower middle income,15.2662,-4.2767
3582,CG,"Congo, Rep.",Mobile cellular subscriptions (per 100 people),2023,94.8715365076336,Sub-Saharan Africa ,Lower middle income,15.2662,-4.2767
3583,CG,"Congo, Rep.",Mobile cellular subscriptions (per 100 people),2022,93.6259259161068,Sub-Saharan Africa ,Lower middle income,15.2662,-4.2767
3584,CG,"Congo, Rep.",Mobile cellular subscriptions (per 100 people),2021,95.8614998889206,Sub-Saharan Africa ,Lower middle income,15.2662,-4.2767
3585,CG,"Congo, Rep.",Mobile cellular subscriptions (per 100 people),2020,97.6561289989503,Sub-Saharan Africa ,Lower middle income,15.2662,-4.2767
3586,CG,"Congo, Rep.",Mobile cellular subscriptions (per 100 people),2019,91.0654212529473,Sub-Saharan Africa ,Lower middle income,15.2662,-4.2767
3587,CG,"Congo, Rep.",Mobile cellular subscriptions (per 100 people),2018,91.1889913731567,Sub-Saharan Africa ,Lower middle income,15.2662,-4.2767
3588,CG,"Congo, Rep.",Mobile cellular subscriptions (per 100 people),2017,94.4868175378447,Sub-Saharan Africa ,Lower middle income,15.2662,-4.2767
3589,CG,"Congo, Rep.",Mobile cellular subscriptions (per 100 people),2016,103.857589492921,Sub-Saharan Africa ,Lower middle income,15.2662,-4.2767
3590,CR,Costa Rica,Mobile cellular subscriptions (per 100 people),2025,,Latin America & Caribbean ,High income,-84.0089,9.63701
3591,CR,Costa Rica,Mobile cellular subscriptions (per 100 people),2024,136.024511151268,Latin America & Caribbean ,High income,-84.0089,9.63701
3592,CR,Costa Rica,Mobile cellular subscriptions (per 100 people),2023,133.527658761832,Latin America & Caribbean ,High income,-84.0089,9.63701
3593,CR,Costa Rica,Mobile cellular subscriptions (per 100 people),2022,136.518375013406,Latin America & Caribbean ,High income,-84.0089,9.63701
3594,CR,Costa Rica,Mobile cellular subscriptions (per 100 people),2021,140.788061157457,Latin America & Caribbean ,High income,-84.0089,9.63701
3595,CR,Costa Rica,Mobile cellular subscriptions (per 100 people),2020,142.481526800044,Latin America & Caribbean ,High income,-84.0089,9.63701
3596,CR,Costa Rica,Mobile cellular subscriptions (per 100 people),2019,144.514079558713,Latin America & Caribbean ,High income,-84.0089,9.63701
3597,CR,Costa Rica,Mobile cellular subscriptions (per 100 people),2018,171.357339055205,Latin America & Caribbean ,High income,-84.0089,9.63701
3598,CR,Costa Rica,Mobile cellular subscriptions (per 100 people),2017,179.931274611112,Latin America & Caribbean ,High income,-84.0089,9.63701
3599,CR,Costa Rica,Mobile cellular subscriptions (per 100 people),2016,171.166374015358,Latin America & Caribbean ,High income,-84.0089,9.63701
3600,CI,Cote d'Ivoire,Mobile cellular subscriptions (per 100 people),2025,,Sub-Saharan Africa ,Lower middle income,-4.0305,5.332
3601,CI,Cote d'Ivoire,Mobile cellular subscriptions (per 100 people),2024,183.875985110648,Sub-Saharan Africa ,Lower middle income,-4.0305,5.332
3602,CI,Cote d'Ivoire,Mobile cellular subscriptions (per 100 people),2023,171.988943341282,Sub-Saharan Africa ,Lower middle income,-4.0305,5.332
3603,CI,Cote d'Ivoire,Mobile cellular subscriptions (per 100 people),2022,161.231833444196,Sub-Saharan Africa ,Lower middle income,-4.0305,5.332
3604,CI,Cote d'Ivoire,Mobile cellular subscriptions (per 100 people),2021,150.343798608733,Sub-Saharan Africa ,Lower middle income,-4.0305,5.332
3605,CI,Cote d'Ivoire,Mobile cellular subscriptions (per 100 people),2020,138.663750301785,Sub-Saharan Africa ,Lower middle income,-4.0305,5.332
3606,CI,Cote d'Ivoire,Mobile cellular subscriptions (per 100 people),2019,132.574011521792,Sub-Saharan Africa ,Lower middle income,-4.0305,5.332
3607,CI,Cote d'Ivoire,Mobile cellular subscriptions (per 100 people),2018,123.098008449044,Sub-Saharan Africa ,Lower middle income,-4.0305,5.332
3608,CI,Cote d'Ivoire,Mobile cellular subscriptions (per 100 people),2017,118.755063895419,Sub-Saharan Africa ,Lower middle income,-4.0305,5.332
3609,CI,Cote d'Ivoire,Mobile cellular subscriptions (per 100 people),2016,105.624772864173,Sub-Saharan Africa ,Lower middle income,-4.0305,5.332
3610,HR,Croatia,Mobile cellular subscriptions (per 100 people),2025,,Europe & Central Asia,High income,15.9614,45.8069
3611,HR,Croatia,Mobile cellular subscriptions (per 100 people),2024,121.732525659138,Europe & Central Asia,High income,15.9614,45.8069
3612,HR,Croatia,Mobile cellular subscriptions (per 100 people),2023,117.112604314708,Europe & Central Asia,High income,15.9614,45.8069
3613,HR,Croatia,Mobile cellular subscriptions (per 100 people),2022,114.677195729643,Europe & Central Asia,High income,15.9614,45.8069
3614,HR,Croatia,Mobile cellular subscriptions (per 100 people),2021,112.169438491978,Europe & Central Asia,High income,15.9614,45.8069
3615,HR,Croatia,Mobile cellular subscriptions (per 100 people),2020,110.666299439701,Europe & Central Asia,High income,15.9614,45.8069
3616,HR,Croatia,Mobile cellular subscriptions (per 100 people),2019,110.493802074789,Europe & Central Asia,High income,15.9614,45.8069
3617,HR,Croatia,Mobile cellular subscriptions (per 100 people),2018,109.034035401906,Europe & Central Asia,High income,15.9614,45.8069
3618,HR,Croatia,Mobile cellular subscriptions (per 100 people),2017,105.794763679153,Europe & Central Asia,High income,15.9614,45.8069
3619,HR,Croatia,Mobile cellular subscriptions (per 100 people),2016,106.718403536951,Europe & Central Asia,High income,15.9614,45.8069
3620,CU,Cuba,Mobile cellular subscriptions (per 100 people),2025,,Latin America & Caribbean ,Upper middle income,-82.3667,23.1333
3621,CU,Cuba,Mobile cellular subscriptions (per 100 people),2024,72.930002350684,Latin America & Caribbean ,Upper middle income,-82.3667,23.1333
3622,CU,Cuba,Mobile cellular subscriptions (per 100 people),2023,69.5767786567811,Latin America & Caribbean ,Upper middle income,-82.3667,23.1333
3623,CU,Cuba,Mobile cellular subscriptions (per 100 people),2022,68.7180442358013,Latin America & Caribbean ,Upper middle income,-82.3667,23.1333
3624,CU,Cuba,Mobile cellular subscriptions (per 100 people),2021,63.8661095570576,Latin America & Caribbean ,Upper middle income,-82.3667,23.1333
3625,CU,Cuba,Mobile cellular subscriptions (per 100 people),2020,59.6058696780721,Latin America & Caribbean ,Upper middle income,-82.3667,23.1333
3626,CU,Cuba,Mobile cellular subscriptions (per 100 people),2019,53.9383385257639,Latin America & Caribbean ,Upper middle income,-82.3667,23.1333
3627,CU,Cuba,Mobile cellular subscriptions (per 100 people),2018,47.8601543156489,Latin America & Caribbean ,Upper middle income,-82.3667,23.1333
3628,CU,Cuba,Mobile cellular subscriptions (per 100 people),2017,41.0193113711099,Latin America & Caribbean ,Upper middle income,-82.3667,23.1333
3629,CU,Cuba,Mobile cellular subscriptions (per 100 people),2016,35.3988758000897,Latin America & Caribbean ,Upper middle income,-82.3667,23.1333
3630,CW,Curacao,Mobile cellular subscriptions (per 100 people),2025,,Latin America & Caribbean ,High income,,
3631,CW,Curacao,Mobile cellular subscriptions (per 100 people),2024,,Latin America & Caribbean ,High income,,
3632,CW,Curacao,Mobile cellular subscriptions (per 100 people),2023,93.7975591472655,Latin America & Caribbean ,High income,,
3633,CW,Curacao,Mobile cellular subscriptions (per 100 people),2022,92.7324718767703,Latin America & Caribbean ,High income,,
3634,CW,Curacao,Mobile cellular subscriptions (per 100 people),2021,90.6602271807463,Latin America & Caribbean ,High income,,
3635,CW,Curacao,Mobile cellular subscriptions (per 100 people),2020,91.8829519290015,Latin America & Caribbean ,High income,,
3636,CW,Curacao,Mobile cellular subscriptions (per 100 people),2019,97.200107627293,Latin America & Caribbean ,High income,,
3637,CW,Curacao,Mobile cellular subscriptions (per 100 people),2018,102.647274249241,Latin America & Caribbean ,High income,,
3638,CW,Curacao,Mobile cellular subscriptions (per 100 people),2017,111.077879845237,Latin America & Caribbean ,High income,,
3639,CW,Curacao,Mobile cellular subscriptions (per 100 people),2016,111.241968745157,Latin America & Caribbean ,High income,,
3640,CY,Cyprus,Mobile cellular subscriptions (per 100 people),2025,,Europe & Central Asia,High income,33.3736,35.1676
3641,CY,Cyprus,Mobile cellular subscriptions (per 100 people),2024,156.218025662252,Europe & Central Asia,High income,33.3736,35.1676
3642,CY,Cyprus,Mobile cellular subscriptions (per 100 people),2023,148.333712748344,Europe & Central Asia,High income,33.3736,35.1676
3643,CY,Cyprus,Mobile cellular subscriptions (per 100 people),2022,146.71583605521,Europe & Central Asia,High income,33.3736,35.1676
3644,CY,Cyprus,Mobile cellular subscriptions (per 100 people),2021,142.051408905141,Europe & Central Asia,High income,33.3736,35.1676
3645,CY,Cyprus,Mobile cellular subscriptions (per 100 people),2020,135.588846364133,Europe & Central Asia,High income,33.3736,35.1676
3646,CY,Cyprus,Mobile cellular subscriptions (per 100 people),2019,137.76052748227,Europe & Central Asia,High income,33.3736,35.1676
3647,CY,Cyprus,Mobile cellular subscriptions (per 100 people),2018,134.843630644799,Europe & Central Asia,High income,33.3736,35.1676
3648,CY,Cyprus,Mobile cellular subscriptions (per 100 people),2017,133.940473480537,Europe & Central Asia,High income,33.3736,35.1676
3649,CY,Cyprus,Mobile cellular subscriptions (per 100 people),2016,130.334521209334,Europe & Central Asia,High income,33.3736,35.1676
3650,CZ,Czechia,Mobile cellular subscriptions (per 100 people),2025,,Europe & Central Asia,High income,14.4205,50.0878
3651,CZ,Czechia,Mobile cellular subscriptions (per 100 people),2024,126.600163061009,Europe & Central Asia,High income,14.4205,50.0878
3652,CZ,Czechia,Mobile cellular subscriptions (per 100 people),2023,126.004753501387,Europe & Central Asia,High income,14.4205,50.0878
3653,CZ,Czechia,Mobile cellular subscriptions (per 100 people),2022,128.105295003482,Europe & Central Asia,High income,14.4205,50.0878
3654,CZ,Czechia,Mobile cellular subscriptions (per 100 people),2021,126.173145654465,Europe & Central Asia,High income,14.4205,50.0878
3655,CZ,Czechia,Mobile cellular subscriptions (per 100 people),2020,123.219460160155,Europe & Central Asia,High income,14.4205,50.0878
3656,CZ,Czechia,Mobile cellular subscriptions (per 100 people),2019,124.126150238634,Europe & Central Asia,High income,14.4205,50.0878
3657,CZ,Czechia,Mobile cellular subscriptions (per 100 people),2018,120.431679514249,Europe & Central Asia,High income,14.4205,50.0878
3658,CZ,Czechia,Mobile cellular subscriptions (per 100 people),2017,119.874291148129,Europe & Central Asia,High income,14.4205,50.0878
3659,CZ,Czechia,Mobile cellular subscriptions (per 100 people),2016,118.544499080322,Europe & Central Asia,High income,14.4205,50.0878
3660,DK,Denmark,Mobile cellular subscriptions (per 100 people),2025,,Europe & Central Asia,High income,12.5681,55.6763
3661,DK,Denmark,Mobile cellular subscriptions (per 100 people),2024,126.686532566268,Europe & Central Asia,High income,12.5681,55.6763
3662,DK,Denmark,Mobile cellular subscriptions (per 100 people),2023,126.717092547985,Europe & Central Asia,High income,12.5681,55.6763
3663,DK,Denmark,Mobile cellular subscriptions (per 100 people),2022,126.48354098254,Europe & Central Asia,High income,12.5681,55.6763
3664,DK,Denmark,Mobile cellular subscriptions (per 100 people),2021,125.604137839658,Europe & Central Asia,High income,12.5681,55.6763
3665,DK,Denmark,Mobile cellular subscriptions (per 100 people),2020,124.370019531752,Europe & Central Asia,High income,12.5681,55.6763
3666,DK,Denmark,Mobile cellular subscriptions (per 100 people),2019,124.573359763273,Europe & Central Asia,High income,12.5681,55.6763
3667,DK,Denmark,Mobile cellular subscriptions (per 100 people),2018,124.550124408336,Europe & Central Asia,High income,12.5681,55.6763
3668,DK,Denmark,Mobile cellular subscriptions (per 100 people),2017,123.86211468599,Europe & Central Asia,High income,12.5681,55.6763
3669,DK,Denmark,Mobile cellular subscriptions (per 100 people),2016,121.941164424922,Europe & Central Asia,High income,12.5681,55.6763
3670,DJ,Djibouti,Mobile cellular subscriptions (per 100 people),2025,,"Middle East, North Africa, Afghanistan & Pakistan",Lower middle income,43.1425,11.5806
3671,DJ,Djibouti,Mobile cellular subscriptions (per 100 people),2024,,"Middle East, North Africa, Afghanistan & Pakistan",Lower middle income,43.1425,11.5806
3672,DJ,Djibouti,Mobile cellular subscriptions (per 100 people),2023,48.4504884885996,"Middle East, North Africa, Afghanistan & Pakistan",Lower middle income,43.1425,11.5806
3673,DJ,Djibouti,Mobile cellular subscriptions (per 100 people),2022,46.7770531248021,"Middle East, North Africa, Afghanistan & Pakistan",Lower middle income,43.1425,11.5806
3674,DJ,Djibouti,Mobile cellular subscriptions (per 100 people),2021,43.6423520933817,"Middle East, North Africa, Afghanistan & Pakistan",Lower middle income,43.1425,11.5806
3675,DJ,Djibouti,Mobile cellular subscriptions (per 100 people),2020,39.2725038635961,"Middle East, North Africa, Afghanistan & Pakistan",Lower middle income,43.1425,11.5806
3676,DJ,Djibouti,Mobile cellular subscriptions (per 100 people),2019,38.0143821719119,"Middle East, North Africa, Afghanistan & Pakistan",Lower middle income,43.1425,11.5806
3677,DJ,Djibouti,Mobile cellular subscriptions (per 100 people),2018,36.8545231657962,"Middle East, North Africa, Afghanistan & Pakistan",Lower middle income,43.1425,11.5806
3678,DJ,Djibouti,Mobile cellular subscriptions (per 100 people),2017,35.3657091447905,"Middle East, North Africa, Afghanistan & Pakistan",Lower middle income,43.1425,11.5806
3679,DJ,Djibouti,Mobile cellular subscriptions (per 100 people),2016,33.271816300825,"Middle East, North Africa, Afghanistan & Pakistan",Lower middle income,43.1425,11.5806
3680,DM,Dominica,Mobile cellular subscriptions (per 100 people),2025,,Latin America & Caribbean ,Upper middle income,-61.39,15.2976
3681,DM,Dominica,Mobile cellular subscriptions (per 100 people),2024,,Latin America & Caribbean ,Upper middle income,-61.39,15.2976
3682,DM,Dominica,Mobile cellular subscriptions (per 100 people),2023,,Latin America & Caribbean ,Upper middle income,-61.39,15.2976
3683,DM,Dominica,Mobile cellular subscriptions (per 100 people),2022,85.1898961482058,Latin America & Caribbean ,Upper middle income,-61.39,15.2976
3684,DM,Dominica,Mobile cellular subscriptions (per 100 people),2021,92.5136156662004,Latin America & Caribbean ,Upper middle income,-61.39,15.2976
3685,DM,Dominica,Mobile cellular subscriptions (per 100 people),2020,110.409483077561,Latin America & Caribbean ,Upper middle income,-61.39,15.2976
3686,DM,Dominica,Mobile cellular subscriptions (per 100 people),2019,115.103123158515,Latin America & Caribbean ,Upper middle income,-61.39,15.2976
3687,DM,Dominica,Mobile cellular subscriptions (per 100 people),2018,112.682254231819,Latin America & Caribbean ,Upper middle income,-61.39,15.2976
3688,DM,Dominica,Mobile cellular subscriptions (per 100 people),2017,109.83123102079,Latin America & Caribbean ,Upper middle income,-61.39,15.2976
3689,DM,Dominica,Mobile cellular subscriptions (per 100 people),2016,112.697181277476,Latin America & Caribbean ,Upper middle income,-61.39,15.2976
3690,DO,Dominican Republic,Mobile cellular subscriptions (per 100 people),2025,,Latin America & Caribbean ,Upper middle income,-69.8908,18.479
3691,DO,Dominican Republic,Mobile cellular subscriptions (per 100 people),2024,93.7095828968519,Latin America & Caribbean ,Upper middle income,-69.8908,18.479
3692,DO,Dominican Republic,Mobile cellular subscriptions (per 100 people),2023,91.8676246650308,Latin America & Caribbean ,Upper middle income,-69.8908,18.479
3693,DO,Dominican Republic,Mobile cellular subscriptions (per 100 people),2022,90.3760163850377,Latin America & Caribbean ,Upper middle income,-69.8908,18.479
3694,DO,Dominican Republic,Mobile cellular subscriptions (per 100 people),2021,87.5207623947766,Latin America & Caribbean ,Upper middle income,-69.8908,18.479
3695,DO,Dominican Republic,Mobile cellular subscriptions (per 100 people),2020,81.6619005659366,Latin America & Caribbean ,Upper middle income,-69.8908,18.479
3696,DO,Dominican Republic,Mobile cellular subscriptions (per 100 people),2019,82.1376141070859,Latin America & Caribbean ,Upper middle income,-69.8908,18.479
3697,DO,Dominican Republic,Mobile cellular subscriptions (per 100 people),2018,82.8937401810212,Latin America & Caribbean ,Upper middle income,-69.8908,18.479
3698,DO,Dominican Republic,Mobile cellular subscriptions (per 100 people),2017,82.2092066040533,Latin America & Caribbean ,Upper middle income,-69.8908,18.479
3699,DO,Dominican Republic,Mobile cellular subscriptions (per 100 people),2016,82.5303394895289,Latin America & Caribbean ,Upper middle income,-69.8908,18.479
3700,EC,Ecuador,Mobile cellular subscriptions (per 100 people),2025,,Latin America & Caribbean ,Upper middle income,-78.5243,-0.229498
3701,EC,Ecuador,Mobile cellular subscriptions (per 100 people),2024,101.598265014024,Latin America & Caribbean ,Upper middle income,-78.5243,-0.229498
3702,EC,Ecuador,Mobile cellular subscriptions (per 100 people),2023,101.031752745524,Latin America & Caribbean ,Upper middle income,-78.5243,-0.229498
3703,EC,Ecuador,Mobile cellular subscriptions (per 100 people),2022,98.1309025742238,Latin America & Caribbean ,Upper middle income,-78.5243,-0.229498
3704,EC,Ecuador,Mobile cellular subscriptions (per 100 people),2021,94.950621672761,Latin America & Caribbean ,Upper middle income,-78.5243,-0.229498
3705,EC,Ecuador,Mobile cellular subscriptions (per 100 people),2020,88.2554920433727,Latin America & Caribbean ,Upper middle income,-78.5243,-0.229498
3706,EC,Ecuador,Mobile cellular subscriptions (per 100 people),2019,91.4249181128443,Latin America & Caribbean ,Upper middle income,-78.5243,-0.229498
3707,EC,Ecuador,Mobile cellular subscriptions (per 100 people),2018,92.5117717203865,Latin America & Caribbean ,Upper middle income,-78.5243,-0.229498
3708,EC,Ecuador,Mobile cellular subscriptions (per 100 people),2017,87.421387212843,Latin America & Caribbean ,Upper middle income,-78.5243,-0.229498
3709,EC,Ecuador,Mobile cellular subscriptions (per 100 people),2016,84.1088342242983,Latin America & Caribbean ,Upper middle income,-78.5243,-0.229498
3710,EG,"Egypt, Arab Rep.",Mobile cellular subscriptions (per 100 people),2025,,"Middle East, North Africa, Afghanistan & Pakistan",Lower middle income,31.2461,30.0982
3711,EG,"Egypt, Arab Rep.",Mobile cellular subscriptions (per 100 people),2024,97.1295066037455,"Middle East, North Africa, Afghanistan & Pakistan",Lower middle income,31.2461,30.0982
3712,EG,"Egypt, Arab Rep.",Mobile cellular subscriptions (per 100 people),2023,92.8261626420085,"Middle East, North Africa, Afghanistan & Pakistan",Lower middle income,31.2461,30.0982
3713,EG,"Egypt, Arab Rep.",Mobile cellular subscriptions (per 100 people),2022,90.6794715776528,"Middle East, North Africa, Afghanistan & Pakistan",Lower middle income,31.2461,30.0982
3714,EG,"Egypt, Arab Rep.",Mobile cellular subscriptions (per 100 people),2021,84.0866220906029,"Middle East, North Africa, Afghanistan & Pakistan",Lower middle income,31.2461,30.0982
3715,EG,"Egypt, Arab Rep.",Mobile cellular subscriptions (per 100 people),2020,87.2316871725819,"Middle East, North Africa, Afghanistan & Pakistan",Lower middle income,31.2461,30.0982
3716,EG,"Egypt, Arab Rep.",Mobile cellular subscriptions (per 100 people),2019,88.6447815879102,"Middle East, North Africa, Afghanistan & Pakistan",Lower middle income,31.2461,30.0982
3717,EG,"Egypt, Arab Rep.",Mobile cellular subscriptions (per 100 people),2018,88.7420881346276,"Middle East, North Africa, Afghanistan & Pakistan",Lower middle income,31.2461,30.0982
3718,EG,"Egypt, Arab Rep.",Mobile cellular subscriptions (per 100 people),2017,99.2884367821237,"Middle East, North Africa, Afghanistan & Pakistan",Lower middle income,31.2461,30.0982
3719,EG,"Egypt, Arab Rep.",Mobile cellular subscriptions (per 100 people),2016,96.2091951594197,"Middle East, North Africa, Afghanistan & Pakistan",Lower middle income,31.2461,30.0982
3720,SV,El Salvador,Mobile cellular subscriptions (per 100 people),2025,,Latin America & Caribbean ,Upper middle income,-89.2073,13.7034
3721,SV,El Salvador,Mobile cellular subscriptions (per 100 people),2024,176.517423814642,Latin America & Caribbean ,Upper middle income,-89.2073,13.7034
3722,SV,El Salvador,Mobile cellular subscriptions (per 100 people),2023,179.705636976149,Latin America & Caribbean ,Upper middle income,-89.2073,13.7034
3723,SV,El Salvador,Mobile cellular subscriptions (per 100 people),2022,183.248955984561,Latin America & Caribbean ,Upper middle income,-89.2073,13.7034
3724,SV,El Salvador,Mobile cellular subscriptions (per 100 people),2021,176.973446325336,Latin America & Caribbean ,Upper middle income,-89.2073,13.7034
3725,SV,El Salvador,Mobile cellular subscriptions (per 100 people),2020,159.575329772708,Latin America & Caribbean ,Upper middle income,-89.2073,13.7034
3726,SV,El Salvador,Mobile cellular subscriptions (per 100 people),2019,167.088631599992,Latin America & Caribbean ,Upper middle income,-89.2073,13.7034
3727,SV,El Salvador,Mobile cellular subscriptions (per 100 people),2018,151.668612868534,Latin America & Caribbean ,Upper middle income,-89.2073,13.7034
3728,SV,El Salvador,Mobile cellular subscriptions (per 100 people),2017,152.538724748062,Latin America & Caribbean ,Upper middle income,-89.2073,13.7034
3729,SV,El Salvador,Mobile cellular subscriptions (per 100 people),2016,155.419607147465,Latin America & Caribbean ,Upper middle income,-89.2073,13.7034
3730,GQ,Equatorial Guinea,Mobile cellular subscriptions (per 100 people),2025,,Sub-Saharan Africa ,Upper middle income,8.7741,3.7523
3731,GQ,Equatorial Guinea,Mobile cellular subscriptions (per 100 people),2024,,Sub-Saharan Africa ,Upper middle income,8.7741,3.7523
3732,GQ,Equatorial Guinea,Mobile cellular subscriptions (per 100 people),2023,,Sub-Saharan Africa ,Upper middle income,8.7741,3.7523
3733,GQ,Equatorial Guinea,Mobile cellular subscriptions (per 100 people),2022,49.5380486763568,Sub-Saharan Africa ,Upper middle income,8.7741,3.7523
3734,GQ,Equatorial Guinea,Mobile cellular subscriptions (per 100 people),2021,46.434813558898,Sub-Saharan Africa ,Upper middle income,8.7741,3.7523
3735,GQ,Equatorial Guinea,Mobile cellular subscriptions (per 100 people),2020,43.3495410342634,Sub-Saharan Africa ,Upper middle income,8.7741,3.7523
3736,GQ,Equatorial Guinea,Mobile cellular subscriptions (per 100 people),2019,36.942192354463,Sub-Saharan Africa ,Upper middle income,8.7741,3.7523
3737,GQ,Equatorial Guinea,Mobile cellular subscriptions (per 100 people),2018,36.5760302693232,Sub-Saharan Africa ,Upper middle income,8.7741,3.7523
3738,GQ,Equatorial Guinea,Mobile cellular subscriptions (per 100 people),2017,36.2336437113254,Sub-Saharan Africa ,Upper middle income,8.7741,3.7523
3739,GQ,Equatorial Guinea,Mobile cellular subscriptions (per 100 people),2016,38.1683691534068,Sub-Saharan Africa ,Upper middle income,8.7741,3.7523
3740,ER,Eritrea,Mobile cellular subscriptions (per 100 people),2025,,Sub-Saharan Africa ,Low income,38.9183,15.3315
3741,ER,Eritrea,Mobile cellular subscriptions (per 100 people),2024,,Sub-Saharan Africa ,Low income,38.9183,15.3315
3742,ER,Eritrea,Mobile cellular subscriptions (per 100 people),2023,,Sub-Saharan Africa ,Low income,38.9183,15.3315
3743,ER,Eritrea,Mobile cellular subscriptions (per 100 people),2022,59.1248082166991,Sub-Saharan Africa ,Low income,38.9183,15.3315
3744,ER,Eritrea,Mobile cellular subscriptions (per 100 people),2021,53.7582573847458,Sub-Saharan Africa ,Low income,38.9183,15.3315
3745,ER,Eritrea,Mobile cellular subscriptions (per 100 people),2020,54.7205015934574,Sub-Saharan Africa ,Low income,38.9183,15.3315
3746,ER,Eritrea,Mobile cellular subscriptions (per 100 people),2019,40.4605403256719,Sub-Saharan Africa ,Low income,38.9183,15.3315
3747,ER,Eritrea,Mobile cellular subscriptions (per 100 people),2018,,Sub-Saharan Africa ,Low income,38.9183,15.3315
3748,ER,Eritrea,Mobile cellular subscriptions (per 100 people),2017,22.0610618449333,Sub-Saharan Africa ,Low income,38.9183,15.3315
3749,ER,Eritrea,Mobile cellular subscriptions (per 100 people),2016,16.1935649461164,Sub-Saharan Africa ,Low income,38.9183,15.3315
3750,EE,Estonia,Mobile cellular subscriptions (per 100 people),2025,,Europe & Central Asia,High income,24.7586,59.4392
3751,EE,Estonia,Mobile cellular subscriptions (per 100 people),2024,151.131825017309,Europe & Central Asia,High income,24.7586,59.4392
3752,EE,Estonia,Mobile cellular subscriptions (per 100 people),2023,150.195729068839,Europe & Central Asia,High income,24.7586,59.4392
3753,EE,Estonia,Mobile cellular subscriptions (per 100 people),2022,152.270772859015,Europe & Central Asia,High income,24.7586,59.4392
3754,EE,Estonia,Mobile cellular subscriptions (per 100 people),2021,148.739589817601,Europe & Central Asia,High income,24.7586,59.4392
3755,EE,Estonia,Mobile cellular subscriptions (per 100 people),2020,144.832210121466,Europe & Central Asia,High income,24.7586,59.4392
3756,EE,Estonia,Mobile cellular subscriptions (per 100 people),2019,147.04692867619,Europe & Central Asia,High income,24.7586,59.4392
3757,EE,Estonia,Mobile cellular subscriptions (per 100 people),2018,145.543490183174,Europe & Central Asia,High income,24.7586,59.4392
3758,EE,Estonia,Mobile cellular subscriptions (per 100 people),2017,144.556616126155,Europe & Central Asia,High income,24.7586,59.4392
3759,EE,Estonia,Mobile cellular subscriptions (per 100 people),2016,144.235470787302,Europe & Central Asia,High income,24.7586,59.4392
3760,SZ,Eswatini,Mobile cellular subscriptions (per 100 people),2025,,Sub-Saharan Africa ,Lower middle income,31.4659,-26.5225
3761,SZ,Eswatini,Mobile cellular subscriptions (per 100 people),2024,139.833459658744,Sub-Saharan Africa ,Lower middle income,31.4659,-26.5225
3762,SZ,Eswatini,Mobile cellular subscriptions (per 100 people),2023,128.399211381334,Sub-Saharan Africa ,Lower middle income,31.4659,-26.5225
3763,SZ,Eswatini,Mobile cellular subscriptions (per 100 people),2022,121.491701239707,Sub-Saharan Africa ,Lower middle income,31.4659,-26.5225
3764,SZ,Eswatini,Mobile cellular subscriptions (per 100 people),2021,118.627490794327,Sub-Saharan Africa ,Lower middle income,31.4659,-26.5225
3765,SZ,Eswatini,Mobile cellular subscriptions (per 100 people),2020,104.747264466614,Sub-Saharan Africa ,Lower middle income,31.4659,-26.5225
3766,SZ,Eswatini,Mobile cellular subscriptions (per 100 people),2019,91.0519258836113,Sub-Saharan Africa ,Lower middle income,31.4659,-26.5225
3767,SZ,Eswatini,Mobile cellular subscriptions (per 100 people),2018,89.2003705956478,Sub-Saharan Africa ,Lower middle income,31.4659,-26.5225
3768,SZ,Eswatini,Mobile cellular subscriptions (per 100 people),2017,88.7130405501664,Sub-Saharan Africa ,Lower middle income,31.4659,-26.5225
3769,SZ,Eswatini,Mobile cellular subscriptions (per 100 people),2016,86.5588465316001,Sub-Saharan Africa ,Lower middle income,31.4659,-26.5225
3770,ET,Ethiopia,Mobile cellular subscriptions (per 100 people),2025,,Sub-Saharan Africa ,Low income,38.7468,9.02274
3771,ET,Ethiopia,Mobile cellular subscriptions (per 100 people),2024,65.0825091944922,Sub-Saharan Africa ,Low income,38.7468,9.02274
3772,ET,Ethiopia,Mobile cellular subscriptions (per 100 people),2023,59.8748744402242,Sub-Saharan Africa ,Low income,38.7468,9.02274
3773,ET,Ethiopia,Mobile cellular subscriptions (per 100 people),2022,56.9642988837987,Sub-Saharan Africa ,Low income,38.7468,9.02274
3774,ET,Ethiopia,Mobile cellular subscriptions (per 100 people),2021,52.8088633217211,Sub-Saharan Africa ,Low income,38.7468,9.02274
3775,ET,Ethiopia,Mobile cellular subscriptions (per 100 people),2020,37.4208472347226,Sub-Saharan Africa ,Low income,38.7468,9.02274
3776,ET,Ethiopia,Mobile cellular subscriptions (per 100 people),2019,36.2199307720652,Sub-Saharan Africa ,Low income,38.7468,9.02274
3777,ET,Ethiopia,Mobile cellular subscriptions (per 100 people),2018,,Sub-Saharan Africa ,Low income,38.7468,9.02274
3778,ET,Ethiopia,Mobile cellular subscriptions (per 100 people),2017,36.1094836260863,Sub-Saharan Africa ,Low income,38.7468,9.02274
3779,ET,Ethiopia,Mobile cellular subscriptions (per 100 people),2016,47.9993274246983,Sub-Saharan Africa ,Low income,38.7468,9.02274
3780,FO,Faroe Islands,Mobile cellular subscriptions (per 100 people),2025,,Europe & Central Asia,High income,-6.91181,61.8926
3781,FO,Faroe Islands,Mobile cellular subscriptions (per 100 people),2024,,Europe & Central Asia,High income,-6.91181,61.8926
3782,FO,Faroe Islands,Mobile cellular subscriptions (per 100 people),2023,,Europe & Central Asia,High income,-6.91181,61.8926
3783,FO,Faroe Islands,Mobile cellular subscriptions (per 100 people),2022,105.80437318324,Europe & Central Asia,High income,-6.91181,61.8926
3784,FO,Faroe Islands,Mobile cellular subscriptions (per 100 people),2021,111.093808630394,Europe & Central Asia,High income,-6.91181,61.8926
3785,FO,Faroe Islands,Mobile cellular subscriptions (per 100 people),2020,112.600072261205,Europe & Central Asia,High income,-6.91181,61.8926
3786,FO,Faroe Islands,Mobile cellular subscriptions (per 100 people),2019,106.012499517766,Europe & Central Asia,High income,-6.91181,61.8926
3787,FO,Faroe Islands,Mobile cellular subscriptions (per 100 people),2018,111.282674295568,Europe & Central Asia,High income,-6.91181,61.8926
3788,FO,Faroe Islands,Mobile cellular subscriptions (per 100 people),2017,112.690325020401,Europe & Central Asia,High income,-6.91181,61.8926
3789,FO,Faroe Islands,Mobile cellular subscriptions (per 100 people),2016,110.023625386184,Europe & Central Asia,High income,-6.91181,61.8926
3790,FJ,Fiji,Mobile cellular subscriptions (per 100 people),2025,,East Asia & Pacific,Upper middle income,178.399,-18.1149
3791,FJ,Fiji,Mobile cellular subscriptions (per 100 people),2024,574.152332512188,East Asia & Pacific,Upper middle income,178.399,-18.1149
3792,FJ,Fiji,Mobile cellular subscriptions (per 100 people),2023,361.048644963723,East Asia & Pacific,Upper middle income,178.399,-18.1149
3793,FJ,Fiji,Mobile cellular subscriptions (per 100 people),2022,111.749120643187,East Asia & Pacific,Upper middle income,178.399,-18.1149
3794,FJ,Fiji,Mobile cellular subscriptions (per 100 people),2021,108.158405429846,East Asia & Pacific,Upper middle income,178.399,-18.1149
3795,FJ,Fiji,Mobile cellular subscriptions (per 100 people),2020,108.365037711907,East Asia & Pacific,Upper middle income,178.399,-18.1149
3796,FJ,Fiji,Mobile cellular subscriptions (per 100 people),2019,112.580732955222,East Asia & Pacific,Upper middle income,178.399,-18.1149
3797,FJ,Fiji,Mobile cellular subscriptions (per 100 people),2018,110.665300159184,East Asia & Pacific,Upper middle income,178.399,-18.1149
3798,FJ,Fiji,Mobile cellular subscriptions (per 100 people),2017,112.533863613853,East Asia & Pacific,Upper middle income,178.399,-18.1149
3799,FJ,Fiji,Mobile cellular subscriptions (per 100 people),2016,113.655748798367,East Asia & Pacific,Upper middle income,178.399,-18.1149
3800,FI,Finland,Mobile cellular subscriptions (per 100 people),2025,,Europe & Central Asia,High income,24.9525,60.1608
3801,FI,Finland,Mobile cellular subscriptions (per 100 people),2024,125.860954798649,Europe & Central Asia,High income,24.9525,60.1608
3802,FI,Finland,Mobile cellular subscriptions (per 100 people),2023,127.47302579722,Europe & Central Asia,High income,24.9525,60.1608
3803,FI,Finland,Mobile cellular subscriptions (per 100 people),2022,128.023293416281,Europe & Central Asia,High income,24.9525,60.1608
3804,FI,Finland,Mobile cellular subscriptions (per 100 people),2021,129.036333202492,Europe & Central Asia,High income,24.9525,60.1608
3805,FI,Finland,Mobile cellular subscriptions (per 100 people),2020,128.761294644181,Europe & Central Asia,High income,24.9525,60.1608
3806,FI,Finland,Mobile cellular subscriptions (per 100 people),2019,129.487723024493,Europe & Central Asia,High income,24.9525,60.1608
3807,FI,Finland,Mobile cellular subscriptions (per 100 people),2018,129.629119305202,Europe & Central Asia,High income,24.9525,60.1608
3808,FI,Finland,Mobile cellular subscriptions (per 100 people),2017,129.983392624641,Europe & Central Asia,High income,24.9525,60.1608
3809,FI,Finland,Mobile cellular subscriptions (per 100 people),2016,131.382780978293,Europe & Central Asia,High income,24.9525,60.1608
3810,FR,France,Mobile cellular subscriptions (per 100 people),2025,,Europe & Central Asia,High income,2.35097,48.8566
3811,FR,France,Mobile cellular subscriptions (per 100 people),2024,,Europe & Central Asia,High income,2.35097,48.8566
3812,FR,France,Mobile cellular subscriptions (per 100 people),2023,116.687800394775,Europe & Central Asia,High income,2.35097,48.8566
3813,FR,France,Mobile cellular subscriptions (per 100 people),2022,115.950519429629,Europe & Central Asia,High income,2.35097,48.8566
3814,FR,France,Mobile cellular subscriptions (per 100 people),2021,113.952719366702,Europe & Central Asia,High income,2.35097,48.8566
3815,FR,France,Mobile cellular subscriptions (per 100 people),2020,110.387215275645,Europe & Central Asia,High income,2.35097,48.8566
3816,FR,France,Mobile cellular subscriptions (per 100 people),2019,109.600780374596,Europe & Central Asia,High income,2.35097,48.8566
3817,FR,France,Mobile cellular subscriptions (per 100 people),2018,107.482434668386,Europe & Central Asia,High income,2.35097,48.8566
3818,FR,France,Mobile cellular subscriptions (per 100 people),2017,105.718368398783,Europe & Central Asia,High income,2.35097,48.8566
3819,FR,France,Mobile cellular subscriptions (per 100 people),2016,103.816661597799,Europe & Central Asia,High income,2.35097,48.8566
3820,PF,French Polynesia,Mobile cellular subscriptions (per 100 people),2025,,East Asia & Pacific,High income,-149.57,-17.535
3821,PF,French Polynesia,Mobile cellular subscriptions (per 100 people),2024,,East Asia & Pacific,High income,-149.57,-17.535
3822,PF,French Polynesia,Mobile cellular subscriptions (per 100 people),2023,118.777524029055,East Asia & Pacific,High income,-149.57,-17.535
3823,PF,French Polynesia,Mobile cellular subscriptions (per 100 people),2022,116.866159256432,East Asia & Pacific,High income,-149.57,-17.535
3824,PF,French Polynesia,Mobile cellular subscriptions (per 100 people),2021,115.413592954766,East Asia & Pacific,High income,-149.57,-17.535
3825,PF,French Polynesia,Mobile cellular subscriptions (per 100 people),2020,119.981805744084,East Asia & Pacific,High income,-149.57,-17.535
3826,PF,French Polynesia,Mobile cellular subscriptions (per 100 people),2019,113.964606463728,East Asia & Pacific,High income,-149.57,-17.535
3827,PF,French Polynesia,Mobile cellular subscriptions (per 100 people),2018,108.168968782946,East Asia & Pacific,High income,-149.57,-17.535
3828,PF,French Polynesia,Mobile cellular subscriptions (per 100 people),2017,102.767711461082,East Asia & Pacific,High income,-149.57,-17.535
3829,PF,French Polynesia,Mobile cellular subscriptions (per 100 people),2016,100.334195387889,East Asia & Pacific,High income,-149.57,-17.535
3830,GA,Gabon,Mobile cellular subscriptions (per 100 people),2025,,Sub-Saharan Africa ,Upper middle income,9.45162,0.38832
3831,GA,Gabon,Mobile cellular subscriptions (per 100 people),2024,125.337107593999,Sub-Saharan Africa ,Upper middle income,9.45162,0.38832
3832,GA,Gabon,Mobile cellular subscriptions (per 100 people),2023,122.606627765979,Sub-Saharan Africa ,Upper middle income,9.45162,0.38832
3833,GA,Gabon,Mobile cellular subscriptions (per 100 people),2022,123.233187164275,Sub-Saharan Africa ,Upper middle income,9.45162,0.38832
3834,GA,Gabon,Mobile cellular subscriptions (per 100 people),2021,132.30865873249,Sub-Saharan Africa ,Upper middle income,9.45162,0.38832
3835,GA,Gabon,Mobile cellular subscriptions (per 100 people),2020,131.301562643297,Sub-Saharan Africa ,Upper middle income,9.45162,0.38832
3836,GA,Gabon,Mobile cellular subscriptions (per 100 people),2019,131.975264871196,Sub-Saharan Africa ,Upper middle income,9.45162,0.38832
3837,GA,Gabon,Mobile cellular subscriptions (per 100 people),2018,132.465314660912,Sub-Saharan Africa ,Upper middle income,9.45162,0.38832
3838,GA,Gabon,Mobile cellular subscriptions (per 100 people),2017,123.475497241411,Sub-Saharan Africa ,Upper middle income,9.45162,0.38832
3839,GA,Gabon,Mobile cellular subscriptions (per 100 people),2016,141.050208874326,Sub-Saharan Africa ,Upper middle income,9.45162,0.38832
3840,GM,"Gambia, The",Mobile cellular subscriptions (per 100 people),2025,,Sub-Saharan Africa ,Low income,-16.5885,13.4495
3841,GM,"Gambia, The",Mobile cellular subscriptions (per 100 people),2024,126.243773523653,Sub-Saharan Africa ,Low income,-16.5885,13.4495
3842,GM,"Gambia, The",Mobile cellular subscriptions (per 100 people),2023,117.115660832998,Sub-Saharan Africa ,Low income,-16.5885,13.4495
3843,GM,"Gambia, The",Mobile cellular subscriptions (per 100 people),2022,106.782250509204,Sub-Saharan Africa ,Low income,-16.5885,13.4495
3844,GM,"Gambia, The",Mobile cellular subscriptions (per 100 people),2021,108.847403542688,Sub-Saharan Africa ,Low income,-16.5885,13.4495
3845,GM,"Gambia, The",Mobile cellular subscriptions (per 100 people),2020,106.448259811355,Sub-Saharan Africa ,Low income,-16.5885,13.4495
3846,GM,"Gambia, The",Mobile cellular subscriptions (per 100 people),2019,105.204644657943,Sub-Saharan Africa ,Low income,-16.5885,13.4495
3847,GM,"Gambia, The",Mobile cellular subscriptions (per 100 people),2018,132.57837035012,Sub-Saharan Africa ,Low income,-16.5885,13.4495
3848,GM,"Gambia, The",Mobile cellular subscriptions (per 100 people),2017,126.633674737607,Sub-Saharan Africa ,Low income,-16.5885,13.4495
3849,GM,"Gambia, The",Mobile cellular subscriptions (per 100 people),2016,124.273821038818,Sub-Saharan Africa ,Low income,-16.5885,13.4495
3850,GE,Georgia,Mobile cellular subscriptions (per 100 people),2025,,Europe & Central Asia,Upper middle income,44.793,41.71
3851,GE,Georgia,Mobile cellular subscriptions (per 100 people),2024,161.201784818537,Europe & Central Asia,Upper middle income,44.793,41.71
3852,GE,Georgia,Mobile cellular subscriptions (per 100 people),2023,155.249965068869,Europe & Central Asia,Upper middle income,44.793,41.71
3853,GE,Georgia,Mobile cellular subscriptions (per 100 people),2022,154.013561773213,Europe & Central Asia,Upper middle income,44.793,41.71
3854,GE,Georgia,Mobile cellular subscriptions (per 100 people),2021,146.566472682371,Europe & Central Asia,Upper middle income,44.793,41.71
3855,GE,Georgia,Mobile cellular subscriptions (per 100 people),2020,134.366007864735,Europe & Central Asia,Upper middle income,44.793,41.71
3856,GE,Georgia,Mobile cellular subscriptions (per 100 people),2019,141.755414275788,Europe & Central Asia,Upper middle income,44.793,41.71
3857,GE,Georgia,Mobile cellular subscriptions (per 100 people),2018,143.858127681082,Europe & Central Asia,Upper middle income,44.793,41.71
3858,GE,Georgia,Mobile cellular subscriptions (per 100 people),2017,145.072490171662,Europe & Central Asia,Upper middle income,44.793,41.71
3859,GE,Georgia,Mobile cellular subscriptions (per 100 people),2016,145.88058671059,Europe & Central Asia,Upper middle income,44.793,41.71
3860,DE,Germany,Mobile cellular subscriptions (per 100 people),2025,,Europe & Central Asia,High income,13.4115,52.5235
3861,DE,Germany,Mobile cellular subscriptions (per 100 people),2024,129.150921864378,Europe & Central Asia,High income,13.4115,52.5235
3862,DE,Germany,Mobile cellular subscriptions (per 100 people),2023,124.662572774586,Europe & Central Asia,High income,13.4115,52.5235
3863,DE,Germany,Mobile cellular subscriptions (per 100 people),2022,124.158264349285,Europe & Central Asia,High income,13.4115,52.5235
3864,DE,Germany,Mobile cellular subscriptions (per 100 people),2021,127.125099449404,Europe & Central Asia,High income,13.4115,52.5235
3865,DE,Germany,Mobile cellular subscriptions (per 100 people),2020,128.424798814302,Europe & Central Asia,High income,13.4115,52.5235
3866,DE,Germany,Mobile cellular subscriptions (per 100 people),2019,128.292298108313,Europe & Central Asia,High income,13.4115,52.5235
3867,DE,Germany,Mobile cellular subscriptions (per 100 people),2018,128.945577229674,Europe & Central Asia,High income,13.4115,52.5235
3868,DE,Germany,Mobile cellular subscriptions (per 100 people),2017,132.003261888443,Europe & Central Asia,High income,13.4115,52.5235
3869,DE,Germany,Mobile cellular subscriptions (per 100 people),2016,125.024012174369,Europe & Central Asia,High income,13.4115,52.5235
3870,GH,Ghana,Mobile cellular subscriptions (per 100 people),2025,,Sub-Saharan Africa ,Lower middle income,-0.20795,5.57045
3871,GH,Ghana,Mobile cellular subscriptions (per 100 people),2024,113.647966704673,Sub-Saharan Africa ,Lower middle income,-0.20795,5.57045
3872,GH,Ghana,Mobile cellular subscriptions (per 100 people),2023,98.8059221412722,Sub-Saharan Africa ,Lower middle income,-0.20795,5.57045
3873,GH,Ghana,Mobile cellular subscriptions (per 100 people),2022,120.803416027053,Sub-Saharan Africa ,Lower middle income,-0.20795,5.57045
3874,GH,Ghana,Mobile cellular subscriptions (per 100 people),2021,124.402625384529,Sub-Saharan Africa ,Lower middle income,-0.20795,5.57045
3875,GH,Ghana,Mobile cellular subscriptions (per 100 people),2020,126.887391353856,Sub-Saharan Africa ,Lower middle income,-0.20795,5.57045
3876,GH,Ghana,Mobile cellular subscriptions (per 100 people),2019,130.70523333401,Sub-Saharan Africa ,Lower middle income,-0.20795,5.57045
3877,GH,Ghana,Mobile cellular subscriptions (per 100 people),2018,133.609992432498,Sub-Saharan Africa ,Lower middle income,-0.20795,5.57045
3878,GH,Ghana,Mobile cellular subscriptions (per 100 people),2017,122.471765695646,Sub-Saharan Africa ,Lower middle income,-0.20795,5.57045
3879,GH,Ghana,Mobile cellular subscriptions (per 100 people),2016,130.481366086196,Sub-Saharan Africa ,Lower middle income,-0.20795,5.57045
3880,GI,Gibraltar,Mobile cellular subscriptions (per 100 people),2025,,Europe & Central Asia,High income,,
3881,GI,Gibraltar,Mobile cellular subscriptions (per 100 people),2024,,Europe & Central Asia,High income,,
3882,GI,Gibraltar,Mobile cellular subscriptions (per 100 people),2023,,Europe & Central Asia,High income,,
3883,GI,Gibraltar,Mobile cellular subscriptions (per 100 people),2022,97.6042968438406,Europe & Central Asia,High income,,
3884,GI,Gibraltar,Mobile cellular subscriptions (per 100 people),2021,92.6501709262575,Europe & Central Asia,High income,,
3885,GI,Gibraltar,Mobile cellular subscriptions (per 100 people),2020,97.9680977524673,Europe & Central Asia,High income,,
3886,GI,Gibraltar,Mobile cellular subscriptions (per 100 people),2019,114.208035160872,Europe & Central Asia,High income,,
3887,GI,Gibraltar,Mobile cellular subscriptions (per 100 people),2018,117.762667125724,Europe & Central Asia,High income,,
3888,GI,Gibraltar,Mobile cellular subscriptions (per 100 people),2017,119.827712074755,Europe & Central Asia,High income,,
3889,GI,Gibraltar,Mobile cellular subscriptions (per 100 people),2016,122.217600570444,Europe & Central Asia,High income,,
3890,GR,Greece,Mobile cellular subscriptions (per 100 people),2025,,Europe & Central Asia,High income,23.7166,37.9792
3891,GR,Greece,Mobile cellular subscriptions (per 100 people),2024,113.597610306796,Europe & Central Asia,High income,23.7166,37.9792
3892,GR,Greece,Mobile cellular subscriptions (per 100 people),2023,110.79216956747,Europe & Central Asia,High income,23.7166,37.9792
3893,GR,Greece,Mobile cellular subscriptions (per 100 people),2022,109.026956114201,Europe & Central Asia,High income,23.7166,37.9792
3894,GR,Greece,Mobile cellular subscriptions (per 100 people),2021,108.643525000707,Europe & Central Asia,High income,23.7166,37.9792
3895,GR,Greece,Mobile cellular subscriptions (per 100 people),2020,106.669795200072,Europe & Central Asia,High income,23.7166,37.9792
3896,GR,Greece,Mobile cellular subscriptions (per 100 people),2019,110.855033355177,Europe & Central Asia,High income,23.7166,37.9792
3897,GR,Greece,Mobile cellular subscriptions (per 100 people),2018,113.418450589721,Europe & Central Asia,High income,23.7166,37.9792
3898,GR,Greece,Mobile cellular subscriptions (per 100 people),2017,120.305633506681,Europe & Central Asia,High income,23.7166,37.9792
3899,GR,Greece,Mobile cellular subscriptions (per 100 people),2016,116.365109232942,Europe & Central Asia,High income,23.7166,37.9792
3900,GL,Greenland,Mobile cellular subscriptions (per 100 people),2025,,Europe & Central Asia,High income,-51.7214,64.1836
3901,GL,Greenland,Mobile cellular subscriptions (per 100 people),2024,,Europe & Central Asia,High income,-51.7214,64.1836
3902,GL,Greenland,Mobile cellular subscriptions (per 100 people),2023,,Europe & Central Asia,High income,-51.7214,64.1836
3903,GL,Greenland,Mobile cellular subscriptions (per 100 people),2022,118.637256652974,Europe & Central Asia,High income,-51.7214,64.1836
3904,GL,Greenland,Mobile cellular subscriptions (per 100 people),2021,118.85048446673,Europe & Central Asia,High income,-51.7214,64.1836
3905,GL,Greenland,Mobile cellular subscriptions (per 100 people),2020,117.614122681883,Europe & Central Asia,High income,-51.7214,64.1836
3906,GL,Greenland,Mobile cellular subscriptions (per 100 people),2019,109.935097353969,Europe & Central Asia,High income,-51.7214,64.1836
3907,GL,Greenland,Mobile cellular subscriptions (per 100 people),2018,109.487462995328,Europe & Central Asia,High income,-51.7214,64.1836
3908,GL,Greenland,Mobile cellular subscriptions (per 100 people),2017,111.14479855897,Europe & Central Asia,High income,-51.7214,64.1836
3909,GL,Greenland,Mobile cellular subscriptions (per 100 people),2016,,Europe & Central Asia,High income,-51.7214,64.1836
3910,GD,Grenada,Mobile cellular subscriptions (per 100 people),2025,,Latin America & Caribbean ,Upper middle income,-61.7449,12.0653
3911,GD,Grenada,Mobile cellular subscriptions (per 100 people),2024,,Latin America & Caribbean ,Upper middle income,-61.7449,12.0653
3912,GD,Grenada,Mobile cellular subscriptions (per 100 people),2023,,Latin America & Caribbean ,Upper middle income,-61.7449,12.0653
3913,GD,Grenada,Mobile cellular subscriptions (per 100 people),2022,95.759239776586,Latin America & Caribbean ,Upper middle income,-61.7449,12.0653
3914,GD,Grenada,Mobile cellular subscriptions (per 100 people),2021,86.5710270122035,Latin America & Caribbean ,Upper middle income,-61.7449,12.0653
3915,GD,Grenada,Mobile cellular subscriptions (per 100 people),2020,102.079232600717,Latin America & Caribbean ,Upper middle income,-61.7449,12.0653
3916,GD,Grenada,Mobile cellular subscriptions (per 100 people),2019,100.175028668489,Latin America & Caribbean ,Upper middle income,-61.7449,12.0653
3917,GD,Grenada,Mobile cellular subscriptions (per 100 people),2018,102.61904556102,Latin America & Caribbean ,Upper middle income,-61.7449,12.0653
3918,GD,Grenada,Mobile cellular subscriptions (per 100 people),2017,98.0413728581576,Latin America & Caribbean ,Upper middle income,-61.7449,12.0653
3919,GD,Grenada,Mobile cellular subscriptions (per 100 people),2016,103.337965777816,Latin America & Caribbean ,Upper middle income,-61.7449,12.0653
3920,GU,Guam,Mobile cellular subscriptions (per 100 people),2025,,East Asia & Pacific,High income,144.794,13.4443
3921,GU,Guam,Mobile cellular subscriptions (per 100 people),2024,,East Asia & Pacific,High income,144.794,13.4443
3922,GU,Guam,Mobile cellular subscriptions (per 100 people),2023,,East Asia & Pacific,High income,144.794,13.4443
3923,GU,Guam,Mobile cellular subscriptions (per 100 people),2022,,East Asia & Pacific,High income,144.794,13.4443
3924,GU,Guam,Mobile cellular subscriptions (per 100 people),2021,,East Asia & Pacific,High income,144.794,13.4443
3925,GU,Guam,Mobile cellular subscriptions (per 100 people),2020,,East Asia & Pacific,High income,144.794,13.4443
3926,GU,Guam,Mobile cellular subscriptions (per 100 people),2019,,East Asia & Pacific,High income,144.794,13.4443
3927,GU,Guam,Mobile cellular subscriptions (per 100 people),2018,,East Asia & Pacific,High income,144.794,13.4443
3928,GU,Guam,Mobile cellular subscriptions (per 100 people),2017,,East Asia & Pacific,High income,144.794,13.4443
3929,GU,Guam,Mobile cellular subscriptions (per 100 people),2016,,East Asia & Pacific,High income,144.794,13.4443
3930,GT,Guatemala,Mobile cellular subscriptions (per 100 people),2025,,Latin America & Caribbean ,Upper middle income,-90.5328,14.6248
3931,GT,Guatemala,Mobile cellular subscriptions (per 100 people),2024,112.520863034346,Latin America & Caribbean ,Upper middle income,-90.5328,14.6248
3932,GT,Guatemala,Mobile cellular subscriptions (per 100 people),2023,113.709374947241,Latin America & Caribbean ,Upper middle income,-90.5328,14.6248
3933,GT,Guatemala,Mobile cellular subscriptions (per 100 people),2022,115.156435692604,Latin America & Caribbean ,Upper middle income,-90.5328,14.6248
3934,GT,Guatemala,Mobile cellular subscriptions (per 100 people),2021,125.718955715353,Latin America & Caribbean ,Upper middle income,-90.5328,14.6248
3935,GT,Guatemala,Mobile cellular subscriptions (per 100 people),2020,117.475884100805,Latin America & Caribbean ,Upper middle income,-90.5328,14.6248
3936,GT,Guatemala,Mobile cellular subscriptions (per 100 people),2019,122.043793418341,Latin America & Caribbean ,Upper middle income,-90.5328,14.6248
3937,GT,Guatemala,Mobile cellular subscriptions (per 100 people),2018,121.500075538632,Latin America & Caribbean ,Upper middle income,-90.5328,14.6248
3938,GT,Guatemala,Mobile cellular subscriptions (per 100 people),2017,120.637721514663,Latin America & Caribbean ,Upper middle income,-90.5328,14.6248
3939,GT,Guatemala,Mobile cellular subscriptions (per 100 people),2016,112.267437714983,Latin America & Caribbean ,Upper middle income,-90.5328,14.6248
3940,GN,Guinea,Mobile cellular subscriptions (per 100 people),2025,,Sub-Saharan Africa ,Lower middle income,-13.7,9.51667
3941,GN,Guinea,Mobile cellular subscriptions (per 100 people),2024,,Sub-Saharan Africa ,Lower middle income,-13.7,9.51667
3942,GN,Guinea,Mobile cellular subscriptions (per 100 people),2023,97.8794996455513,Sub-Saharan Africa ,Lower middle income,-13.7,9.51667
3943,GN,Guinea,Mobile cellular subscriptions (per 100 people),2022,95.3174629318803,Sub-Saharan Africa ,Lower middle income,-13.7,9.51667
3944,GN,Guinea,Mobile cellular subscriptions (per 100 people),2021,110.185519681138,Sub-Saharan Africa ,Lower middle income,-13.7,9.51667
3945,GN,Guinea,Mobile cellular subscriptions (per 100 people),2020,107.776552007403,Sub-Saharan Africa ,Lower middle income,-13.7,9.51667
3946,GN,Guinea,Mobile cellular subscriptions (per 100 people),2019,98.7621473298315,Sub-Saharan Africa ,Lower middle income,-13.7,9.51667
3947,GN,Guinea,Mobile cellular subscriptions (per 100 people),2018,94.5550074326391,Sub-Saharan Africa ,Lower middle income,-13.7,9.51667
3948,GN,Guinea,Mobile cellular subscriptions (per 100 people),2017,94.4640894763856,Sub-Saharan Africa ,Lower middle income,-13.7,9.51667
3949,GN,Guinea,Mobile cellular subscriptions (per 100 people),2016,92.0232948978011,Sub-Saharan Africa ,Lower middle income,-13.7,9.51667
3950,GW,Guinea-Bissau,Mobile cellular subscriptions (per 100 people),2025,,Sub-Saharan Africa ,Low income,-15.1804,11.8037
3951,GW,Guinea-Bissau,Mobile cellular subscriptions (per 100 people),2024,147.197631273872,Sub-Saharan Africa ,Low income,-15.1804,11.8037
3952,GW,Guinea-Bissau,Mobile cellular subscriptions (per 100 people),2023,128.110529740092,Sub-Saharan Africa ,Low income,-15.1804,11.8037
3953,GW,Guinea-Bissau,Mobile cellular subscriptions (per 100 people),2022,125.934670099533,Sub-Saharan Africa ,Low income,-15.1804,11.8037
3954,GW,Guinea-Bissau,Mobile cellular subscriptions (per 100 people),2021,108.62961248586,Sub-Saharan Africa ,Low income,-15.1804,11.8037
3955,GW,Guinea-Bissau,Mobile cellular subscriptions (per 100 people),2020,95.0628708236165,Sub-Saharan Africa ,Low income,-15.1804,11.8037
3956,GW,Guinea-Bissau,Mobile cellular subscriptions (per 100 people),2019,80.8245277725828,Sub-Saharan Africa ,Low income,-15.1804,11.8037
3957,GW,Guinea-Bissau,Mobile cellular subscriptions (per 100 people),2018,77.0219356476645,Sub-Saharan Africa ,Low income,-15.1804,11.8037
3958,GW,Guinea-Bissau,Mobile cellular subscriptions (per 100 people),2017,76.4393694008541,Sub-Saharan Africa ,Low income,-15.1804,11.8037
3959,GW,Guinea-Bissau,Mobile cellular subscriptions (per 100 people),2016,70.1915996185367,Sub-Saharan Africa ,Low income,-15.1804,11.8037
3960,GY,Guyana,Mobile cellular subscriptions (per 100 people),2025,,Latin America & Caribbean ,High income,-58.1548,6.80461
3961,GY,Guyana,Mobile cellular subscriptions (per 100 people),2024,,Latin America & Caribbean ,High income,-58.1548,6.80461
3962,GY,Guyana,Mobile cellular subscriptions (per 100 people),2023,,Latin America & Caribbean ,High income,-58.1548,6.80461
3963,GY,Guyana,Mobile cellular subscriptions (per 100 people),2022,112.56503784518,Latin America & Caribbean ,High income,-58.1548,6.80461
3964,GY,Guyana,Mobile cellular subscriptions (per 100 people),2021,104.968595260226,Latin America & Caribbean ,High income,-58.1548,6.80461
3965,GY,Guyana,Mobile cellular subscriptions (per 100 people),2020,106.008686272494,Latin America & Caribbean ,High income,-58.1548,6.80461
3966,GY,Guyana,Mobile cellular subscriptions (per 100 people),2019,96.327066296051,Latin America & Caribbean ,High income,-58.1548,6.80461
3967,GY,Guyana,Mobile cellular subscriptions (per 100 people),2018,,Latin America & Caribbean ,High income,-58.1548,6.80461
3968,GY,Guyana,Mobile cellular subscriptions (per 100 people),2017,83.6990991295793,Latin America & Caribbean ,High income,-58.1548,6.80461
3969,GY,Guyana,Mobile cellular subscriptions (per 100 people),2016,76.5713484941353,Latin America & Caribbean ,High income,-58.1548,6.80461
3970,HT,Haiti,Mobile cellular subscriptions (per 100 people),2025,,Latin America & Caribbean ,Lower middle income,-72.3288,18.5392
3971,HT,Haiti,Mobile cellular subscriptions (per 100 people),2024,,Latin America & Caribbean ,Lower middle income,-72.3288,18.5392
3972,HT,Haiti,Mobile cellular subscriptions (per 100 people),2023,,Latin America & Caribbean ,Lower middle income,-72.3288,18.5392
3973,HT,Haiti,Mobile cellular subscriptions (per 100 people),2022,65.1889329311174,Latin America & Caribbean ,Lower middle income,-72.3288,18.5392
3974,HT,Haiti,Mobile cellular subscriptions (per 100 people),2021,64.3451990252656,Latin America & Caribbean ,Lower middle income,-72.3288,18.5392
3975,HT,Haiti,Mobile cellular subscriptions (per 100 people),2020,65.0933737275708,Latin America & Caribbean ,Lower middle income,-72.3288,18.5392
3976,HT,Haiti,Mobile cellular subscriptions (per 100 people),2019,61.6234088594647,Latin America & Caribbean ,Lower middle income,-72.3288,18.5392
3977,HT,Haiti,Mobile cellular subscriptions (per 100 people),2018,60.232256515521,Latin America & Caribbean ,Lower middle income,-72.3288,18.5392
3978,HT,Haiti,Mobile cellular subscriptions (per 100 people),2017,58.2917858919698,Latin America & Caribbean ,Lower middle income,-72.3288,18.5392
3979,HT,Haiti,Mobile cellular subscriptions (per 100 people),2016,60.9477225087446,Latin America & Caribbean ,Lower middle income,-72.3288,18.5392
3980,HN,Honduras,Mobile cellular subscriptions (per 100 people),2025,,Latin America & Caribbean ,Lower middle income,-87.4667,15.1333
3981,HN,Honduras,Mobile cellular subscriptions (per 100 people),2024,70.9397440517258,Latin America & Caribbean ,Lower middle income,-87.4667,15.1333
3982,HN,Honduras,Mobile cellular subscriptions (per 100 people),2023,74.4148227156961,Latin America & Caribbean ,Lower middle income,-87.4667,15.1333
3983,HN,Honduras,Mobile cellular subscriptions (per 100 people),2022,75.8551423411907,Latin America & Caribbean ,Lower middle income,-87.4667,15.1333
3984,HN,Honduras,Mobile cellular subscriptions (per 100 people),2021,73.4771659564055,Latin America & Caribbean ,Lower middle income,-87.4667,15.1333
3985,HN,Honduras,Mobile cellular subscriptions (per 100 people),2020,68.7836128557933,Latin America & Caribbean ,Lower middle income,-87.4667,15.1333
3986,HN,Honduras,Mobile cellular subscriptions (per 100 people),2019,76.0268304351136,Latin America & Caribbean ,Lower middle income,-87.4667,15.1333
3987,HN,Honduras,Mobile cellular subscriptions (per 100 people),2018,77.7100953282111,Latin America & Caribbean ,Lower middle income,-87.4667,15.1333
3988,HN,Honduras,Mobile cellular subscriptions (per 100 people),2017,85.8717287831828,Latin America & Caribbean ,Lower middle income,-87.4667,15.1333
3989,HN,Honduras,Mobile cellular subscriptions (per 100 people),2016,83.2180808679633,Latin America & Caribbean ,Lower middle income,-87.4667,15.1333
3990,HK,"Hong Kong SAR, China",Mobile cellular subscriptions (per 100 people),2025,,East Asia & Pacific,High income,114.109,22.3964
3991,HK,"Hong Kong SAR, China",Mobile cellular subscriptions (per 100 people),2024,364.848981963231,East Asia & Pacific,High income,114.109,22.3964
3992,HK,"Hong Kong SAR, China",Mobile cellular subscriptions (per 100 people),2023,319.493898344345,East Asia & Pacific,High income,114.109,22.3964
3993,HK,"Hong Kong SAR, China",Mobile cellular subscriptions (per 100 people),2022,292.80765987826,East Asia & Pacific,High income,114.109,22.3964
3994,HK,"Hong Kong SAR, China",Mobile cellular subscriptions (per 100 people),2021,319.852066930488,East Asia & Pacific,High income,114.109,22.3964
3995,HK,"Hong Kong SAR, China",Mobile cellular subscriptions (per 100 people),2020,291.916274990037,East Asia & Pacific,High income,114.109,22.3964
3996,HK,"Hong Kong SAR, China",Mobile cellular subscriptions (per 100 people),2019,286.618647834243,East Asia & Pacific,High income,114.109,22.3964
3997,HK,"Hong Kong SAR, China",Mobile cellular subscriptions (per 100 people),2018,266.34009236007,East Asia & Pacific,High income,114.109,22.3964
3998,HK,"Hong Kong SAR, China",Mobile cellular subscriptions (per 100 people),2017,247.078996858382,East Asia & Pacific,High income,114.109,22.3964
3999,HK,"Hong Kong SAR, China",Mobile cellular subscriptions (per 100 people),2016,237.377770818344,East Asia & Pacific,High income,114.109,22.3964
4000,HU,Hungary,Mobile cellular subscriptions (per 100 people),2025,,Europe & Central Asia,High income,19.0408,47.4984
4001,HU,Hungary,Mobile cellular subscriptions (per 100 people),2024,104.58063059269,Europe & Central Asia,High income,19.0408,47.4984
4002,HU,Hungary,Mobile cellular subscriptions (per 100 people),2023,105.054424922699,Europe & Central Asia,High income,19.0408,47.4984
4003,HU,Hungary,Mobile cellular subscriptions (per 100 people),2022,105.793848314995,Europe & Central Asia,High income,19.0408,47.4984
4004,HU,Hungary,Mobile cellular subscriptions (per 100 people),2021,105.137285804787,Europe & Central Asia,High income,19.0408,47.4984
4005,HU,Hungary,Mobile cellular subscriptions (per 100 people),2020,105.981902376717,Europe & Central Asia,High income,19.0408,47.4984
4006,HU,Hungary,Mobile cellular subscriptions (per 100 people),2019,105.141557934591,Europe & Central Asia,High income,19.0408,47.4984
4007,HU,Hungary,Mobile cellular subscriptions (per 100 people),2018,102.737202940663,Europe & Central Asia,High income,19.0408,47.4984
4008,HU,Hungary,Mobile cellular subscriptions (per 100 people),2017,101.629260697653,Europe & Central Asia,High income,19.0408,47.4984
4009,HU,Hungary,Mobile cellular subscriptions (per 100 people),2016,101.442011503556,Europe & Central Asia,High income,19.0408,47.4984
4010,IS,Iceland,Mobile cellular subscriptions (per 100 people),2025,,Europe & Central Asia,High income,-21.8952,64.1353
4011,IS,Iceland,Mobile cellular subscriptions (per 100 people),2024,120.927513243653,Europe & Central Asia,High income,-21.8952,64.1353
4012,IS,Iceland,Mobile cellular subscriptions (per 100 people),2023,121.475495280706,Europe & Central Asia,High income,-21.8952,64.1353
4013,IS,Iceland,Mobile cellular subscriptions (per 100 people),2022,120.114839781678,Europe & Central Asia,High income,-21.8952,64.1353
4014,IS,Iceland,Mobile cellular subscriptions (per 100 people),2021,117.34255750797,Europe & Central Asia,High income,-21.8952,64.1353
4015,IS,Iceland,Mobile cellular subscriptions (per 100 people),2020,114.939418571031,Europe & Central Asia,High income,-21.8952,64.1353
4016,IS,Iceland,Mobile cellular subscriptions (per 100 people),2019,114.623232603271,Europe & Central Asia,High income,-21.8952,64.1353
4017,IS,Iceland,Mobile cellular subscriptions (per 100 people),2018,116.581078859812,Europe & Central Asia,High income,-21.8952,64.1353
4018,IS,Iceland,Mobile cellular subscriptions (per 100 people),2017,116.796155223255,Europe & Central Asia,High income,-21.8952,64.1353
4019,IS,Iceland,Mobile cellular subscriptions (per 100 people),2016,119.679414972554,Europe & Central Asia,High income,-21.8952,64.1353
4020,IN,India,Mobile cellular subscriptions (per 100 people),2025,,South Asia,Lower middle income,77.225,28.6353
4021,IN,India,Mobile cellular subscriptions (per 100 people),2024,79.3526921826412,South Asia,Lower middle income,77.225,28.6353
4022,IN,India,Mobile cellular subscriptions (per 100 people),2023,80.5631998772888,South Asia,Lower middle income,77.225,28.6353
4023,IN,India,Mobile cellular subscriptions (per 100 people),2022,80.1818007717416,South Asia,Lower middle income,77.225,28.6353
4024,IN,India,Mobile cellular subscriptions (per 100 people),2021,81.603974311212,South Asia,Lower middle income,77.225,28.6353
4025,IN,India,Mobile cellular subscriptions (per 100 people),2020,82.2540479927426,South Asia,Lower middle income,77.225,28.6353
4026,IN,India,Mobile cellular subscriptions (per 100 people),2019,82.898144918237,South Asia,Lower middle income,77.225,28.6353
4027,IN,India,Mobile cellular subscriptions (per 100 people),2018,85.5500756367908,South Asia,Lower middle income,77.225,28.6353
4028,IN,India,Mobile cellular subscriptions (per 100 people),2017,85.9703537817688,South Asia,Lower middle income,77.225,28.6353
4029,IN,India,Mobile cellular subscriptions (per 100 people),2016,83.917838213735,South Asia,Lower middle income,77.225,28.6353
4030,ID,Indonesia,Mobile cellular subscriptions (per 100 people),2025,,East Asia & Pacific,Upper middle income,106.83,-6.19752
4031,ID,Indonesia,Mobile cellular subscriptions (per 100 people),2024,122.514946500491,East Asia & Pacific,Upper middle income,106.83,-6.19752
4032,ID,Indonesia,Mobile cellular subscriptions (per 100 people),2023,125.238194847046,East Asia & Pacific,Upper middle income,106.83,-6.19752
4033,ID,Indonesia,Mobile cellular subscriptions (per 100 people),2022,122.873012230307,East Asia & Pacific,Upper middle income,106.83,-6.19752
4034,ID,Indonesia,Mobile cellular subscriptions (per 100 people),2021,132.199444256099,East Asia & Pacific,Upper middle income,106.83,-6.19752
4035,ID,Indonesia,Mobile cellular subscriptions (per 100 people),2020,129.40362112725,East Asia & Pacific,Upper middle income,106.83,-6.19752
4036,ID,Indonesia,Mobile cellular subscriptions (per 100 people),2019,125.244348145809,East Asia & Pacific,Upper middle income,106.83,-6.19752
4037,ID,Indonesia,Mobile cellular subscriptions (per 100 people),2018,118.330216938024,East Asia & Pacific,Upper middle income,106.83,-6.19752
4038,ID,Indonesia,Mobile cellular subscriptions (per 100 people),2017,162.782511760443,East Asia & Pacific,Upper middle income,106.83,-6.19752
4039,ID,Indonesia,Mobile cellular subscriptions (per 100 people),2016,145.704251250337,East Asia & Pacific,Upper middle income,106.83,-6.19752
4040,IR,"Iran, Islamic Rep.",Mobile cellular subscriptions (per 100 people),2025,,"Middle East, North Africa, Afghanistan & Pakistan",Upper middle income,51.4447,35.6878
4041,IR,"Iran, Islamic Rep.",Mobile cellular subscriptions (per 100 people),2024,174.066388972063,"Middle East, North Africa, Afghanistan & Pakistan",Upper middle income,51.4447,35.6878
4042,IR,"Iran, Islamic Rep.",Mobile cellular subscriptions (per 100 people),2023,166.279821209677,"Middle East, North Africa, Afghanistan & Pakistan",Upper middle income,51.4447,35.6878
4043,IR,"Iran, Islamic Rep.",Mobile cellular subscriptions (per 100 people),2022,162.712943709127,"Middle East, North Africa, Afghanistan & Pakistan",Upper middle income,51.4447,35.6878
4044,IR,"Iran, Islamic Rep.",Mobile cellular subscriptions (per 100 people),2021,153.624638869213,"Middle East, North Africa, Afghanistan & Pakistan",Upper middle income,51.4447,35.6878
4045,IR,"Iran, Islamic Rep.",Mobile cellular subscriptions (per 100 people),2020,145.485569917724,"Middle East, North Africa, Afghanistan & Pakistan",Upper middle income,51.4447,35.6878
4046,IR,"Iran, Islamic Rep.",Mobile cellular subscriptions (per 100 people),2019,135.622267599115,"Middle East, North Africa, Afghanistan & Pakistan",Upper middle income,51.4447,35.6878
4047,IR,"Iran, Islamic Rep.",Mobile cellular subscriptions (per 100 people),2018,103.024273741245,"Middle East, North Africa, Afghanistan & Pakistan",Upper middle income,51.4447,35.6878
4048,IR,"Iran, Islamic Rep.",Mobile cellular subscriptions (per 100 people),2017,102.375956866471,"Middle East, North Africa, Afghanistan & Pakistan",Upper middle income,51.4447,35.6878
4049,IR,"Iran, Islamic Rep.",Mobile cellular subscriptions (per 100 people),2016,96.0721972454902,"Middle East, North Africa, Afghanistan & Pakistan",Upper middle income,51.4447,35.6878
4050,IQ,Iraq,Mobile cellular subscriptions (per 100 people),2025,,"Middle East, North Africa, Afghanistan & Pakistan",Upper middle income,44.394,33.3302
4051,IQ,Iraq,Mobile cellular subscriptions (per 100 people),2024,100.080276677726,"Middle East, North Africa, Afghanistan & Pakistan",Upper middle income,44.394,33.3302
4052,IQ,Iraq,Mobile cellular subscriptions (per 100 people),2023,101.388721479182,"Middle East, North Africa, Afghanistan & Pakistan",Upper middle income,44.394,33.3302
4053,IQ,Iraq,Mobile cellular subscriptions (per 100 people),2022,99.1323661916548,"Middle East, North Africa, Afghanistan & Pakistan",Upper middle income,44.394,33.3302
4054,IQ,Iraq,Mobile cellular subscriptions (per 100 people),2021,94.6092832170426,"Middle East, North Africa, Afghanistan & Pakistan",Upper middle income,44.394,33.3302
4055,IQ,Iraq,Mobile cellular subscriptions (per 100 people),2020,88.9799284628949,"Middle East, North Africa, Afghanistan & Pakistan",Upper middle income,44.394,33.3302
4056,IQ,Iraq,Mobile cellular subscriptions (per 100 people),2019,90.3685290100393,"Middle East, North Africa, Afghanistan & Pakistan",Upper middle income,44.394,33.3302
4057,IQ,Iraq,Mobile cellular subscriptions (per 100 people),2018,90.7159740030354,"Middle East, North Africa, Afghanistan & Pakistan",Upper middle income,44.394,33.3302
4058,IQ,Iraq,Mobile cellular subscriptions (per 100 people),2017,84.9464629712121,"Middle East, North Africa, Afghanistan & Pakistan",Upper middle income,44.394,33.3302
4059,IQ,Iraq,Mobile cellular subscriptions (per 100 people),2016,86.9439155206782,"Middle East, North Africa, Afghanistan & Pakistan",Upper middle income,44.394,33.3302
4060,IE,Ireland,Mobile cellular subscriptions (per 100 people),2025,,Europe & Central Asia,High income,-6.26749,53.3441
4061,IE,Ireland,Mobile cellular subscriptions (per 100 people),2024,112.638817343502,Europe & Central Asia,High income,-6.26749,53.3441
4062,IE,Ireland,Mobile cellular subscriptions (per 100 people),2023,110.798344311602,Europe & Central Asia,High income,-6.26749,53.3441
4063,IE,Ireland,Mobile cellular subscriptions (per 100 people),2022,110.608851322579,Europe & Central Asia,High income,-6.26749,53.3441
4064,IE,Ireland,Mobile cellular subscriptions (per 100 people),2021,106.86972424373,Europe & Central Asia,High income,-6.26749,53.3441
4065,IE,Ireland,Mobile cellular subscriptions (per 100 people),2020,105.045612677382,Europe & Central Asia,High income,-6.26749,53.3441
4066,IE,Ireland,Mobile cellular subscriptions (per 100 people),2019,104.597515228061,Europe & Central Asia,High income,-6.26749,53.3441
4067,IE,Ireland,Mobile cellular subscriptions (per 100 people),2018,102.030494877842,Europe & Central Asia,High income,-6.26749,53.3441
4068,IE,Ireland,Mobile cellular subscriptions (per 100 people),2017,101.842124574945,Europe & Central Asia,High income,-6.26749,53.3441
4069,IE,Ireland,Mobile cellular subscriptions (per 100 people),2016,102.558386941167,Europe & Central Asia,High income,-6.26749,53.3441
4070,IM,Isle of Man,Mobile cellular subscriptions (per 100 people),2025,,Europe & Central Asia,High income,-4.47928,54.1509
4071,IM,Isle of Man,Mobile cellular subscriptions (per 100 people),2024,,Europe & Central Asia,High income,-4.47928,54.1509
4072,IM,Isle of Man,Mobile cellular subscriptions (per 100 people),2023,,Europe & Central Asia,High income,-4.47928,54.1509
4073,IM,Isle of Man,Mobile cellular subscriptions (per 100 people),2022,,Europe & Central Asia,High income,-4.47928,54.1509
4074,IM,Isle of Man,Mobile cellular subscriptions (per 100 people),2021,,Europe & Central Asia,High income,-4.47928,54.1509
4075,IM,Isle of Man,Mobile cellular subscriptions (per 100 people),2020,,Europe & Central Asia,High income,-4.47928,54.1509
4076,IM,Isle of Man,Mobile cellular subscriptions (per 100 people),2019,,Europe & Central Asia,High income,-4.47928,54.1509
4077,IM,Isle of Man,Mobile cellular subscriptions (per 100 people),2018,,Europe & Central Asia,High income,-4.47928,54.1509
4078,IM,Isle of Man,Mobile cellular subscriptions (per 100 people),2017,,Europe & Central Asia,High income,-4.47928,54.1509
4079,IM,Isle of Man,Mobile cellular subscriptions (per 100 people),2016,,Europe & Central Asia,High income,-4.47928,54.1509
4080,IL,Israel,Mobile cellular subscriptions (per 100 people),2025,,"Middle East, North Africa, Afghanistan & Pakistan",High income,35.2035,31.7717
4081,IL,Israel,Mobile cellular subscriptions (per 100 people),2024,177.393104798636,"Middle East, North Africa, Afghanistan & Pakistan",High income,35.2035,31.7717
4082,IL,Israel,Mobile cellular subscriptions (per 100 people),2023,153.336641345572,"Middle East, North Africa, Afghanistan & Pakistan",High income,35.2035,31.7717
4083,IL,Israel,Mobile cellular subscriptions (per 100 people),2022,151.1379631075,"Middle East, North Africa, Afghanistan & Pakistan",High income,35.2035,31.7717
4084,IL,Israel,Mobile cellular subscriptions (per 100 people),2021,139.775312861878,"Middle East, North Africa, Afghanistan & Pakistan",High income,35.2035,31.7717
4085,IL,Israel,Mobile cellular subscriptions (per 100 people),2020,139.425860895034,"Middle East, North Africa, Afghanistan & Pakistan",High income,35.2035,31.7717
4086,IL,Israel,Mobile cellular subscriptions (per 100 people),2019,135.143345507015,"Middle East, North Africa, Afghanistan & Pakistan",High income,35.2035,31.7717
4087,IL,Israel,Mobile cellular subscriptions (per 100 people),2018,125.733440171505,"Middle East, North Africa, Afghanistan & Pakistan",High income,35.2035,31.7717
4088,IL,Israel,Mobile cellular subscriptions (per 100 people),2017,126.049460421008,"Middle East, North Africa, Afghanistan & Pakistan",High income,35.2035,31.7717
4089,IL,Israel,Mobile cellular subscriptions (per 100 people),2016,128.745353991867,"Middle East, North Africa, Afghanistan & Pakistan",High income,35.2035,31.7717
4090,IT,Italy,Mobile cellular subscriptions (per 100 people),2025,,Europe & Central Asia,High income,12.4823,41.8955
4091,IT,Italy,Mobile cellular subscriptions (per 100 people),2024,132.575141676252,Europe & Central Asia,High income,12.4823,41.8955
4092,IT,Italy,Mobile cellular subscriptions (per 100 people),2023,131.871674517747,Europe & Central Asia,High income,12.4823,41.8955
4093,IT,Italy,Mobile cellular subscriptions (per 100 people),2022,131.673965640047,Europe & Central Asia,High income,12.4823,41.8955
4094,IT,Italy,Mobile cellular subscriptions (per 100 people),2021,130.781488497698,Europe & Central Asia,High income,12.4823,41.8955
4095,IT,Italy,Mobile cellular subscriptions (per 100 people),2020,129.49000571147,Europe & Central Asia,High income,12.4823,41.8955
4096,IT,Italy,Mobile cellular subscriptions (per 100 people),2019,132.181234381376,Europe & Central Asia,High income,12.4823,41.8955
4097,IT,Italy,Mobile cellular subscriptions (per 100 people),2018,138.264671531909,Europe & Central Asia,High income,12.4823,41.8955
4098,IT,Italy,Mobile cellular subscriptions (per 100 people),2017,138.882433107903,Europe & Central Asia,High income,12.4823,41.8955
4099,IT,Italy,Mobile cellular subscriptions (per 100 people),2016,142.127307324616,Europe & Central Asia,High income,12.4823,41.8955
4100,JM,Jamaica,Mobile cellular subscriptions (per 100 people),2025,,Latin America & Caribbean ,Upper middle income,-76.792,17.9927
4101,JM,Jamaica,Mobile cellular subscriptions (per 100 people),2024,117.693907561175,Latin America & Caribbean ,Upper middle income,-76.792,17.9927
4102,JM,Jamaica,Mobile cellular subscriptions (per 100 people),2023,115.092228780619,Latin America & Caribbean ,Upper middle income,-76.792,17.9927
4103,JM,Jamaica,Mobile cellular subscriptions (per 100 people),2022,105.762018411183,Latin America & Caribbean ,Upper middle income,-76.792,17.9927
4104,JM,Jamaica,Mobile cellular subscriptions (per 100 people),2021,102.38666630017,Latin America & Caribbean ,Upper middle income,-76.792,17.9927
4105,JM,Jamaica,Mobile cellular subscriptions (per 100 people),2020,101.50208125864,Latin America & Caribbean ,Upper middle income,-76.792,17.9927
4106,JM,Jamaica,Mobile cellular subscriptions (per 100 people),2019,107.105304450051,Latin America & Caribbean ,Upper middle income,-76.792,17.9927
4107,JM,Jamaica,Mobile cellular subscriptions (per 100 people),2018,105.137305560766,Latin America & Caribbean ,Upper middle income,-76.792,17.9927
4108,JM,Jamaica,Mobile cellular subscriptions (per 100 people),2017,109.782709062265,Latin America & Caribbean ,Upper middle income,-76.792,17.9927
4109,JM,Jamaica,Mobile cellular subscriptions (per 100 people),2016,116.279104528073,Latin America & Caribbean ,Upper middle income,-76.792,17.9927
4110,JP,Japan,Mobile cellular subscriptions (per 100 people),2025,,East Asia & Pacific,High income,139.77,35.67
4111,JP,Japan,Mobile cellular subscriptions (per 100 people),2024,,East Asia & Pacific,High income,139.77,35.67
4112,JP,Japan,Mobile cellular subscriptions (per 100 people),2023,178.432441299977,East Asia & Pacific,High income,139.77,35.67
4113,JP,Japan,Mobile cellular subscriptions (per 100 people),2022,168.602943650636,East Asia & Pacific,High income,139.77,35.67
4114,JP,Japan,Mobile cellular subscriptions (per 100 people),2021,159.516123485628,East Asia & Pacific,High income,139.77,35.67
4115,JP,Japan,Mobile cellular subscriptions (per 100 people),2020,154.432206765516,East Asia & Pacific,High income,139.77,35.67
4116,JP,Japan,Mobile cellular subscriptions (per 100 people),2019,147.209910756974,East Asia & Pacific,High income,139.77,35.67
4117,JP,Japan,Mobile cellular subscriptions (per 100 people),2018,141.728728918149,East Asia & Pacific,High income,139.77,35.67
4118,JP,Japan,Mobile cellular subscriptions (per 100 people),2017,135.985843116605,East Asia & Pacific,High income,139.77,35.67
4119,JP,Japan,Mobile cellular subscriptions (per 100 people),2016,131.214861037498,East Asia & Pacific,High income,139.77,35.67
4120,JO,Jordan,Mobile cellular subscriptions (per 100 people),2025,,"Middle East, North Africa, Afghanistan & Pakistan",Upper middle income,35.9263,31.9497
4121,JO,Jordan,Mobile cellular subscriptions (per 100 people),2024,69.6426153972396,"Middle East, North Africa, Afghanistan & Pakistan",Upper middle income,35.9263,31.9497
4122,JO,Jordan,Mobile cellular subscriptions (per 100 people),2023,67.545678186078,"Middle East, North Africa, Afghanistan & Pakistan",Upper middle income,35.9263,31.9497
4123,JO,Jordan,Mobile cellular subscriptions (per 100 people),2022,67.7457074341635,"Middle East, North Africa, Afghanistan & Pakistan",Upper middle income,35.9263,31.9497
4124,JO,Jordan,Mobile cellular subscriptions (per 100 people),2021,65.7448847660422,"Middle East, North Africa, Afghanistan & Pakistan",Upper middle income,35.9263,31.9497
4125,JO,Jordan,Mobile cellular subscriptions (per 100 people),2020,64.3142601333354,"Middle East, North Africa, Afghanistan & Pakistan",Upper middle income,35.9263,31.9497
4126,JO,Jordan,Mobile cellular subscriptions (per 100 people),2019,72.8902684631993,"Middle East, North Africa, Afghanistan & Pakistan",Upper middle income,35.9263,31.9497
4127,JO,Jordan,Mobile cellular subscriptions (per 100 people),2018,83.4592297338656,"Middle East, North Africa, Afghanistan & Pakistan",Upper middle income,35.9263,31.9497
4128,JO,Jordan,Mobile cellular subscriptions (per 100 people),2017,94.8121235548248,"Middle East, North Africa, Afghanistan & Pakistan",Upper middle income,35.9263,31.9497
4129,JO,Jordan,Mobile cellular subscriptions (per 100 people),2016,98.1219857316846,"Middle East, North Africa, Afghanistan & Pakistan",Upper middle income,35.9263,31.9497
4130,KZ,Kazakhstan,Mobile cellular subscriptions (per 100 people),2025,,Europe & Central Asia,Upper middle income,71.4382,51.1879
4131,KZ,Kazakhstan,Mobile cellular subscriptions (per 100 people),2024,127.085151242164,Europe & Central Asia,Upper middle income,71.4382,51.1879
4132,KZ,Kazakhstan,Mobile cellular subscriptions (per 100 people),2023,127.114775212168,Europe & Central Asia,Upper middle income,71.4382,51.1879
4133,KZ,Kazakhstan,Mobile cellular subscriptions (per 100 people),2022,125.641583521795,Europe & Central Asia,Upper middle income,71.4382,51.1879
4134,KZ,Kazakhstan,Mobile cellular subscriptions (per 100 people),2021,123.943942754522,Europe & Central Asia,Upper middle income,71.4382,51.1879
4135,KZ,Kazakhstan,Mobile cellular subscriptions (per 100 people),2020,124.698460644703,Europe & Central Asia,Upper middle income,71.4382,51.1879
4136,KZ,Kazakhstan,Mobile cellular subscriptions (per 100 people),2019,133.879728083238,Europe & Central Asia,Upper middle income,71.4382,51.1879
4137,KZ,Kazakhstan,Mobile cellular subscriptions (per 100 people),2018,137.674831523214,Europe & Central Asia,Upper middle income,71.4382,51.1879
4138,KZ,Kazakhstan,Mobile cellular subscriptions (per 100 people),2017,143.112796203246,Europe & Central Asia,Upper middle income,71.4382,51.1879
4139,KZ,Kazakhstan,Mobile cellular subscriptions (per 100 people),2016,139.051166437953,Europe & Central Asia,Upper middle income,71.4382,51.1879
4140,KE,Kenya,Mobile cellular subscriptions (per 100 people),2025,,Sub-Saharan Africa ,Lower middle income,36.8126,-1.27975
4141,KE,Kenya,Mobile cellular subscriptions (per 100 people),2024,126.477706000949,Sub-Saharan Africa ,Lower middle income,36.8126,-1.27975
4142,KE,Kenya,Mobile cellular subscriptions (per 100 people),2023,120.612416887959,Sub-Saharan Africa ,Lower middle income,36.8126,-1.27975
4143,KE,Kenya,Mobile cellular subscriptions (per 100 people),2022,121.168999135357,Sub-Saharan Africa ,Lower middle income,36.8126,-1.27975
4144,KE,Kenya,Mobile cellular subscriptions (per 100 people),2021,122.297519656734,Sub-Saharan Africa ,Lower middle income,36.8126,-1.27975
4145,KE,Kenya,Mobile cellular subscriptions (per 100 people),2020,117.602526394779,Sub-Saharan Africa ,Lower middle income,36.8126,-1.27975
4146,KE,Kenya,Mobile cellular subscriptions (per 100 people),2019,106.547822056778,Sub-Saharan Africa ,Lower middle income,36.8126,-1.27975
4147,KE,Kenya,Mobile cellular subscriptions (per 100 people),2018,98.5944679106884,Sub-Saharan Africa ,Lower middle income,36.8126,-1.27975
4148,KE,Kenya,Mobile cellular subscriptions (per 100 people),2017,87.026530838819,Sub-Saharan Africa ,Lower middle income,36.8126,-1.27975
4149,KE,Kenya,Mobile cellular subscriptions (per 100 people),2016,80.9772361004341,Sub-Saharan Africa ,Lower middle income,36.8126,-1.27975
4150,KI,Kiribati,Mobile cellular subscriptions (per 100 people),2025,,East Asia & Pacific,Lower middle income,172.979,1.32905
4151,KI,Kiribati,Mobile cellular subscriptions (per 100 people),2024,53.5244353915461,East Asia & Pacific,Lower middle income,172.979,1.32905
4152,KI,Kiribati,Mobile cellular subscriptions (per 100 people),2023,51.2540556855052,East Asia & Pacific,Lower middle income,172.979,1.32905
4153,KI,Kiribati,Mobile cellular subscriptions (per 100 people),2022,49.1120496056535,East Asia & Pacific,Lower middle income,172.979,1.32905
4154,KI,Kiribati,Mobile cellular subscriptions (per 100 people),2021,40.9979980837689,East Asia & Pacific,Lower middle income,172.979,1.32905
4155,KI,Kiribati,Mobile cellular subscriptions (per 100 people),2020,43.3476871347116,East Asia & Pacific,Lower middle income,172.979,1.32905
4156,KI,Kiribati,Mobile cellular subscriptions (per 100 people),2019,44.1071327700713,East Asia & Pacific,Lower middle income,172.979,1.32905
4157,KI,Kiribati,Mobile cellular subscriptions (per 100 people),2018,43.6895907735657,East Asia & Pacific,Lower middle income,172.979,1.32905
4158,KI,Kiribati,Mobile cellular subscriptions (per 100 people),2017,38.3479526086053,East Asia & Pacific,Lower middle income,172.979,1.32905
4159,KI,Kiribati,Mobile cellular subscriptions (per 100 people),2016,43.8900048954236,East Asia & Pacific,Lower middle income,172.979,1.32905
4160,KP,"Korea, Dem. People's Rep.",Mobile cellular subscriptions (per 100 people),2025,,East Asia & Pacific,Low income,125.754,39.0319
4161,KP,"Korea, Dem. People's Rep.",Mobile cellular subscriptions (per 100 people),2024,,East Asia & Pacific,Low income,125.754,39.0319
4162,KP,"Korea, Dem. People's Rep.",Mobile cellular subscriptions (per 100 people),2023,,East Asia & Pacific,Low income,125.754,39.0319
4163,KP,"Korea, Dem. People's Rep.",Mobile cellular subscriptions (per 100 people),2022,24.1311041179361,East Asia & Pacific,Low income,125.754,39.0319
4164,KP,"Korea, Dem. People's Rep.",Mobile cellular subscriptions (per 100 people),2021,22.8723614729709,East Asia & Pacific,Low income,125.754,39.0319
4165,KP,"Korea, Dem. People's Rep.",Mobile cellular subscriptions (per 100 people),2020,22.9565670933221,East Asia & Pacific,Low income,125.754,39.0319
4166,KP,"Korea, Dem. People's Rep.",Mobile cellular subscriptions (per 100 people),2019,16.3340506540687,East Asia & Pacific,Low income,125.754,39.0319
4167,KP,"Korea, Dem. People's Rep.",Mobile cellular subscriptions (per 100 people),2018,,East Asia & Pacific,Low income,125.754,39.0319
4168,KP,"Korea, Dem. People's Rep.",Mobile cellular subscriptions (per 100 people),2017,14.7573125097971,East Asia & Pacific,Low income,125.754,39.0319
4169,KP,"Korea, Dem. People's Rep.",Mobile cellular subscriptions (per 100 people),2016,14.0320423984037,East Asia & Pacific,Low income,125.754,39.0319
4170,KR,"Korea, Rep.",Mobile cellular subscriptions (per 100 people),2025,,East Asia & Pacific,High income,126.957,37.5323
4171,KR,"Korea, Rep.",Mobile cellular subscriptions (per 100 people),2024,172.520241179065,East Asia & Pacific,High income,126.957,37.5323
4172,KR,"Korea, Rep.",Mobile cellular subscriptions (per 100 people),2023,162.11365652794,East Asia & Pacific,High income,126.957,37.5323
4173,KR,"Korea, Rep.",Mobile cellular subscriptions (per 100 people),2022,148.68360770138,East Asia & Pacific,High income,126.957,37.5323
4174,KR,"Korea, Rep.",Mobile cellular subscriptions (per 100 people),2021,140.516382791931,East Asia & Pacific,High income,126.957,37.5323
4175,KR,"Korea, Rep.",Mobile cellular subscriptions (per 100 people),2020,135.973274343048,East Asia & Pacific,High income,126.957,37.5323
4176,KR,"Korea, Rep.",Mobile cellular subscriptions (per 100 people),2019,133.079790493891,East Asia & Pacific,High income,126.957,37.5323
4177,KR,"Korea, Rep.",Mobile cellular subscriptions (per 100 people),2018,128.494634504197,East Asia & Pacific,High income,126.957,37.5323
4178,KR,"Korea, Rep.",Mobile cellular subscriptions (per 100 people),2017,123.642066127533,East Asia & Pacific,High income,126.957,37.5323
4179,KR,"Korea, Rep.",Mobile cellular subscriptions (per 100 people),2016,119.489512998783,East Asia & Pacific,High income,126.957,37.5323
4180,XK,Kosovo,Mobile cellular subscriptions (per 100 people),2025,,Europe & Central Asia,Upper middle income,20.926,42.565
4181,XK,Kosovo,Mobile cellular subscriptions (per 100 people),2024,,Europe & Central Asia,Upper middle income,20.926,42.565
4182,XK,Kosovo,Mobile cellular subscriptions (per 100 people),2023,,Europe & Central Asia,Upper middle income,20.926,42.565
4183,XK,Kosovo,Mobile cellular subscriptions (per 100 people),2022,34.5402009143477,Europe & Central Asia,Upper middle income,20.926,42.565
4184,XK,Kosovo,Mobile cellular subscriptions (per 100 people),2021,,Europe & Central Asia,Upper middle income,20.926,42.565
4185,XK,Kosovo,Mobile cellular subscriptions (per 100 people),2020,,Europe & Central Asia,Upper middle income,20.926,42.565
4186,XK,Kosovo,Mobile cellular subscriptions (per 100 people),2019,,Europe & Central Asia,Upper middle income,20.926,42.565
4187,XK,Kosovo,Mobile cellular subscriptions (per 100 people),2018,,Europe & Central Asia,Upper middle income,20.926,42.565
4188,XK,Kosovo,Mobile cellular subscriptions (per 100 people),2017,,Europe & Central Asia,Upper middle income,20.926,42.565
4189,XK,Kosovo,Mobile cellular subscriptions (per 100 people),2016,,Europe & Central Asia,Upper middle income,20.926,42.565
4190,KW,Kuwait,Mobile cellular subscriptions (per 100 people),2025,,"Middle East, North Africa, Afghanistan & Pakistan",High income,47.9824,29.3721
4191,KW,Kuwait,Mobile cellular subscriptions (per 100 people),2024,,"Middle East, North Africa, Afghanistan & Pakistan",High income,47.9824,29.3721
4192,KW,Kuwait,Mobile cellular subscriptions (per 100 people),2023,167.68428501222,"Middle East, North Africa, Afghanistan & Pakistan",High income,47.9824,29.3721
4193,KW,Kuwait,Mobile cellular subscriptions (per 100 people),2022,168.350157565806,"Middle East, North Africa, Afghanistan & Pakistan",High income,47.9824,29.3721
4194,KW,Kuwait,Mobile cellular subscriptions (per 100 people),2021,158.646854136291,"Middle East, North Africa, Afghanistan & Pakistan",High income,47.9824,29.3721
4195,KW,Kuwait,Mobile cellular subscriptions (per 100 people),2020,153.866464370257,"Middle East, North Africa, Afghanistan & Pakistan",High income,47.9824,29.3721
4196,KW,Kuwait,Mobile cellular subscriptions (per 100 people),2019,164.941648203568,"Middle East, North Africa, Afghanistan & Pakistan",High income,47.9824,29.3721
4197,KW,Kuwait,Mobile cellular subscriptions (per 100 people),2018,164.219580620472,"Middle East, North Africa, Afghanistan & Pakistan",High income,47.9824,29.3721
4198,KW,Kuwait,Mobile cellular subscriptions (per 100 people),2017,171.826095119125,"Middle East, North Africa, Afghanistan & Pakistan",High income,47.9824,29.3721
4199,KW,Kuwait,Mobile cellular subscriptions (per 100 people),2016,191.294217665413,"Middle East, North Africa, Afghanistan & Pakistan",High income,47.9824,29.3721
4200,KG,Kyrgyz Republic,Mobile cellular subscriptions (per 100 people),2025,,Europe & Central Asia,Lower middle income,74.6057,42.8851
4201,KG,Kyrgyz Republic,Mobile cellular subscriptions (per 100 people),2024,107.49229509732,Europe & Central Asia,Lower middle income,74.6057,42.8851
4202,KG,Kyrgyz Republic,Mobile cellular subscriptions (per 100 people),2023,108.59118718329,Europe & Central Asia,Lower middle income,74.6057,42.8851
4203,KG,Kyrgyz Republic,Mobile cellular subscriptions (per 100 people),2022,106.925973017004,Europe & Central Asia,Lower middle income,74.6057,42.8851
4204,KG,Kyrgyz Republic,Mobile cellular subscriptions (per 100 people),2021,108.171654806063,Europe & Central Asia,Lower middle income,74.6057,42.8851
4205,KG,Kyrgyz Republic,Mobile cellular subscriptions (per 100 people),2020,109.780106660424,Europe & Central Asia,Lower middle income,74.6057,42.8851
4206,KG,Kyrgyz Republic,Mobile cellular subscriptions (per 100 people),2019,132.776694304851,Europe & Central Asia,Lower middle income,74.6057,42.8851
4207,KG,Kyrgyz Republic,Mobile cellular subscriptions (per 100 people),2018,137.74227608483,Europe & Central Asia,Lower middle income,74.6057,42.8851
4208,KG,Kyrgyz Republic,Mobile cellular subscriptions (per 100 people),2017,136.137649413599,Europe & Central Asia,Lower middle income,74.6057,42.8851
4209,KG,Kyrgyz Republic,Mobile cellular subscriptions (per 100 people),2016,124.639033524314,Europe & Central Asia,Lower middle income,74.6057,42.8851
4210,LA,Lao PDR,Mobile cellular subscriptions (per 100 people),2025,,East Asia & Pacific,Lower middle income,102.177,18.5826
4211,LA,Lao PDR,Mobile cellular subscriptions (per 100 people),2024,,East Asia & Pacific,Lower middle income,102.177,18.5826
4212,LA,Lao PDR,Mobile cellular subscriptions (per 100 people),2023,64.7588066942788,East Asia & Pacific,Lower middle income,102.177,18.5826
4213,LA,Lao PDR,Mobile cellular subscriptions (per 100 people),2022,63.3546046458219,East Asia & Pacific,Lower middle income,102.177,18.5826
4214,LA,Lao PDR,Mobile cellular subscriptions (per 100 people),2021,64.7101497693472,East Asia & Pacific,Lower middle income,102.177,18.5826
4215,LA,Lao PDR,Mobile cellular subscriptions (per 100 people),2020,63.1139885984314,East Asia & Pacific,Lower middle income,102.177,18.5826
4216,LA,Lao PDR,Mobile cellular subscriptions (per 100 people),2019,64.0668582946144,East Asia & Pacific,Lower middle income,102.177,18.5826
4217,LA,Lao PDR,Mobile cellular subscriptions (per 100 people),2018,51.3792491489602,East Asia & Pacific,Lower middle income,102.177,18.5826
4218,LA,Lao PDR,Mobile cellular subscriptions (per 100 people),2017,52.8887895907566,East Asia & Pacific,Lower middle income,102.177,18.5826
4219,LA,Lao PDR,Mobile cellular subscriptions (per 100 people),2016,57.2966195875928,East Asia & Pacific,Lower middle income,102.177,18.5826
4220,LV,Latvia,Mobile cellular subscriptions (per 100 people),2025,,Europe & Central Asia,High income,24.1048,56.9465
4221,LV,Latvia,Mobile cellular subscriptions (per 100 people),2024,121.262202363304,Europe & Central Asia,High income,24.1048,56.9465
4222,LV,Latvia,Mobile cellular subscriptions (per 100 people),2023,119.909944560018,Europe & Central Asia,High income,24.1048,56.9465
4223,LV,Latvia,Mobile cellular subscriptions (per 100 people),2022,115.202627450543,Europe & Central Asia,High income,24.1048,56.9465
4224,LV,Latvia,Mobile cellular subscriptions (per 100 people),2021,114.644670333429,Europe & Central Asia,High income,24.1048,56.9465
4225,LV,Latvia,Mobile cellular subscriptions (per 100 people),2020,107.902487108935,Europe & Central Asia,High income,24.1048,56.9465
4226,LV,Latvia,Mobile cellular subscriptions (per 100 people),2019,108.221910991332,Europe & Central Asia,High income,24.1048,56.9465
4227,LV,Latvia,Mobile cellular subscriptions (per 100 people),2018,107.397431401316,Europe & Central Asia,High income,24.1048,56.9465
4228,LV,Latvia,Mobile cellular subscriptions (per 100 people),2017,126.846989128969,Europe & Central Asia,High income,24.1048,56.9465
4229,LV,Latvia,Mobile cellular subscriptions (per 100 people),2016,135.227462327724,Europe & Central Asia,High income,24.1048,56.9465
4230,LB,Lebanon,Mobile cellular subscriptions (per 100 people),2025,,"Middle East, North Africa, Afghanistan & Pakistan",Lower middle income,35.5134,33.8872
4231,LB,Lebanon,Mobile cellular subscriptions (per 100 people),2024,,"Middle East, North Africa, Afghanistan & Pakistan",Lower middle income,35.5134,33.8872
4232,LB,Lebanon,Mobile cellular subscriptions (per 100 people),2023,,"Middle East, North Africa, Afghanistan & Pakistan",Lower middle income,35.5134,33.8872
4233,LB,Lebanon,Mobile cellular subscriptions (per 100 people),2022,74.0148340435503,"Middle East, North Africa, Afghanistan & Pakistan",Lower middle income,35.5134,33.8872
4234,LB,Lebanon,Mobile cellular subscriptions (per 100 people),2021,74.9935205999452,"Middle East, North Africa, Afghanistan & Pakistan",Lower middle income,35.5134,33.8872
4235,LB,Lebanon,Mobile cellular subscriptions (per 100 people),2020,75.2003104658777,"Middle East, North Africa, Afghanistan & Pakistan",Lower middle income,35.5134,33.8872
4236,LB,Lebanon,Mobile cellular subscriptions (per 100 people),2019,73.1364785867655,"Middle East, North Africa, Afghanistan & Pakistan",Lower middle income,35.5134,33.8872
4237,LB,Lebanon,Mobile cellular subscriptions (per 100 people),2018,73.9321026202855,"Middle East, North Africa, Afghanistan & Pakistan",Lower middle income,35.5134,33.8872
4238,LB,Lebanon,Mobile cellular subscriptions (per 100 people),2017,71.4122336418984,"Middle East, North Africa, Afghanistan & Pakistan",Lower middle income,35.5134,33.8872
4239,LB,Lebanon,Mobile cellular subscriptions (per 100 people),2016,67.6419803070033,"Middle East, North Africa, Afghanistan & Pakistan",Lower middle income,35.5134,33.8872
4240,LS,Lesotho,Mobile cellular subscriptions (per 100 people),2025,,Sub-Saharan Africa ,Lower middle income,27.7167,-29.5208
4241,LS,Lesotho,Mobile cellular subscriptions (per 100 people),2024,70.328049309004,Sub-Saharan Africa ,Lower middle income,27.7167,-29.5208
4242,LS,Lesotho,Mobile cellular subscriptions (per 100 people),2023,69.3513051423509,Sub-Saharan Africa ,Lower middle income,27.7167,-29.5208
4243,LS,Lesotho,Mobile cellular subscriptions (per 100 people),2022,68.1001351640997,Sub-Saharan Africa ,Lower middle income,27.7167,-29.5208
4244,LS,Lesotho,Mobile cellular subscriptions (per 100 people),2021,80.5368195682415,Sub-Saharan Africa ,Lower middle income,27.7167,-29.5208
4245,LS,Lesotho,Mobile cellular subscriptions (per 100 people),2020,69.8944012395073,Sub-Saharan Africa ,Lower middle income,27.7167,-29.5208
4246,LS,Lesotho,Mobile cellular subscriptions (per 100 people),2019,76.1124827725111,Sub-Saharan Africa ,Lower middle income,27.7167,-29.5208
4247,LS,Lesotho,Mobile cellular subscriptions (per 100 people),2018,72.4555241955612,Sub-Saharan Africa ,Lower middle income,27.7167,-29.5208
4248,LS,Lesotho,Mobile cellular subscriptions (per 100 people),2017,110.370078484639,Sub-Saharan Africa ,Lower middle income,27.7167,-29.5208
4249,LS,Lesotho,Mobile cellular subscriptions (per 100 people),2016,107.157971519258,Sub-Saharan Africa ,Lower middle income,27.7167,-29.5208
4250,LR,Liberia,Mobile cellular subscriptions (per 100 people),2025,,Sub-Saharan Africa ,Low income,-10.7957,6.30039
4251,LR,Liberia,Mobile cellular subscriptions (per 100 people),2024,,Sub-Saharan Africa ,Low income,-10.7957,6.30039
4252,LR,Liberia,Mobile cellular subscriptions (per 100 people),2023,,Sub-Saharan Africa ,Low income,-10.7957,6.30039
4253,LR,Liberia,Mobile cellular subscriptions (per 100 people),2022,32.0638885570006,Sub-Saharan Africa ,Low income,-10.7957,6.30039
4254,LR,Liberia,Mobile cellular subscriptions (per 100 people),2021,31.429900768597,Sub-Saharan Africa ,Low income,-10.7957,6.30039
4255,LR,Liberia,Mobile cellular subscriptions (per 100 people),2020,32.1004345501657,Sub-Saharan Africa ,Low income,-10.7957,6.30039
4256,LR,Liberia,Mobile cellular subscriptions (per 100 people),2019,38.4041861157665,Sub-Saharan Africa ,Low income,-10.7957,6.30039
4257,LR,Liberia,Mobile cellular subscriptions (per 100 people),2018,,Sub-Saharan Africa ,Low income,-10.7957,6.30039
4258,LR,Liberia,Mobile cellular subscriptions (per 100 people),2017,54.8575199657656,Sub-Saharan Africa ,Low income,-10.7957,6.30039
4259,LR,Liberia,Mobile cellular subscriptions (per 100 people),2016,65.5437117609357,Sub-Saharan Africa ,Low income,-10.7957,6.30039
4260,LY,Libya,Mobile cellular subscriptions (per 100 people),2025,,"Middle East, North Africa, Afghanistan & Pakistan",Upper middle income,13.1072,32.8578
4261,LY,Libya,Mobile cellular subscriptions (per 100 people),2024,,"Middle East, North Africa, Afghanistan & Pakistan",Upper middle income,13.1072,32.8578
4262,LY,Libya,Mobile cellular subscriptions (per 100 people),2023,,"Middle East, North Africa, Afghanistan & Pakistan",Upper middle income,13.1072,32.8578
4263,LY,Libya,Mobile cellular subscriptions (per 100 people),2022,192.97309381967,"Middle East, North Africa, Afghanistan & Pakistan",Upper middle income,13.1072,32.8578
4264,LY,Libya,Mobile cellular subscriptions (per 100 people),2021,195.117849246865,"Middle East, North Africa, Afghanistan & Pakistan",Upper middle income,13.1072,32.8578
4265,LY,Libya,Mobile cellular subscriptions (per 100 people),2020,164.987107188677,"Middle East, North Africa, Afghanistan & Pakistan",Upper middle income,13.1072,32.8578
4266,LY,Libya,Mobile cellular subscriptions (per 100 people),2019,164.00440049702,"Middle East, North Africa, Afghanistan & Pakistan",Upper middle income,13.1072,32.8578
4267,LY,Libya,Mobile cellular subscriptions (per 100 people),2018,,"Middle East, North Africa, Afghanistan & Pakistan",Upper middle income,13.1072,32.8578
4268,LY,Libya,Mobile cellular subscriptions (per 100 people),2017,89.333810176041,"Middle East, North Africa, Afghanistan & Pakistan",Upper middle income,13.1072,32.8578
4269,LY,Libya,Mobile cellular subscriptions (per 100 people),2016,115.499434118109,"Middle East, North Africa, Afghanistan & Pakistan",Upper middle income,13.1072,32.8578
4270,LI,Liechtenstein,Mobile cellular subscriptions (per 100 people),2025,,Europe & Central Asia,High income,9.52148,47.1411
4271,LI,Liechtenstein,Mobile cellular subscriptions (per 100 people),2024,128.901429646351,Europe & Central Asia,High income,9.52148,47.1411
4272,LI,Liechtenstein,Mobile cellular subscriptions (per 100 people),2023,127.059447446841,Europe & Central Asia,High income,9.52148,47.1411
4273,LI,Liechtenstein,Mobile cellular subscriptions (per 100 people),2022,126.306686674975,Europe & Central Asia,High income,9.52148,47.1411
4274,LI,Liechtenstein,Mobile cellular subscriptions (per 100 people),2021,126.070587030017,Europe & Central Asia,High income,9.52148,47.1411
4275,LI,Liechtenstein,Mobile cellular subscriptions (per 100 people),2020,126.104676657982,Europe & Central Asia,High income,9.52148,47.1411
4276,LI,Liechtenstein,Mobile cellular subscriptions (per 100 people),2019,124.214360041623,Europe & Central Asia,High income,9.52148,47.1411
4277,LI,Liechtenstein,Mobile cellular subscriptions (per 100 people),2018,123.979123501797,Europe & Central Asia,High income,9.52148,47.1411
4278,LI,Liechtenstein,Mobile cellular subscriptions (per 100 people),2017,122.594451783355,Europe & Central Asia,High income,9.52148,47.1411
4279,LI,Liechtenstein,Mobile cellular subscriptions (per 100 people),2016,117.766848331783,Europe & Central Asia,High income,9.52148,47.1411
4280,LT,Lithuania,Mobile cellular subscriptions (per 100 people),2025,,Europe & Central Asia,High income,25.2799,54.6896
4281,LT,Lithuania,Mobile cellular subscriptions (per 100 people),2024,138.728835196967,Europe & Central Asia,High income,25.2799,54.6896
4282,LT,Lithuania,Mobile cellular subscriptions (per 100 people),2023,137.203719983084,Europe & Central Asia,High income,25.2799,54.6896
4283,LT,Lithuania,Mobile cellular subscriptions (per 100 people),2022,135.834150715729,Europe & Central Asia,High income,25.2799,54.6896
4284,LT,Lithuania,Mobile cellular subscriptions (per 100 people),2021,133.357273318046,Europe & Central Asia,High income,25.2799,54.6896
4285,LT,Lithuania,Mobile cellular subscriptions (per 100 people),2020,131.341332336588,Europe & Central Asia,High income,25.2799,54.6896
4286,LT,Lithuania,Mobile cellular subscriptions (per 100 people),2019,132.528841977519,Europe & Central Asia,High income,25.2799,54.6896
4287,LT,Lithuania,Mobile cellular subscriptions (per 100 people),2018,134.333614750945,Europe & Central Asia,High income,25.2799,54.6896
4288,LT,Lithuania,Mobile cellular subscriptions (per 100 people),2017,154.147985747777,Europe & Central Asia,High income,25.2799,54.6896
4289,LT,Lithuania,Mobile cellular subscriptions (per 100 people),2016,146.550393676088,Europe & Central Asia,High income,25.2799,54.6896
4290,LU,Luxembourg,Mobile cellular subscriptions (per 100 people),2025,,Europe & Central Asia,High income,6.1296,49.61
4291,LU,Luxembourg,Mobile cellular subscriptions (per 100 people),2024,,Europe & Central Asia,High income,6.1296,49.61
4292,LU,Luxembourg,Mobile cellular subscriptions (per 100 people),2023,144.474949556306,Europe & Central Asia,High income,6.1296,49.61
4293,LU,Luxembourg,Mobile cellular subscriptions (per 100 people),2022,139.651285065505,Europe & Central Asia,High income,6.1296,49.61
4294,LU,Luxembourg,Mobile cellular subscriptions (per 100 people),2021,136.87108956478,Europe & Central Asia,High income,6.1296,49.61
4295,LU,Luxembourg,Mobile cellular subscriptions (per 100 people),2020,132.908973559976,Europe & Central Asia,High income,6.1296,49.61
4296,LU,Luxembourg,Mobile cellular subscriptions (per 100 people),2019,131.870169616698,Europe & Central Asia,High income,6.1296,49.61
4297,LU,Luxembourg,Mobile cellular subscriptions (per 100 people),2018,131.326868398506,Europe & Central Asia,High income,6.1296,49.61
4298,LU,Luxembourg,Mobile cellular subscriptions (per 100 people),2017,133.110922975046,Europe & Central Asia,High income,6.1296,49.61
4299,LU,Luxembourg,Mobile cellular subscriptions (per 100 people),2016,130.932672500368,Europe & Central Asia,High income,6.1296,49.61
4300,MO,"Macao SAR, China",Mobile cellular subscriptions (per 100 people),2025,,East Asia & Pacific,High income,113.55,22.1667
4301,MO,"Macao SAR, China",Mobile cellular subscriptions (per 100 people),2024,201.136947388589,East Asia & Pacific,High income,113.55,22.1667
4302,MO,"Macao SAR, China",Mobile cellular subscriptions (per 100 people),2023,192.478344669931,East Asia & Pacific,High income,113.55,22.1667
4303,MO,"Macao SAR, China",Mobile cellular subscriptions (per 100 people),2022,172.244717160072,East Asia & Pacific,High income,113.55,22.1667
4304,MO,"Macao SAR, China",Mobile cellular subscriptions (per 100 people),2021,183.574788091048,East Asia & Pacific,High income,113.55,22.1667
4305,MO,"Macao SAR, China",Mobile cellular subscriptions (per 100 people),2020,237.343774476003,East Asia & Pacific,High income,113.55,22.1667
4306,MO,"Macao SAR, China",Mobile cellular subscriptions (per 100 people),2019,416.260540646881,East Asia & Pacific,High income,113.55,22.1667
4307,MO,"Macao SAR, China",Mobile cellular subscriptions (per 100 people),2018,331.099986034622,East Asia & Pacific,High income,113.55,22.1667
4308,MO,"Macao SAR, China",Mobile cellular subscriptions (per 100 people),2017,316.601552229203,East Asia & Pacific,High income,113.55,22.1667
4309,MO,"Macao SAR, China",Mobile cellular subscriptions (per 100 people),2016,310.568300773121,East Asia & Pacific,High income,113.55,22.1667
4310,MG,Madagascar,Mobile cellular subscriptions (per 100 people),2025,,Sub-Saharan Africa ,Low income,45.7167,-20.4667
4311,MG,Madagascar,Mobile cellular subscriptions (per 100 people),2024,,Sub-Saharan Africa ,Low income,45.7167,-20.4667
4312,MG,Madagascar,Mobile cellular subscriptions (per 100 people),2023,75.4562966735535,Sub-Saharan Africa ,Low income,45.7167,-20.4667
4313,MG,Madagascar,Mobile cellular subscriptions (per 100 people),2022,64.7494924066919,Sub-Saharan Africa ,Low income,45.7167,-20.4667
4314,MG,Madagascar,Mobile cellular subscriptions (per 100 people),2021,53.9177233784298,Sub-Saharan Africa ,Low income,45.7167,-20.4667
4315,MG,Madagascar,Mobile cellular subscriptions (per 100 people),2020,54.8084663590199,Sub-Saharan Africa ,Low income,45.7167,-20.4667
4316,MG,Madagascar,Mobile cellular subscriptions (per 100 people),2019,46.077978411707,Sub-Saharan Africa ,Low income,45.7167,-20.4667
4317,MG,Madagascar,Mobile cellular subscriptions (per 100 people),2018,38.7515500132643,Sub-Saharan Africa ,Low income,45.7167,-20.4667
4318,MG,Madagascar,Mobile cellular subscriptions (per 100 people),2017,32.5906255978573,Sub-Saharan Africa ,Low income,45.7167,-20.4667
4319,MG,Madagascar,Mobile cellular subscriptions (per 100 people),2016,30.6447038676546,Sub-Saharan Africa ,Low income,45.7167,-20.4667
4320,MW,Malawi,Mobile cellular subscriptions (per 100 people),2025,,Sub-Saharan Africa ,Low income,33.7703,-13.9899
4321,MW,Malawi,Mobile cellular subscriptions (per 100 people),2024,69.260530662121,Sub-Saharan Africa ,Low income,33.7703,-13.9899
4322,MW,Malawi,Mobile cellular subscriptions (per 100 people),2023,61.0866071008045,Sub-Saharan Africa ,Low income,33.7703,-13.9899
4323,MW,Malawi,Mobile cellular subscriptions (per 100 people),2022,59.6495709408963,Sub-Saharan Africa ,Low income,33.7703,-13.9899
4324,MW,Malawi,Mobile cellular subscriptions (per 100 people),2021,59.5599408158462,Sub-Saharan Africa ,Low income,33.7703,-13.9899
4325,MW,Malawi,Mobile cellular subscriptions (per 100 people),2020,51.2170439392301,Sub-Saharan Africa ,Low income,33.7703,-13.9899
4326,MW,Malawi,Mobile cellular subscriptions (per 100 people),2019,46.7841008334388,Sub-Saharan Africa ,Low income,33.7703,-13.9899
4327,MW,Malawi,Mobile cellular subscriptions (per 100 people),2018,38.1955692011493,Sub-Saharan Africa ,Low income,33.7703,-13.9899
4328,MW,Malawi,Mobile cellular subscriptions (per 100 people),2017,43.0855088342582,Sub-Saharan Africa ,Low income,33.7703,-13.9899
4329,MW,Malawi,Mobile cellular subscriptions (per 100 people),2016,40.8844441758703,Sub-Saharan Africa ,Low income,33.7703,-13.9899
4330,MY,Malaysia,Mobile cellular subscriptions (per 100 people),2025,,East Asia & Pacific,Upper middle income,101.684,3.12433
4331,MY,Malaysia,Mobile cellular subscriptions (per 100 people),2024,139.664651283564,East Asia & Pacific,Upper middle income,101.684,3.12433
4332,MY,Malaysia,Mobile cellular subscriptions (per 100 people),2023,142.7320920639,East Asia & Pacific,Upper middle income,101.684,3.12433
4333,MY,Malaysia,Mobile cellular subscriptions (per 100 people),2022,138.208441079076,East Asia & Pacific,Upper middle income,101.684,3.12433
4334,MY,Malaysia,Mobile cellular subscriptions (per 100 people),2021,137.684938559871,East Asia & Pacific,Upper middle income,101.684,3.12433
4335,MY,Malaysia,Mobile cellular subscriptions (per 100 people),2020,129.017911652905,East Asia & Pacific,Upper middle income,101.684,3.12433
4336,MY,Malaysia,Mobile cellular subscriptions (per 100 people),2019,133.372921941941,East Asia & Pacific,Upper middle income,101.684,3.12433
4337,MY,Malaysia,Mobile cellular subscriptions (per 100 people),2018,128.873150399987,East Asia & Pacific,Upper middle income,101.684,3.12433
4338,MY,Malaysia,Mobile cellular subscriptions (per 100 people),2017,130.853522804244,East Asia & Pacific,Upper middle income,101.684,3.12433
4339,MY,Malaysia,Mobile cellular subscriptions (per 100 people),2016,136.725167298764,East Asia & Pacific,Upper middle income,101.684,3.12433
4340,MV,Maldives,Mobile cellular subscriptions (per 100 people),2025,,South Asia,Upper middle income,73.5109,4.1742
4341,MV,Maldives,Mobile cellular subscriptions (per 100 people),2024,148.137074909198,South Asia,Upper middle income,73.5109,4.1742
4342,MV,Maldives,Mobile cellular subscriptions (per 100 people),2023,141.601234995076,South Asia,Upper middle income,73.5109,4.1742
4343,MV,Maldives,Mobile cellular subscriptions (per 100 people),2022,136.458655310185,South Asia,Upper middle income,73.5109,4.1742
4344,MV,Maldives,Mobile cellular subscriptions (per 100 people),2021,136.789214071769,South Asia,Upper middle income,73.5109,4.1742
4345,MV,Maldives,Mobile cellular subscriptions (per 100 people),2020,142.936122584731,South Asia,Upper middle income,73.5109,4.1742
4346,MV,Maldives,Mobile cellular subscriptions (per 100 people),2019,169.774322321116,South Asia,Upper middle income,73.5109,4.1742
4347,MV,Maldives,Mobile cellular subscriptions (per 100 people),2018,181.34343974517,South Asia,Upper middle income,73.5109,4.1742
4348,MV,Maldives,Mobile cellular subscriptions (per 100 people),2017,196.409673414258,South Asia,Upper middle income,73.5109,4.1742
4349,MV,Maldives,Mobile cellular subscriptions (per 100 people),2016,183.197235330741,South Asia,Upper middle income,73.5109,4.1742
4350,ML,Mali,Mobile cellular subscriptions (per 100 people),2025,,Sub-Saharan Africa ,Low income,-7.50034,13.5667
4351,ML,Mali,Mobile cellular subscriptions (per 100 people),2024,,Sub-Saharan Africa ,Low income,-7.50034,13.5667
4352,ML,Mali,Mobile cellular subscriptions (per 100 people),2023,,Sub-Saharan Africa ,Low income,-7.50034,13.5667
4353,ML,Mali,Mobile cellular subscriptions (per 100 people),2022,112.119852778009,Sub-Saharan Africa ,Low income,-7.50034,13.5667
4354,ML,Mali,Mobile cellular subscriptions (per 100 people),2021,108.693122357196,Sub-Saharan Africa ,Low income,-7.50034,13.5667
4355,ML,Mali,Mobile cellular subscriptions (per 100 people),2020,116.587405376001,Sub-Saharan Africa ,Low income,-7.50034,13.5667
4356,ML,Mali,Mobile cellular subscriptions (per 100 people),2019,108.814511587375,Sub-Saharan Africa ,Low income,-7.50034,13.5667
4357,ML,Mali,Mobile cellular subscriptions (per 100 people),2018,107.404034726492,Sub-Saharan Africa ,Low income,-7.50034,13.5667
4358,ML,Mali,Mobile cellular subscriptions (per 100 people),2017,111.210305187838,Sub-Saharan Africa ,Low income,-7.50034,13.5667
4359,ML,Mali,Mobile cellular subscriptions (per 100 people),2016,105.348301513254,Sub-Saharan Africa ,Low income,-7.50034,13.5667
4360,MT,Malta,Mobile cellular subscriptions (per 100 people),2025,,"Middle East, North Africa, Afghanistan & Pakistan",High income,14.5189,35.9042
4361,MT,Malta,Mobile cellular subscriptions (per 100 people),2024,142.070062100751,"Middle East, North Africa, Afghanistan & Pakistan",High income,14.5189,35.9042
4362,MT,Malta,Mobile cellular subscriptions (per 100 people),2023,140.59359496844,"Middle East, North Africa, Afghanistan & Pakistan",High income,14.5189,35.9042
4363,MT,Malta,Mobile cellular subscriptions (per 100 people),2022,132.861156549134,"Middle East, North Africa, Afghanistan & Pakistan",High income,14.5189,35.9042
4364,MT,Malta,Mobile cellular subscriptions (per 100 people),2021,123.941408455002,"Middle East, North Africa, Afghanistan & Pakistan",High income,14.5189,35.9042
4365,MT,Malta,Mobile cellular subscriptions (per 100 people),2020,122.175694268893,"Middle East, North Africa, Afghanistan & Pakistan",High income,14.5189,35.9042
4366,MT,Malta,Mobile cellular subscriptions (per 100 people),2019,125.866492068688,"Middle East, North Africa, Afghanistan & Pakistan",High income,14.5189,35.9042
4367,MT,Malta,Mobile cellular subscriptions (per 100 people),2018,127.093763801237,"Middle East, North Africa, Afghanistan & Pakistan",High income,14.5189,35.9042
4368,MT,Malta,Mobile cellular subscriptions (per 100 people),2017,129.249073523943,"Middle East, North Africa, Afghanistan & Pakistan",High income,14.5189,35.9042
4369,MT,Malta,Mobile cellular subscriptions (per 100 people),2016,128.59869659476,"Middle East, North Africa, Afghanistan & Pakistan",High income,14.5189,35.9042
4370,MH,Marshall Islands,Mobile cellular subscriptions (per 100 people),2025,,East Asia & Pacific,Upper middle income,171.135,7.11046
4371,MH,Marshall Islands,Mobile cellular subscriptions (per 100 people),2024,,East Asia & Pacific,Upper middle income,171.135,7.11046
4372,MH,Marshall Islands,Mobile cellular subscriptions (per 100 people),2023,,East Asia & Pacific,Upper middle income,171.135,7.11046
4373,MH,Marshall Islands,Mobile cellular subscriptions (per 100 people),2022,39.7060658232902,East Asia & Pacific,Upper middle income,171.135,7.11046
4374,MH,Marshall Islands,Mobile cellular subscriptions (per 100 people),2021,38.6781734232601,East Asia & Pacific,Upper middle income,171.135,7.11046
4375,MH,Marshall Islands,Mobile cellular subscriptions (per 100 people),2020,37.4654615276542,East Asia & Pacific,Upper middle income,171.135,7.11046
4376,MH,Marshall Islands,Mobile cellular subscriptions (per 100 people),2019,36.3578521598836,East Asia & Pacific,Upper middle income,171.135,7.11046
4377,MH,Marshall Islands,Mobile cellular subscriptions (per 100 people),2018,,East Asia & Pacific,Upper middle income,171.135,7.11046
4378,MH,Marshall Islands,Mobile cellular subscriptions (per 100 people),2017,34.3871563970857,East Asia & Pacific,Upper middle income,171.135,7.11046
4379,MH,Marshall Islands,Mobile cellular subscriptions (per 100 people),2016,,East Asia & Pacific,Upper middle income,171.135,7.11046
4380,MR,Mauritania,Mobile cellular subscriptions (per 100 people),2025,,Sub-Saharan Africa ,Lower middle income,-15.9824,18.2367
4381,MR,Mauritania,Mobile cellular subscriptions (per 100 people),2024,92.0748946443443,Sub-Saharan Africa ,Lower middle income,-15.9824,18.2367
4382,MR,Mauritania,Mobile cellular subscriptions (per 100 people),2023,90.7724948884417,Sub-Saharan Africa ,Lower middle income,-15.9824,18.2367
4383,MR,Mauritania,Mobile cellular subscriptions (per 100 people),2022,109.883898247552,Sub-Saharan Africa ,Lower middle income,-15.9824,18.2367
4384,MR,Mauritania,Mobile cellular subscriptions (per 100 people),2021,137.540323142707,Sub-Saharan Africa ,Lower middle income,-15.9824,18.2367
4385,MR,Mauritania,Mobile cellular subscriptions (per 100 people),2020,126.277034284458,Sub-Saharan Africa ,Lower middle income,-15.9824,18.2367
4386,MR,Mauritania,Mobile cellular subscriptions (per 100 people),2019,105.441089704161,Sub-Saharan Africa ,Lower middle income,-15.9824,18.2367
4387,MR,Mauritania,Mobile cellular subscriptions (per 100 people),2018,105.275094895088,Sub-Saharan Africa ,Lower middle income,-15.9824,18.2367
4388,MR,Mauritania,Mobile cellular subscriptions (per 100 people),2017,96.7595354581295,Sub-Saharan Africa ,Lower middle income,-15.9824,18.2367
4389,MR,Mauritania,Mobile cellular subscriptions (per 100 people),2016,88.4383494871236,Sub-Saharan Africa ,Lower middle income,-15.9824,18.2367
4390,MU,Mauritius,Mobile cellular subscriptions (per 100 people),2025,,Sub-Saharan Africa ,Upper middle income,57.4977,-20.1605
4391,MU,Mauritius,Mobile cellular subscriptions (per 100 people),2024,172.68356921857,Sub-Saharan Africa ,Upper middle income,57.4977,-20.1605
4392,MU,Mauritius,Mobile cellular subscriptions (per 100 people),2023,165.257524411348,Sub-Saharan Africa ,Upper middle income,57.4977,-20.1605
4393,MU,Mauritius,Mobile cellular subscriptions (per 100 people),2022,164.309278835228,Sub-Saharan Africa ,Upper middle income,57.4977,-20.1605
4394,MU,Mauritius,Mobile cellular subscriptions (per 100 people),2021,154.053185977432,Sub-Saharan Africa ,Upper middle income,57.4977,-20.1605
4395,MU,Mauritius,Mobile cellular subscriptions (per 100 people),2020,149.06995900167,Sub-Saharan Africa ,Upper middle income,57.4977,-20.1605
4396,MU,Mauritius,Mobile cellular subscriptions (per 100 people),2019,145.117277088014,Sub-Saharan Africa ,Upper middle income,57.4977,-20.1605
4397,MU,Mauritius,Mobile cellular subscriptions (per 100 people),2018,148.816797831837,Sub-Saharan Africa ,Upper middle income,57.4977,-20.1605
4398,MU,Mauritius,Mobile cellular subscriptions (per 100 people),2017,142.524532117413,Sub-Saharan Africa ,Upper middle income,57.4977,-20.1605
4399,MU,Mauritius,Mobile cellular subscriptions (per 100 people),2016,140.423888162514,Sub-Saharan Africa ,Upper middle income,57.4977,-20.1605
4400,MX,Mexico,Mobile cellular subscriptions (per 100 people),2025,,Latin America & Caribbean ,Upper middle income,-99.1276,19.427
4401,MX,Mexico,Mobile cellular subscriptions (per 100 people),2024,116.486713265167,Latin America & Caribbean ,Upper middle income,-99.1276,19.427
4402,MX,Mexico,Mobile cellular subscriptions (per 100 people),2023,111.735420288549,Latin America & Caribbean ,Upper middle income,-99.1276,19.427
4403,MX,Mexico,Mobile cellular subscriptions (per 100 people),2022,105.720624125765,Latin America & Caribbean ,Upper middle income,-99.1276,19.427
4404,MX,Mexico,Mobile cellular subscriptions (per 100 people),2021,99.09481491263,Latin America & Caribbean ,Upper middle income,-99.1276,19.427
4405,MX,Mexico,Mobile cellular subscriptions (per 100 people),2020,96.9237451881936,Latin America & Caribbean ,Upper middle income,-99.1276,19.427
4406,MX,Mexico,Mobile cellular subscriptions (per 100 people),2019,97.0358606795758,Latin America & Caribbean ,Upper middle income,-99.1276,19.427
4407,MX,Mexico,Mobile cellular subscriptions (per 100 people),2018,96.4612204576614,Latin America & Caribbean ,Upper middle income,-99.1276,19.427
4408,MX,Mexico,Mobile cellular subscriptions (per 100 people),2017,92.6493518556478,Latin America & Caribbean ,Upper middle income,-99.1276,19.427
4409,MX,Mexico,Mobile cellular subscriptions (per 100 people),2016,91.3941924453661,Latin America & Caribbean ,Upper middle income,-99.1276,19.427
4410,FM,"Micronesia, Fed. Sts.",Mobile cellular subscriptions (per 100 people),2025,,East Asia & Pacific,Upper middle income,158.185,6.91771
4411,FM,"Micronesia, Fed. Sts.",Mobile cellular subscriptions (per 100 people),2024,,East Asia & Pacific,Upper middle income,158.185,6.91771
4412,FM,"Micronesia, Fed. Sts.",Mobile cellular subscriptions (per 100 people),2023,,East Asia & Pacific,Upper middle income,158.185,6.91771
4413,FM,"Micronesia, Fed. Sts.",Mobile cellular subscriptions (per 100 people),2022,19.9885830493962,East Asia & Pacific,Upper middle income,158.185,6.91771
4414,FM,"Micronesia, Fed. Sts.",Mobile cellular subscriptions (per 100 people),2021,19.7090231491436,East Asia & Pacific,Upper middle income,158.185,6.91771
4415,FM,"Micronesia, Fed. Sts.",Mobile cellular subscriptions (per 100 people),2020,19.8348299614122,East Asia & Pacific,Upper middle income,158.185,6.91771
4416,FM,"Micronesia, Fed. Sts.",Mobile cellular subscriptions (per 100 people),2019,20.8556246712972,East Asia & Pacific,Upper middle income,158.185,6.91771
4417,FM,"Micronesia, Fed. Sts.",Mobile cellular subscriptions (per 100 people),2018,,East Asia & Pacific,Upper middle income,158.185,6.91771
4418,FM,"Micronesia, Fed. Sts.",Mobile cellular subscriptions (per 100 people),2017,21.1123391273372,East Asia & Pacific,Upper middle income,158.185,6.91771
4419,FM,"Micronesia, Fed. Sts.",Mobile cellular subscriptions (per 100 people),2016,21.4641301856521,East Asia & Pacific,Upper middle income,158.185,6.91771
4420,MD,Moldova,Mobile cellular subscriptions (per 100 people),2025,,Europe & Central Asia,Upper middle income,28.8497,47.0167
4421,MD,Moldova,Mobile cellular subscriptions (per 100 people),2024,120.083487069521,Europe & Central Asia,Upper middle income,28.8497,47.0167
4422,MD,Moldova,Mobile cellular subscriptions (per 100 people),2023,129.546081439289,Europe & Central Asia,Upper middle income,28.8497,47.0167
4423,MD,Moldova,Mobile cellular subscriptions (per 100 people),2022,137.182551887592,Europe & Central Asia,Upper middle income,28.8497,47.0167
4424,MD,Moldova,Mobile cellular subscriptions (per 100 people),2021,128.983642317657,Europe & Central Asia,Upper middle income,28.8497,47.0167
4425,MD,Moldova,Mobile cellular subscriptions (per 100 people),2020,111.444672775453,Europe & Central Asia,Upper middle income,28.8497,47.0167
4426,MD,Moldova,Mobile cellular subscriptions (per 100 people),2019,116.105189229966,Europe & Central Asia,Upper middle income,28.8497,47.0167
4427,MD,Moldova,Mobile cellular subscriptions (per 100 people),2018,115.31999925169,Europe & Central Asia,Upper middle income,28.8497,47.0167
4428,MD,Moldova,Mobile cellular subscriptions (per 100 people),2017,117.321043357799,Europe & Central Asia,Upper middle income,28.8497,47.0167
4429,MD,Moldova,Mobile cellular subscriptions (per 100 people),2016,117.008370513998,Europe & Central Asia,Upper middle income,28.8497,47.0167
4430,MC,Monaco,Mobile cellular subscriptions (per 100 people),2025,,Europe & Central Asia,High income,7.41891,43.7325
4431,MC,Monaco,Mobile cellular subscriptions (per 100 people),2024,107.400792109963,Europe & Central Asia,High income,7.41891,43.7325
4432,MC,Monaco,Mobile cellular subscriptions (per 100 people),2023,104.060991888284,Europe & Central Asia,High income,7.41891,43.7325
4433,MC,Monaco,Mobile cellular subscriptions (per 100 people),2022,100.061647530246,Europe & Central Asia,High income,7.41891,43.7325
4434,MC,Monaco,Mobile cellular subscriptions (per 100 people),2021,97.1422638668985,Europe & Central Asia,High income,7.41891,43.7325
4435,MC,Monaco,Mobile cellular subscriptions (per 100 people),2020,93.2588699080158,Europe & Central Asia,High income,7.41891,43.7325
4436,MC,Monaco,Mobile cellular subscriptions (per 100 people),2019,88.6483507832795,Europe & Central Asia,High income,7.41891,43.7325
4437,MC,Monaco,Mobile cellular subscriptions (per 100 people),2018,85.6764690464958,Europe & Central Asia,High income,7.41891,43.7325
4438,MC,Monaco,Mobile cellular subscriptions (per 100 people),2017,87.5258771697011,Europe & Central Asia,High income,7.41891,43.7325
4439,MC,Monaco,Mobile cellular subscriptions (per 100 people),2016,89.3255714132418,Europe & Central Asia,High income,7.41891,43.7325
4440,MN,Mongolia,Mobile cellular subscriptions (per 100 people),2025,,East Asia & Pacific,Upper middle income,106.937,47.9129
4441,MN,Mongolia,Mobile cellular subscriptions (per 100 people),2024,140.670025377351,East Asia & Pacific,Upper middle income,106.937,47.9129
4442,MN,Mongolia,Mobile cellular subscriptions (per 100 people),2023,141.08481753135,East Asia & Pacific,Upper middle income,106.937,47.9129
4443,MN,Mongolia,Mobile cellular subscriptions (per 100 people),2022,142.808581769425,East Asia & Pacific,Upper middle income,106.937,47.9129
4444,MN,Mongolia,Mobile cellular subscriptions (per 100 people),2021,140.352142155192,East Asia & Pacific,Upper middle income,106.937,47.9129
4445,MN,Mongolia,Mobile cellular subscriptions (per 100 people),2020,132.610273840436,East Asia & Pacific,Upper middle income,106.937,47.9129
4446,MN,Mongolia,Mobile cellular subscriptions (per 100 people),2019,136.719198864644,East Asia & Pacific,Upper middle income,106.937,47.9129
4447,MN,Mongolia,Mobile cellular subscriptions (per 100 people),2018,133.283865358717,East Asia & Pacific,Upper middle income,106.937,47.9129
4448,MN,Mongolia,Mobile cellular subscriptions (per 100 people),2017,125.18399904135,East Asia & Pacific,Upper middle income,106.937,47.9129
4449,MN,Mongolia,Mobile cellular subscriptions (per 100 people),2016,110.745846833017,East Asia & Pacific,Upper middle income,106.937,47.9129
4450,ME,Montenegro,Mobile cellular subscriptions (per 100 people),2025,,Europe & Central Asia,Upper middle income,19.2595,42.4602
4451,ME,Montenegro,Mobile cellular subscriptions (per 100 people),2024,221.687322527444,Europe & Central Asia,Upper middle income,19.2595,42.4602
4452,ME,Montenegro,Mobile cellular subscriptions (per 100 people),2023,207.237922064803,Europe & Central Asia,Upper middle income,19.2595,42.4602
4453,ME,Montenegro,Mobile cellular subscriptions (per 100 people),2022,207.278149444886,Europe & Central Asia,Upper middle income,19.2595,42.4602
4454,ME,Montenegro,Mobile cellular subscriptions (per 100 people),2021,185.488473149833,Europe & Central Asia,Upper middle income,19.2595,42.4602
4455,ME,Montenegro,Mobile cellular subscriptions (per 100 people),2020,177.66521091893,Europe & Central Asia,Upper middle income,19.2595,42.4602
4456,ME,Montenegro,Mobile cellular subscriptions (per 100 people),2019,188.173957398388,Europe & Central Asia,Upper middle income,19.2595,42.4602
4457,ME,Montenegro,Mobile cellular subscriptions (per 100 people),2018,184.219098888429,Europe & Central Asia,Upper middle income,19.2595,42.4602
4458,ME,Montenegro,Mobile cellular subscriptions (per 100 people),2017,168.464830660169,Europe & Central Asia,Upper middle income,19.2595,42.4602
4459,ME,Montenegro,Mobile cellular subscriptions (per 100 people),2016,166.719850572448,Europe & Central Asia,Upper middle income,19.2595,42.4602
4460,MA,Morocco,Mobile cellular subscriptions (per 100 people),2025,,"Middle East, North Africa, Afghanistan & Pakistan",Lower middle income,-6.8704,33.9905
4461,MA,Morocco,Mobile cellular subscriptions (per 100 people),2024,153.057260079672,"Middle East, North Africa, Afghanistan & Pakistan",Lower middle income,-6.8704,33.9905
4462,MA,Morocco,Mobile cellular subscriptions (per 100 people),2023,148.155101338402,"Middle East, North Africa, Afghanistan & Pakistan",Lower middle income,-6.8704,33.9905
4463,MA,Morocco,Mobile cellular subscriptions (per 100 people),2022,141.870002419562,"Middle East, North Africa, Afghanistan & Pakistan",Lower middle income,-6.8704,33.9905
4464,MA,Morocco,Mobile cellular subscriptions (per 100 people),2021,138.911268095998,"Middle East, North Africa, Afghanistan & Pakistan",Lower middle income,-6.8704,33.9905
4465,MA,Morocco,Mobile cellular subscriptions (per 100 people),2020,135.088404811169,"Middle East, North Africa, Afghanistan & Pakistan",Lower middle income,-6.8704,33.9905
4466,MA,Morocco,Mobile cellular subscriptions (per 100 people),2019,128.874798962456,"Middle East, North Africa, Afghanistan & Pakistan",Lower middle income,-6.8704,33.9905
4467,MA,Morocco,Mobile cellular subscriptions (per 100 people),2018,124.827523956634,"Middle East, North Africa, Afghanistan & Pakistan",Lower middle income,-6.8704,33.9905
4468,MA,Morocco,Mobile cellular subscriptions (per 100 people),2017,123.894319060738,"Middle East, North Africa, Afghanistan & Pakistan",Lower middle income,-6.8704,33.9905
4469,MA,Morocco,Mobile cellular subscriptions (per 100 people),2016,118.531797132419,"Middle East, North Africa, Afghanistan & Pakistan",Lower middle income,-6.8704,33.9905
4470,MZ,Mozambique,Mobile cellular subscriptions (per 100 people),2025,,Sub-Saharan Africa ,Low income,32.5713,-25.9664
4471,MZ,Mozambique,Mobile cellular subscriptions (per 100 people),2024,49.5047696961223,Sub-Saharan Africa ,Low income,32.5713,-25.9664
4472,MZ,Mozambique,Mobile cellular subscriptions (per 100 people),2023,47.5003032540948,Sub-Saharan Africa ,Low income,32.5713,-25.9664
4473,MZ,Mozambique,Mobile cellular subscriptions (per 100 people),2022,45.8178199662019,Sub-Saharan Africa ,Low income,32.5713,-25.9664
4474,MZ,Mozambique,Mobile cellular subscriptions (per 100 people),2021,43.1636190464176,Sub-Saharan Africa ,Low income,32.5713,-25.9664
4475,MZ,Mozambique,Mobile cellular subscriptions (per 100 people),2020,50.2318825476662,Sub-Saharan Africa ,Low income,32.5713,-25.9664
4476,MZ,Mozambique,Mobile cellular subscriptions (per 100 people),2019,49.4350694242276,Sub-Saharan Africa ,Low income,32.5713,-25.9664
4477,MZ,Mozambique,Mobile cellular subscriptions (per 100 people),2018,48.5007087167822,Sub-Saharan Africa ,Low income,32.5713,-25.9664
4478,MZ,Mozambique,Mobile cellular subscriptions (per 100 people),2017,42.1619694080105,Sub-Saharan Africa ,Low income,32.5713,-25.9664
4479,MZ,Mozambique,Mobile cellular subscriptions (per 100 people),2016,54.9641156223382,Sub-Saharan Africa ,Low income,32.5713,-25.9664
4480,MM,Myanmar,Mobile cellular subscriptions (per 100 people),2025,,East Asia & Pacific,Lower middle income,95.9562,21.914
4481,MM,Myanmar,Mobile cellular subscriptions (per 100 people),2024,114.329042129489,East Asia & Pacific,Lower middle income,95.9562,21.914
4482,MM,Myanmar,Mobile cellular subscriptions (per 100 people),2023,121.027626770248,East Asia & Pacific,Lower middle income,95.9562,21.914
4483,MM,Myanmar,Mobile cellular subscriptions (per 100 people),2022,107.535089476237,East Asia & Pacific,Lower middle income,95.9562,21.914
4484,MM,Myanmar,Mobile cellular subscriptions (per 100 people),2021,127.240645128106,East Asia & Pacific,Lower middle income,95.9562,21.914
4485,MM,Myanmar,Mobile cellular subscriptions (per 100 people),2020,148.158208114821,East Asia & Pacific,Lower middle income,95.9562,21.914
4486,MM,Myanmar,Mobile cellular subscriptions (per 100 people),2019,155.669416939698,East Asia & Pacific,Lower middle income,95.9562,21.914
4487,MM,Myanmar,Mobile cellular subscriptions (per 100 people),2018,116.972136284863,East Asia & Pacific,Lower middle income,95.9562,21.914
4488,MM,Myanmar,Mobile cellular subscriptions (per 100 people),2017,92.3917955157784,East Asia & Pacific,Lower middle income,95.9562,21.914
4489,MM,Myanmar,Mobile cellular subscriptions (per 100 people),2016,98.2342601991436,East Asia & Pacific,Lower middle income,95.9562,21.914
4490,NA,Namibia,Mobile cellular subscriptions (per 100 people),2025,,Sub-Saharan Africa ,Lower middle income,17.0931,-22.5648
4491,NA,Namibia,Mobile cellular subscriptions (per 100 people),2024,85.1648988113055,Sub-Saharan Africa ,Lower middle income,17.0931,-22.5648
4492,NA,Namibia,Mobile cellular subscriptions (per 100 people),2023,87.6760954339972,Sub-Saharan Africa ,Lower middle income,17.0931,-22.5648
4493,NA,Namibia,Mobile cellular subscriptions (per 100 people),2022,100.557816104444,Sub-Saharan Africa ,Lower middle income,17.0931,-22.5648
4494,NA,Namibia,Mobile cellular subscriptions (per 100 people),2021,103.727351391971,Sub-Saharan Africa ,Lower middle income,17.0931,-22.5648
4495,NA,Namibia,Mobile cellular subscriptions (per 100 people),2020,106.206587456143,Sub-Saharan Africa ,Lower middle income,17.0931,-22.5648
4496,NA,Namibia,Mobile cellular subscriptions (per 100 people),2019,106.53315947895,Sub-Saharan Africa ,Lower middle income,17.0931,-22.5648
4497,NA,Namibia,Mobile cellular subscriptions (per 100 people),2018,107.060260494691,Sub-Saharan Africa ,Lower middle income,17.0931,-22.5648
4498,NA,Namibia,Mobile cellular subscriptions (per 100 people),2017,106.914765245509,Sub-Saharan Africa ,Lower middle income,17.0931,-22.5648
4499,NA,Namibia,Mobile cellular subscriptions (per 100 people),2016,109.049558197665,Sub-Saharan Africa ,Lower middle income,17.0931,-22.5648
4500,NR,Naoero,Mobile cellular subscriptions (per 100 people),2025,,East Asia & Pacific,High income,166.920867,-0.5477
4501,NR,Naoero,Mobile cellular subscriptions (per 100 people),2024,,East Asia & Pacific,High income,166.920867,-0.5477
4502,NR,Naoero,Mobile cellular subscriptions (per 100 people),2023,,East Asia & Pacific,High income,166.920867,-0.5477
4503,NR,Naoero,Mobile cellular subscriptions (per 100 people),2022,87.1705787645115,East Asia & Pacific,High income,166.920867,-0.5477
4504,NR,Naoero,Mobile cellular subscriptions (per 100 people),2021,85.404389785635,East Asia & Pacific,High income,166.920867,-0.5477
4505,NR,Naoero,Mobile cellular subscriptions (per 100 people),2020,85.8885167053165,East Asia & Pacific,High income,166.920867,-0.5477
4506,NR,Naoero,Mobile cellular subscriptions (per 100 people),2019,86.3036161215155,East Asia & Pacific,High income,166.920867,-0.5477
4507,NR,Naoero,Mobile cellular subscriptions (per 100 people),2018,,East Asia & Pacific,High income,166.920867,-0.5477
4508,NR,Naoero,Mobile cellular subscriptions (per 100 people),2017,88.3080183680678,East Asia & Pacific,High income,166.920867,-0.5477
4509,NR,Naoero,Mobile cellular subscriptions (per 100 people),2016,88.7892376681614,East Asia & Pacific,High income,166.920867,-0.5477
4510,NP,Nepal,Mobile cellular subscriptions (per 100 people),2025,,South Asia,Lower middle income,85.3157,27.6939
4511,NP,Nepal,Mobile cellular subscriptions (per 100 people),2024,99.8471420273964,South Asia,Lower middle income,85.3157,27.6939
4512,NP,Nepal,Mobile cellular subscriptions (per 100 people),2023,117.759577544938,South Asia,Lower middle income,85.3157,27.6939
4513,NP,Nepal,Mobile cellular subscriptions (per 100 people),2022,121.1144874334,South Asia,Lower middle income,85.3157,27.6939
4514,NP,Nepal,Mobile cellular subscriptions (per 100 people),2021,129.645418271275,South Asia,Lower middle income,85.3157,27.6939
4515,NP,Nepal,Mobile cellular subscriptions (per 100 people),2020,131.921020414772,South Asia,Lower middle income,85.3157,27.6939
4516,NP,Nepal,Mobile cellular subscriptions (per 100 people),2019,136.186080245332,South Asia,Lower middle income,85.3157,27.6939
4517,NP,Nepal,Mobile cellular subscriptions (per 100 people),2018,139.525943467536,South Asia,Lower middle income,85.3157,27.6939
4518,NP,Nepal,Mobile cellular subscriptions (per 100 people),2017,128.863887512657,South Asia,Lower middle income,85.3157,27.6939
4519,NP,Nepal,Mobile cellular subscriptions (per 100 people),2016,114.89813690076,South Asia,Lower middle income,85.3157,27.6939
4520,NL,Netherlands,Mobile cellular subscriptions (per 100 people),2025,,Europe & Central Asia,High income,4.89095,52.3738
4521,NL,Netherlands,Mobile cellular subscriptions (per 100 people),2024,128.538765867661,Europe & Central Asia,High income,4.89095,52.3738
4522,NL,Netherlands,Mobile cellular subscriptions (per 100 people),2023,125.272736960305,Europe & Central Asia,High income,4.89095,52.3738
4523,NL,Netherlands,Mobile cellular subscriptions (per 100 people),2022,115.8205562749,Europe & Central Asia,High income,4.89095,52.3738
4524,NL,Netherlands,Mobile cellular subscriptions (per 100 people),2021,123.447849713072,Europe & Central Asia,High income,4.89095,52.3738
4525,NL,Netherlands,Mobile cellular subscriptions (per 100 people),2020,121.422728509042,Europe & Central Asia,High income,4.89095,52.3738
4526,NL,Netherlands,Mobile cellular subscriptions (per 100 people),2019,124.08833250929,Europe & Central Asia,High income,4.89095,52.3738
4527,NL,Netherlands,Mobile cellular subscriptions (per 100 people),2018,121.162164892591,Europe & Central Asia,High income,4.89095,52.3738
4528,NL,Netherlands,Mobile cellular subscriptions (per 100 people),2017,118.57673269471,Europe & Central Asia,High income,4.89095,52.3738
4529,NL,Netherlands,Mobile cellular subscriptions (per 100 people),2016,121.420358968335,Europe & Central Asia,High income,4.89095,52.3738
4530,NC,New Caledonia,Mobile cellular subscriptions (per 100 people),2025,,East Asia & Pacific,High income,166.464,-22.2677
4531,NC,New Caledonia,Mobile cellular subscriptions (per 100 people),2024,,East Asia & Pacific,High income,166.464,-22.2677
4532,NC,New Caledonia,Mobile cellular subscriptions (per 100 people),2023,,East Asia & Pacific,High income,166.464,-22.2677
4533,NC,New Caledonia,Mobile cellular subscriptions (per 100 people),2022,91.6763895612682,East Asia & Pacific,High income,166.464,-22.2677
4534,NC,New Caledonia,Mobile cellular subscriptions (per 100 people),2021,91.1596204954876,East Asia & Pacific,High income,166.464,-22.2677
4535,NC,New Caledonia,Mobile cellular subscriptions (per 100 people),2020,91.4925961376049,East Asia & Pacific,High income,166.464,-22.2677
4536,NC,New Caledonia,Mobile cellular subscriptions (per 100 people),2019,91.6764807514651,East Asia & Pacific,High income,166.464,-22.2677
4537,NC,New Caledonia,Mobile cellular subscriptions (per 100 people),2018,,East Asia & Pacific,High income,166.464,-22.2677
4538,NC,New Caledonia,Mobile cellular subscriptions (per 100 people),2017,,East Asia & Pacific,High income,166.464,-22.2677
4539,NC,New Caledonia,Mobile cellular subscriptions (per 100 people),2016,,East Asia & Pacific,High income,166.464,-22.2677
4540,NZ,New Zealand,Mobile cellular subscriptions (per 100 people),2025,,East Asia & Pacific,High income,174.776,-41.2865
4541,NZ,New Zealand,Mobile cellular subscriptions (per 100 people),2024,130.093457083544,East Asia & Pacific,High income,174.776,-41.2865
4542,NZ,New Zealand,Mobile cellular subscriptions (per 100 people),2023,126.854978584281,East Asia & Pacific,High income,174.776,-41.2865
4543,NZ,New Zealand,Mobile cellular subscriptions (per 100 people),2022,115.984187800849,East Asia & Pacific,High income,174.776,-41.2865
4544,NZ,New Zealand,Mobile cellular subscriptions (per 100 people),2021,114.454714130458,East Asia & Pacific,High income,174.776,-41.2865
4545,NZ,New Zealand,Mobile cellular subscriptions (per 100 people),2020,123.000574962598,East Asia & Pacific,High income,174.776,-41.2865
4546,NZ,New Zealand,Mobile cellular subscriptions (per 100 people),2019,120.475335425902,East Asia & Pacific,High income,174.776,-41.2865
4547,NZ,New Zealand,Mobile cellular subscriptions (per 100 people),2018,128.936896010016,East Asia & Pacific,High income,174.776,-41.2865
4548,NZ,New Zealand,Mobile cellular subscriptions (per 100 people),2017,132.980049668049,East Asia & Pacific,High income,174.776,-41.2865
4549,NZ,New Zealand,Mobile cellular subscriptions (per 100 people),2016,129.380648472778,East Asia & Pacific,High income,174.776,-41.2865
4550,NI,Nicaragua,Mobile cellular subscriptions (per 100 people),2025,,Latin America & Caribbean ,Lower middle income,-86.2734,12.1475
4551,NI,Nicaragua,Mobile cellular subscriptions (per 100 people),2024,105.961143065351,Latin America & Caribbean ,Lower middle income,-86.2734,12.1475
4552,NI,Nicaragua,Mobile cellular subscriptions (per 100 people),2023,105.843136180202,Latin America & Caribbean ,Lower middle income,-86.2734,12.1475
4553,NI,Nicaragua,Mobile cellular subscriptions (per 100 people),2022,104.278484676229,Latin America & Caribbean ,Lower middle income,-86.2734,12.1475
4554,NI,Nicaragua,Mobile cellular subscriptions (per 100 people),2021,93.8165084237294,Latin America & Caribbean ,Lower middle income,-86.2734,12.1475
4555,NI,Nicaragua,Mobile cellular subscriptions (per 100 people),2020,90.8140674248283,Latin America & Caribbean ,Lower middle income,-86.2734,12.1475
4556,NI,Nicaragua,Mobile cellular subscriptions (per 100 people),2019,89.2772705280369,Latin America & Caribbean ,Lower middle income,-86.2734,12.1475
4557,NI,Nicaragua,Mobile cellular subscriptions (per 100 people),2018,116.272405969925,Latin America & Caribbean ,Lower middle income,-86.2734,12.1475
4558,NI,Nicaragua,Mobile cellular subscriptions (per 100 people),2017,129.505649809198,Latin America & Caribbean ,Lower middle income,-86.2734,12.1475
4559,NI,Nicaragua,Mobile cellular subscriptions (per 100 people),2016,124.272855307825,Latin America & Caribbean ,Lower middle income,-86.2734,12.1475
4560,NE,Niger,Mobile cellular subscriptions (per 100 people),2025,,Sub-Saharan Africa ,Low income,2.1073,13.514
4561,NE,Niger,Mobile cellular subscriptions (per 100 people),2024,60.5939862118112,Sub-Saharan Africa ,Low income,2.1073,13.514
4562,NE,Niger,Mobile cellular subscriptions (per 100 people),2023,65.735032215569,Sub-Saharan Africa ,Low income,2.1073,13.514
4563,NE,Niger,Mobile cellular subscriptions (per 100 people),2022,63.3770548032743,Sub-Saharan Africa ,Low income,2.1073,13.514
4564,NE,Niger,Mobile cellular subscriptions (per 100 people),2021,61.5063092448251,Sub-Saharan Africa ,Low income,2.1073,13.514
4565,NE,Niger,Mobile cellular subscriptions (per 100 people),2020,60.0355524816093,Sub-Saharan Africa ,Low income,2.1073,13.514
4566,NE,Niger,Mobile cellular subscriptions (per 100 people),2019,52.8112616845298,Sub-Saharan Africa ,Low income,2.1073,13.514
4567,NE,Niger,Mobile cellular subscriptions (per 100 people),2018,,Sub-Saharan Africa ,Low income,2.1073,13.514
4568,NE,Niger,Mobile cellular subscriptions (per 100 people),2017,40.9549864276209,Sub-Saharan Africa ,Low income,2.1073,13.514
4569,NE,Niger,Mobile cellular subscriptions (per 100 people),2016,36.120522177752,Sub-Saharan Africa ,Low income,2.1073,13.514
4570,NG,Nigeria,Mobile cellular subscriptions (per 100 people),2025,,Sub-Saharan Africa ,Lower middle income,7.48906,9.05804
4571,NG,Nigeria,Mobile cellular subscriptions (per 100 people),2024,70.7619057835431,Sub-Saharan Africa ,Lower middle income,7.48906,9.05804
4572,NG,Nigeria,Mobile cellular subscriptions (per 100 people),2023,98.4772822731425,Sub-Saharan Africa ,Lower middle income,7.48906,9.05804
4573,NG,Nigeria,Mobile cellular subscriptions (per 100 people),2022,99.5852151989567,Sub-Saharan Africa ,Lower middle income,7.48906,9.05804
4574,NG,Nigeria,Mobile cellular subscriptions (per 100 people),2021,89.2915858426408,Sub-Saharan Africa ,Lower middle income,7.48906,9.05804
4575,NG,Nigeria,Mobile cellular subscriptions (per 100 people),2020,95.4356648074949,Sub-Saharan Africa ,Lower middle income,7.48906,9.05804
4576,NG,Nigeria,Mobile cellular subscriptions (per 100 people),2019,88.1169010528984,Sub-Saharan Africa ,Lower middle income,7.48906,9.05804
4577,NG,Nigeria,Mobile cellular subscriptions (per 100 people),2018,84.2840110939485,Sub-Saharan Africa ,Lower middle income,7.48906,9.05804
4578,NG,Nigeria,Mobile cellular subscriptions (per 100 people),2017,72.3679681751497,Sub-Saharan Africa ,Lower middle income,7.48906,9.05804
4579,NG,Nigeria,Mobile cellular subscriptions (per 100 people),2016,78.970142296733,Sub-Saharan Africa ,Lower middle income,7.48906,9.05804
4580,MK,North Macedonia,Mobile cellular subscriptions (per 100 people),2025,,Europe & Central Asia,Upper middle income,21.4361,42.0024
4581,MK,North Macedonia,Mobile cellular subscriptions (per 100 people),2024,108.38712260883,Europe & Central Asia,Upper middle income,21.4361,42.0024
4582,MK,North Macedonia,Mobile cellular subscriptions (per 100 people),2023,106.458776658176,Europe & Central Asia,Upper middle income,21.4361,42.0024
4583,MK,North Macedonia,Mobile cellular subscriptions (per 100 people),2022,111.303079555687,Europe & Central Asia,Upper middle income,21.4361,42.0024
4584,MK,North Macedonia,Mobile cellular subscriptions (per 100 people),2021,104.875134243923,Europe & Central Asia,Upper middle income,21.4361,42.0024
4585,MK,North Macedonia,Mobile cellular subscriptions (per 100 people),2020,99.4723867063031,Europe & Central Asia,Upper middle income,21.4361,42.0024
4586,MK,North Macedonia,Mobile cellular subscriptions (per 100 people),2019,101.231634434543,Europe & Central Asia,Upper middle income,21.4361,42.0024
4587,MK,North Macedonia,Mobile cellular subscriptions (per 100 people),2018,102.572291491295,Europe & Central Asia,Upper middle income,21.4361,42.0024
4588,MK,North Macedonia,Mobile cellular subscriptions (per 100 people),2017,103.458690624197,Europe & Central Asia,Upper middle income,21.4361,42.0024
4589,MK,North Macedonia,Mobile cellular subscriptions (per 100 people),2016,104.549883518699,Europe & Central Asia,Upper middle income,21.4361,42.0024
4590,MP,Northern Mariana Islands,Mobile cellular subscriptions (per 100 people),2025,,East Asia & Pacific,High income,145.765,15.1935
4591,MP,Northern Mariana Islands,Mobile cellular subscriptions (per 100 people),2024,,East Asia & Pacific,High income,145.765,15.1935
4592,MP,Northern Mariana Islands,Mobile cellular subscriptions (per 100 people),2023,,East Asia & Pacific,High income,145.765,15.1935
4593,MP,Northern Mariana Islands,Mobile cellular subscriptions (per 100 people),2022,,East Asia & Pacific,High income,145.765,15.1935
4594,MP,Northern Mariana Islands,Mobile cellular subscriptions (per 100 people),2021,,East Asia & Pacific,High income,145.765,15.1935
4595,MP,Northern Mariana Islands,Mobile cellular subscriptions (per 100 people),2020,,East Asia & Pacific,High income,145.765,15.1935
4596,MP,Northern Mariana Islands,Mobile cellular subscriptions (per 100 people),2019,,East Asia & Pacific,High income,145.765,15.1935
4597,MP,Northern Mariana Islands,Mobile cellular subscriptions (per 100 people),2018,,East Asia & Pacific,High income,145.765,15.1935
4598,MP,Northern Mariana Islands,Mobile cellular subscriptions (per 100 people),2017,,East Asia & Pacific,High income,145.765,15.1935
4599,MP,Northern Mariana Islands,Mobile cellular subscriptions (per 100 people),2016,,East Asia & Pacific,High income,145.765,15.1935
4600,NO,Norway,Mobile cellular subscriptions (per 100 people),2025,,Europe & Central Asia,High income,10.7387,59.9138
4601,NO,Norway,Mobile cellular subscriptions (per 100 people),2024,109.348606513576,Europe & Central Asia,High income,10.7387,59.9138
4602,NO,Norway,Mobile cellular subscriptions (per 100 people),2023,109.654228618195,Europe & Central Asia,High income,10.7387,59.9138
4603,NO,Norway,Mobile cellular subscriptions (per 100 people),2022,111.657196221742,Europe & Central Asia,High income,10.7387,59.9138
4604,NO,Norway,Mobile cellular subscriptions (per 100 people),2021,109.585637519783,Europe & Central Asia,High income,10.7387,59.9138
4605,NO,Norway,Mobile cellular subscriptions (per 100 people),2020,108.296844518424,Europe & Central Asia,High income,10.7387,59.9138
4606,NO,Norway,Mobile cellular subscriptions (per 100 people),2019,108.00526578567,Europe & Central Asia,High income,10.7387,59.9138
4607,NO,Norway,Mobile cellular subscriptions (per 100 people),2018,107.702543341632,Europe & Central Asia,High income,10.7387,59.9138
4608,NO,Norway,Mobile cellular subscriptions (per 100 people),2017,108.392640087689,Europe & Central Asia,High income,10.7387,59.9138
4609,NO,Norway,Mobile cellular subscriptions (per 100 people),2016,109.426806771527,Europe & Central Asia,High income,10.7387,59.9138
4610,OM,Oman,Mobile cellular subscriptions (per 100 people),2025,,"Middle East, North Africa, Afghanistan & Pakistan",High income,58.5874,23.6105
4611,OM,Oman,Mobile cellular subscriptions (per 100 people),2024,120.61105087402,"Middle East, North Africa, Afghanistan & Pakistan",High income,58.5874,23.6105
4612,OM,Oman,Mobile cellular subscriptions (per 100 people),2023,122.291457994634,"Middle East, North Africa, Afghanistan & Pakistan",High income,58.5874,23.6105
4613,OM,Oman,Mobile cellular subscriptions (per 100 people),2022,136.800571561762,"Middle East, North Africa, Afghanistan & Pakistan",High income,58.5874,23.6105
4614,OM,Oman,Mobile cellular subscriptions (per 100 people),2021,135.076972756826,"Middle East, North Africa, Afghanistan & Pakistan",High income,58.5874,23.6105
4615,OM,Oman,Mobile cellular subscriptions (per 100 people),2020,140.378600753095,"Middle East, North Africa, Afghanistan & Pakistan",High income,58.5874,23.6105
4616,OM,Oman,Mobile cellular subscriptions (per 100 people),2019,138.232111508042,"Middle East, North Africa, Afghanistan & Pakistan",High income,58.5874,23.6105
4617,OM,Oman,Mobile cellular subscriptions (per 100 people),2018,139.96741643208,"Middle East, North Africa, Afghanistan & Pakistan",High income,58.5874,23.6105
4618,OM,Oman,Mobile cellular subscriptions (per 100 people),2017,148.821627766224,"Middle East, North Africa, Afghanistan & Pakistan",High income,58.5874,23.6105
4619,OM,Oman,Mobile cellular subscriptions (per 100 people),2016,153.291455497041,"Middle East, North Africa, Afghanistan & Pakistan",High income,58.5874,23.6105
4620,PK,Pakistan,Mobile cellular subscriptions (per 100 people),2025,,"Middle East, North Africa, Afghanistan & Pakistan",Lower middle income,72.8,30.5167
4621,PK,Pakistan,Mobile cellular subscriptions (per 100 people),2024,76.8544559649986,"Middle East, North Africa, Afghanistan & Pakistan",Lower middle income,72.8,30.5167
4622,PK,Pakistan,Mobile cellular subscriptions (per 100 people),2023,76.5397606213172,"Middle East, North Africa, Afghanistan & Pakistan",Lower middle income,72.8,30.5167
4623,PK,Pakistan,Mobile cellular subscriptions (per 100 people),2022,79.1050539061512,"Middle East, North Africa, Afghanistan & Pakistan",Lower middle income,72.8,30.5167
4624,PK,Pakistan,Mobile cellular subscriptions (per 100 people),2021,78.8012296805749,"Middle East, North Africa, Afghanistan & Pakistan",Lower middle income,72.8,30.5167
4625,PK,Pakistan,Mobile cellular subscriptions (per 100 people),2020,74.7332166629945,"Middle East, North Africa, Afghanistan & Pakistan",Lower middle income,72.8,30.5167
4626,PK,Pakistan,Mobile cellular subscriptions (per 100 people),2019,71.6660323753765,"Middle East, North Africa, Afghanistan & Pakistan",Lower middle income,72.8,30.5167
4627,PK,Pakistan,Mobile cellular subscriptions (per 100 people),2018,67.8567658982797,"Middle East, North Africa, Afghanistan & Pakistan",Lower middle income,72.8,30.5167
4628,PK,Pakistan,Mobile cellular subscriptions (per 100 people),2017,64.7301783284032,"Middle East, North Africa, Afghanistan & Pakistan",Lower middle income,72.8,30.5167
4629,PK,Pakistan,Mobile cellular subscriptions (per 100 people),2016,62.0013242640944,"Middle East, North Africa, Afghanistan & Pakistan",Lower middle income,72.8,30.5167
4630,PW,Palau,Mobile cellular subscriptions (per 100 people),2025,,East Asia & Pacific,High income,134.479,7.34194
4631,PW,Palau,Mobile cellular subscriptions (per 100 people),2024,,East Asia & Pacific,High income,134.479,7.34194
4632,PW,Palau,Mobile cellular subscriptions (per 100 people),2023,135.386698256896,East Asia & Pacific,High income,134.479,7.34194
4633,PW,Palau,Mobile cellular subscriptions (per 100 people),2022,135.142744523903,East Asia & Pacific,High income,134.479,7.34194
4634,PW,Palau,Mobile cellular subscriptions (per 100 people),2021,134.960355395603,East Asia & Pacific,High income,134.479,7.34194
4635,PW,Palau,Mobile cellular subscriptions (per 100 people),2020,134.892086330935,East Asia & Pacific,High income,134.479,7.34194
4636,PW,Palau,Mobile cellular subscriptions (per 100 people),2019,134.846611978874,East Asia & Pacific,High income,134.479,7.34194
4637,PW,Palau,Mobile cellular subscriptions (per 100 people),2018,,East Asia & Pacific,High income,134.479,7.34194
4638,PW,Palau,Mobile cellular subscriptions (per 100 people),2017,,East Asia & Pacific,High income,134.479,7.34194
4639,PW,Palau,Mobile cellular subscriptions (per 100 people),2016,,East Asia & Pacific,High income,134.479,7.34194
4640,PA,Panama,Mobile cellular subscriptions (per 100 people),2025,,Latin America & Caribbean ,High income,-79.5188,8.99427
4641,PA,Panama,Mobile cellular subscriptions (per 100 people),2024,,Latin America & Caribbean ,High income,-79.5188,8.99427
4642,PA,Panama,Mobile cellular subscriptions (per 100 people),2023,156.586507591014,Latin America & Caribbean ,High income,-79.5188,8.99427
4643,PA,Panama,Mobile cellular subscriptions (per 100 people),2022,152.062171804817,Latin America & Caribbean ,High income,-79.5188,8.99427
4644,PA,Panama,Mobile cellular subscriptions (per 100 people),2021,147.899862038176,Latin America & Caribbean ,High income,-79.5188,8.99427
4645,PA,Panama,Mobile cellular subscriptions (per 100 people),2020,142.283080390407,Latin America & Caribbean ,High income,-79.5188,8.99427
4646,PA,Panama,Mobile cellular subscriptions (per 100 people),2019,137.570004959029,Latin America & Caribbean ,High income,-79.5188,8.99427
4647,PA,Panama,Mobile cellular subscriptions (per 100 people),2018,137.297557979395,Latin America & Caribbean ,High income,-79.5188,8.99427
4648,PA,Panama,Mobile cellular subscriptions (per 100 people),2017,128.825871183278,Latin America & Caribbean ,High income,-79.5188,8.99427
4649,PA,Panama,Mobile cellular subscriptions (per 100 people),2016,127.61623852159,Latin America & Caribbean ,High income,-79.5188,8.99427
4650,PG,Papua New Guinea,Mobile cellular subscriptions (per 100 people),2025,,East Asia & Pacific,Lower middle income,147.194,-9.47357
4651,PG,Papua New Guinea,Mobile cellular subscriptions (per 100 people),2024,38.7651796406789,East Asia & Pacific,Lower middle income,147.194,-9.47357
4652,PG,Papua New Guinea,Mobile cellular subscriptions (per 100 people),2023,34.0588961979896,East Asia & Pacific,Lower middle income,147.194,-9.47357
4653,PG,Papua New Guinea,Mobile cellular subscriptions (per 100 people),2022,49.1906681149749,East Asia & Pacific,Lower middle income,147.194,-9.47357
4654,PG,Papua New Guinea,Mobile cellular subscriptions (per 100 people),2021,48.1179470954257,East Asia & Pacific,Lower middle income,147.194,-9.47357
4655,PG,Papua New Guinea,Mobile cellular subscriptions (per 100 people),2020,49.0843996981992,East Asia & Pacific,Lower middle income,147.194,-9.47357
4656,PG,Papua New Guinea,Mobile cellular subscriptions (per 100 people),2019,47.1952885885227,East Asia & Pacific,Lower middle income,147.194,-9.47357
4657,PG,Papua New Guinea,Mobile cellular subscriptions (per 100 people),2018,45.7713986877234,East Asia & Pacific,Lower middle income,147.194,-9.47357
4658,PG,Papua New Guinea,Mobile cellular subscriptions (per 100 people),2017,43.775195523033,East Asia & Pacific,Lower middle income,147.194,-9.47357
4659,PG,Papua New Guinea,Mobile cellular subscriptions (per 100 people),2016,42.2017296237172,East Asia & Pacific,Lower middle income,147.194,-9.47357
4660,PY,Paraguay,Mobile cellular subscriptions (per 100 people),2025,,Latin America & Caribbean ,Upper middle income,-57.6362,-25.3005
4661,PY,Paraguay,Mobile cellular subscriptions (per 100 people),2024,,Latin America & Caribbean ,Upper middle income,-57.6362,-25.3005
4662,PY,Paraguay,Mobile cellular subscriptions (per 100 people),2023,126.605481531224,Latin America & Caribbean ,Upper middle income,-57.6362,-25.3005
4663,PY,Paraguay,Mobile cellular subscriptions (per 100 people),2022,128.088057269442,Latin America & Caribbean ,Upper middle income,-57.6362,-25.3005
4664,PY,Paraguay,Mobile cellular subscriptions (per 100 people),2021,119.312639901188,Latin America & Caribbean ,Upper middle income,-57.6362,-25.3005
4665,PY,Paraguay,Mobile cellular subscriptions (per 100 people),2020,119.099952314893,Latin America & Caribbean ,Upper middle income,-57.6362,-25.3005
4666,PY,Paraguay,Mobile cellular subscriptions (per 100 people),2019,119.137051427631,Latin America & Caribbean ,Upper middle income,-57.6362,-25.3005
4667,PY,Paraguay,Mobile cellular subscriptions (per 100 people),2018,115.749958536773,Latin America & Caribbean ,Upper middle income,-57.6362,-25.3005
4668,PY,Paraguay,Mobile cellular subscriptions (per 100 people),2017,117.821037884979,Latin America & Caribbean ,Upper middle income,-57.6362,-25.3005
4669,PY,Paraguay,Mobile cellular subscriptions (per 100 people),2016,119.848343592368,Latin America & Caribbean ,Upper middle income,-57.6362,-25.3005
4670,PE,Peru,Mobile cellular subscriptions (per 100 people),2025,,Latin America & Caribbean ,Upper middle income,-77.0465,-12.0931
4671,PE,Peru,Mobile cellular subscriptions (per 100 people),2024,124.623544414599,Latin America & Caribbean ,Upper middle income,-77.0465,-12.0931
4672,PE,Peru,Mobile cellular subscriptions (per 100 people),2023,121.975084691173,Latin America & Caribbean ,Upper middle income,-77.0465,-12.0931
4673,PE,Peru,Mobile cellular subscriptions (per 100 people),2022,124.119322949561,Latin America & Caribbean ,Upper middle income,-77.0465,-12.0931
4674,PE,Peru,Mobile cellular subscriptions (per 100 people),2021,129.993736857913,Latin America & Caribbean ,Upper middle income,-77.0465,-12.0931
4675,PE,Peru,Mobile cellular subscriptions (per 100 people),2020,119.854099046125,Latin America & Caribbean ,Upper middle income,-77.0465,-12.0931
4676,PE,Peru,Mobile cellular subscriptions (per 100 people),2019,122.790350843591,Latin America & Caribbean ,Upper middle income,-77.0465,-12.0931
4677,PE,Peru,Mobile cellular subscriptions (per 100 people),2018,132.156626658621,Latin America & Caribbean ,Upper middle income,-77.0465,-12.0931
4678,PE,Peru,Mobile cellular subscriptions (per 100 people),2017,124.232520236388,Latin America & Caribbean ,Upper middle income,-77.0465,-12.0931
4679,PE,Peru,Mobile cellular subscriptions (per 100 people),2016,119.654538672257,Latin America & Caribbean ,Upper middle income,-77.0465,-12.0931
4680,PH,Philippines,Mobile cellular subscriptions (per 100 people),2025,,East Asia & Pacific,Upper middle income,121.035,14.5515
4681,PH,Philippines,Mobile cellular subscriptions (per 100 people),2024,115.298749599352,East Asia & Pacific,Upper middle income,121.035,14.5515
4682,PH,Philippines,Mobile cellular subscriptions (per 100 people),2023,117.275521687262,East Asia & Pacific,Upper middle income,121.035,14.5515
4683,PH,Philippines,Mobile cellular subscriptions (per 100 people),2022,147.428926406785,East Asia & Pacific,Upper middle income,121.035,14.5515
4684,PH,Philippines,Mobile cellular subscriptions (per 100 people),2021,144.424289981649,East Asia & Pacific,Upper middle income,121.035,14.5515
4685,PH,Philippines,Mobile cellular subscriptions (per 100 people),2020,133.45620905917,East Asia & Pacific,Upper middle income,121.035,14.5515
4686,PH,Philippines,Mobile cellular subscriptions (per 100 people),2019,151.006642923206,East Asia & Pacific,Upper middle income,121.035,14.5515
4687,PH,Philippines,Mobile cellular subscriptions (per 100 people),2018,122.960456861544,East Asia & Pacific,Upper middle income,121.035,14.5515
4688,PH,Philippines,Mobile cellular subscriptions (per 100 people),2017,110.962137119646,East Asia & Pacific,Upper middle income,121.035,14.5515
4689,PH,Philippines,Mobile cellular subscriptions (per 100 people),2016,112.517998777897,East Asia & Pacific,Upper middle income,121.035,14.5515
4690,PL,Poland,Mobile cellular subscriptions (per 100 people),2025,,Europe & Central Asia,High income,21.02,52.26
4691,PL,Poland,Mobile cellular subscriptions (per 100 people),2024,138.016156588197,Europe & Central Asia,High income,21.02,52.26
4692,PL,Poland,Mobile cellular subscriptions (per 100 people),2023,135.146301442691,Europe & Central Asia,High income,21.02,52.26
4693,PL,Poland,Mobile cellular subscriptions (per 100 people),2022,137.002148115476,Europe & Central Asia,High income,21.02,52.26
4694,PL,Poland,Mobile cellular subscriptions (per 100 people),2021,132.987203939653,Europe & Central Asia,High income,21.02,52.26
4695,PL,Poland,Mobile cellular subscriptions (per 100 people),2020,129.288487295019,Europe & Central Asia,High income,21.02,52.26
4696,PL,Poland,Mobile cellular subscriptions (per 100 people),2019,126.597314882311,Europe & Central Asia,High income,21.02,52.26
4697,PL,Poland,Mobile cellular subscriptions (per 100 people),2018,126.266191655563,Europe & Central Asia,High income,21.02,52.26
4698,PL,Poland,Mobile cellular subscriptions (per 100 people),2017,131.901471911132,Europe & Central Asia,High income,21.02,52.26
4699,PL,Poland,Mobile cellular subscriptions (per 100 people),2016,138.518696718641,Europe & Central Asia,High income,21.02,52.26
4700,PT,Portugal,Mobile cellular subscriptions (per 100 people),2025,,Europe & Central Asia,High income,-9.13552,38.7072
4701,PT,Portugal,Mobile cellular subscriptions (per 100 people),2024,124.129981203404,Europe & Central Asia,High income,-9.13552,38.7072
4702,PT,Portugal,Mobile cellular subscriptions (per 100 people),2023,123.001507659381,Europe & Central Asia,High income,-9.13552,38.7072
4703,PT,Portugal,Mobile cellular subscriptions (per 100 people),2022,122.80130896654,Europe & Central Asia,High income,-9.13552,38.7072
4704,PT,Portugal,Mobile cellular subscriptions (per 100 people),2021,119.768700781718,Europe & Central Asia,High income,-9.13552,38.7072
4705,PT,Portugal,Mobile cellular subscriptions (per 100 people),2020,114.276382888841,Europe & Central Asia,High income,-9.13552,38.7072
4706,PT,Portugal,Mobile cellular subscriptions (per 100 people),2019,115.145564535894,Europe & Central Asia,High income,-9.13552,38.7072
4707,PT,Portugal,Mobile cellular subscriptions (per 100 people),2018,114.858523480989,Europe & Central Asia,High income,-9.13552,38.7072
4708,PT,Portugal,Mobile cellular subscriptions (per 100 people),2017,113.873619619075,Europe & Central Asia,High income,-9.13552,38.7072
4709,PT,Portugal,Mobile cellular subscriptions (per 100 people),2016,111.846790353179,Europe & Central Asia,High income,-9.13552,38.7072
4710,PR,Puerto Rico (US),Mobile cellular subscriptions (per 100 people),2025,,Latin America & Caribbean ,High income,-66,18.23
4711,PR,Puerto Rico (US),Mobile cellular subscriptions (per 100 people),2024,126.426375391555,Latin America & Caribbean ,High income,-66,18.23
4712,PR,Puerto Rico (US),Mobile cellular subscriptions (per 100 people),2023,124.513459651582,Latin America & Caribbean ,High income,-66,18.23
4713,PR,Puerto Rico (US),Mobile cellular subscriptions (per 100 people),2022,120.215904630962,Latin America & Caribbean ,High income,-66,18.23
4714,PR,Puerto Rico (US),Mobile cellular subscriptions (per 100 people),2021,112.540413929626,Latin America & Caribbean ,High income,-66,18.23
4715,PR,Puerto Rico (US),Mobile cellular subscriptions (per 100 people),2020,106.682174305247,Latin America & Caribbean ,High income,-66,18.23
4716,PR,Puerto Rico (US),Mobile cellular subscriptions (per 100 people),2019,102.552928381388,Latin America & Caribbean ,High income,-66,18.23
4717,PR,Puerto Rico (US),Mobile cellular subscriptions (per 100 people),2018,101.222406345401,Latin America & Caribbean ,High income,-66,18.23
4718,PR,Puerto Rico (US),Mobile cellular subscriptions (per 100 people),2017,100.519829625899,Latin America & Caribbean ,High income,-66,18.23
4719,PR,Puerto Rico (US),Mobile cellular subscriptions (per 100 people),2016,93.5606592389891,Latin America & Caribbean ,High income,-66,18.23
4720,QA,Qatar,Mobile cellular subscriptions (per 100 people),2025,,"Middle East, North Africa, Afghanistan & Pakistan",High income,51.5082,25.2948
4721,QA,Qatar,Mobile cellular subscriptions (per 100 people),2024,153.612474384296,"Middle East, North Africa, Afghanistan & Pakistan",High income,51.5082,25.2948
4722,QA,Qatar,Mobile cellular subscriptions (per 100 people),2023,157.82063065065,"Middle East, North Africa, Afghanistan & Pakistan",High income,51.5082,25.2948
4723,QA,Qatar,Mobile cellular subscriptions (per 100 people),2022,162.248539735277,"Middle East, North Africa, Afghanistan & Pakistan",High income,51.5082,25.2948
4724,QA,Qatar,Mobile cellular subscriptions (per 100 people),2021,137.709548409191,"Middle East, North Africa, Afghanistan & Pakistan",High income,51.5082,25.2948
4725,QA,Qatar,Mobile cellular subscriptions (per 100 people),2020,135.497890935034,"Middle East, North Africa, Afghanistan & Pakistan",High income,51.5082,25.2948
4726,QA,Qatar,Mobile cellular subscriptions (per 100 people),2019,140.01721278049,"Middle East, North Africa, Afghanistan & Pakistan",High income,51.5082,25.2948
4727,QA,Qatar,Mobile cellular subscriptions (per 100 people),2018,142.911085340776,"Middle East, North Africa, Afghanistan & Pakistan",High income,51.5082,25.2948
4728,QA,Qatar,Mobile cellular subscriptions (per 100 people),2017,147.358360281803,"Middle East, North Africa, Afghanistan & Pakistan",High income,51.5082,25.2948
4729,QA,Qatar,Mobile cellular subscriptions (per 100 people),2016,140.517748133011,"Middle East, North Africa, Afghanistan & Pakistan",High income,51.5082,25.2948
4730,RO,Romania,Mobile cellular subscriptions (per 100 people),2025,,Europe & Central Asia,High income,26.0979,44.4479
4731,RO,Romania,Mobile cellular subscriptions (per 100 people),2024,119.804862328273,Europe & Central Asia,High income,26.0979,44.4479
4732,RO,Romania,Mobile cellular subscriptions (per 100 people),2023,123.252482585042,Europe & Central Asia,High income,26.0979,44.4479
4733,RO,Romania,Mobile cellular subscriptions (per 100 people),2022,121.14194294167,Europe & Central Asia,High income,26.0979,44.4479
4734,RO,Romania,Mobile cellular subscriptions (per 100 people),2021,119.123068432356,Europe & Central Asia,High income,26.0979,44.4479
4735,RO,Romania,Mobile cellular subscriptions (per 100 people),2020,116.478206049988,Europe & Central Asia,High income,26.0979,44.4479
4736,RO,Romania,Mobile cellular subscriptions (per 100 people),2019,116.252345583749,Europe & Central Asia,High income,26.0979,44.4479
4737,RO,Romania,Mobile cellular subscriptions (per 100 people),2018,115.492130982384,Europe & Central Asia,High income,26.0979,44.4479
4738,RO,Romania,Mobile cellular subscriptions (per 100 people),2017,113.76679260075,Europe & Central Asia,High income,26.0979,44.4479
4739,RO,Romania,Mobile cellular subscriptions (per 100 people),2016,115.790771839543,Europe & Central Asia,High income,26.0979,44.4479
4740,RU,Russian Federation,Mobile cellular subscriptions (per 100 people),2025,,Europe & Central Asia,High income,37.6176,55.7558
4741,RU,Russian Federation,Mobile cellular subscriptions (per 100 people),2024,186.103787309059,Europe & Central Asia,High income,37.6176,55.7558
4742,RU,Russian Federation,Mobile cellular subscriptions (per 100 people),2023,180.841776534047,Europe & Central Asia,High income,37.6176,55.7558
4743,RU,Russian Federation,Mobile cellular subscriptions (per 100 people),2022,168.475831268436,Europe & Central Asia,High income,37.6176,55.7558
4744,RU,Russian Federation,Mobile cellular subscriptions (per 100 people),2021,169.07261384221,Europe & Central Asia,High income,37.6176,55.7558
4745,RU,Russian Federation,Mobile cellular subscriptions (per 100 people),2020,163.101112466044,Europe & Central Asia,High income,37.6176,55.7558
4746,RU,Russian Federation,Mobile cellular subscriptions (per 100 people),2019,163.646302441755,Europe & Central Asia,High income,37.6176,55.7558
4747,RU,Russian Federation,Mobile cellular subscriptions (per 100 people),2018,156.682905991229,Europe & Central Asia,High income,37.6176,55.7558
4748,RU,Russian Federation,Mobile cellular subscriptions (per 100 people),2017,155.485765168167,Europe & Central Asia,High income,37.6176,55.7558
4749,RU,Russian Federation,Mobile cellular subscriptions (per 100 people),2016,157.173982310184,Europe & Central Asia,High income,37.6176,55.7558
4750,RW,Rwanda,Mobile cellular subscriptions (per 100 people),2025,,Sub-Saharan Africa ,Low income,30.0587,-1.95325
4751,RW,Rwanda,Mobile cellular subscriptions (per 100 people),2024,93.201462876722,Sub-Saharan Africa ,Low income,30.0587,-1.95325
4752,RW,Rwanda,Mobile cellular subscriptions (per 100 people),2023,91.4622704078141,Sub-Saharan Africa ,Low income,30.0587,-1.95325
4753,RW,Rwanda,Mobile cellular subscriptions (per 100 people),2022,80.5952224850433,Sub-Saharan Africa ,Low income,30.0587,-1.95325
4754,RW,Rwanda,Mobile cellular subscriptions (per 100 people),2021,81.6381635400584,Sub-Saharan Africa ,Low income,30.0587,-1.95325
4755,RW,Rwanda,Mobile cellular subscriptions (per 100 people),2020,81.2378724761376,Sub-Saharan Africa ,Low income,30.0587,-1.95325
4756,RW,Rwanda,Mobile cellular subscriptions (per 100 people),2019,75.5985451901883,Sub-Saharan Africa ,Low income,30.0587,-1.95325
4757,RW,Rwanda,Mobile cellular subscriptions (per 100 people),2018,77.679469147812,Sub-Saharan Africa ,Low income,30.0587,-1.95325
4758,RW,Rwanda,Mobile cellular subscriptions (per 100 people),2017,72.2764598764471,Sub-Saharan Africa ,Low income,30.0587,-1.95325
4759,RW,Rwanda,Mobile cellular subscriptions (per 100 people),2016,74.8502057565523,Sub-Saharan Africa ,Low income,30.0587,-1.95325
4760,WS,Samoa,Mobile cellular subscriptions (per 100 people),2025,,East Asia & Pacific,Upper middle income,-171.752,-13.8314
4761,WS,Samoa,Mobile cellular subscriptions (per 100 people),2024,,East Asia & Pacific,Upper middle income,-171.752,-13.8314
4762,WS,Samoa,Mobile cellular subscriptions (per 100 people),2023,,East Asia & Pacific,Upper middle income,-171.752,-13.8314
4763,WS,Samoa,Mobile cellular subscriptions (per 100 people),2022,62.398669522115,East Asia & Pacific,Upper middle income,-171.752,-13.8314
4764,WS,Samoa,Mobile cellular subscriptions (per 100 people),2021,32.2763227445165,East Asia & Pacific,Upper middle income,-171.752,-13.8314
4765,WS,Samoa,Mobile cellular subscriptions (per 100 people),2020,32.5557694485336,East Asia & Pacific,Upper middle income,-171.752,-13.8314
4766,WS,Samoa,Mobile cellular subscriptions (per 100 people),2019,40.0419487081705,East Asia & Pacific,Upper middle income,-171.752,-13.8314
4767,WS,Samoa,Mobile cellular subscriptions (per 100 people),2018,48.1737337534083,East Asia & Pacific,Upper middle income,-171.752,-13.8314
4768,WS,Samoa,Mobile cellular subscriptions (per 100 people),2017,60.4683202297787,East Asia & Pacific,Upper middle income,-171.752,-13.8314
4769,WS,Samoa,Mobile cellular subscriptions (per 100 people),2016,74.2057700529241,East Asia & Pacific,Upper middle income,-171.752,-13.8314
4770,SM,San Marino,Mobile cellular subscriptions (per 100 people),2025,,Europe & Central Asia,High income,12.4486,43.9322
4771,SM,San Marino,Mobile cellular subscriptions (per 100 people),2024,,Europe & Central Asia,High income,12.4486,43.9322
4772,SM,San Marino,Mobile cellular subscriptions (per 100 people),2023,,Europe & Central Asia,High income,12.4486,43.9322
4773,SM,San Marino,Mobile cellular subscriptions (per 100 people),2022,120.269873863303,Europe & Central Asia,High income,12.4486,43.9322
4774,SM,San Marino,Mobile cellular subscriptions (per 100 people),2021,115.700566932778,Europe & Central Asia,High income,12.4486,43.9322
4775,SM,San Marino,Mobile cellular subscriptions (per 100 people),2020,112.168886076677,Europe & Central Asia,High income,12.4486,43.9322
4776,SM,San Marino,Mobile cellular subscriptions (per 100 people),2019,111.822930193634,Europe & Central Asia,High income,12.4486,43.9322
4777,SM,San Marino,Mobile cellular subscriptions (per 100 people),2018,111.500477859191,Europe & Central Asia,High income,12.4486,43.9322
4778,SM,San Marino,Mobile cellular subscriptions (per 100 people),2017,110.535807784048,Europe & Central Asia,High income,12.4486,43.9322
4779,SM,San Marino,Mobile cellular subscriptions (per 100 people),2016,107.051901290946,Europe & Central Asia,High income,12.4486,43.9322
4780,ST,Sao Tome and Principe,Mobile cellular subscriptions (per 100 people),2025,,Sub-Saharan Africa ,Lower middle income,6.6071,0.20618
4781,ST,Sao Tome and Principe,Mobile cellular subscriptions (per 100 people),2024,62.4367400312479,Sub-Saharan Africa ,Lower middle income,6.6071,0.20618
4782,ST,Sao Tome and Principe,Mobile cellular subscriptions (per 100 people),2023,63.4540500972405,Sub-Saharan Africa ,Lower middle income,6.6071,0.20618
4783,ST,Sao Tome and Principe,Mobile cellular subscriptions (per 100 people),2022,86.7784626941517,Sub-Saharan Africa ,Lower middle income,6.6071,0.20618
4784,ST,Sao Tome and Principe,Mobile cellular subscriptions (per 100 people),2021,85.2577705092336,Sub-Saharan Africa ,Lower middle income,6.6071,0.20618
4785,ST,Sao Tome and Principe,Mobile cellular subscriptions (per 100 people),2020,80.1172764274381,Sub-Saharan Africa ,Lower middle income,6.6071,0.20618
4786,ST,Sao Tome and Principe,Mobile cellular subscriptions (per 100 people),2019,77.6791069955762,Sub-Saharan Africa ,Lower middle income,6.6071,0.20618
4787,ST,Sao Tome and Principe,Mobile cellular subscriptions (per 100 people),2018,77.3644421396185,Sub-Saharan Africa ,Lower middle income,6.6071,0.20618
4788,ST,Sao Tome and Principe,Mobile cellular subscriptions (per 100 people),2017,84.0522781079383,Sub-Saharan Africa ,Lower middle income,6.6071,0.20618
4789,ST,Sao Tome and Principe,Mobile cellular subscriptions (per 100 people),2016,87.4112004084658,Sub-Saharan Africa ,Lower middle income,6.6071,0.20618
4790,SA,Saudi Arabia,Mobile cellular subscriptions (per 100 people),2025,,"Middle East, North Africa, Afghanistan & Pakistan",High income,46.6977,24.6748
4791,SA,Saudi Arabia,Mobile cellular subscriptions (per 100 people),2024,159.541370566589,"Middle East, North Africa, Afghanistan & Pakistan",High income,46.6977,24.6748
4792,SA,Saudi Arabia,Mobile cellular subscriptions (per 100 people),2023,157.775388696083,"Middle East, North Africa, Afghanistan & Pakistan",High income,46.6977,24.6748
4793,SA,Saudi Arabia,Mobile cellular subscriptions (per 100 people),2022,149.79788255308,"Middle East, North Africa, Afghanistan & Pakistan",High income,46.6977,24.6748
4794,SA,Saudi Arabia,Mobile cellular subscriptions (per 100 people),2021,145.003757775499,"Middle East, North Africa, Afghanistan & Pakistan",High income,46.6977,24.6748
4795,SA,Saudi Arabia,Mobile cellular subscriptions (per 100 people),2020,139.444194606554,"Middle East, North Africa, Afghanistan & Pakistan",High income,46.6977,24.6748
4796,SA,Saudi Arabia,Mobile cellular subscriptions (per 100 people),2019,135.526154774497,"Middle East, North Africa, Afghanistan & Pakistan",High income,46.6977,24.6748
4797,SA,Saudi Arabia,Mobile cellular subscriptions (per 100 people),2018,136.046169550913,"Middle East, North Africa, Afghanistan & Pakistan",High income,46.6977,24.6748
4798,SA,Saudi Arabia,Mobile cellular subscriptions (per 100 people),2017,130.629718239662,"Middle East, North Africa, Afghanistan & Pakistan",High income,46.6977,24.6748
4799,SA,Saudi Arabia,Mobile cellular subscriptions (per 100 people),2016,156.041476006361,"Middle East, North Africa, Afghanistan & Pakistan",High income,46.6977,24.6748
4800,SN,Senegal,Mobile cellular subscriptions (per 100 people),2025,,Sub-Saharan Africa ,Lower middle income,-17.4734,14.7247
4801,SN,Senegal,Mobile cellular subscriptions (per 100 people),2024,123.894453697506,Sub-Saharan Africa ,Lower middle income,-17.4734,14.7247
4802,SN,Senegal,Mobile cellular subscriptions (per 100 people),2023,123.911572643075,Sub-Saharan Africa ,Lower middle income,-17.4734,14.7247
4803,SN,Senegal,Mobile cellular subscriptions (per 100 people),2022,118.150293497239,Sub-Saharan Africa ,Lower middle income,-17.4734,14.7247
4804,SN,Senegal,Mobile cellular subscriptions (per 100 people),2021,115.325093678501,Sub-Saharan Africa ,Lower middle income,-17.4734,14.7247
4805,SN,Senegal,Mobile cellular subscriptions (per 100 people),2020,113.638091206029,Sub-Saharan Africa ,Lower middle income,-17.4734,14.7247
4806,SN,Senegal,Mobile cellular subscriptions (per 100 people),2019,109.341890091569,Sub-Saharan Africa ,Lower middle income,-17.4734,14.7247
4807,SN,Senegal,Mobile cellular subscriptions (per 100 people),2018,104.055698143919,Sub-Saharan Africa ,Lower middle income,-17.4734,14.7247
4808,SN,Senegal,Mobile cellular subscriptions (per 100 people),2017,101.831108002442,Sub-Saharan Africa ,Lower middle income,-17.4734,14.7247
4809,SN,Senegal,Mobile cellular subscriptions (per 100 people),2016,101.010767153806,Sub-Saharan Africa ,Lower middle income,-17.4734,14.7247
4810,RS,Serbia,Mobile cellular subscriptions (per 100 people),2025,,Europe & Central Asia,Upper middle income,20.4656,44.8024
4811,RS,Serbia,Mobile cellular subscriptions (per 100 people),2024,123.822194984291,Europe & Central Asia,Upper middle income,20.4656,44.8024
4812,RS,Serbia,Mobile cellular subscriptions (per 100 people),2023,128.471147595832,Europe & Central Asia,Upper middle income,20.4656,44.8024
4813,RS,Serbia,Mobile cellular subscriptions (per 100 people),2022,129.813149647571,Europe & Central Asia,Upper middle income,20.4656,44.8024
4814,RS,Serbia,Mobile cellular subscriptions (per 100 people),2021,125.075587327252,Europe & Central Asia,Upper middle income,20.4656,44.8024
4815,RS,Serbia,Mobile cellular subscriptions (per 100 people),2020,120.216859464106,Europe & Central Asia,Upper middle income,20.4656,44.8024
4816,RS,Serbia,Mobile cellular subscriptions (per 100 people),2019,122.047741314232,Europe & Central Asia,Upper middle income,20.4656,44.8024
4817,RS,Serbia,Mobile cellular subscriptions (per 100 people),2018,121.074823902706,Europe & Central Asia,Upper middle income,20.4656,44.8024
4818,RS,Serbia,Mobile cellular subscriptions (per 100 people),2017,123.142754551775,Europe & Central Asia,Upper middle income,20.4656,44.8024
4819,RS,Serbia,Mobile cellular subscriptions (per 100 people),2016,129.17749484679,Europe & Central Asia,Upper middle income,20.4656,44.8024
4820,SC,Seychelles,Mobile cellular subscriptions (per 100 people),2025,,Sub-Saharan Africa ,High income,55.4466,-4.6309
4821,SC,Seychelles,Mobile cellular subscriptions (per 100 people),2024,125.616862703001,Sub-Saharan Africa ,High income,55.4466,-4.6309
4822,SC,Seychelles,Mobile cellular subscriptions (per 100 people),2023,129.24400747161,Sub-Saharan Africa ,High income,55.4466,-4.6309
4823,SC,Seychelles,Mobile cellular subscriptions (per 100 people),2022,163.429518331448,Sub-Saharan Africa ,High income,55.4466,-4.6309
4824,SC,Seychelles,Mobile cellular subscriptions (per 100 people),2021,149.479213250181,Sub-Saharan Africa ,High income,55.4466,-4.6309
4825,SC,Seychelles,Mobile cellular subscriptions (per 100 people),2020,152.5450781854,Sub-Saharan Africa ,High income,55.4466,-4.6309
4826,SC,Seychelles,Mobile cellular subscriptions (per 100 people),2019,164.617084572886,Sub-Saharan Africa ,High income,55.4466,-4.6309
4827,SC,Seychelles,Mobile cellular subscriptions (per 100 people),2018,155.551112656467,Sub-Saharan Africa ,High income,55.4466,-4.6309
4828,SC,Seychelles,Mobile cellular subscriptions (per 100 people),2017,148.791660366282,Sub-Saharan Africa ,High income,55.4466,-4.6309
4829,SC,Seychelles,Mobile cellular subscriptions (per 100 people),2016,138.276832299833,Sub-Saharan Africa ,High income,55.4466,-4.6309
4830,SL,Sierra Leone,Mobile cellular subscriptions (per 100 people),2025,,Sub-Saharan Africa ,Low income,-13.2134,8.4821
4831,SL,Sierra Leone,Mobile cellular subscriptions (per 100 people),2024,,Sub-Saharan Africa ,Low income,-13.2134,8.4821
4832,SL,Sierra Leone,Mobile cellular subscriptions (per 100 people),2023,,Sub-Saharan Africa ,Low income,-13.2134,8.4821
4833,SL,Sierra Leone,Mobile cellular subscriptions (per 100 people),2022,107.882000873042,Sub-Saharan Africa ,Low income,-13.2134,8.4821
4834,SL,Sierra Leone,Mobile cellular subscriptions (per 100 people),2021,101.636782141976,Sub-Saharan Africa ,Low income,-13.2134,8.4821
4835,SL,Sierra Leone,Mobile cellular subscriptions (per 100 people),2020,87.0034823125467,Sub-Saharan Africa ,Low income,-13.2134,8.4821
4836,SL,Sierra Leone,Mobile cellular subscriptions (per 100 people),2019,87.0384355077496,Sub-Saharan Africa ,Low income,-13.2134,8.4821
4837,SL,Sierra Leone,Mobile cellular subscriptions (per 100 people),2018,84.1233437327877,Sub-Saharan Africa ,Low income,-13.2134,8.4821
4838,SL,Sierra Leone,Mobile cellular subscriptions (per 100 people),2017,89.7781754066341,Sub-Saharan Africa ,Low income,-13.2134,8.4821
4839,SL,Sierra Leone,Mobile cellular subscriptions (per 100 people),2016,87.1475941136892,Sub-Saharan Africa ,Low income,-13.2134,8.4821
4840,SG,Singapore,Mobile cellular subscriptions (per 100 people),2025,,East Asia & Pacific,High income,103.85,1.28941
4841,SG,Singapore,Mobile cellular subscriptions (per 100 people),2024,170.78256295407,East Asia & Pacific,High income,103.85,1.28941
4842,SG,Singapore,Mobile cellular subscriptions (per 100 people),2023,173.199932977376,East Asia & Pacific,High income,103.85,1.28941
4843,SG,Singapore,Mobile cellular subscriptions (per 100 people),2022,173.005291258141,East Asia & Pacific,High income,103.85,1.28941
4844,SG,Singapore,Mobile cellular subscriptions (per 100 people),2021,157.977675166643,East Asia & Pacific,High income,103.85,1.28941
4845,SG,Singapore,Mobile cellular subscriptions (per 100 people),2020,150.259334715266,East Asia & Pacific,High income,103.85,1.28941
4846,SG,Singapore,Mobile cellular subscriptions (per 100 people),2019,159.347378272364,East Asia & Pacific,High income,103.85,1.28941
4847,SG,Singapore,Mobile cellular subscriptions (per 100 people),2018,152.07381696158,East Asia & Pacific,High income,103.85,1.28941
4848,SG,Singapore,Mobile cellular subscriptions (per 100 people),2017,149.567868255938,East Asia & Pacific,High income,103.85,1.28941
4849,SG,Singapore,Mobile cellular subscriptions (per 100 people),2016,151.681717052742,East Asia & Pacific,High income,103.85,1.28941
4850,SX,Sint Maarten (Dutch part),Mobile cellular subscriptions (per 100 people),2025,,Latin America & Caribbean ,High income,,
4851,SX,Sint Maarten (Dutch part),Mobile cellular subscriptions (per 100 people),2024,,Latin America & Caribbean ,High income,,
4852,SX,Sint Maarten (Dutch part),Mobile cellular subscriptions (per 100 people),2023,,Latin America & Caribbean ,High income,,
4853,SX,Sint Maarten (Dutch part),Mobile cellular subscriptions (per 100 people),2022,205.372695128029,Latin America & Caribbean ,High income,,
4854,SX,Sint Maarten (Dutch part),Mobile cellular subscriptions (per 100 people),2021,,Latin America & Caribbean ,High income,,
4855,SX,Sint Maarten (Dutch part),Mobile cellular subscriptions (per 100 people),2020,,Latin America & Caribbean ,High income,,
4856,SX,Sint Maarten (Dutch part),Mobile cellular subscriptions (per 100 people),2019,,Latin America & Caribbean ,High income,,
4857,SX,Sint Maarten (Dutch part),Mobile cellular subscriptions (per 100 people),2018,,Latin America & Caribbean ,High income,,
4858,SX,Sint Maarten (Dutch part),Mobile cellular subscriptions (per 100 people),2017,,Latin America & Caribbean ,High income,,
4859,SX,Sint Maarten (Dutch part),Mobile cellular subscriptions (per 100 people),2016,,Latin America & Caribbean ,High income,,
4860,SK,Slovak Republic,Mobile cellular subscriptions (per 100 people),2025,,Europe & Central Asia,High income,17.1073,48.1484
4861,SK,Slovak Republic,Mobile cellular subscriptions (per 100 people),2024,139.967676092657,Europe & Central Asia,High income,17.1073,48.1484
4862,SK,Slovak Republic,Mobile cellular subscriptions (per 100 people),2023,138.232946210214,Europe & Central Asia,High income,17.1073,48.1484
4863,SK,Slovak Republic,Mobile cellular subscriptions (per 100 people),2022,136.029289645522,Europe & Central Asia,High income,17.1073,48.1484
4864,SK,Slovak Republic,Mobile cellular subscriptions (per 100 people),2021,135.268252737261,Europe & Central Asia,High income,17.1073,48.1484
4865,SK,Slovak Republic,Mobile cellular subscriptions (per 100 people),2020,133.632904273198,Europe & Central Asia,High income,17.1073,48.1484
4866,SK,Slovak Republic,Mobile cellular subscriptions (per 100 people),2019,135.755672834643,Europe & Central Asia,High income,17.1073,48.1484
4867,SK,Slovak Republic,Mobile cellular subscriptions (per 100 people),2018,133.040480361667,Europe & Central Asia,High income,17.1073,48.1484
4868,SK,Slovak Republic,Mobile cellular subscriptions (per 100 people),2017,130.944551759663,Europe & Central Asia,High income,17.1073,48.1484
4869,SK,Slovak Republic,Mobile cellular subscriptions (per 100 people),2016,128.792489910653,Europe & Central Asia,High income,17.1073,48.1484
4870,SI,Slovenia,Mobile cellular subscriptions (per 100 people),2025,,Europe & Central Asia,High income,14.5044,46.0546
4871,SI,Slovenia,Mobile cellular subscriptions (per 100 people),2024,130.86090177123,Europe & Central Asia,High income,14.5044,46.0546
4872,SI,Slovenia,Mobile cellular subscriptions (per 100 people),2023,129.227963043737,Europe & Central Asia,High income,14.5044,46.0546
4873,SI,Slovenia,Mobile cellular subscriptions (per 100 people),2022,126.45918075971,Europe & Central Asia,High income,14.5044,46.0546
4874,SI,Slovenia,Mobile cellular subscriptions (per 100 people),2021,123.362924143622,Europe & Central Asia,High income,14.5044,46.0546
4875,SI,Slovenia,Mobile cellular subscriptions (per 100 people),2020,121.331428226248,Europe & Central Asia,High income,14.5044,46.0546
4876,SI,Slovenia,Mobile cellular subscriptions (per 100 people),2019,120.568876746571,Europe & Central Asia,High income,14.5044,46.0546
4877,SI,Slovenia,Mobile cellular subscriptions (per 100 people),2018,119.153401263409,Europe & Central Asia,High income,14.5044,46.0546
4878,SI,Slovenia,Mobile cellular subscriptions (per 100 people),2017,118.461993493049,Europe & Central Asia,High income,14.5044,46.0546
4879,SI,Slovenia,Mobile cellular subscriptions (per 100 people),2016,115.736307790972,Europe & Central Asia,High income,14.5044,46.0546
4880,SB,Solomon Islands,Mobile cellular subscriptions (per 100 people),2025,,East Asia & Pacific,Lower middle income,159.949,-9.42676
4881,SB,Solomon Islands,Mobile cellular subscriptions (per 100 people),2024,,East Asia & Pacific,Lower middle income,159.949,-9.42676
4882,SB,Solomon Islands,Mobile cellular subscriptions (per 100 people),2023,,East Asia & Pacific,Lower middle income,159.949,-9.42676
4883,SB,Solomon Islands,Mobile cellular subscriptions (per 100 people),2022,62.0734995506142,East Asia & Pacific,Lower middle income,159.949,-9.42676
4884,SB,Solomon Islands,Mobile cellular subscriptions (per 100 people),2021,62.1565164026326,East Asia & Pacific,Lower middle income,159.949,-9.42676
4885,SB,Solomon Islands,Mobile cellular subscriptions (per 100 people),2020,63.6670615636308,East Asia & Pacific,Lower middle income,159.949,-9.42676
4886,SB,Solomon Islands,Mobile cellular subscriptions (per 100 people),2019,65.6620160489572,East Asia & Pacific,Lower middle income,159.949,-9.42676
4887,SB,Solomon Islands,Mobile cellular subscriptions (per 100 people),2018,67.9774813460988,East Asia & Pacific,Lower middle income,159.949,-9.42676
4888,SB,Solomon Islands,Mobile cellular subscriptions (per 100 people),2017,67.8649558389434,East Asia & Pacific,Lower middle income,159.949,-9.42676
4889,SB,Solomon Islands,Mobile cellular subscriptions (per 100 people),2016,62.8902788282841,East Asia & Pacific,Lower middle income,159.949,-9.42676
4890,SO,"Somalia, Fed. Rep.",Mobile cellular subscriptions (per 100 people),2025,,Sub-Saharan Africa ,Low income,45.3254,2.07515
4891,SO,"Somalia, Fed. Rep.",Mobile cellular subscriptions (per 100 people),2024,,Sub-Saharan Africa ,Low income,45.3254,2.07515
4892,SO,"Somalia, Fed. Rep.",Mobile cellular subscriptions (per 100 people),2023,53.9579646939598,Sub-Saharan Africa ,Low income,45.3254,2.07515
4893,SO,"Somalia, Fed. Rep.",Mobile cellular subscriptions (per 100 people),2022,49.6800986995936,Sub-Saharan Africa ,Low income,45.3254,2.07515
4894,SO,"Somalia, Fed. Rep.",Mobile cellular subscriptions (per 100 people),2021,51.2059481348129,Sub-Saharan Africa ,Low income,45.3254,2.07515
4895,SO,"Somalia, Fed. Rep.",Mobile cellular subscriptions (per 100 people),2020,53.1133178401473,Sub-Saharan Africa ,Low income,45.3254,2.07515
4896,SO,"Somalia, Fed. Rep.",Mobile cellular subscriptions (per 100 people),2019,51.3194116563494,Sub-Saharan Africa ,Low income,45.3254,2.07515
4897,SO,"Somalia, Fed. Rep.",Mobile cellular subscriptions (per 100 people),2018,49.5262671956948,Sub-Saharan Africa ,Low income,45.3254,2.07515
4898,SO,"Somalia, Fed. Rep.",Mobile cellular subscriptions (per 100 people),2017,47.725260177752,Sub-Saharan Africa ,Low income,45.3254,2.07515
4899,SO,"Somalia, Fed. Rep.",Mobile cellular subscriptions (per 100 people),2016,46.366719307758,Sub-Saharan Africa ,Low income,45.3254,2.07515
4900,ZA,South Africa,Mobile cellular subscriptions (per 100 people),2025,,Sub-Saharan Africa ,Upper middle income,28.1871,-25.746
4901,ZA,South Africa,Mobile cellular subscriptions (per 100 people),2024,179.336329840585,Sub-Saharan Africa ,Upper middle income,28.1871,-25.746
4902,ZA,South Africa,Mobile cellular subscriptions (per 100 people),2023,171.508619260428,Sub-Saharan Africa ,Upper middle income,28.1871,-25.746
4903,ZA,South Africa,Mobile cellular subscriptions (per 100 people),2022,160.728511675754,Sub-Saharan Africa ,Upper middle income,28.1871,-25.746
4904,ZA,South Africa,Mobile cellular subscriptions (per 100 people),2021,163.12806305125,Sub-Saharan Africa ,Upper middle income,28.1871,-25.746
4905,ZA,South Africa,Mobile cellular subscriptions (per 100 people),2020,158.447269436121,Sub-Saharan Africa ,Upper middle income,28.1871,-25.746
4906,ZA,South Africa,Mobile cellular subscriptions (per 100 people),2019,162.73854828041,Sub-Saharan Africa ,Upper middle income,28.1871,-25.746
4907,ZA,South Africa,Mobile cellular subscriptions (per 100 people),2018,157.691905248121,Sub-Saharan Africa ,Upper middle income,28.1871,-25.746
4908,ZA,South Africa,Mobile cellular subscriptions (per 100 people),2017,153.547950468153,Sub-Saharan Africa ,Upper middle income,28.1871,-25.746
4909,ZA,South Africa,Mobile cellular subscriptions (per 100 people),2016,143.92861725374,Sub-Saharan Africa ,Upper middle income,28.1871,-25.746
4910,SS,South Sudan,Mobile cellular subscriptions (per 100 people),2025,,Sub-Saharan Africa ,Low income,31.6,4.85
4911,SS,South Sudan,Mobile cellular subscriptions (per 100 people),2024,,Sub-Saharan Africa ,Low income,31.6,4.85
4912,SS,South Sudan,Mobile cellular subscriptions (per 100 people),2023,46.6152369503945,Sub-Saharan Africa ,Low income,31.6,4.85
4913,SS,South Sudan,Mobile cellular subscriptions (per 100 people),2022,48.4888320004297,Sub-Saharan Africa ,Low income,31.6,4.85
4914,SS,South Sudan,Mobile cellular subscriptions (per 100 people),2021,30.151042999214,Sub-Saharan Africa ,Low income,31.6,4.85
4915,SS,South Sudan,Mobile cellular subscriptions (per 100 people),2020,,Sub-Saharan Africa ,Low income,31.6,4.85
4916,SS,South Sudan,Mobile cellular subscriptions (per 100 people),2019,21.3171365460584,Sub-Saharan Africa ,Low income,31.6,4.85
4917,SS,South Sudan,Mobile cellular subscriptions (per 100 people),2018,18.9297575209348,Sub-Saharan Africa ,Low income,31.6,4.85
4918,SS,South Sudan,Mobile cellular subscriptions (per 100 people),2017,27.1848244017002,Sub-Saharan Africa ,Low income,31.6,4.85
4919,SS,South Sudan,Mobile cellular subscriptions (per 100 people),2016,24.930513119821,Sub-Saharan Africa ,Low income,31.6,4.85
4920,ES,Spain,Mobile cellular subscriptions (per 100 people),2025,,Europe & Central Asia,High income,-3.70327,40.4167
4921,ES,Spain,Mobile cellular subscriptions (per 100 people),2024,130.260997343256,Europe & Central Asia,High income,-3.70327,40.4167
4922,ES,Spain,Mobile cellular subscriptions (per 100 people),2023,127.715490236713,Europe & Central Asia,High income,-3.70327,40.4167
4923,ES,Spain,Mobile cellular subscriptions (per 100 people),2022,123.399528756795,Europe & Central Asia,High income,-3.70327,40.4167
4924,ES,Spain,Mobile cellular subscriptions (per 100 people),2021,118.999806936801,Europe & Central Asia,High income,-3.70327,40.4167
4925,ES,Spain,Mobile cellular subscriptions (per 100 people),2020,116.712041523767,Europe & Central Asia,High income,-3.70327,40.4167
4926,ES,Spain,Mobile cellular subscriptions (per 100 people),2019,116.69612128516,Europe & Central Asia,High income,-3.70327,40.4167
4927,ES,Spain,Mobile cellular subscriptions (per 100 people),2018,115.009066880916,Europe & Central Asia,High income,-3.70327,40.4167
4928,ES,Spain,Mobile cellular subscriptions (per 100 people),2017,112.030085134191,Europe & Central Asia,High income,-3.70327,40.4167
4929,ES,Spain,Mobile cellular subscriptions (per 100 people),2016,110.247061960011,Europe & Central Asia,High income,-3.70327,40.4167
4930,LK,Sri Lanka,Mobile cellular subscriptions (per 100 people),2025,,South Asia,Upper middle income,79.8528,6.92148
4931,LK,Sri Lanka,Mobile cellular subscriptions (per 100 people),2024,132.548743018664,South Asia,Upper middle income,79.8528,6.92148
4932,LK,Sri Lanka,Mobile cellular subscriptions (per 100 people),2023,142.277402587724,South Asia,Upper middle income,79.8528,6.92148
4933,LK,Sri Lanka,Mobile cellular subscriptions (per 100 people),2022,151.72675762805,South Asia,Upper middle income,79.8528,6.92148
4934,LK,Sri Lanka,Mobile cellular subscriptions (per 100 people),2021,135.522602889503,South Asia,Upper middle income,79.8528,6.92148
4935,LK,Sri Lanka,Mobile cellular subscriptions (per 100 people),2020,131.773421339878,South Asia,Upper middle income,79.8528,6.92148
4936,LK,Sri Lanka,Mobile cellular subscriptions (per 100 people),2019,126.514451763616,South Asia,Upper middle income,79.8528,6.92148
4937,LK,Sri Lanka,Mobile cellular subscriptions (per 100 people),2018,136.084228735946,South Asia,Upper middle income,79.8528,6.92148
4938,LK,Sri Lanka,Mobile cellular subscriptions (per 100 people),2017,127.669744935625,South Asia,Upper middle income,79.8528,6.92148
4939,LK,Sri Lanka,Mobile cellular subscriptions (per 100 people),2016,117.737517418373,South Asia,Upper middle income,79.8528,6.92148
4940,KN,St. Kitts and Nevis,Mobile cellular subscriptions (per 100 people),2025,,Latin America & Caribbean ,High income,-62.7309,17.3
4941,KN,St. Kitts and Nevis,Mobile cellular subscriptions (per 100 people),2024,,Latin America & Caribbean ,High income,-62.7309,17.3
4942,KN,St. Kitts and Nevis,Mobile cellular subscriptions (per 100 people),2023,118.893023653706,Latin America & Caribbean ,High income,-62.7309,17.3
4943,KN,St. Kitts and Nevis,Mobile cellular subscriptions (per 100 people),2022,116.923933289088,Latin America & Caribbean ,High income,-62.7309,17.3
4944,KN,St. Kitts and Nevis,Mobile cellular subscriptions (per 100 people),2021,121.256121292475,Latin America & Caribbean ,High income,-62.7309,17.3
4945,KN,St. Kitts and Nevis,Mobile cellular subscriptions (per 100 people),2020,133.400896095584,Latin America & Caribbean ,High income,-62.7309,17.3
4946,KN,St. Kitts and Nevis,Mobile cellular subscriptions (per 100 people),2019,138.916340092009,Latin America & Caribbean ,High income,-62.7309,17.3
4947,KN,St. Kitts and Nevis,Mobile cellular subscriptions (per 100 people),2018,152.301735874745,Latin America & Caribbean ,High income,-62.7309,17.3
4948,KN,St. Kitts and Nevis,Mobile cellular subscriptions (per 100 people),2017,163.396386822529,Latin America & Caribbean ,High income,-62.7309,17.3
4949,KN,St. Kitts and Nevis,Mobile cellular subscriptions (per 100 people),2016,162.682952734997,Latin America & Caribbean ,High income,-62.7309,17.3
4950,LC,St. Lucia,Mobile cellular subscriptions (per 100 people),2025,,Latin America & Caribbean ,Upper middle income,-60.9832,14
4951,LC,St. Lucia,Mobile cellular subscriptions (per 100 people),2024,,Latin America & Caribbean ,Upper middle income,-60.9832,14
4952,LC,St. Lucia,Mobile cellular subscriptions (per 100 people),2023,,Latin America & Caribbean ,Upper middle income,-60.9832,14
4953,LC,St. Lucia,Mobile cellular subscriptions (per 100 people),2022,98.6676436534083,Latin America & Caribbean ,Upper middle income,-60.9832,14
4954,LC,St. Lucia,Mobile cellular subscriptions (per 100 people),2021,96.2374385229832,Latin America & Caribbean ,Upper middle income,-60.9832,14
4955,LC,St. Lucia,Mobile cellular subscriptions (per 100 people),2020,81.8687237026648,Latin America & Caribbean ,Upper middle income,-60.9832,14
4956,LC,St. Lucia,Mobile cellular subscriptions (per 100 people),2019,83.1865181441059,Latin America & Caribbean ,Upper middle income,-60.9832,14
4957,LC,St. Lucia,Mobile cellular subscriptions (per 100 people),2018,104.478100973353,Latin America & Caribbean ,Upper middle income,-60.9832,14
4958,LC,St. Lucia,Mobile cellular subscriptions (per 100 people),2017,100.199612117363,Latin America & Caribbean ,Upper middle income,-60.9832,14
4959,LC,St. Lucia,Mobile cellular subscriptions (per 100 people),2016,100.570465595573,Latin America & Caribbean ,Upper middle income,-60.9832,14
4960,MF,St. Martin (French part),Mobile cellular subscriptions (per 100 people),2025,,Latin America & Caribbean ,High income,,
4961,MF,St. Martin (French part),Mobile cellular subscriptions (per 100 people),2024,,Latin America & Caribbean ,High income,,
4962,MF,St. Martin (French part),Mobile cellular subscriptions (per 100 people),2023,,Latin America & Caribbean ,High income,,
4963,MF,St. Martin (French part),Mobile cellular subscriptions (per 100 people),2022,,Latin America & Caribbean ,High income,,
4964,MF,St. Martin (French part),Mobile cellular subscriptions (per 100 people),2021,,Latin America & Caribbean ,High income,,
4965,MF,St. Martin (French part),Mobile cellular subscriptions (per 100 people),2020,,Latin America & Caribbean ,High income,,
4966,MF,St. Martin (French part),Mobile cellular subscriptions (per 100 people),2019,,Latin America & Caribbean ,High income,,
4967,MF,St. Martin (French part),Mobile cellular subscriptions (per 100 people),2018,,Latin America & Caribbean ,High income,,
4968,MF,St. Martin (French part),Mobile cellular subscriptions (per 100 people),2017,,Latin America & Caribbean ,High income,,
4969,MF,St. Martin (French part),Mobile cellular subscriptions (per 100 people),2016,,Latin America & Caribbean ,High income,,
4970,VC,St. Vincent and the Grenadines,Mobile cellular subscriptions (per 100 people),2025,,Latin America & Caribbean ,Upper middle income,-61.2653,13.2035
4971,VC,St. Vincent and the Grenadines,Mobile cellular subscriptions (per 100 people),2024,108.354536057883,Latin America & Caribbean ,Upper middle income,-61.2653,13.2035
4972,VC,St. Vincent and the Grenadines,Mobile cellular subscriptions (per 100 people),2023,101.631416361537,Latin America & Caribbean ,Upper middle income,-61.2653,13.2035
4973,VC,St. Vincent and the Grenadines,Mobile cellular subscriptions (per 100 people),2022,102.334241420536,Latin America & Caribbean ,Upper middle income,-61.2653,13.2035
4974,VC,St. Vincent and the Grenadines,Mobile cellular subscriptions (per 100 people),2021,95.5173520288601,Latin America & Caribbean ,Upper middle income,-61.2653,13.2035
4975,VC,St. Vincent and the Grenadines,Mobile cellular subscriptions (per 100 people),2020,96.9437629194598,Latin America & Caribbean ,Upper middle income,-61.2653,13.2035
4976,VC,St. Vincent and the Grenadines,Mobile cellular subscriptions (per 100 people),2019,92.5177839430914,Latin America & Caribbean ,Upper middle income,-61.2653,13.2035
4977,VC,St. Vincent and the Grenadines,Mobile cellular subscriptions (per 100 people),2018,107.164096601414,Latin America & Caribbean ,Upper middle income,-61.2653,13.2035
4978,VC,St. Vincent and the Grenadines,Mobile cellular subscriptions (per 100 people),2017,109.635350122559,Latin America & Caribbean ,Upper middle income,-61.2653,13.2035
4979,VC,St. Vincent and the Grenadines,Mobile cellular subscriptions (per 100 people),2016,105.923892091134,Latin America & Caribbean ,Upper middle income,-61.2653,13.2035
4980,SD,Sudan,Mobile cellular subscriptions (per 100 people),2025,,Sub-Saharan Africa ,Low income,32.5363,15.5932
4981,SD,Sudan,Mobile cellular subscriptions (per 100 people),2024,,Sub-Saharan Africa ,Low income,32.5363,15.5932
4982,SD,Sudan,Mobile cellular subscriptions (per 100 people),2023,,Sub-Saharan Africa ,Low income,32.5363,15.5932
4983,SD,Sudan,Mobile cellular subscriptions (per 100 people),2022,70.2084038614961,Sub-Saharan Africa ,Low income,32.5363,15.5932
4984,SD,Sudan,Mobile cellular subscriptions (per 100 people),2021,71.767230205952,Sub-Saharan Africa ,Low income,32.5363,15.5932
4985,SD,Sudan,Mobile cellular subscriptions (per 100 people),2020,75.2207425678785,Sub-Saharan Africa ,Low income,32.5363,15.5932
4986,SD,Sudan,Mobile cellular subscriptions (per 100 people),2019,72.4818502607404,Sub-Saharan Africa ,Low income,32.5363,15.5932
4987,SD,Sudan,Mobile cellular subscriptions (per 100 people),2018,68.0533719238149,Sub-Saharan Africa ,Low income,32.5363,15.5932
4988,SD,Sudan,Mobile cellular subscriptions (per 100 people),2017,67.0598253428254,Sub-Saharan Africa ,Low income,32.5363,15.5932
4989,SD,Sudan,Mobile cellular subscriptions (per 100 people),2016,67.3954575547604,Sub-Saharan Africa ,Low income,32.5363,15.5932
4990,SR,Suriname,Mobile cellular subscriptions (per 100 people),2025,,Latin America & Caribbean ,Upper middle income,-55.1679,5.8232
4991,SR,Suriname,Mobile cellular subscriptions (per 100 people),2024,142.122626416427,Latin America & Caribbean ,Upper middle income,-55.1679,5.8232
4992,SR,Suriname,Mobile cellular subscriptions (per 100 people),2023,157.24614636039,Latin America & Caribbean ,Upper middle income,-55.1679,5.8232
4993,SR,Suriname,Mobile cellular subscriptions (per 100 people),2022,149.052255906952,Latin America & Caribbean ,Upper middle income,-55.1679,5.8232
4994,SR,Suriname,Mobile cellular subscriptions (per 100 people),2021,146.654129497521,Latin America & Caribbean ,Upper middle income,-55.1679,5.8232
4995,SR,Suriname,Mobile cellular subscriptions (per 100 people),2020,146.874739718153,Latin America & Caribbean ,Upper middle income,-55.1679,5.8232
4996,SR,Suriname,Mobile cellular subscriptions (per 100 people),2019,134.34912375695,Latin America & Caribbean ,Upper middle income,-55.1679,5.8232
4997,SR,Suriname,Mobile cellular subscriptions (per 100 people),2018,125.480181413914,Latin America & Caribbean ,Upper middle income,-55.1679,5.8232
4998,SR,Suriname,Mobile cellular subscriptions (per 100 people),2017,134.049784997128,Latin America & Caribbean ,Upper middle income,-55.1679,5.8232
4999,SR,Suriname,Mobile cellular subscriptions (per 100 people),2016,137.281393501056,Latin America & Caribbean ,Upper middle income,-55.1679,5.8232
5000,SE,Sweden,Mobile cellular subscriptions (per 100 people),2025,,Europe & Central Asia,High income,18.0645,59.3327
5001,SE,Sweden,Mobile cellular subscriptions (per 100 people),2024,140.686673016562,Europe & Central Asia,High income,18.0645,59.3327
5002,SE,Sweden,Mobile cellular subscriptions (per 100 people),2023,140.265691285045,Europe & Central Asia,High income,18.0645,59.3327
5003,SE,Sweden,Mobile cellular subscriptions (per 100 people),2022,140.781664517726,Europe & Central Asia,High income,18.0645,59.3327
5004,SE,Sweden,Mobile cellular subscriptions (per 100 people),2021,124.96149481991,Europe & Central Asia,High income,18.0645,59.3327
5005,SE,Sweden,Mobile cellular subscriptions (per 100 people),2020,123.548656971054,Europe & Central Asia,High income,18.0645,59.3327
5006,SE,Sweden,Mobile cellular subscriptions (per 100 people),2019,125.456729050381,Europe & Central Asia,High income,18.0645,59.3327
5007,SE,Sweden,Mobile cellular subscriptions (per 100 people),2018,124.086284526267,Europe & Central Asia,High income,18.0645,59.3327
5008,SE,Sweden,Mobile cellular subscriptions (per 100 people),2017,124.472904877796,Europe & Central Asia,High income,18.0645,59.3327
5009,SE,Sweden,Mobile cellular subscriptions (per 100 people),2016,126.401633330915,Europe & Central Asia,High income,18.0645,59.3327
5010,CH,Switzerland,Mobile cellular subscriptions (per 100 people),2025,,Europe & Central Asia,High income,7.44821,46.948
5011,CH,Switzerland,Mobile cellular subscriptions (per 100 people),2024,129.471369643132,Europe & Central Asia,High income,7.44821,46.948
5012,CH,Switzerland,Mobile cellular subscriptions (per 100 people),2023,130.221876609608,Europe & Central Asia,High income,7.44821,46.948
5013,CH,Switzerland,Mobile cellular subscriptions (per 100 people),2022,123.971228075124,Europe & Central Asia,High income,7.44821,46.948
5014,CH,Switzerland,Mobile cellular subscriptions (per 100 people),2021,123.21236546636,Europe & Central Asia,High income,7.44821,46.948
5015,CH,Switzerland,Mobile cellular subscriptions (per 100 people),2020,127.376373489656,Europe & Central Asia,High income,7.44821,46.948
5016,CH,Switzerland,Mobile cellular subscriptions (per 100 people),2019,126.920635838501,Europe & Central Asia,High income,7.44821,46.948
5017,CH,Switzerland,Mobile cellular subscriptions (per 100 people),2018,126.681143927488,Europe & Central Asia,High income,7.44821,46.948
5018,CH,Switzerland,Mobile cellular subscriptions (per 100 people),2017,131.169694242519,Europe & Central Asia,High income,7.44821,46.948
5019,CH,Switzerland,Mobile cellular subscriptions (per 100 people),2016,134.235676338144,Europe & Central Asia,High income,7.44821,46.948
5020,SY,Syrian Arab Republic,Mobile cellular subscriptions (per 100 people),2025,,"Middle East, North Africa, Afghanistan & Pakistan",Low income,36.3119,33.5146
5021,SY,Syrian Arab Republic,Mobile cellular subscriptions (per 100 people),2024,71.2231424453527,"Middle East, North Africa, Afghanistan & Pakistan",Low income,36.3119,33.5146
5022,SY,Syrian Arab Republic,Mobile cellular subscriptions (per 100 people),2023,72.4405852977604,"Middle East, North Africa, Afghanistan & Pakistan",Low income,36.3119,33.5146
5023,SY,Syrian Arab Republic,Mobile cellular subscriptions (per 100 people),2022,78.6567844526885,"Middle East, North Africa, Afghanistan & Pakistan",Low income,36.3119,33.5146
5024,SY,Syrian Arab Republic,Mobile cellular subscriptions (per 100 people),2021,78.5558300193552,"Middle East, North Africa, Afghanistan & Pakistan",Low income,36.3119,33.5146
5025,SY,Syrian Arab Republic,Mobile cellular subscriptions (per 100 people),2020,79.1482419784404,"Middle East, North Africa, Afghanistan & Pakistan",Low income,36.3119,33.5146
5026,SY,Syrian Arab Republic,Mobile cellular subscriptions (per 100 people),2019,87.1297289207859,"Middle East, North Africa, Afghanistan & Pakistan",Low income,36.3119,33.5146
5027,SY,Syrian Arab Republic,Mobile cellular subscriptions (per 100 people),2018,87.4952069545959,"Middle East, North Africa, Afghanistan & Pakistan",Low income,36.3119,33.5146
5028,SY,Syrian Arab Republic,Mobile cellular subscriptions (per 100 people),2017,80.032591460097,"Middle East, North Africa, Afghanistan & Pakistan",Low income,36.3119,33.5146
5029,SY,Syrian Arab Republic,Mobile cellular subscriptions (per 100 people),2016,69.5528574436978,"Middle East, North Africa, Afghanistan & Pakistan",Low income,36.3119,33.5146
5030,TJ,Tajikistan,Mobile cellular subscriptions (per 100 people),2025,,Europe & Central Asia,Lower middle income,68.7864,38.5878
5031,TJ,Tajikistan,Mobile cellular subscriptions (per 100 people),2024,,Europe & Central Asia,Lower middle income,68.7864,38.5878
5032,TJ,Tajikistan,Mobile cellular subscriptions (per 100 people),2023,76.215892145748,Europe & Central Asia,Lower middle income,68.7864,38.5878
5033,TJ,Tajikistan,Mobile cellular subscriptions (per 100 people),2022,63.8442080716763,Europe & Central Asia,Lower middle income,68.7864,38.5878
5034,TJ,Tajikistan,Mobile cellular subscriptions (per 100 people),2021,64.0874682499327,Europe & Central Asia,Lower middle income,68.7864,38.5878
5035,TJ,Tajikistan,Mobile cellular subscriptions (per 100 people),2020,62.2826230779409,Europe & Central Asia,Lower middle income,68.7864,38.5878
5036,TJ,Tajikistan,Mobile cellular subscriptions (per 100 people),2019,115.372919483658,Europe & Central Asia,Lower middle income,68.7864,38.5878
5037,TJ,Tajikistan,Mobile cellular subscriptions (per 100 people),2018,107.442164151643,Europe & Central Asia,Lower middle income,68.7864,38.5878
5038,TJ,Tajikistan,Mobile cellular subscriptions (per 100 people),2017,109.003509375909,Europe & Central Asia,Lower middle income,68.7864,38.5878
5039,TJ,Tajikistan,Mobile cellular subscriptions (per 100 people),2016,106.027422075203,Europe & Central Asia,Lower middle income,68.7864,38.5878
5040,TZ,Tanzania,Mobile cellular subscriptions (per 100 people),2025,,Sub-Saharan Africa ,Lower middle income,35.7382,-6.17486
5041,TZ,Tanzania,Mobile cellular subscriptions (per 100 people),2024,126.559163217786,Sub-Saharan Africa ,Lower middle income,35.7382,-6.17486
5042,TZ,Tanzania,Mobile cellular subscriptions (per 100 people),2023,105.40028112088,Sub-Saharan Africa ,Lower middle income,35.7382,-6.17486
5043,TZ,Tanzania,Mobile cellular subscriptions (per 100 people),2022,93.0159746238635,Sub-Saharan Africa ,Lower middle income,35.7382,-6.17486
5044,TZ,Tanzania,Mobile cellular subscriptions (per 100 people),2021,86.0162814148027,Sub-Saharan Africa ,Lower middle income,35.7382,-6.17486
5045,TZ,Tanzania,Mobile cellular subscriptions (per 100 people),2020,84.0050558283384,Sub-Saharan Africa ,Lower middle income,35.7382,-6.17486
5046,TZ,Tanzania,Mobile cellular subscriptions (per 100 people),2019,80.5835569684446,Sub-Saharan Africa ,Lower middle income,35.7382,-6.17486
5047,TZ,Tanzania,Mobile cellular subscriptions (per 100 people),2018,75.7301934140355,Sub-Saharan Africa ,Lower middle income,35.7382,-6.17486
5048,TZ,Tanzania,Mobile cellular subscriptions (per 100 people),2017,71.7911684370749,Sub-Saharan Africa ,Lower middle income,35.7382,-6.17486
5049,TZ,Tanzania,Mobile cellular subscriptions (per 100 people),2016,74.3983656514054,Sub-Saharan Africa ,Lower middle income,35.7382,-6.17486
5050,TH,Thailand,Mobile cellular subscriptions (per 100 people),2025,,East Asia & Pacific,Upper middle income,100.521,13.7308
5051,TH,Thailand,Mobile cellular subscriptions (per 100 people),2024,160.639312286761,East Asia & Pacific,Upper middle income,100.521,13.7308
5052,TH,Thailand,Mobile cellular subscriptions (per 100 people),2023,168.642808295144,East Asia & Pacific,Upper middle income,100.521,13.7308
5053,TH,Thailand,Mobile cellular subscriptions (per 100 people),2022,176.22279253783,East Asia & Pacific,Upper middle income,100.521,13.7308
5054,TH,Thailand,Mobile cellular subscriptions (per 100 people),2021,168.485285358167,East Asia & Pacific,Upper middle income,100.521,13.7308
5055,TH,Thailand,Mobile cellular subscriptions (per 100 people),2020,162.327737376294,East Asia & Pacific,Upper middle income,100.521,13.7308
5056,TH,Thailand,Mobile cellular subscriptions (per 100 people),2019,181.221874232713,East Asia & Pacific,Upper middle income,100.521,13.7308
5057,TH,Thailand,Mobile cellular subscriptions (per 100 people),2018,175.266001933225,East Asia & Pacific,Upper middle income,100.521,13.7308
5058,TH,Thailand,Mobile cellular subscriptions (per 100 people),2017,170.783699598766,East Asia & Pacific,Upper middle income,100.521,13.7308
5059,TH,Thailand,Mobile cellular subscriptions (per 100 people),2016,168.88127084564,East Asia & Pacific,Upper middle income,100.521,13.7308
5060,TL,Timor-Leste,Mobile cellular subscriptions (per 100 people),2025,,East Asia & Pacific,Lower middle income,125.567,-8.56667
5061,TL,Timor-Leste,Mobile cellular subscriptions (per 100 people),2024,116.382391453038,East Asia & Pacific,Lower middle income,125.567,-8.56667
5062,TL,Timor-Leste,Mobile cellular subscriptions (per 100 people),2023,112.647241971673,East Asia & Pacific,Lower middle income,125.567,-8.56667
5063,TL,Timor-Leste,Mobile cellular subscriptions (per 100 people),2022,108.158358863503,East Asia & Pacific,Lower middle income,125.567,-8.56667
5064,TL,Timor-Leste,Mobile cellular subscriptions (per 100 people),2021,102.668836319816,East Asia & Pacific,Lower middle income,125.567,-8.56667
5065,TL,Timor-Leste,Mobile cellular subscriptions (per 100 people),2020,103.911005065408,East Asia & Pacific,Lower middle income,125.567,-8.56667
5066,TL,Timor-Leste,Mobile cellular subscriptions (per 100 people),2019,109.555438546595,East Asia & Pacific,Lower middle income,125.567,-8.56667
5067,TL,Timor-Leste,Mobile cellular subscriptions (per 100 people),2018,115.089356319443,East Asia & Pacific,Lower middle income,125.567,-8.56667
5068,TL,Timor-Leste,Mobile cellular subscriptions (per 100 people),2017,124.360491266698,East Asia & Pacific,Lower middle income,125.567,-8.56667
5069,TL,Timor-Leste,Mobile cellular subscriptions (per 100 people),2016,121.477605038459,East Asia & Pacific,Lower middle income,125.567,-8.56667
5070,TG,Togo,Mobile cellular subscriptions (per 100 people),2025,,Sub-Saharan Africa ,Lower middle income,1.2255,6.1228
5071,TG,Togo,Mobile cellular subscriptions (per 100 people),2024,80.8035554767112,Sub-Saharan Africa ,Lower middle income,1.2255,6.1228
5072,TG,Togo,Mobile cellular subscriptions (per 100 people),2023,75.7906769713952,Sub-Saharan Africa ,Lower middle income,1.2255,6.1228
5073,TG,Togo,Mobile cellular subscriptions (per 100 people),2022,72.2147547047011,Sub-Saharan Africa ,Lower middle income,1.2255,6.1228
5074,TG,Togo,Mobile cellular subscriptions (per 100 people),2021,70.4496733018494,Sub-Saharan Africa ,Lower middle income,1.2255,6.1228
5075,TG,Togo,Mobile cellular subscriptions (per 100 people),2020,75.164019137873,Sub-Saharan Africa ,Lower middle income,1.2255,6.1228
5076,TG,Togo,Mobile cellular subscriptions (per 100 people),2019,73.7224727486533,Sub-Saharan Africa ,Lower middle income,1.2255,6.1228
5077,TG,Togo,Mobile cellular subscriptions (per 100 people),2018,74.3997114343066,Sub-Saharan Africa ,Lower middle income,1.2255,6.1228
5078,TG,Togo,Mobile cellular subscriptions (per 100 people),2017,75.3357270694068,Sub-Saharan Africa ,Lower middle income,1.2255,6.1228
5079,TG,Togo,Mobile cellular subscriptions (per 100 people),2016,70.0588130571426,Sub-Saharan Africa ,Lower middle income,1.2255,6.1228
5080,TO,Tonga,Mobile cellular subscriptions (per 100 people),2025,,East Asia & Pacific,Upper middle income,-175.216,-21.136
5081,TO,Tonga,Mobile cellular subscriptions (per 100 people),2024,,East Asia & Pacific,Upper middle income,-175.216,-21.136
5082,TO,Tonga,Mobile cellular subscriptions (per 100 people),2023,,East Asia & Pacific,Upper middle income,-175.216,-21.136
5083,TO,Tonga,Mobile cellular subscriptions (per 100 people),2022,61.7257858761257,East Asia & Pacific,Upper middle income,-175.216,-21.136
5084,TO,Tonga,Mobile cellular subscriptions (per 100 people),2021,60.9801876955162,East Asia & Pacific,Upper middle income,-175.216,-21.136
5085,TO,Tonga,Mobile cellular subscriptions (per 100 people),2020,58.6543555589192,East Asia & Pacific,Upper middle income,-175.216,-21.136
5086,TO,Tonga,Mobile cellular subscriptions (per 100 people),2019,58.772203768371,East Asia & Pacific,Upper middle income,-175.216,-21.136
5087,TO,Tonga,Mobile cellular subscriptions (per 100 people),2018,102.245967016208,East Asia & Pacific,Upper middle income,-175.216,-21.136
5088,TO,Tonga,Mobile cellular subscriptions (per 100 people),2017,102.450738448688,East Asia & Pacific,Upper middle income,-175.216,-21.136
5089,TO,Tonga,Mobile cellular subscriptions (per 100 people),2016,75.8121375232175,East Asia & Pacific,Upper middle income,-175.216,-21.136
5090,TT,Trinidad and Tobago,Mobile cellular subscriptions (per 100 people),2025,,Latin America & Caribbean ,High income,-61.4789,10.6596
5091,TT,Trinidad and Tobago,Mobile cellular subscriptions (per 100 people),2024,118.786668099235,Latin America & Caribbean ,High income,-61.4789,10.6596
5092,TT,Trinidad and Tobago,Mobile cellular subscriptions (per 100 people),2023,134.230557337258,Latin America & Caribbean ,High income,-61.4789,10.6596
5093,TT,Trinidad and Tobago,Mobile cellular subscriptions (per 100 people),2022,133.631989924602,Latin America & Caribbean ,High income,-61.4789,10.6596
5094,TT,Trinidad and Tobago,Mobile cellular subscriptions (per 100 people),2021,134.221562299819,Latin America & Caribbean ,High income,-61.4789,10.6596
5095,TT,Trinidad and Tobago,Mobile cellular subscriptions (per 100 people),2020,134.231180588566,Latin America & Caribbean ,High income,-61.4789,10.6596
5096,TT,Trinidad and Tobago,Mobile cellular subscriptions (per 100 people),2019,145.715788467056,Latin America & Caribbean ,High income,-61.4789,10.6596
5097,TT,Trinidad and Tobago,Mobile cellular subscriptions (per 100 people),2018,134.142866663312,Latin America & Caribbean ,High income,-61.4789,10.6596
5098,TT,Trinidad and Tobago,Mobile cellular subscriptions (per 100 people),2017,140.503134035998,Latin America & Caribbean ,High income,-61.4789,10.6596
5099,TT,Trinidad and Tobago,Mobile cellular subscriptions (per 100 people),2016,150.717314787624,Latin America & Caribbean ,High income,-61.4789,10.6596
5100,TN,Tunisia,Mobile cellular subscriptions (per 100 people),2025,,"Middle East, North Africa, Afghanistan & Pakistan",Lower middle income,10.21,36.7899
5101,TN,Tunisia,Mobile cellular subscriptions (per 100 people),2024,117.606816067203,"Middle East, North Africa, Afghanistan & Pakistan",Lower middle income,10.21,36.7899
5102,TN,Tunisia,Mobile cellular subscriptions (per 100 people),2023,132.653682480562,"Middle East, North Africa, Afghanistan & Pakistan",Lower middle income,10.21,36.7899
5103,TN,Tunisia,Mobile cellular subscriptions (per 100 people),2022,131.875365428496,"Middle East, North Africa, Afghanistan & Pakistan",Lower middle income,10.21,36.7899
5104,TN,Tunisia,Mobile cellular subscriptions (per 100 people),2021,129.846077003661,"Middle East, North Africa, Afghanistan & Pakistan",Lower middle income,10.21,36.7899
5105,TN,Tunisia,Mobile cellular subscriptions (per 100 people),2020,124.041976750236,"Middle East, North Africa, Afghanistan & Pakistan",Lower middle income,10.21,36.7899
5106,TN,Tunisia,Mobile cellular subscriptions (per 100 people),2019,124.386924181822,"Middle East, North Africa, Afghanistan & Pakistan",Lower middle income,10.21,36.7899
5107,TN,Tunisia,Mobile cellular subscriptions (per 100 people),2018,125.532926143303,"Middle East, North Africa, Afghanistan & Pakistan",Lower middle income,10.21,36.7899
5108,TN,Tunisia,Mobile cellular subscriptions (per 100 people),2017,123.034053994945,"Middle East, North Africa, Afghanistan & Pakistan",Lower middle income,10.21,36.7899
5109,TN,Tunisia,Mobile cellular subscriptions (per 100 people),2016,123.883093580407,"Middle East, North Africa, Afghanistan & Pakistan",Lower middle income,10.21,36.7899
5110,TR,Turkiye,Mobile cellular subscriptions (per 100 people),2025,,Europe & Central Asia,Upper middle income,32.3606,39.7153
5111,TR,Turkiye,Mobile cellular subscriptions (per 100 people),2024,107.826875714392,Europe & Central Asia,Upper middle income,32.3606,39.7153
5112,TR,Turkiye,Mobile cellular subscriptions (per 100 people),2023,105.684032912794,Europe & Central Asia,Upper middle income,32.3606,39.7153
5113,TR,Turkiye,Mobile cellular subscriptions (per 100 people),2022,103.720593629066,Europe & Central Asia,Upper middle income,32.3606,39.7153
5114,TR,Turkiye,Mobile cellular subscriptions (per 100 people),2021,99.5415432248525,Europe & Central Asia,Upper middle income,32.3606,39.7153
5115,TR,Turkiye,Mobile cellular subscriptions (per 100 people),2020,95.3960853737199,Europe & Central Asia,Upper middle income,32.3606,39.7153
5116,TR,Turkiye,Mobile cellular subscriptions (per 100 people),2019,94.6498130829997,Europe & Central Asia,Upper middle income,32.3606,39.7153
5117,TR,Turkiye,Mobile cellular subscriptions (per 100 people),2018,94.9085818111026,Europe & Central Asia,Upper middle income,32.3606,39.7153
5118,TR,Turkiye,Mobile cellular subscriptions (per 100 people),2017,93.6407569517097,Europe & Central Asia,Upper middle income,32.3606,39.7153
5119,TR,Turkiye,Mobile cellular subscriptions (per 100 people),2016,91.9286950751339,Europe & Central Asia,Upper middle income,32.3606,39.7153
5120,TM,Turkmenistan,Mobile cellular subscriptions (per 100 people),2025,,Europe & Central Asia,Upper middle income,58.3794,37.9509
5121,TM,Turkmenistan,Mobile cellular subscriptions (per 100 people),2024,,Europe & Central Asia,Upper middle income,58.3794,37.9509
5122,TM,Turkmenistan,Mobile cellular subscriptions (per 100 people),2023,,Europe & Central Asia,Upper middle income,58.3794,37.9509
5123,TM,Turkmenistan,Mobile cellular subscriptions (per 100 people),2022,,Europe & Central Asia,Upper middle income,58.3794,37.9509
5124,TM,Turkmenistan,Mobile cellular subscriptions (per 100 people),2021,88.1929367884543,Europe & Central Asia,Upper middle income,58.3794,37.9509
5125,TM,Turkmenistan,Mobile cellular subscriptions (per 100 people),2020,88.7029504834018,Europe & Central Asia,Upper middle income,58.3794,37.9509
5126,TM,Turkmenistan,Mobile cellular subscriptions (per 100 people),2019,88.2099411752948,Europe & Central Asia,Upper middle income,58.3794,37.9509
5127,TM,Turkmenistan,Mobile cellular subscriptions (per 100 people),2018,87.7729687399519,Europe & Central Asia,Upper middle income,58.3794,37.9509
5128,TM,Turkmenistan,Mobile cellular subscriptions (per 100 people),2017,,Europe & Central Asia,Upper middle income,58.3794,37.9509
5129,TM,Turkmenistan,Mobile cellular subscriptions (per 100 people),2016,134.826174862709,Europe & Central Asia,Upper middle income,58.3794,37.9509
5130,TC,Turks and Caicos Islands,Mobile cellular subscriptions (per 100 people),2025,,Latin America & Caribbean ,High income,-71.141389,21.4602778
5131,TC,Turks and Caicos Islands,Mobile cellular subscriptions (per 100 people),2024,,Latin America & Caribbean ,High income,-71.141389,21.4602778
5132,TC,Turks and Caicos Islands,Mobile cellular subscriptions (per 100 people),2023,,Latin America & Caribbean ,High income,-71.141389,21.4602778
5133,TC,Turks and Caicos Islands,Mobile cellular subscriptions (per 100 people),2022,,Latin America & Caribbean ,High income,-71.141389,21.4602778
5134,TC,Turks and Caicos Islands,Mobile cellular subscriptions (per 100 people),2021,,Latin America & Caribbean ,High income,-71.141389,21.4602778
5135,TC,Turks and Caicos Islands,Mobile cellular subscriptions (per 100 people),2020,,Latin America & Caribbean ,High income,-71.141389,21.4602778
5136,TC,Turks and Caicos Islands,Mobile cellular subscriptions (per 100 people),2019,,Latin America & Caribbean ,High income,-71.141389,21.4602778
5137,TC,Turks and Caicos Islands,Mobile cellular subscriptions (per 100 people),2018,,Latin America & Caribbean ,High income,-71.141389,21.4602778
5138,TC,Turks and Caicos Islands,Mobile cellular subscriptions (per 100 people),2017,,Latin America & Caribbean ,High income,-71.141389,21.4602778
5139,TC,Turks and Caicos Islands,Mobile cellular subscriptions (per 100 people),2016,,Latin America & Caribbean ,High income,-71.141389,21.4602778
5140,TV,Tuvalu,Mobile cellular subscriptions (per 100 people),2025,,East Asia & Pacific,Upper middle income,179.089567,-8.6314877
5141,TV,Tuvalu,Mobile cellular subscriptions (per 100 people),2024,,East Asia & Pacific,Upper middle income,179.089567,-8.6314877
5142,TV,Tuvalu,Mobile cellular subscriptions (per 100 people),2023,,East Asia & Pacific,Upper middle income,179.089567,-8.6314877
5143,TV,Tuvalu,Mobile cellular subscriptions (per 100 people),2022,98.8590872698158,East Asia & Pacific,Upper middle income,179.089567,-8.6314877
5144,TV,Tuvalu,Mobile cellular subscriptions (per 100 people),2021,88.2872277810477,East Asia & Pacific,Upper middle income,179.089567,-8.6314877
5145,TV,Tuvalu,Mobile cellular subscriptions (per 100 people),2020,86.5467833445524,East Asia & Pacific,Upper middle income,179.089567,-8.6314877
5146,TV,Tuvalu,Mobile cellular subscriptions (per 100 people),2019,85.0581230507513,East Asia & Pacific,Upper middle income,179.089567,-8.6314877
5147,TV,Tuvalu,Mobile cellular subscriptions (per 100 people),2018,79.0624127988094,East Asia & Pacific,Upper middle income,179.089567,-8.6314877
5148,TV,Tuvalu,Mobile cellular subscriptions (per 100 people),2017,73.6038273990248,East Asia & Pacific,Upper middle income,179.089567,-8.6314877
5149,TV,Tuvalu,Mobile cellular subscriptions (per 100 people),2016,69.5333943275389,East Asia & Pacific,Upper middle income,179.089567,-8.6314877
5150,UG,Uganda,Mobile cellular subscriptions (per 100 people),2025,,Sub-Saharan Africa ,Low income,32.5729,0.314269
5151,UG,Uganda,Mobile cellular subscriptions (per 100 people),2024,83.165031466902,Sub-Saharan Africa ,Low income,32.5729,0.314269
5152,UG,Uganda,Mobile cellular subscriptions (per 100 people),2023,76.2966796632588,Sub-Saharan Africa ,Low income,32.5729,0.314269
5153,UG,Uganda,Mobile cellular subscriptions (per 100 people),2022,70.1401117953081,Sub-Saharan Africa ,Low income,32.5729,0.314269
5154,UG,Uganda,Mobile cellular subscriptions (per 100 people),2021,65.6220730009172,Sub-Saharan Africa ,Low income,32.5729,0.314269
5155,UG,Uganda,Mobile cellular subscriptions (per 100 people),2020,62.2824129624858,Sub-Saharan Africa ,Low income,32.5729,0.314269
5156,UG,Uganda,Mobile cellular subscriptions (per 100 people),2019,59.0598078769828,Sub-Saharan Africa ,Low income,32.5729,0.314269
5157,UG,Uganda,Mobile cellular subscriptions (per 100 people),2018,58.8753608703264,Sub-Saharan Africa ,Low income,32.5729,0.314269
5158,UG,Uganda,Mobile cellular subscriptions (per 100 people),2017,62.0968142578109,Sub-Saharan Africa ,Low income,32.5729,0.314269
5159,UG,Uganda,Mobile cellular subscriptions (per 100 people),2016,58.8633638178484,Sub-Saharan Africa ,Low income,32.5729,0.314269
5160,UA,Ukraine,Mobile cellular subscriptions (per 100 people),2025,,Europe & Central Asia,Upper middle income,30.5038,50.4536
5161,UA,Ukraine,Mobile cellular subscriptions (per 100 people),2024,,Europe & Central Asia,Upper middle income,30.5038,50.4536
5162,UA,Ukraine,Mobile cellular subscriptions (per 100 people),2023,133.38012811971,Europe & Central Asia,Upper middle income,30.5038,50.4536
5163,UA,Ukraine,Mobile cellular subscriptions (per 100 people),2022,120.261144906234,Europe & Central Asia,Upper middle income,30.5038,50.4536
5164,UA,Ukraine,Mobile cellular subscriptions (per 100 people),2021,135.025688989835,Europe & Central Asia,Upper middle income,30.5038,50.4536
5165,UA,Ukraine,Mobile cellular subscriptions (per 100 people),2020,129.341230786476,Europe & Central Asia,Upper middle income,30.5038,50.4536
5166,UA,Ukraine,Mobile cellular subscriptions (per 100 people),2019,130.629436256062,Europe & Central Asia,Upper middle income,30.5038,50.4536
5167,UA,Ukraine,Mobile cellular subscriptions (per 100 people),2018,127.753861022152,Europe & Central Asia,Upper middle income,30.5038,50.4536
5168,UA,Ukraine,Mobile cellular subscriptions (per 100 people),2017,131.356511508927,Europe & Central Asia,Upper middle income,30.5038,50.4536
5169,UA,Ukraine,Mobile cellular subscriptions (per 100 people),2016,133.168953931474,Europe & Central Asia,Upper middle income,30.5038,50.4536
5170,AE,United Arab Emirates,Mobile cellular subscriptions (per 100 people),2025,,"Middle East, North Africa, Afghanistan & Pakistan",High income,54.3705,24.4764
5171,AE,United Arab Emirates,Mobile cellular subscriptions (per 100 people),2024,203.206410299544,"Middle East, North Africa, Afghanistan & Pakistan",High income,54.3705,24.4764
5172,AE,United Arab Emirates,Mobile cellular subscriptions (per 100 people),2023,199.423843889179,"Middle East, North Africa, Afghanistan & Pakistan",High income,54.3705,24.4764
5173,AE,United Arab Emirates,Mobile cellular subscriptions (per 100 people),2022,195.624592490241,"Middle East, North Africa, Afghanistan & Pakistan",High income,54.3705,24.4764
5174,AE,United Arab Emirates,Mobile cellular subscriptions (per 100 people),2021,186.30089463245,"Middle East, North Africa, Afghanistan & Pakistan",High income,54.3705,24.4764
5175,AE,United Arab Emirates,Mobile cellular subscriptions (per 100 people),2020,194.467749671801,"Middle East, North Africa, Afghanistan & Pakistan",High income,54.3705,24.4764
5176,AE,United Arab Emirates,Mobile cellular subscriptions (per 100 people),2019,209.033214126867,"Middle East, North Africa, Afghanistan & Pakistan",High income,54.3705,24.4764
5177,AE,United Arab Emirates,Mobile cellular subscriptions (per 100 people),2018,214.842134318761,"Middle East, North Africa, Afghanistan & Pakistan",High income,54.3705,24.4764
5178,AE,United Arab Emirates,Mobile cellular subscriptions (per 100 people),2017,214.701342068567,"Middle East, North Africa, Afghanistan & Pakistan",High income,54.3705,24.4764
5179,AE,United Arab Emirates,Mobile cellular subscriptions (per 100 people),2016,220.411614691071,"Middle East, North Africa, Afghanistan & Pakistan",High income,54.3705,24.4764
5180,GB,United Kingdom,Mobile cellular subscriptions (per 100 people),2025,,Europe & Central Asia,High income,-0.126236,51.5002
5181,GB,United Kingdom,Mobile cellular subscriptions (per 100 people),2024,121.643331373201,Europe & Central Asia,High income,-0.126236,51.5002
5182,GB,United Kingdom,Mobile cellular subscriptions (per 100 people),2023,122.781542240418,Europe & Central Asia,High income,-0.126236,51.5002
5183,GB,United Kingdom,Mobile cellular subscriptions (per 100 people),2022,119.833999505569,Europe & Central Asia,High income,-0.126236,51.5002
5184,GB,United Kingdom,Mobile cellular subscriptions (per 100 people),2021,117.887430294308,Europe & Central Asia,High income,-0.126236,51.5002
5185,GB,United Kingdom,Mobile cellular subscriptions (per 100 people),2020,117.304850715261,Europe & Central Asia,High income,-0.126236,51.5002
5186,GB,United Kingdom,Mobile cellular subscriptions (per 100 people),2019,120.250108782533,Europe & Central Asia,High income,-0.126236,51.5002
5187,GB,United Kingdom,Mobile cellular subscriptions (per 100 people),2018,118.184381927412,Europe & Central Asia,High income,-0.126236,51.5002
5188,GB,United Kingdom,Mobile cellular subscriptions (per 100 people),2017,119.206737402819,Europe & Central Asia,High income,-0.126236,51.5002
5189,GB,United Kingdom,Mobile cellular subscriptions (per 100 people),2016,119.786558760596,Europe & Central Asia,High income,-0.126236,51.5002
5190,US,United States,Mobile cellular subscriptions (per 100 people),2025,,North America,High income,-77.032,38.8895
5191,US,United States,Mobile cellular subscriptions (per 100 people),2024,113.190481805755,North America,High income,-77.032,38.8895
5192,US,United States,Mobile cellular subscriptions (per 100 people),2023,112.410910606372,North America,High income,-77.032,38.8895
5193,US,United States,Mobile cellular subscriptions (per 100 people),2022,108.785640656159,North America,High income,-77.032,38.8895
5194,US,United States,Mobile cellular subscriptions (per 100 people),2021,106.324514306135,North America,High income,-77.032,38.8895
5195,US,United States,Mobile cellular subscriptions (per 100 people),2020,103.855170008567,North America,High income,-77.032,38.8895
5196,US,United States,Mobile cellular subscriptions (per 100 people),2019,105.32074052965,North America,High income,-77.032,38.8895
5197,US,United States,Mobile cellular subscriptions (per 100 people),2018,103.935307364,North America,High income,-77.032,38.8895
5198,US,United States,Mobile cellular subscriptions (per 100 people),2017,102.380562632686,North America,High income,-77.032,38.8895
5199,US,United States,Mobile cellular subscriptions (per 100 people),2016,102.751864866695,North America,High income,-77.032,38.8895
5200,UY,Uruguay,Mobile cellular subscriptions (per 100 people),2025,,Latin America & Caribbean ,High income,-56.0675,-34.8941
5201,UY,Uruguay,Mobile cellular subscriptions (per 100 people),2024,145.501755749445,Latin America & Caribbean ,High income,-56.0675,-34.8941
5202,UY,Uruguay,Mobile cellular subscriptions (per 100 people),2023,141.71948663565,Latin America & Caribbean ,High income,-56.0675,-34.8941
5203,UY,Uruguay,Mobile cellular subscriptions (per 100 people),2022,139.828801269747,Latin America & Caribbean ,High income,-56.0675,-34.8941
5204,UY,Uruguay,Mobile cellular subscriptions (per 100 people),2021,138.112989243956,Latin America & Caribbean ,High income,-56.0675,-34.8941
5205,UY,Uruguay,Mobile cellular subscriptions (per 100 people),2020,133.90170192835,Latin America & Caribbean ,High income,-56.0675,-34.8941
5206,UY,Uruguay,Mobile cellular subscriptions (per 100 people),2019,133.236724531865,Latin America & Caribbean ,High income,-56.0675,-34.8941
5207,UY,Uruguay,Mobile cellular subscriptions (per 100 people),2018,131.363332934653,Latin America & Caribbean ,High income,-56.0675,-34.8941
5208,UY,Uruguay,Mobile cellular subscriptions (per 100 people),2017,150.440084782428,Latin America & Caribbean ,High income,-56.0675,-34.8941
5209,UY,Uruguay,Mobile cellular subscriptions (per 100 people),2016,151.414841550708,Latin America & Caribbean ,High income,-56.0675,-34.8941
5210,UZ,Uzbekistan,Mobile cellular subscriptions (per 100 people),2025,,Europe & Central Asia,Lower middle income,69.269,41.3052
5211,UZ,Uzbekistan,Mobile cellular subscriptions (per 100 people),2024,110.492018573638,Europe & Central Asia,Lower middle income,69.269,41.3052
5212,UZ,Uzbekistan,Mobile cellular subscriptions (per 100 people),2023,106.884847592051,Europe & Central Asia,Lower middle income,69.269,41.3052
5213,UZ,Uzbekistan,Mobile cellular subscriptions (per 100 people),2022,105.471643327627,Europe & Central Asia,Lower middle income,69.269,41.3052
5214,UZ,Uzbekistan,Mobile cellular subscriptions (per 100 people),2021,102.410090312681,Europe & Central Asia,Lower middle income,69.269,41.3052
5215,UZ,Uzbekistan,Mobile cellular subscriptions (per 100 people),2020,99.4063901870675,Europe & Central Asia,Lower middle income,69.269,41.3052
5216,UZ,Uzbekistan,Mobile cellular subscriptions (per 100 people),2019,101.259829415713,Europe & Central Asia,Lower middle income,69.269,41.3052
5217,UZ,Uzbekistan,Mobile cellular subscriptions (per 100 people),2018,71.744368617656,Europe & Central Asia,Lower middle income,69.269,41.3052
5218,UZ,Uzbekistan,Mobile cellular subscriptions (per 100 people),2017,76.2604866788199,Europe & Central Asia,Lower middle income,69.269,41.3052
5219,UZ,Uzbekistan,Mobile cellular subscriptions (per 100 people),2016,74.3669818295078,Europe & Central Asia,Lower middle income,69.269,41.3052
5220,VU,Vanuatu,Mobile cellular subscriptions (per 100 people),2025,,East Asia & Pacific,Lower middle income,168.321,-17.7404
5221,VU,Vanuatu,Mobile cellular subscriptions (per 100 people),2024,,East Asia & Pacific,Lower middle income,168.321,-17.7404
5222,VU,Vanuatu,Mobile cellular subscriptions (per 100 people),2023,89.2943082123161,East Asia & Pacific,Lower middle income,168.321,-17.7404
5223,VU,Vanuatu,Mobile cellular subscriptions (per 100 people),2022,81.6202730589115,East Asia & Pacific,Lower middle income,168.321,-17.7404
5224,VU,Vanuatu,Mobile cellular subscriptions (per 100 people),2021,81.6914485987419,East Asia & Pacific,Lower middle income,168.321,-17.7404
5225,VU,Vanuatu,Mobile cellular subscriptions (per 100 people),2020,82.3909682859418,East Asia & Pacific,Lower middle income,168.321,-17.7404
5226,VU,Vanuatu,Mobile cellular subscriptions (per 100 people),2019,90.8330907409627,East Asia & Pacific,Lower middle income,168.321,-17.7404
5227,VU,Vanuatu,Mobile cellular subscriptions (per 100 people),2018,88.1402514907505,East Asia & Pacific,Lower middle income,168.321,-17.7404
5228,VU,Vanuatu,Mobile cellular subscriptions (per 100 people),2017,81.8708326900222,East Asia & Pacific,Lower middle income,168.321,-17.7404
5229,VU,Vanuatu,Mobile cellular subscriptions (per 100 people),2016,80.3430520385024,East Asia & Pacific,Lower middle income,168.321,-17.7404
5230,VE,"Venezuela, RB",Mobile cellular subscriptions (per 100 people),2025,,Latin America & Caribbean ,Lower middle income,-69.8371,9.08165
5231,VE,"Venezuela, RB",Mobile cellular subscriptions (per 100 people),2024,71.0075917225029,Latin America & Caribbean ,Lower middle income,-69.8371,9.08165
5232,VE,"Venezuela, RB",Mobile cellular subscriptions (per 100 people),2023,70.2197325918151,Latin America & Caribbean ,Lower middle income,-69.8371,9.08165
5233,VE,"Venezuela, RB",Mobile cellular subscriptions (per 100 people),2022,66.4667731210739,Latin America & Caribbean ,Lower middle income,-69.8371,9.08165
5234,VE,"Venezuela, RB",Mobile cellular subscriptions (per 100 people),2021,60.2344883065715,Latin America & Caribbean ,Lower middle income,-69.8371,9.08165
5235,VE,"Venezuela, RB",Mobile cellular subscriptions (per 100 people),2020,58.1625657953324,Latin America & Caribbean ,Lower middle income,-69.8371,9.08165
5236,VE,"Venezuela, RB",Mobile cellular subscriptions (per 100 people),2019,63.8474442929871,Latin America & Caribbean ,Lower middle income,-69.8371,9.08165
5237,VE,"Venezuela, RB",Mobile cellular subscriptions (per 100 people),2018,69.5499623049054,Latin America & Caribbean ,Lower middle income,-69.8371,9.08165
5238,VE,"Venezuela, RB",Mobile cellular subscriptions (per 100 people),2017,80.1355411817503,Latin America & Caribbean ,Lower middle income,-69.8371,9.08165
5239,VE,"Venezuela, RB",Mobile cellular subscriptions (per 100 people),2016,89.713138519105,Latin America & Caribbean ,Lower middle income,-69.8371,9.08165
5240,VN,Viet Nam,Mobile cellular subscriptions (per 100 people),2025,,East Asia & Pacific,Upper middle income,105.825,21.0069
5241,VN,Viet Nam,Mobile cellular subscriptions (per 100 people),2024,127.606471743496,East Asia & Pacific,Upper middle income,105.825,21.0069
5242,VN,Viet Nam,Mobile cellular subscriptions (per 100 people),2023,130.991428667547,East Asia & Pacific,Upper middle income,105.825,21.0069
5243,VN,Viet Nam,Mobile cellular subscriptions (per 100 people),2022,137.852422819653,East Asia & Pacific,Upper middle income,105.825,21.0069
5244,VN,Viet Nam,Mobile cellular subscriptions (per 100 people),2021,136.806313165021,East Asia & Pacific,Upper middle income,105.825,21.0069
5245,VN,Viet Nam,Mobile cellular subscriptions (per 100 people),2020,141.655558720912,East Asia & Pacific,Upper middle income,105.825,21.0069
5246,VN,Viet Nam,Mobile cellular subscriptions (per 100 people),2019,140.192561828615,East Asia & Pacific,Upper middle income,105.825,21.0069
5247,VN,Viet Nam,Mobile cellular subscriptions (per 100 people),2018,146.137840768403,East Asia & Pacific,Upper middle income,105.825,21.0069
5248,VN,Viet Nam,Mobile cellular subscriptions (per 100 people),2017,126.097912313395,East Asia & Pacific,Upper middle income,105.825,21.0069
5249,VN,Viet Nam,Mobile cellular subscriptions (per 100 people),2016,128.297962650408,East Asia & Pacific,Upper middle income,105.825,21.0069
5250,VI,Virgin Islands (U.S.),Mobile cellular subscriptions (per 100 people),2025,,Latin America & Caribbean ,High income,-64.8963,18.3358
5251,VI,Virgin Islands (U.S.),Mobile cellular subscriptions (per 100 people),2024,,Latin America & Caribbean ,High income,-64.8963,18.3358
5252,VI,Virgin Islands (U.S.),Mobile cellular subscriptions (per 100 people),2023,,Latin America & Caribbean ,High income,-64.8963,18.3358
5253,VI,Virgin Islands (U.S.),Mobile cellular subscriptions (per 100 people),2022,91.4619626157421,Latin America & Caribbean ,High income,-64.8963,18.3358
5254,VI,Virgin Islands (U.S.),Mobile cellular subscriptions (per 100 people),2021,91.7189273471447,Latin America & Caribbean ,High income,-64.8963,18.3358
5255,VI,Virgin Islands (U.S.),Mobile cellular subscriptions (per 100 people),2020,91.2127880328822,Latin America & Caribbean ,High income,-64.8963,18.3358
5256,VI,Virgin Islands (U.S.),Mobile cellular subscriptions (per 100 people),2019,89.5124925872467,Latin America & Caribbean ,High income,-64.8963,18.3358
5257,VI,Virgin Islands (U.S.),Mobile cellular subscriptions (per 100 people),2018,,Latin America & Caribbean ,High income,-64.8963,18.3358
5258,VI,Virgin Islands (U.S.),Mobile cellular subscriptions (per 100 people),2017,,Latin America & Caribbean ,High income,-64.8963,18.3358
5259,VI,Virgin Islands (U.S.),Mobile cellular subscriptions (per 100 people),2016,,Latin America & Caribbean ,High income,-64.8963,18.3358
5260,PS,West Bank and Gaza,Mobile cellular subscriptions (per 100 people),2025,,"Middle East, North Africa, Afghanistan & Pakistan",Lower middle income,,
5261,PS,West Bank and Gaza,Mobile cellular subscriptions (per 100 people),2024,,"Middle East, North Africa, Afghanistan & Pakistan",Lower middle income,,
5262,PS,West Bank and Gaza,Mobile cellular subscriptions (per 100 people),2023,76.6918854204372,"Middle East, North Africa, Afghanistan & Pakistan",Lower middle income,,
5263,PS,West Bank and Gaza,Mobile cellular subscriptions (per 100 people),2022,76.5666403406424,"Middle East, North Africa, Afghanistan & Pakistan",Lower middle income,,
5264,PS,West Bank and Gaza,Mobile cellular subscriptions (per 100 people),2021,78.1621094563592,"Middle East, North Africa, Afghanistan & Pakistan",Lower middle income,,
5265,PS,West Bank and Gaza,Mobile cellular subscriptions (per 100 people),2020,80.1297988122355,"Middle East, North Africa, Afghanistan & Pakistan",Lower middle income,,
5266,PS,West Bank and Gaza,Mobile cellular subscriptions (per 100 people),2019,86.7372172316252,"Middle East, North Africa, Afghanistan & Pakistan",Lower middle income,,
5267,PS,West Bank and Gaza,Mobile cellular subscriptions (per 100 people),2018,90.2055254286487,"Middle East, North Africa, Afghanistan & Pakistan",Lower middle income,,
5268,PS,West Bank and Gaza,Mobile cellular subscriptions (per 100 people),2017,84.2593832303374,"Middle East, North Africa, Afghanistan & Pakistan",Lower middle income,,
5269,PS,West Bank and Gaza,Mobile cellular subscriptions (per 100 people),2016,80.1510726160054,"Middle East, North Africa, Afghanistan & Pakistan",Lower middle income,,
5270,YE,"Yemen, Rep.",Mobile cellular subscriptions (per 100 people),2025,,"Middle East, North Africa, Afghanistan & Pakistan",Low income,44.2075,15.352
5271,YE,"Yemen, Rep.",Mobile cellular subscriptions (per 100 people),2024,,"Middle East, North Africa, Afghanistan & Pakistan",Low income,44.2075,15.352
5272,YE,"Yemen, Rep.",Mobile cellular subscriptions (per 100 people),2023,50.8937810578557,"Middle East, North Africa, Afghanistan & Pakistan",Low income,44.2075,15.352
5273,YE,"Yemen, Rep.",Mobile cellular subscriptions (per 100 people),2022,46.4534353720531,"Middle East, North Africa, Afghanistan & Pakistan",Low income,44.2075,15.352
5274,YE,"Yemen, Rep.",Mobile cellular subscriptions (per 100 people),2021,47.8090200303014,"Middle East, North Africa, Afghanistan & Pakistan",Low income,44.2075,15.352
5275,YE,"Yemen, Rep.",Mobile cellular subscriptions (per 100 people),2020,42.0037568704771,"Middle East, North Africa, Afghanistan & Pakistan",Low income,44.2075,15.352
5276,YE,"Yemen, Rep.",Mobile cellular subscriptions (per 100 people),2019,43.3990001198471,"Middle East, North Africa, Afghanistan & Pakistan",Low income,44.2075,15.352
5277,YE,"Yemen, Rep.",Mobile cellular subscriptions (per 100 people),2018,44.8810541777362,"Middle East, North Africa, Afghanistan & Pakistan",Low income,44.2075,15.352
5278,YE,"Yemen, Rep.",Mobile cellular subscriptions (per 100 people),2017,46.4111228575355,"Middle East, North Africa, Afghanistan & Pakistan",Low income,44.2075,15.352
5279,YE,"Yemen, Rep.",Mobile cellular subscriptions (per 100 people),2016,51.1789525743709,"Middle East, North Africa, Afghanistan & Pakistan",Low income,44.2075,15.352
5280,ZM,Zambia,Mobile cellular subscriptions (per 100 people),2025,,Sub-Saharan Africa ,Lower middle income,28.2937,-15.3982
5281,ZM,Zambia,Mobile cellular subscriptions (per 100 people),2024,108.704779873813,Sub-Saharan Africa ,Lower middle income,28.2937,-15.3982
5282,ZM,Zambia,Mobile cellular subscriptions (per 100 people),2023,102.06156495632,Sub-Saharan Africa ,Lower middle income,28.2937,-15.3982
5283,ZM,Zambia,Mobile cellular subscriptions (per 100 people),2022,98.4372601156219,Sub-Saharan Africa ,Lower middle income,28.2937,-15.3982
5284,ZM,Zambia,Mobile cellular subscriptions (per 100 people),2021,103.28257957834,Sub-Saharan Africa ,Lower middle income,28.2937,-15.3982
5285,ZM,Zambia,Mobile cellular subscriptions (per 100 people),2020,100.235122888213,Sub-Saharan Africa ,Lower middle income,28.2937,-15.3982
5286,ZM,Zambia,Mobile cellular subscriptions (per 100 people),2019,93.0147820773422,Sub-Saharan Africa ,Lower middle income,28.2937,-15.3982
5287,ZM,Zambia,Mobile cellular subscriptions (per 100 people),2018,86.0723321005416,Sub-Saharan Africa ,Lower middle income,28.2937,-15.3982
5288,ZM,Zambia,Mobile cellular subscriptions (per 100 people),2017,77.0500111230113,Sub-Saharan Africa ,Lower middle income,28.2937,-15.3982
5289,ZM,Zambia,Mobile cellular subscriptions (per 100 people),2016,71.0460770668914,Sub-Saharan Africa ,Lower middle income,28.2937,-15.3982
5290,ZW,Zimbabwe,Mobile cellular subscriptions (per 100 people),2025,,Sub-Saharan Africa ,Lower middle income,31.0672,-17.8312
5291,ZW,Zimbabwe,Mobile cellular subscriptions (per 100 people),2024,94.2451753366358,Sub-Saharan Africa ,Lower middle income,31.0672,-17.8312
5292,ZW,Zimbabwe,Mobile cellular subscriptions (per 100 people),2023,91.6344110473757,Sub-Saharan Africa ,Lower middle income,31.0672,-17.8312
5293,ZW,Zimbabwe,Mobile cellular subscriptions (per 100 people),2022,88.9958314912836,Sub-Saharan Africa ,Lower middle income,31.0672,-17.8312
5294,ZW,Zimbabwe,Mobile cellular subscriptions (per 100 people),2021,90.2538486226365,Sub-Saharan Africa ,Lower middle income,31.0672,-17.8312
5295,ZW,Zimbabwe,Mobile cellular subscriptions (per 100 people),2020,84.9604118996672,Sub-Saharan Africa ,Lower middle income,31.0672,-17.8312
5296,ZW,Zimbabwe,Mobile cellular subscriptions (per 100 people),2019,86.4094297249598,Sub-Saharan Africa ,Lower middle income,31.0672,-17.8312
5297,ZW,Zimbabwe,Mobile cellular subscriptions (per 100 people),2018,85.8627371320218,Sub-Saharan Africa ,Lower middle income,31.0672,-17.8312
5298,ZW,Zimbabwe,Mobile cellular subscriptions (per 100 people),2017,95.136682697741,Sub-Saharan Africa ,Lower middle income,31.0672,-17.8312
5299,ZW,Zimbabwe,Mobile cellular subscriptions (per 100 people),2016,88.2100456333277,Sub-Saharan Africa ,Lower middle income,31.0672,-17.8312
