,country_id,country_value,indicator_name,year,value,region,incomeLevel,longitude,latitude
0,ZH,Africa Eastern and Southern,Exports of goods and services (current US$),2025,347371312400.777,Aggregates,Aggregates,,
1,ZH,Africa Eastern and Southern,Exports of goods and services (current US$),2024,319674188232.428,Aggregates,Aggregates,,
2,ZH,Africa Eastern and Southern,Exports of goods and services (current US$),2023,308463685063.397,Aggregates,Aggregates,,
3,ZH,Africa Eastern and Southern,Exports of goods and services (current US$),2022,331550256662.314,Aggregates,Aggregates,,
4,ZH,Africa Eastern and Southern,Exports of goods and services (current US$),2021,286371016984.617,Aggregates,Aggregates,,
5,ZH,Africa Eastern and Southern,Exports of goods and services (current US$),2020,208274988470.384,Aggregates,Aggregates,,
6,ZH,Africa Eastern and Southern,Exports of goods and services (current US$),2019,244123356176.254,Aggregates,Aggregates,,
7,ZH,Africa Eastern and Southern,Exports of goods and services (current US$),2018,258933955173.15,Aggregates,Aggregates,,
8,ZH,Africa Eastern and Southern,Exports of goods and services (current US$),2017,233010739617.521,Aggregates,Aggregates,,
9,ZH,Africa Eastern and Southern,Exports of goods and services (current US$),2016,197213708107.097,Aggregates,Aggregates,,
10,ZI,Africa Western and Central,Exports of goods and services (current US$),2025,,Aggregates,Aggregates,,
11,ZI,Africa Western and Central,Exports of goods and services (current US$),2024,,Aggregates,Aggregates,,
12,ZI,Africa Western and Central,Exports of goods and services (current US$),2023,,Aggregates,Aggregates,,
13,ZI,Africa Western and Central,Exports of goods and services (current US$),2022,,Aggregates,Aggregates,,
14,ZI,Africa Western and Central,Exports of goods and services (current US$),2021,,Aggregates,Aggregates,,
15,ZI,Africa Western and Central,Exports of goods and services (current US$),2020,,Aggregates,Aggregates,,
16,ZI,Africa Western and Central,Exports of goods and services (current US$),2019,,Aggregates,Aggregates,,
17,ZI,Africa Western and Central,Exports of goods and services (current US$),2018,,Aggregates,Aggregates,,
18,ZI,Africa Western and Central,Exports of goods and services (current US$),2017,,Aggregates,Aggregates,,
19,ZI,Africa Western and Central,Exports of goods and services (current US$),2016,,Aggregates,Aggregates,,
20,1A,Arab World,Exports of goods and services (current US$),2025,,Aggregates,Aggregates,,
21,1A,Arab World,Exports of goods and services (current US$),2024,,Aggregates,Aggregates,,
22,1A,Arab World,Exports of goods and services (current US$),2023,1694145367306.17,Aggregates,Aggregates,,
23,1A,Arab World,Exports of goods and services (current US$),2022,1788243825591.22,Aggregates,Aggregates,,
24,1A,Arab World,Exports of goods and services (current US$),2021,1278077127514.27,Aggregates,Aggregates,,
25,1A,Arab World,Exports of goods and services (current US$),2020,929568573752.049,Aggregates,Aggregates,,
26,1A,Arab World,Exports of goods and services (current US$),2019,1245142173332.7,Aggregates,Aggregates,,
27,1A,Arab World,Exports of goods and services (current US$),2018,1293680754339.0,Aggregates,Aggregates,,
28,1A,Arab World,Exports of goods and services (current US$),2017,1086646434836.1,Aggregates,Aggregates,,
29,1A,Arab World,Exports of goods and services (current US$),2016,948507106263.179,Aggregates,Aggregates,,
30,S3,Caribbean small states,Exports of goods and services (current US$),2025,,Aggregates,Aggregates,,
31,S3,Caribbean small states,Exports of goods and services (current US$),2024,,Aggregates,Aggregates,,
32,S3,Caribbean small states,Exports of goods and services (current US$),2023,,Aggregates,Aggregates,,
33,S3,Caribbean small states,Exports of goods and services (current US$),2022,,Aggregates,Aggregates,,
34,S3,Caribbean small states,Exports of goods and services (current US$),2021,,Aggregates,Aggregates,,
35,S3,Caribbean small states,Exports of goods and services (current US$),2020,,Aggregates,Aggregates,,
36,S3,Caribbean small states,Exports of goods and services (current US$),2019,,Aggregates,Aggregates,,
37,S3,Caribbean small states,Exports of goods and services (current US$),2018,,Aggregates,Aggregates,,
38,S3,Caribbean small states,Exports of goods and services (current US$),2017,,Aggregates,Aggregates,,
39,S3,Caribbean small states,Exports of goods and services (current US$),2016,,Aggregates,Aggregates,,
40,B8,Central Europe and the Baltics,Exports of goods and services (current US$),2025,1557798203708.72,Aggregates,Aggregates,,
41,B8,Central Europe and the Baltics,Exports of goods and services (current US$),2024,1438334518388.46,Aggregates,Aggregates,,
42,B8,Central Europe and the Baltics,Exports of goods and services (current US$),2023,1426026919121.61,Aggregates,Aggregates,,
43,B8,Central Europe and the Baltics,Exports of goods and services (current US$),2022,1341186295975.17,Aggregates,Aggregates,,
44,B8,Central Europe and the Baltics,Exports of goods and services (current US$),2021,1215866380973.72,Aggregates,Aggregates,,
45,B8,Central Europe and the Baltics,Exports of goods and services (current US$),2020,984788674735.239,Aggregates,Aggregates,,
46,B8,Central Europe and the Baltics,Exports of goods and services (current US$),2019,1040654835917.88,Aggregates,Aggregates,,
47,B8,Central Europe and the Baltics,Exports of goods and services (current US$),2018,1042008116805.89,Aggregates,Aggregates,,
48,B8,Central Europe and the Baltics,Exports of goods and services (current US$),2017,929211390030.223,Aggregates,Aggregates,,
49,B8,Central Europe and the Baltics,Exports of goods and services (current US$),2016,822184666105.749,Aggregates,Aggregates,,
50,V2,Early-demographic dividend,Exports of goods and services (current US$),2025,4215516070802.53,Aggregates,Aggregates,,
51,V2,Early-demographic dividend,Exports of goods and services (current US$),2024,3986378336776.57,Aggregates,Aggregates,,
52,V2,Early-demographic dividend,Exports of goods and services (current US$),2023,3863572956731.26,Aggregates,Aggregates,,
53,V2,Early-demographic dividend,Exports of goods and services (current US$),2022,3981592322814.38,Aggregates,Aggregates,,
54,V2,Early-demographic dividend,Exports of goods and services (current US$),2021,3248375413124.99,Aggregates,Aggregates,,
55,V2,Early-demographic dividend,Exports of goods and services (current US$),2020,2421338261308.34,Aggregates,Aggregates,,
56,V2,Early-demographic dividend,Exports of goods and services (current US$),2019,2908197796671.28,Aggregates,Aggregates,,
57,V2,Early-demographic dividend,Exports of goods and services (current US$),2018,2982323217848.88,Aggregates,Aggregates,,
58,V2,Early-demographic dividend,Exports of goods and services (current US$),2017,2685778820368.91,Aggregates,Aggregates,,
59,V2,Early-demographic dividend,Exports of goods and services (current US$),2016,2378138886335.24,Aggregates,Aggregates,,
60,Z4,East Asia & Pacific,Exports of goods and services (current US$),2025,10950945357715.1,Aggregates,Aggregates,,
61,Z4,East Asia & Pacific,Exports of goods and services (current US$),2024,10021440747669.2,Aggregates,Aggregates,,
62,Z4,East Asia & Pacific,Exports of goods and services (current US$),2023,9376420895993.1,Aggregates,Aggregates,,
63,Z4,East Asia & Pacific,Exports of goods and services (current US$),2022,9690747062040.52,Aggregates,Aggregates,,
64,Z4,East Asia & Pacific,Exports of goods and services (current US$),2021,9035020633831.03,Aggregates,Aggregates,,
65,Z4,East Asia & Pacific,Exports of goods and services (current US$),2020,7240519396604.81,Aggregates,Aggregates,,
66,Z4,East Asia & Pacific,Exports of goods and services (current US$),2019,7557126900021.46,Aggregates,Aggregates,,
67,Z4,East Asia & Pacific,Exports of goods and services (current US$),2018,7707550916603.27,Aggregates,Aggregates,,
68,Z4,East Asia & Pacific,Exports of goods and services (current US$),2017,7096062820221.19,Aggregates,Aggregates,,
69,Z4,East Asia & Pacific,Exports of goods and services (current US$),2016,6413533781588.69,Aggregates,Aggregates,,
70,4E,East Asia & Pacific (excluding high income),Exports of goods and services (current US$),2025,5933158784747.68,Aggregates,Aggregates,,
71,4E,East Asia & Pacific (excluding high income),Exports of goods and services (current US$),2024,5464702789542.71,Aggregates,Aggregates,,
72,4E,East Asia & Pacific (excluding high income),Exports of goods and services (current US$),2023,5046365120857.53,Aggregates,Aggregates,,
73,4E,East Asia & Pacific (excluding high income),Exports of goods and services (current US$),2022,5261215049052.5,Aggregates,Aggregates,,
74,4E,East Asia & Pacific (excluding high income),Exports of goods and services (current US$),2021,4882796762398.59,Aggregates,Aggregates,,
75,4E,East Asia & Pacific (excluding high income),Exports of goods and services (current US$),2020,3839515420531.83,Aggregates,Aggregates,,
76,4E,East Asia & Pacific (excluding high income),Exports of goods and services (current US$),2019,3873025271427.03,Aggregates,Aggregates,,
77,4E,East Asia & Pacific (excluding high income),Exports of goods and services (current US$),2018,3882654906002.09,Aggregates,Aggregates,,
78,4E,East Asia & Pacific (excluding high income),Exports of goods and services (current US$),2017,3544640440271.85,Aggregates,Aggregates,,
79,4E,East Asia & Pacific (excluding high income),Exports of goods and services (current US$),2016,3186230899742.27,Aggregates,Aggregates,,
80,T4,East Asia & Pacific (IDA & IBRD countries),Exports of goods and services (current US$),2025,5925439615083.3,Aggregates,Aggregates,,
81,T4,East Asia & Pacific (IDA & IBRD countries),Exports of goods and services (current US$),2024,5457582669696.12,Aggregates,Aggregates,,
82,T4,East Asia & Pacific (IDA & IBRD countries),Exports of goods and services (current US$),2023,5039747852810.55,Aggregates,Aggregates,,
83,T4,East Asia & Pacific (IDA & IBRD countries),Exports of goods and services (current US$),2022,5254292021876.32,Aggregates,Aggregates,,
84,T4,East Asia & Pacific (IDA & IBRD countries),Exports of goods and services (current US$),2021,4876329369734.17,Aggregates,Aggregates,,
85,T4,East Asia & Pacific (IDA & IBRD countries),Exports of goods and services (current US$),2020,3834490398714.41,Aggregates,Aggregates,,
86,T4,East Asia & Pacific (IDA & IBRD countries),Exports of goods and services (current US$),2019,3868024844014.43,Aggregates,Aggregates,,
87,T4,East Asia & Pacific (IDA & IBRD countries),Exports of goods and services (current US$),2018,3877652994502.9,Aggregates,Aggregates,,
88,T4,East Asia & Pacific (IDA & IBRD countries),Exports of goods and services (current US$),2017,3540094081895.99,Aggregates,Aggregates,,
89,T4,East Asia & Pacific (IDA & IBRD countries),Exports of goods and services (current US$),2016,3182183469358.77,Aggregates,Aggregates,,
90,XC,Euro area,Exports of goods and services (current US$),2025,8747504036242.87,Aggregates,Aggregates,,
91,XC,Euro area,Exports of goods and services (current US$),2024,8167271217710.07,Aggregates,Aggregates,,
92,XC,Euro area,Exports of goods and services (current US$),2023,8041468643577.99,Aggregates,Aggregates,,
93,XC,Euro area,Exports of goods and services (current US$),2022,7878772641197.74,Aggregates,Aggregates,,
94,XC,Euro area,Exports of goods and services (current US$),2021,7297801379483.43,Aggregates,Aggregates,,
95,XC,Euro area,Exports of goods and services (current US$),2020,5966584503860.19,Aggregates,Aggregates,,
96,XC,Euro area,Exports of goods and services (current US$),2019,6487300417645.26,Aggregates,Aggregates,,
97,XC,Euro area,Exports of goods and services (current US$),2018,6578433094225.94,Aggregates,Aggregates,,
98,XC,Euro area,Exports of goods and services (current US$),2017,5988047452658.1,Aggregates,Aggregates,,
99,XC,Euro area,Exports of goods and services (current US$),2016,5452718215487.71,Aggregates,Aggregates,,
100,Z7,Europe & Central Asia,Exports of goods and services (current US$),2025,14105638087316.6,Aggregates,Aggregates,,
101,Z7,Europe & Central Asia,Exports of goods and services (current US$),2024,13154498902550.3,Aggregates,Aggregates,,
102,Z7,Europe & Central Asia,Exports of goods and services (current US$),2023,12856898085901.9,Aggregates,Aggregates,,
103,Z7,Europe & Central Asia,Exports of goods and services (current US$),2022,12855533778579.1,Aggregates,Aggregates,,
104,Z7,Europe & Central Asia,Exports of goods and services (current US$),2021,11617426769139.6,Aggregates,Aggregates,,
105,Z7,Europe & Central Asia,Exports of goods and services (current US$),2020,9362651222104.18,Aggregates,Aggregates,,
106,Z7,Europe & Central Asia,Exports of goods and services (current US$),2019,10277599155582.4,Aggregates,Aggregates,,
107,Z7,Europe & Central Asia,Exports of goods and services (current US$),2018,10412405062003.9,Aggregates,Aggregates,,
108,Z7,Europe & Central Asia,Exports of goods and services (current US$),2017,9407008979942.48,Aggregates,Aggregates,,
109,Z7,Europe & Central Asia,Exports of goods and services (current US$),2016,8558388712409.88,Aggregates,Aggregates,,
110,7E,Europe & Central Asia (excluding high income),Exports of goods and services (current US$),2025,817100367027.836,Aggregates,Aggregates,,
111,7E,Europe & Central Asia (excluding high income),Exports of goods and services (current US$),2024,781334239135.559,Aggregates,Aggregates,,
112,7E,Europe & Central Asia (excluding high income),Exports of goods and services (current US$),2023,751133928317.819,Aggregates,Aggregates,,
113,7E,Europe & Central Asia (excluding high income),Exports of goods and services (current US$),2022,741610011650.466,Aggregates,Aggregates,,
114,7E,Europe & Central Asia (excluding high income),Exports of goods and services (current US$),2021,626681490209.651,Aggregates,Aggregates,,
115,7E,Europe & Central Asia (excluding high income),Exports of goods and services (current US$),2020,458756762480.894,Aggregates,Aggregates,,
116,7E,Europe & Central Asia (excluding high income),Exports of goods and services (current US$),2019,551243122705.044,Aggregates,Aggregates,,
117,7E,Europe & Central Asia (excluding high income),Exports of goods and services (current US$),2018,538599338614.224,Aggregates,Aggregates,,
118,7E,Europe & Central Asia (excluding high income),Exports of goods and services (current US$),2017,476013971379.994,Aggregates,Aggregates,,
119,7E,Europe & Central Asia (excluding high income),Exports of goods and services (current US$),2016,414549208446.019,Aggregates,Aggregates,,
120,T7,Europe & Central Asia (IDA & IBRD countries),Exports of goods and services (current US$),2025,2069129618677.17,Aggregates,Aggregates,,
121,T7,Europe & Central Asia (IDA & IBRD countries),Exports of goods and services (current US$),2024,1984826367766.21,Aggregates,Aggregates,,
122,T7,Europe & Central Asia (IDA & IBRD countries),Exports of goods and services (current US$),2023,1932185782912.42,Aggregates,Aggregates,,
123,T7,Europe & Central Asia (IDA & IBRD countries),Exports of goods and services (current US$),2022,2044792143541.05,Aggregates,Aggregates,,
124,T7,Europe & Central Asia (IDA & IBRD countries),Exports of goods and services (current US$),2021,1771120919959.84,Aggregates,Aggregates,,
125,T7,Europe & Central Asia (IDA & IBRD countries),Exports of goods and services (current US$),2020,1313920766209.32,Aggregates,Aggregates,,
126,T7,Europe & Central Asia (IDA & IBRD countries),Exports of goods and services (current US$),2019,1525702645620.25,Aggregates,Aggregates,,
127,T7,Europe & Central Asia (IDA & IBRD countries),Exports of goods and services (current US$),2018,1534417252841.52,Aggregates,Aggregates,,
128,T7,Europe & Central Asia (IDA & IBRD countries),Exports of goods and services (current US$),2017,1315942714992.76,Aggregates,Aggregates,,
129,T7,Europe & Central Asia (IDA & IBRD countries),Exports of goods and services (current US$),2016,1118423327915.65,Aggregates,Aggregates,,
130,EU,European Union,Exports of goods and services (current US$),2025,10538060548522.1,Aggregates,Aggregates,,
131,EU,European Union,Exports of goods and services (current US$),2024,9822201178200.51,Aggregates,Aggregates,,
132,EU,European Union,Exports of goods and services (current US$),2023,9657673463872.34,Aggregates,Aggregates,,
133,EU,European Union,Exports of goods and services (current US$),2022,9413958690932.8,Aggregates,Aggregates,,
134,EU,European Union,Exports of goods and services (current US$),2021,8698129221545.22,Aggregates,Aggregates,,
135,EU,European Union,Exports of goods and services (current US$),2020,7107616031188.83,Aggregates,Aggregates,,
136,EU,European Union,Exports of goods and services (current US$),2019,7684157673460.92,Aggregates,Aggregates,,
137,EU,European Union,Exports of goods and services (current US$),2018,7769972703793.73,Aggregates,Aggregates,,
138,EU,European Union,Exports of goods and services (current US$),2017,7063726189936.99,Aggregates,Aggregates,,
139,EU,European Union,Exports of goods and services (current US$),2016,6421421883139.11,Aggregates,Aggregates,,
140,XE,Heavily indebted poor countries (HIPC),Exports of goods and services (current US$),2025,310691060959.352,Aggregates,Aggregates,,
141,XE,Heavily indebted poor countries (HIPC),Exports of goods and services (current US$),2024,259840446597.413,Aggregates,Aggregates,,
142,XE,Heavily indebted poor countries (HIPC),Exports of goods and services (current US$),2023,239192229365.911,Aggregates,Aggregates,,
143,XE,Heavily indebted poor countries (HIPC),Exports of goods and services (current US$),2022,239658596550.731,Aggregates,Aggregates,,
144,XE,Heavily indebted poor countries (HIPC),Exports of goods and services (current US$),2021,210472086809.418,Aggregates,Aggregates,,
145,XE,Heavily indebted poor countries (HIPC),Exports of goods and services (current US$),2020,166761981608.988,Aggregates,Aggregates,,
146,XE,Heavily indebted poor countries (HIPC),Exports of goods and services (current US$),2019,184981062812.827,Aggregates,Aggregates,,
147,XE,Heavily indebted poor countries (HIPC),Exports of goods and services (current US$),2018,183469415862.925,Aggregates,Aggregates,,
148,XE,Heavily indebted poor countries (HIPC),Exports of goods and services (current US$),2017,163302984129.295,Aggregates,Aggregates,,
149,XE,Heavily indebted poor countries (HIPC),Exports of goods and services (current US$),2016,144938492472.529,Aggregates,Aggregates,,
150,XD,High income,Exports of goods and services (current US$),2025,24406365006080.1,Aggregates,Aggregates,,
151,XD,High income,Exports of goods and services (current US$),2024,22701262386811.6,Aggregates,Aggregates,,
152,XD,High income,Exports of goods and services (current US$),2023,22026521366016.1,Aggregates,Aggregates,,
153,XD,High income,Exports of goods and services (current US$),2022,22166935443435.6,Aggregates,Aggregates,,
154,XD,High income,Exports of goods and services (current US$),2021,19750785573877.9,Aggregates,Aggregates,,
155,XD,High income,Exports of goods and services (current US$),2020,16027924850378.5,Aggregates,Aggregates,,
156,XD,High income,Exports of goods and services (current US$),2019,17823663192108.4,Aggregates,Aggregates,,
157,XD,High income,Exports of goods and services (current US$),2018,18145500841199.0,Aggregates,Aggregates,,
158,XD,High income,Exports of goods and services (current US$),2017,16587312920961.9,Aggregates,Aggregates,,
159,XD,High income,Exports of goods and services (current US$),2016,15168016295489.9,Aggregates,Aggregates,,
160,XF,IBRD only,Exports of goods and services (current US$),2025,11252591347336.9,Aggregates,Aggregates,,
161,XF,IBRD only,Exports of goods and services (current US$),2024,10541343458928.9,Aggregates,Aggregates,,
162,XF,IBRD only,Exports of goods and services (current US$),2023,9961488165593.61,Aggregates,Aggregates,,
163,XF,IBRD only,Exports of goods and services (current US$),2022,10331539293036.7,Aggregates,Aggregates,,
164,XF,IBRD only,Exports of goods and services (current US$),2021,9163846676204.03,Aggregates,Aggregates,,
165,XF,IBRD only,Exports of goods and services (current US$),2020,7025840790050.23,Aggregates,Aggregates,,
166,XF,IBRD only,Exports of goods and services (current US$),2019,7630659794472.56,Aggregates,Aggregates,,
167,XF,IBRD only,Exports of goods and services (current US$),2018,7743120710922.68,Aggregates,Aggregates,,
168,XF,IBRD only,Exports of goods and services (current US$),2017,6954964005439.42,Aggregates,Aggregates,,
169,XF,IBRD only,Exports of goods and services (current US$),2016,6155405863660.46,Aggregates,Aggregates,,
170,ZT,IDA & IBRD total,Exports of goods and services (current US$),2025,11958471133569.1,Aggregates,Aggregates,,
171,ZT,IDA & IBRD total,Exports of goods and services (current US$),2024,11175920722090.8,Aggregates,Aggregates,,
172,ZT,IDA & IBRD total,Exports of goods and services (current US$),2023,10558134697889.8,Aggregates,Aggregates,,
173,ZT,IDA & IBRD total,Exports of goods and services (current US$),2022,10934043460294.4,Aggregates,Aggregates,,
174,ZT,IDA & IBRD total,Exports of goods and services (current US$),2021,9682176783756.76,Aggregates,Aggregates,,
175,ZT,IDA & IBRD total,Exports of goods and services (current US$),2020,7442351263559.8,Aggregates,Aggregates,,
176,ZT,IDA & IBRD total,Exports of goods and services (current US$),2019,8098922309820.06,Aggregates,Aggregates,,
177,ZT,IDA & IBRD total,Exports of goods and services (current US$),2018,8203311894995.42,Aggregates,Aggregates,,
178,ZT,IDA & IBRD total,Exports of goods and services (current US$),2017,7376036842564.83,Aggregates,Aggregates,,
179,ZT,IDA & IBRD total,Exports of goods and services (current US$),2016,6527086249266.03,Aggregates,Aggregates,,
180,XH,IDA blend,Exports of goods and services (current US$),2025,,Aggregates,Aggregates,,
181,XH,IDA blend,Exports of goods and services (current US$),2024,,Aggregates,Aggregates,,
182,XH,IDA blend,Exports of goods and services (current US$),2023,,Aggregates,Aggregates,,
183,XH,IDA blend,Exports of goods and services (current US$),2022,,Aggregates,Aggregates,,
184,XH,IDA blend,Exports of goods and services (current US$),2021,,Aggregates,Aggregates,,
185,XH,IDA blend,Exports of goods and services (current US$),2020,,Aggregates,Aggregates,,
186,XH,IDA blend,Exports of goods and services (current US$),2019,,Aggregates,Aggregates,,
187,XH,IDA blend,Exports of goods and services (current US$),2018,,Aggregates,Aggregates,,
188,XH,IDA blend,Exports of goods and services (current US$),2017,,Aggregates,Aggregates,,
189,XH,IDA blend,Exports of goods and services (current US$),2016,,Aggregates,Aggregates,,
190,XI,IDA only,Exports of goods and services (current US$),2025,439761984290.194,Aggregates,Aggregates,,
191,XI,IDA only,Exports of goods and services (current US$),2024,386457723990.58,Aggregates,Aggregates,,
192,XI,IDA only,Exports of goods and services (current US$),2023,367561432116.947,Aggregates,Aggregates,,
193,XI,IDA only,Exports of goods and services (current US$),2022,365039604716.32,Aggregates,Aggregates,,
194,XI,IDA only,Exports of goods and services (current US$),2021,315296554812.47,Aggregates,Aggregates,,
195,XI,IDA only,Exports of goods and services (current US$),2020,256772443165.363,Aggregates,Aggregates,,
196,XI,IDA only,Exports of goods and services (current US$),2019,289835686398.075,Aggregates,Aggregates,,
197,XI,IDA only,Exports of goods and services (current US$),2018,278686492085.111,Aggregates,Aggregates,,
198,XI,IDA only,Exports of goods and services (current US$),2017,254084583850.239,Aggregates,Aggregates,,
199,XI,IDA only,Exports of goods and services (current US$),2016,228187085148.134,Aggregates,Aggregates,,
200,XG,IDA total,Exports of goods and services (current US$),2025,756149974462.913,Aggregates,Aggregates,,
201,XG,IDA total,Exports of goods and services (current US$),2024,667097581014.372,Aggregates,Aggregates,,
202,XG,IDA total,Exports of goods and services (current US$),2023,626247459053.897,Aggregates,Aggregates,,
203,XG,IDA total,Exports of goods and services (current US$),2022,627222427696.74,Aggregates,Aggregates,,
204,XG,IDA total,Exports of goods and services (current US$),2021,534429130839.556,Aggregates,Aggregates,,
205,XG,IDA total,Exports of goods and services (current US$),2020,435535316906.195,Aggregates,Aggregates,,
206,XG,IDA total,Exports of goods and services (current US$),2019,494618479475.895,Aggregates,Aggregates,,
207,XG,IDA total,Exports of goods and services (current US$),2018,481573202057.069,Aggregates,Aggregates,,
208,XG,IDA total,Exports of goods and services (current US$),2017,443044597426.382,Aggregates,Aggregates,,
209,XG,IDA total,Exports of goods and services (current US$),2016,390768919827.307,Aggregates,Aggregates,,
210,V3,Late-demographic dividend,Exports of goods and services (current US$),2025,9973708911895.42,Aggregates,Aggregates,,
211,V3,Late-demographic dividend,Exports of goods and services (current US$),2024,9213585839150.34,Aggregates,Aggregates,,
212,V3,Late-demographic dividend,Exports of goods and services (current US$),2023,8607322386788.13,Aggregates,Aggregates,,
213,V3,Late-demographic dividend,Exports of goods and services (current US$),2022,8880792509663.57,Aggregates,Aggregates,,
214,V3,Late-demographic dividend,Exports of goods and services (current US$),2021,7974862014039.51,Aggregates,Aggregates,,
215,V3,Late-demographic dividend,Exports of goods and services (current US$),2020,6266589890712.16,Aggregates,Aggregates,,
216,V3,Late-demographic dividend,Exports of goods and services (current US$),2019,6517990058748.61,Aggregates,Aggregates,,
217,V3,Late-demographic dividend,Exports of goods and services (current US$),2018,6547730047712.65,Aggregates,Aggregates,,
218,V3,Late-demographic dividend,Exports of goods and services (current US$),2017,5890794895276.36,Aggregates,Aggregates,,
219,V3,Late-demographic dividend,Exports of goods and services (current US$),2016,5248976795556.52,Aggregates,Aggregates,,
220,ZJ,Latin America & Caribbean,Exports of goods and services (current US$),2025,1933775529013.06,Aggregates,Aggregates,,
221,ZJ,Latin America & Caribbean,Exports of goods and services (current US$),2024,1826478875234.03,Aggregates,Aggregates,,
222,ZJ,Latin America & Caribbean,Exports of goods and services (current US$),2023,1741440551371.73,Aggregates,Aggregates,,
223,ZJ,Latin America & Caribbean,Exports of goods and services (current US$),2022,1726032776862.11,Aggregates,Aggregates,,
224,ZJ,Latin America & Caribbean,Exports of goods and services (current US$),2021,1462994975553.97,Aggregates,Aggregates,,
225,ZJ,Latin America & Caribbean,Exports of goods and services (current US$),2020,1156995558315.17,Aggregates,Aggregates,,
226,ZJ,Latin America & Caribbean,Exports of goods and services (current US$),2019,1353792860649.69,Aggregates,Aggregates,,
227,ZJ,Latin America & Caribbean,Exports of goods and services (current US$),2018,1369096787936.69,Aggregates,Aggregates,,
228,ZJ,Latin America & Caribbean,Exports of goods and services (current US$),2017,1278964566873.52,Aggregates,Aggregates,,
229,ZJ,Latin America & Caribbean,Exports of goods and services (current US$),2016,1163154013505.03,Aggregates,Aggregates,,
230,XJ,Latin America & Caribbean (excluding high income),Exports of goods and services (current US$),2025,1602436230858.73,Aggregates,Aggregates,,
231,XJ,Latin America & Caribbean (excluding high income),Exports of goods and services (current US$),2024,1511017083827.36,Aggregates,Aggregates,,
232,XJ,Latin America & Caribbean (excluding high income),Exports of goods and services (current US$),2023,1441984597140.41,Aggregates,Aggregates,,
233,XJ,Latin America & Caribbean (excluding high income),Exports of goods and services (current US$),2022,1432504285261.4,Aggregates,Aggregates,,
234,XJ,Latin America & Caribbean (excluding high income),Exports of goods and services (current US$),2021,1201874015285.31,Aggregates,Aggregates,,
235,XJ,Latin America & Caribbean (excluding high income),Exports of goods and services (current US$),2020,938097776231.047,Aggregates,Aggregates,,
236,XJ,Latin America & Caribbean (excluding high income),Exports of goods and services (current US$),2019,1115256040818.07,Aggregates,Aggregates,,
237,XJ,Latin America & Caribbean (excluding high income),Exports of goods and services (current US$),2018,1128037518825.85,Aggregates,Aggregates,,
238,XJ,Latin America & Caribbean (excluding high income),Exports of goods and services (current US$),2017,1038450782025.36,Aggregates,Aggregates,,
239,XJ,Latin America & Caribbean (excluding high income),Exports of goods and services (current US$),2016,937220490779.945,Aggregates,Aggregates,,
240,T2,Latin America & the Caribbean (IDA & IBRD countries),Exports of goods and services (current US$),2025,1841196446084.32,Aggregates,Aggregates,,
241,T2,Latin America & the Caribbean (IDA & IBRD countries),Exports of goods and services (current US$),2024,1730537876631.34,Aggregates,Aggregates,,
242,T2,Latin America & the Caribbean (IDA & IBRD countries),Exports of goods and services (current US$),2023,1649082823968.64,Aggregates,Aggregates,,
243,T2,Latin America & the Caribbean (IDA & IBRD countries),Exports of goods and services (current US$),2022,1638693762575.43,Aggregates,Aggregates,,
244,T2,Latin America & the Caribbean (IDA & IBRD countries),Exports of goods and services (current US$),2021,1382685845180.57,Aggregates,Aggregates,,
245,T2,Latin America & the Caribbean (IDA & IBRD countries),Exports of goods and services (current US$),2020,1078856996615.62,Aggregates,Aggregates,,
246,T2,Latin America & the Caribbean (IDA & IBRD countries),Exports of goods and services (current US$),2019,1266138453421.29,Aggregates,Aggregates,,
247,T2,Latin America & the Caribbean (IDA & IBRD countries),Exports of goods and services (current US$),2018,1283236784425.52,Aggregates,Aggregates,,
248,T2,Latin America & the Caribbean (IDA & IBRD countries),Exports of goods and services (current US$),2017,1183043377889.85,Aggregates,Aggregates,,
249,T2,Latin America & the Caribbean (IDA & IBRD countries),Exports of goods and services (current US$),2016,1067545312595.77,Aggregates,Aggregates,,
250,XL,Least developed countries: UN classification,Exports of goods and services (current US$),2025,358162886886.608,Aggregates,Aggregates,,
251,XL,Least developed countries: UN classification,Exports of goods and services (current US$),2024,317395175905.713,Aggregates,Aggregates,,
252,XL,Least developed countries: UN classification,Exports of goods and services (current US$),2023,312954318168.557,Aggregates,Aggregates,,
253,XL,Least developed countries: UN classification,Exports of goods and services (current US$),2022,327657568783.959,Aggregates,Aggregates,,
254,XL,Least developed countries: UN classification,Exports of goods and services (current US$),2021,271889616516.704,Aggregates,Aggregates,,
255,XL,Least developed countries: UN classification,Exports of goods and services (current US$),2020,212442019122.507,Aggregates,Aggregates,,
256,XL,Least developed countries: UN classification,Exports of goods and services (current US$),2019,239043498443.569,Aggregates,Aggregates,,
257,XL,Least developed countries: UN classification,Exports of goods and services (current US$),2018,233721486130.028,Aggregates,Aggregates,,
258,XL,Least developed countries: UN classification,Exports of goods and services (current US$),2017,200815809258.823,Aggregates,Aggregates,,
259,XL,Least developed countries: UN classification,Exports of goods and services (current US$),2016,175547500020.515,Aggregates,Aggregates,,
260,XO,Low & middle income,Exports of goods and services (current US$),2025,10477512551743.6,Aggregates,Aggregates,,
261,XO,Low & middle income,Exports of goods and services (current US$),2024,9761149210788.79,Aggregates,Aggregates,,
262,XO,Low & middle income,Exports of goods and services (current US$),2023,9176686374060.52,Aggregates,Aggregates,,
263,XO,Low & middle income,Exports of goods and services (current US$),2022,9430146019775.41,Aggregates,Aggregates,,
264,XO,Low & middle income,Exports of goods and services (current US$),2021,8362183339053.26,Aggregates,Aggregates,,
265,XO,Low & middle income,Exports of goods and services (current US$),2020,6450900138175.68,Aggregates,Aggregates,,
266,XO,Low & middle income,Exports of goods and services (current US$),2019,6978369388262.46,Aggregates,Aggregates,,
267,XO,Low & middle income,Exports of goods and services (current US$),2018,7056861206428.98,Aggregates,Aggregates,,
268,XO,Low & middle income,Exports of goods and services (current US$),2017,6396951109805.96,Aggregates,Aggregates,,
269,XO,Low & middle income,Exports of goods and services (current US$),2016,5698638319210.11,Aggregates,Aggregates,,
270,XM,Low income,Exports of goods and services (current US$),2025,151660095528.084,Aggregates,Aggregates,,
271,XM,Low income,Exports of goods and services (current US$),2024,121755792307.669,Aggregates,Aggregates,,
272,XM,Low income,Exports of goods and services (current US$),2023,108645867910.147,Aggregates,Aggregates,,
273,XM,Low income,Exports of goods and services (current US$),2022,109463955588.862,Aggregates,Aggregates,,
274,XM,Low income,Exports of goods and services (current US$),2021,94011619347.7731,Aggregates,Aggregates,,
275,XM,Low income,Exports of goods and services (current US$),2020,74294205111.01,Aggregates,Aggregates,,
276,XM,Low income,Exports of goods and services (current US$),2019,79132132969.2076,Aggregates,Aggregates,,
277,XM,Low income,Exports of goods and services (current US$),2018,81302048866.059,Aggregates,Aggregates,,
278,XM,Low income,Exports of goods and services (current US$),2017,70554692920.2223,Aggregates,Aggregates,,
279,XM,Low income,Exports of goods and services (current US$),2016,62368681637.9628,Aggregates,Aggregates,,
280,XN,Lower middle income,Exports of goods and services (current US$),2025,1697797265606.54,Aggregates,Aggregates,,
281,XN,Lower middle income,Exports of goods and services (current US$),2024,1588684033238.65,Aggregates,Aggregates,,
282,XN,Lower middle income,Exports of goods and services (current US$),2023,1527009990309.86,Aggregates,Aggregates,,
283,XN,Lower middle income,Exports of goods and services (current US$),2022,1530662664768.83,Aggregates,Aggregates,,
284,XN,Lower middle income,Exports of goods and services (current US$),2021,1280653810226.96,Aggregates,Aggregates,,
285,XN,Lower middle income,Exports of goods and services (current US$),2020,988361975795.243,Aggregates,Aggregates,,
286,XN,Lower middle income,Exports of goods and services (current US$),2019,1125203144773.72,Aggregates,Aggregates,,
287,XN,Lower middle income,Exports of goods and services (current US$),2018,1129126425164.67,Aggregates,Aggregates,,
288,XN,Lower middle income,Exports of goods and services (current US$),2017,1027535404682.25,Aggregates,Aggregates,,
289,XN,Lower middle income,Exports of goods and services (current US$),2016,906790860445.881,Aggregates,Aggregates,,
290,ZQ,"Middle East, North Africa, Afghanistan & Pakistan",Exports of goods and services (current US$),2025,,Aggregates,Aggregates,,
291,ZQ,"Middle East, North Africa, Afghanistan & Pakistan",Exports of goods and services (current US$),2024,,Aggregates,Aggregates,,
292,ZQ,"Middle East, North Africa, Afghanistan & Pakistan",Exports of goods and services (current US$),2023,2015672935396.33,Aggregates,Aggregates,,
293,ZQ,"Middle East, North Africa, Afghanistan & Pakistan",Exports of goods and services (current US$),2022,2118316845415.14,Aggregates,Aggregates,,
294,ZQ,"Middle East, North Africa, Afghanistan & Pakistan",Exports of goods and services (current US$),2021,1558251781899.41,Aggregates,Aggregates,,
295,ZQ,"Middle East, North Africa, Afghanistan & Pakistan",Exports of goods and services (current US$),2020,1136970224019.84,Aggregates,Aggregates,,
296,ZQ,"Middle East, North Africa, Afghanistan & Pakistan",Exports of goods and services (current US$),2019,1482973222340.06,Aggregates,Aggregates,,
297,ZQ,"Middle East, North Africa, Afghanistan & Pakistan",Exports of goods and services (current US$),2018,1572758406104.74,Aggregates,Aggregates,,
298,ZQ,"Middle East, North Africa, Afghanistan & Pakistan",Exports of goods and services (current US$),2017,1341544624745.13,Aggregates,Aggregates,,
299,ZQ,"Middle East, North Africa, Afghanistan & Pakistan",Exports of goods and services (current US$),2016,1177966089872.21,Aggregates,Aggregates,,
300,XQ,"Middle East, North Africa, Afghanistan & Pakistan (excluding high income)",Exports of goods and services (current US$),2025,537758037752.126,Aggregates,Aggregates,,
301,XQ,"Middle East, North Africa, Afghanistan & Pakistan (excluding high income)",Exports of goods and services (current US$),2024,539782706283.539,Aggregates,Aggregates,,
302,XQ,"Middle East, North Africa, Afghanistan & Pakistan (excluding high income)",Exports of goods and services (current US$),2023,544675429693.539,Aggregates,Aggregates,,
303,XQ,"Middle East, North Africa, Afghanistan & Pakistan (excluding high income)",Exports of goods and services (current US$),2022,574970883431.43,Aggregates,Aggregates,,
304,XQ,"Middle East, North Africa, Afghanistan & Pakistan (excluding high income)",Exports of goods and services (current US$),2021,417910595511.256,Aggregates,Aggregates,,
305,XQ,"Middle East, North Africa, Afghanistan & Pakistan (excluding high income)",Exports of goods and services (current US$),2020,290133786446.419,Aggregates,Aggregates,,
306,XQ,"Middle East, North Africa, Afghanistan & Pakistan (excluding high income)",Exports of goods and services (current US$),2019,418016246332.998,Aggregates,Aggregates,,
307,XQ,"Middle East, North Africa, Afghanistan & Pakistan (excluding high income)",Exports of goods and services (current US$),2018,469252703143.69,Aggregates,Aggregates,,
308,XQ,"Middle East, North Africa, Afghanistan & Pakistan (excluding high income)",Exports of goods and services (current US$),2017,389305956018.422,Aggregates,Aggregates,,
309,XQ,"Middle East, North Africa, Afghanistan & Pakistan (excluding high income)",Exports of goods and services (current US$),2016,328250993929.537,Aggregates,Aggregates,,
310,T3,"Middle East, North Africa, Afghanistan & Pakistan (IDA & IBRD)",Exports of goods and services (current US$),2025,534072577910.849,Aggregates,Aggregates,,
311,T3,"Middle East, North Africa, Afghanistan & Pakistan (IDA & IBRD)",Exports of goods and services (current US$),2024,536290834009.608,Aggregates,Aggregates,,
312,T3,"Middle East, North Africa, Afghanistan & Pakistan (IDA & IBRD)",Exports of goods and services (current US$),2023,541526549331.892,Aggregates,Aggregates,,
313,T3,"Middle East, North Africa, Afghanistan & Pakistan (IDA & IBRD)",Exports of goods and services (current US$),2022,571451601162.597,Aggregates,Aggregates,,
314,T3,"Middle East, North Africa, Afghanistan & Pakistan (IDA & IBRD)",Exports of goods and services (current US$),2021,414766535147.615,Aggregates,Aggregates,,
315,T3,"Middle East, North Africa, Afghanistan & Pakistan (IDA & IBRD)",Exports of goods and services (current US$),2020,287740847658.742,Aggregates,Aggregates,,
316,T3,"Middle East, North Africa, Afghanistan & Pakistan (IDA & IBRD)",Exports of goods and services (current US$),2019,415370934545.501,Aggregates,Aggregates,,
317,T3,"Middle East, North Africa, Afghanistan & Pakistan (IDA & IBRD)",Exports of goods and services (current US$),2018,466682856787.989,Aggregates,Aggregates,,
318,T3,"Middle East, North Africa, Afghanistan & Pakistan (IDA & IBRD)",Exports of goods and services (current US$),2017,386781075379.283,Aggregates,Aggregates,,
319,T3,"Middle East, North Africa, Afghanistan & Pakistan (IDA & IBRD)",Exports of goods and services (current US$),2016,326051056690.992,Aggregates,Aggregates,,
320,XP,Middle income,Exports of goods and services (current US$),2025,10335312482102.6,Aggregates,Aggregates,,
321,XP,Middle income,Exports of goods and services (current US$),2024,9645266940071.38,Aggregates,Aggregates,,
322,XP,Middle income,Exports of goods and services (current US$),2023,9072677517270.16,Aggregates,Aggregates,,
323,XP,Middle income,Exports of goods and services (current US$),2022,9325114790387.62,Aggregates,Aggregates,,
324,XP,Middle income,Exports of goods and services (current US$),2021,8271682914912.49,Aggregates,Aggregates,,
325,XP,Middle income,Exports of goods and services (current US$),2020,6379485051394.29,Aggregates,Aggregates,,
326,XP,Middle income,Exports of goods and services (current US$),2019,6902195908887.22,Aggregates,Aggregates,,
327,XP,Middle income,Exports of goods and services (current US$),2018,6978712387179.28,Aggregates,Aggregates,,
328,XP,Middle income,Exports of goods and services (current US$),2017,6328858476083.37,Aggregates,Aggregates,,
329,XP,Middle income,Exports of goods and services (current US$),2016,5638394018839.99,Aggregates,Aggregates,,
330,XU,North America,Exports of goods and services (current US$),2025,,Aggregates,Aggregates,,
331,XU,North America,Exports of goods and services (current US$),2024,3957512099328.94,Aggregates,Aggregates,,
332,XU,North America,Exports of goods and services (current US$),2023,3810279327864.39,Aggregates,Aggregates,,
333,XU,North America,Exports of goods and services (current US$),2022,3782447084162.59,Aggregates,Aggregates,,
334,XU,North America,Exports of goods and services (current US$),2021,3202667095309.72,Aggregates,Aggregates,,
335,XU,North America,Exports of goods and services (current US$),2020,2655074011642.93,Aggregates,Aggregates,,
336,XU,North America,Exports of goods and services (current US$),2019,3107374259614.78,Aggregates,Aggregates,,
337,XU,North America,Exports of goods and services (current US$),2018,3099528499178.03,Aggregates,Aggregates,,
338,XU,North America,Exports of goods and services (current US$),2017,2910493528219.71,Aggregates,Aggregates,,
339,XU,North America,Exports of goods and services (current US$),2016,2720319379980.24,Aggregates,Aggregates,,
340,XY,Not classified,Exports of goods and services (current US$),2025,,Aggregates,Aggregates,,
341,XY,Not classified,Exports of goods and services (current US$),2024,,Aggregates,Aggregates,,
342,XY,Not classified,Exports of goods and services (current US$),2023,,Aggregates,Aggregates,,
343,XY,Not classified,Exports of goods and services (current US$),2022,,Aggregates,Aggregates,,
344,XY,Not classified,Exports of goods and services (current US$),2021,,Aggregates,Aggregates,,
345,XY,Not classified,Exports of goods and services (current US$),2020,,Aggregates,Aggregates,,
346,XY,Not classified,Exports of goods and services (current US$),2019,,Aggregates,Aggregates,,
347,XY,Not classified,Exports of goods and services (current US$),2018,,Aggregates,Aggregates,,
348,XY,Not classified,Exports of goods and services (current US$),2017,,Aggregates,Aggregates,,
349,XY,Not classified,Exports of goods and services (current US$),2016,,Aggregates,Aggregates,,
350,OE,OECD members,Exports of goods and services (current US$),2025,20496258555643.8,Aggregates,Aggregates,,
351,OE,OECD members,Exports of goods and services (current US$),2024,19222636138142.3,Aggregates,Aggregates,,
352,OE,OECD members,Exports of goods and services (current US$),2023,18729152835612.3,Aggregates,Aggregates,,
353,OE,OECD members,Exports of goods and services (current US$),2022,18552292551902.7,Aggregates,Aggregates,,
354,OE,OECD members,Exports of goods and services (current US$),2021,16617504093666.1,Aggregates,Aggregates,,
355,OE,OECD members,Exports of goods and services (current US$),2020,13637665504421.7,Aggregates,Aggregates,,
356,OE,OECD members,Exports of goods and services (current US$),2019,15101537609005.9,Aggregates,Aggregates,,
357,OE,OECD members,Exports of goods and services (current US$),2018,15276560519820.9,Aggregates,Aggregates,,
358,OE,OECD members,Exports of goods and services (current US$),2017,14036930620041.4,Aggregates,Aggregates,,
359,OE,OECD members,Exports of goods and services (current US$),2016,12894983290855.3,Aggregates,Aggregates,,
360,S4,Other small states,Exports of goods and services (current US$),2025,173668049289.731,Aggregates,Aggregates,,
361,S4,Other small states,Exports of goods and services (current US$),2024,159742648833.238,Aggregates,Aggregates,,
362,S4,Other small states,Exports of goods and services (current US$),2023,153366683550.92,Aggregates,Aggregates,,
363,S4,Other small states,Exports of goods and services (current US$),2022,152315912054.555,Aggregates,Aggregates,,
364,S4,Other small states,Exports of goods and services (current US$),2021,130630211584.378,Aggregates,Aggregates,,
365,S4,Other small states,Exports of goods and services (current US$),2020,98214523353.2905,Aggregates,Aggregates,,
366,S4,Other small states,Exports of goods and services (current US$),2019,111113203880.307,Aggregates,Aggregates,,
367,S4,Other small states,Exports of goods and services (current US$),2018,108849889687.235,Aggregates,Aggregates,,
368,S4,Other small states,Exports of goods and services (current US$),2017,97090306419.4152,Aggregates,Aggregates,,
369,S4,Other small states,Exports of goods and services (current US$),2016,85297742492.8881,Aggregates,Aggregates,,
370,S2,Pacific island small states,Exports of goods and services (current US$),2025,,Aggregates,Aggregates,,
371,S2,Pacific island small states,Exports of goods and services (current US$),2024,5113646986.93274,Aggregates,Aggregates,,
372,S2,Pacific island small states,Exports of goods and services (current US$),2023,4748562904.13054,Aggregates,Aggregates,,
373,S2,Pacific island small states,Exports of goods and services (current US$),2022,3604158929.21691,Aggregates,Aggregates,,
374,S2,Pacific island small states,Exports of goods and services (current US$),2021,2357421787.36011,Aggregates,Aggregates,,
375,S2,Pacific island small states,Exports of goods and services (current US$),2020,2558742343.00194,Aggregates,Aggregates,,
376,S2,Pacific island small states,Exports of goods and services (current US$),2019,4501764333.8391,Aggregates,Aggregates,,
377,S2,Pacific island small states,Exports of goods and services (current US$),2018,4577291050.56115,Aggregates,Aggregates,,
378,S2,Pacific island small states,Exports of goods and services (current US$),2017,4197076195.94803,Aggregates,Aggregates,,
379,S2,Pacific island small states,Exports of goods and services (current US$),2016,3957377699.0133,Aggregates,Aggregates,,
380,V4,Post-demographic dividend,Exports of goods and services (current US$),2025,19481236904657.9,Aggregates,Aggregates,,
381,V4,Post-demographic dividend,Exports of goods and services (current US$),2024,18305391373965.2,Aggregates,Aggregates,,
382,V4,Post-demographic dividend,Exports of goods and services (current US$),2023,17815515078739.8,Aggregates,Aggregates,,
383,V4,Post-demographic dividend,Exports of goods and services (current US$),2022,17737795554341.2,Aggregates,Aggregates,,
384,V4,Post-demographic dividend,Exports of goods and services (current US$),2021,16023998784936.9,Aggregates,Aggregates,,
385,V4,Post-demographic dividend,Exports of goods and services (current US$),2020,13131502696684.0,Aggregates,Aggregates,,
386,V4,Post-demographic dividend,Exports of goods and services (current US$),2019,14652630515117.8,Aggregates,Aggregates,,
387,V4,Post-demographic dividend,Exports of goods and services (current US$),2018,14917687722541.8,Aggregates,Aggregates,,
388,V4,Post-demographic dividend,Exports of goods and services (current US$),2017,13722222636018.2,Aggregates,Aggregates,,
389,V4,Post-demographic dividend,Exports of goods and services (current US$),2016,12624922475626.2,Aggregates,Aggregates,,
390,V1,Pre-demographic dividend,Exports of goods and services (current US$),2025,,Aggregates,Aggregates,,
391,V1,Pre-demographic dividend,Exports of goods and services (current US$),2024,454735778467.228,Aggregates,Aggregates,,
392,V1,Pre-demographic dividend,Exports of goods and services (current US$),2023,426099430298.259,Aggregates,Aggregates,,
393,V1,Pre-demographic dividend,Exports of goods and services (current US$),2022,470240098617.85,Aggregates,Aggregates,,
394,V1,Pre-demographic dividend,Exports of goods and services (current US$),2021,356529393452.209,Aggregates,Aggregates,,
395,V1,Pre-demographic dividend,Exports of goods and services (current US$),2020,255759855704.543,Aggregates,Aggregates,,
396,V1,Pre-demographic dividend,Exports of goods and services (current US$),2019,332589092672.185,Aggregates,Aggregates,,
397,V1,Pre-demographic dividend,Exports of goods and services (current US$),2018,345270062804.78,Aggregates,Aggregates,,
398,V1,Pre-demographic dividend,Exports of goods and services (current US$),2017,270844545842.761,Aggregates,Aggregates,,
399,V1,Pre-demographic dividend,Exports of goods and services (current US$),2016,222726647029.927,Aggregates,Aggregates,,
400,S1,Small states,Exports of goods and services (current US$),2025,252774245493.117,Aggregates,Aggregates,,
401,S1,Small states,Exports of goods and services (current US$),2024,232557766309.773,Aggregates,Aggregates,,
402,S1,Small states,Exports of goods and services (current US$),2023,223065989028.966,Aggregates,Aggregates,,
403,S1,Small states,Exports of goods and services (current US$),2022,219043775093.47,Aggregates,Aggregates,,
404,S1,Small states,Exports of goods and services (current US$),2021,185117118029.311,Aggregates,Aggregates,,
405,S1,Small states,Exports of goods and services (current US$),2020,139975915568.427,Aggregates,Aggregates,,
406,S1,Small states,Exports of goods and services (current US$),2019,164269813843.829,Aggregates,Aggregates,,
407,S1,Small states,Exports of goods and services (current US$),2018,160888632919.209,Aggregates,Aggregates,,
408,S1,Small states,Exports of goods and services (current US$),2017,143733444326.447,Aggregates,Aggregates,,
409,S1,Small states,Exports of goods and services (current US$),2016,127542517141.89,Aggregates,Aggregates,,
410,8S,South Asia,Exports of goods and services (current US$),2025,963111456539.326,Aggregates,Aggregates,,
411,8S,South Asia,Exports of goods and services (current US$),2024,906401259831.09,Aggregates,Aggregates,,
412,8S,South Asia,Exports of goods and services (current US$),2023,866125860375.541,Aggregates,Aggregates,,
413,8S,South Asia,Exports of goods and services (current US$),2022,865156845178.053,Aggregates,Aggregates,,
414,8S,South Asia,Exports of goods and services (current US$),2021,743836201565.426,Aggregates,Aggregates,,
415,8S,South Asia,Exports of goods and services (current US$),2020,556574706570.76,Aggregates,Aggregates,,
416,8S,South Asia,Exports of goods and services (current US$),2019,601932257495.011,Aggregates,Aggregates,,
417,8S,South Asia,Exports of goods and services (current US$),2018,606556260033.496,Aggregates,Aggregates,,
418,8S,South Asia,Exports of goods and services (current US$),2017,561326671494.767,Aggregates,Aggregates,,
419,8S,South Asia,Exports of goods and services (current US$),2016,499813729666.906,Aggregates,Aggregates,,
420,T5,South Asia (IDA & IBRD),Exports of goods and services (current US$),2025,963111456539.326,Aggregates,Aggregates,,
421,T5,South Asia (IDA & IBRD),Exports of goods and services (current US$),2024,906401259831.09,Aggregates,Aggregates,,
422,T5,South Asia (IDA & IBRD),Exports of goods and services (current US$),2023,866125860375.541,Aggregates,Aggregates,,
423,T5,South Asia (IDA & IBRD),Exports of goods and services (current US$),2022,865156845178.053,Aggregates,Aggregates,,
424,T5,South Asia (IDA & IBRD),Exports of goods and services (current US$),2021,743836201565.426,Aggregates,Aggregates,,
425,T5,South Asia (IDA & IBRD),Exports of goods and services (current US$),2020,556574706570.76,Aggregates,Aggregates,,
426,T5,South Asia (IDA & IBRD),Exports of goods and services (current US$),2019,601932257495.011,Aggregates,Aggregates,,
427,T5,South Asia (IDA & IBRD),Exports of goods and services (current US$),2018,606556260033.496,Aggregates,Aggregates,,
428,T5,South Asia (IDA & IBRD),Exports of goods and services (current US$),2017,561326671494.767,Aggregates,Aggregates,,
429,T5,South Asia (IDA & IBRD),Exports of goods and services (current US$),2016,499813729666.906,Aggregates,Aggregates,,
430,ZG,Sub-Saharan Africa,Exports of goods and services (current US$),2025,616007475886.722,Aggregates,Aggregates,,
431,ZG,Sub-Saharan Africa,Exports of goods and services (current US$),2024,557478109547.244,Aggregates,Aggregates,,
432,ZG,Sub-Saharan Africa,Exports of goods and services (current US$),2023,527155772394.749,Aggregates,Aggregates,,
433,ZG,Sub-Saharan Africa,Exports of goods and services (current US$),2022,559029212458.656,Aggregates,Aggregates,,
434,ZG,Sub-Saharan Africa,Exports of goods and services (current US$),2021,490506477516.863,Aggregates,Aggregates,,
435,ZG,Sub-Saharan Africa,Exports of goods and services (current US$),2020,366960343990.753,Aggregates,Aggregates,,
436,ZG,Sub-Saharan Africa,Exports of goods and services (current US$),2019,424318060166.149,Aggregates,Aggregates,,
437,ZG,Sub-Saharan Africa,Exports of goods and services (current US$),2018,440350319170.115,Aggregates,Aggregates,,
438,ZG,Sub-Saharan Africa,Exports of goods and services (current US$),2017,393312824922.746,Aggregates,Aggregates,,
439,ZG,Sub-Saharan Africa,Exports of goods and services (current US$),2016,334907481167.46,Aggregates,Aggregates,,
440,ZF,Sub-Saharan Africa (excluding high income),Exports of goods and services (current US$),2025,613890246637.527,Aggregates,Aggregates,,
441,ZF,Sub-Saharan Africa (excluding high income),Exports of goods and services (current US$),2024,555457324402.884,Aggregates,Aggregates,,
442,ZF,Sub-Saharan Africa (excluding high income),Exports of goods and services (current US$),2023,525049134696.722,Aggregates,Aggregates,,
443,ZF,Sub-Saharan Africa (excluding high income),Exports of goods and services (current US$),2022,556979317282.792,Aggregates,Aggregates,,
444,ZF,Sub-Saharan Africa (excluding high income),Exports of goods and services (current US$),2021,489201343461.389,Aggregates,Aggregates,,
445,ZF,Sub-Saharan Africa (excluding high income),Exports of goods and services (current US$),2020,365951094795.261,Aggregates,Aggregates,,
446,ZF,Sub-Saharan Africa (excluding high income),Exports of goods and services (current US$),2019,422573761693.553,Aggregates,Aggregates,,
447,ZF,Sub-Saharan Africa (excluding high income),Exports of goods and services (current US$),2018,438593559244.325,Aggregates,Aggregates,,
448,ZF,Sub-Saharan Africa (excluding high income),Exports of goods and services (current US$),2017,391517612602.098,Aggregates,Aggregates,,
449,ZF,Sub-Saharan Africa (excluding high income),Exports of goods and services (current US$),2016,333380032838.419,Aggregates,Aggregates,,
450,T6,Sub-Saharan Africa (IDA & IBRD countries),Exports of goods and services (current US$),2025,616007475886.722,Aggregates,Aggregates,,
451,T6,Sub-Saharan Africa (IDA & IBRD countries),Exports of goods and services (current US$),2024,557478109547.243,Aggregates,Aggregates,,
452,T6,Sub-Saharan Africa (IDA & IBRD countries),Exports of goods and services (current US$),2023,527155772394.749,Aggregates,Aggregates,,
453,T6,Sub-Saharan Africa (IDA & IBRD countries),Exports of goods and services (current US$),2022,559029212458.656,Aggregates,Aggregates,,
454,T6,Sub-Saharan Africa (IDA & IBRD countries),Exports of goods and services (current US$),2021,490506477516.863,Aggregates,Aggregates,,
455,T6,Sub-Saharan Africa (IDA & IBRD countries),Exports of goods and services (current US$),2020,366960343990.753,Aggregates,Aggregates,,
456,T6,Sub-Saharan Africa (IDA & IBRD countries),Exports of goods and services (current US$),2019,424318060166.149,Aggregates,Aggregates,,
457,T6,Sub-Saharan Africa (IDA & IBRD countries),Exports of goods and services (current US$),2018,440350319170.115,Aggregates,Aggregates,,
458,T6,Sub-Saharan Africa (IDA & IBRD countries),Exports of goods and services (current US$),2017,393312824922.746,Aggregates,Aggregates,,
459,T6,Sub-Saharan Africa (IDA & IBRD countries),Exports of goods and services (current US$),2016,334907481167.46,Aggregates,Aggregates,,
460,XT,Upper middle income,Exports of goods and services (current US$),2025,8678295556818.62,Aggregates,Aggregates,,
461,XT,Upper middle income,Exports of goods and services (current US$),2024,8095189731754.07,Aggregates,Aggregates,,
462,XT,Upper middle income,Exports of goods and services (current US$),2023,7585646772220.98,Aggregates,Aggregates,,
463,XT,Upper middle income,Exports of goods and services (current US$),2022,7831244753198.45,Aggregates,Aggregates,,
464,XT,Upper middle income,Exports of goods and services (current US$),2021,7015131053081.84,Aggregates,Aggregates,,
465,XT,Upper middle income,Exports of goods and services (current US$),2020,5409785230238.22,Aggregates,Aggregates,,
466,XT,Upper middle income,Exports of goods and services (current US$),2019,5803448278749.2,Aggregates,Aggregates,,
467,XT,Upper middle income,Exports of goods and services (current US$),2018,5875375860264.59,Aggregates,Aggregates,,
468,XT,Upper middle income,Exports of goods and services (current US$),2017,5325109836771.74,Aggregates,Aggregates,,
469,XT,Upper middle income,Exports of goods and services (current US$),2016,4751825604316.14,Aggregates,Aggregates,,
470,1W,World,Exports of goods and services (current US$),2025,34890517618618.2,Aggregates,Aggregates,,
471,1W,World,Exports of goods and services (current US$),2024,32471017522322.1,Aggregates,Aggregates,,
472,1W,World,Exports of goods and services (current US$),2023,31208289895380.4,Aggregates,Aggregates,,
473,1W,World,Exports of goods and services (current US$),2022,31600792441567.5,Aggregates,Aggregates,,
474,1W,World,Exports of goods and services (current US$),2021,28116772939607.1,Aggregates,Aggregates,,
475,1W,World,Exports of goods and services (current US$),2020,22485961987857.3,Aggregates,Aggregates,,
476,1W,World,Exports of goods and services (current US$),2019,24812212516152.3,Aggregates,Aggregates,,
477,1W,World,Exports of goods and services (current US$),2018,25213271645387.2,Aggregates,Aggregates,,
478,1W,World,Exports of goods and services (current US$),2017,22994860375775.7,Aggregates,Aggregates,,
479,1W,World,Exports of goods and services (current US$),2016,20878084469838.3,Aggregates,Aggregates,,
480,AF,Afghanistan,Exports of goods and services (current US$),2025,,"Middle East, North Africa, Afghanistan & Pakistan",Low income,69.1761,34.5228
481,AF,Afghanistan,Exports of goods and services (current US$),2024,2791715131.02282,"Middle East, North Africa, Afghanistan & Pakistan",Low income,69.1761,34.5228
482,AF,Afghanistan,Exports of goods and services (current US$),2023,2784713052.31082,"Middle East, North Africa, Afghanistan & Pakistan",Low income,69.1761,34.5228
483,AF,Afghanistan,Exports of goods and services (current US$),2022,2664599570.76697,"Middle East, North Africa, Afghanistan & Pakistan",Low income,69.1761,34.5228
484,AF,Afghanistan,Exports of goods and services (current US$),2021,2045190335.08092,"Middle East, North Africa, Afghanistan & Pakistan",Low income,69.1761,34.5228
485,AF,Afghanistan,Exports of goods and services (current US$),2020,2079570874.83738,"Middle East, North Africa, Afghanistan & Pakistan",Low income,69.1761,34.5228
486,AF,Afghanistan,Exports of goods and services (current US$),2019,,"Middle East, North Africa, Afghanistan & Pakistan",Low income,69.1761,34.5228
487,AF,Afghanistan,Exports of goods and services (current US$),2018,,"Middle East, North Africa, Afghanistan & Pakistan",Low income,69.1761,34.5228
488,AF,Afghanistan,Exports of goods and services (current US$),2017,,"Middle East, North Africa, Afghanistan & Pakistan",Low income,69.1761,34.5228
489,AF,Afghanistan,Exports of goods and services (current US$),2016,,"Middle East, North Africa, Afghanistan & Pakistan",Low income,69.1761,34.5228
490,AL,Albania,Exports of goods and services (current US$),2025,11304181754.173,Europe & Central Asia,Upper middle income,19.8172,41.3317
491,AL,Albania,Exports of goods and services (current US$),2024,9810511991.66164,Europe & Central Asia,Upper middle income,19.8172,41.3317
492,AL,Albania,Exports of goods and services (current US$),2023,9025058562.27334,Europe & Central Asia,Upper middle income,19.8172,41.3317
493,AL,Albania,Exports of goods and services (current US$),2022,7073859741.47037,Europe & Central Asia,Upper middle income,19.8172,41.3317
494,AL,Albania,Exports of goods and services (current US$),2021,5613909458.07573,Europe & Central Asia,Upper middle income,19.8172,41.3317
495,AL,Albania,Exports of goods and services (current US$),2020,3435540416.01473,Europe & Central Asia,Upper middle income,19.8172,41.3317
496,AL,Albania,Exports of goods and services (current US$),2019,4821429218.47484,Europe & Central Asia,Upper middle income,19.8172,41.3317
497,AL,Albania,Exports of goods and services (current US$),2018,4785182304.44356,Europe & Central Asia,Upper middle income,19.8172,41.3317
498,AL,Albania,Exports of goods and services (current US$),2017,4110301305.54485,Europe & Central Asia,Upper middle income,19.8172,41.3317
499,AL,Albania,Exports of goods and services (current US$),2016,3437126544.898,Europe & Central Asia,Upper middle income,19.8172,41.3317
500,DZ,Algeria,Exports of goods and services (current US$),2025,48321061532.7539,"Middle East, North Africa, Afghanistan & Pakistan",Upper middle income,3.05097,36.7397
501,DZ,Algeria,Exports of goods and services (current US$),2024,53466882956.8478,"Middle East, North Africa, Afghanistan & Pakistan",Upper middle income,3.05097,36.7397
502,DZ,Algeria,Exports of goods and services (current US$),2023,58981242697.4026,"Middle East, North Africa, Afghanistan & Pakistan",Upper middle income,3.05097,36.7397
503,DZ,Algeria,Exports of goods and services (current US$),2022,69460098852.0897,"Middle East, North Africa, Afghanistan & Pakistan",Upper middle income,3.05097,36.7397
504,DZ,Algeria,Exports of goods and services (current US$),2021,43660727771.3446,"Middle East, North Africa, Afghanistan & Pakistan",Upper middle income,3.05097,36.7397
505,DZ,Algeria,Exports of goods and services (current US$),2020,25613416650.3651,"Middle East, North Africa, Afghanistan & Pakistan",Upper middle income,3.05097,36.7397
506,DZ,Algeria,Exports of goods and services (current US$),2019,39481135535.1468,"Middle East, North Africa, Afghanistan & Pakistan",Upper middle income,3.05097,36.7397
507,DZ,Algeria,Exports of goods and services (current US$),2018,45570702426.4208,"Middle East, North Africa, Afghanistan & Pakistan",Upper middle income,3.05097,36.7397
508,DZ,Algeria,Exports of goods and services (current US$),2017,38609773040.5942,"Middle East, North Africa, Afghanistan & Pakistan",Upper middle income,3.05097,36.7397
509,DZ,Algeria,Exports of goods and services (current US$),2016,33417246978.2851,"Middle East, North Africa, Afghanistan & Pakistan",Upper middle income,3.05097,36.7397
510,AS,American Samoa,Exports of goods and services (current US$),2025,,East Asia & Pacific,High income,-170.691,-14.2846
511,AS,American Samoa,Exports of goods and services (current US$),2024,,East Asia & Pacific,High income,-170.691,-14.2846
512,AS,American Samoa,Exports of goods and services (current US$),2023,,East Asia & Pacific,High income,-170.691,-14.2846
513,AS,American Samoa,Exports of goods and services (current US$),2022,409000000.0,East Asia & Pacific,High income,-170.691,-14.2846
514,AS,American Samoa,Exports of goods and services (current US$),2021,332000000.0,East Asia & Pacific,High income,-170.691,-14.2846
515,AS,American Samoa,Exports of goods and services (current US$),2020,427000000.0,East Asia & Pacific,High income,-170.691,-14.2846
516,AS,American Samoa,Exports of goods and services (current US$),2019,399000000.0,East Asia & Pacific,High income,-170.691,-14.2846
517,AS,American Samoa,Exports of goods and services (current US$),2018,436000000.0,East Asia & Pacific,High income,-170.691,-14.2846
518,AS,American Samoa,Exports of goods and services (current US$),2017,362000000.0,East Asia & Pacific,High income,-170.691,-14.2846
519,AS,American Samoa,Exports of goods and services (current US$),2016,429000000.0,East Asia & Pacific,High income,-170.691,-14.2846
520,AD,Andorra,Exports of goods and services (current US$),2025,,Europe & Central Asia,High income,1.5218,42.5075
521,AD,Andorra,Exports of goods and services (current US$),2024,,Europe & Central Asia,High income,1.5218,42.5075
522,AD,Andorra,Exports of goods and services (current US$),2023,,Europe & Central Asia,High income,1.5218,42.5075
523,AD,Andorra,Exports of goods and services (current US$),2022,,Europe & Central Asia,High income,1.5218,42.5075
524,AD,Andorra,Exports of goods and services (current US$),2021,,Europe & Central Asia,High income,1.5218,42.5075
525,AD,Andorra,Exports of goods and services (current US$),2020,,Europe & Central Asia,High income,1.5218,42.5075
526,AD,Andorra,Exports of goods and services (current US$),2019,,Europe & Central Asia,High income,1.5218,42.5075
527,AD,Andorra,Exports of goods and services (current US$),2018,,Europe & Central Asia,High income,1.5218,42.5075
528,AD,Andorra,Exports of goods and services (current US$),2017,,Europe & Central Asia,High income,1.5218,42.5075
529,AD,Andorra,Exports of goods and services (current US$),2016,,Europe & Central Asia,High income,1.5218,42.5075
530,AO,Angola,Exports of goods and services (current US$),2025,28073040732.7773,Sub-Saharan Africa ,Lower middle income,13.242,-8.81155
531,AO,Angola,Exports of goods and services (current US$),2024,31830777324.7249,Sub-Saharan Africa ,Lower middle income,13.242,-8.81155
532,AO,Angola,Exports of goods and services (current US$),2023,34643370052.2038,Sub-Saharan Africa ,Lower middle income,13.242,-8.81155
533,AO,Angola,Exports of goods and services (current US$),2022,46181518625.9944,Sub-Saharan Africa ,Lower middle income,13.242,-8.81155
534,AO,Angola,Exports of goods and services (current US$),2021,31385829560.7359,Sub-Saharan Africa ,Lower middle income,13.242,-8.81155
535,AO,Angola,Exports of goods and services (current US$),2020,18583150428.118,Sub-Saharan Africa ,Lower middle income,13.242,-8.81155
536,AO,Angola,Exports of goods and services (current US$),2019,30001180996.3226,Sub-Saharan Africa ,Lower middle income,13.242,-8.81155
537,AO,Angola,Exports of goods and services (current US$),2018,32444713522.9617,Sub-Saharan Africa ,Lower middle income,13.242,-8.81155
538,AO,Angola,Exports of goods and services (current US$),2017,21480034960.3071,Sub-Saharan Africa ,Lower middle income,13.242,-8.81155
539,AO,Angola,Exports of goods and services (current US$),2016,14765476550.511,Sub-Saharan Africa ,Lower middle income,13.242,-8.81155
540,AG,Antigua and Barbuda,Exports of goods and services (current US$),2025,,Latin America & Caribbean ,High income,-61.8456,17.1175
541,AG,Antigua and Barbuda,Exports of goods and services (current US$),2024,,Latin America & Caribbean ,High income,-61.8456,17.1175
542,AG,Antigua and Barbuda,Exports of goods and services (current US$),2023,,Latin America & Caribbean ,High income,-61.8456,17.1175
543,AG,Antigua and Barbuda,Exports of goods and services (current US$),2022,1021455555.55556,Latin America & Caribbean ,High income,-61.8456,17.1175
544,AG,Antigua and Barbuda,Exports of goods and services (current US$),2021,752377777.777778,Latin America & Caribbean ,High income,-61.8456,17.1175
545,AG,Antigua and Barbuda,Exports of goods and services (current US$),2020,591277777.777778,Latin America & Caribbean ,High income,-61.8456,17.1175
546,AG,Antigua and Barbuda,Exports of goods and services (current US$),2019,1194092592.59259,Latin America & Caribbean ,High income,-61.8456,17.1175
547,AG,Antigua and Barbuda,Exports of goods and services (current US$),2018,1037966666.66667,Latin America & Caribbean ,High income,-61.8456,17.1175
548,AG,Antigua and Barbuda,Exports of goods and services (current US$),2017,988692592.592592,Latin America & Caribbean ,High income,-61.8456,17.1175
549,AG,Antigua and Barbuda,Exports of goods and services (current US$),2016,1043081481.48148,Latin America & Caribbean ,High income,-61.8456,17.1175
550,AR,Argentina,Exports of goods and services (current US$),2025,106260393150.75,Latin America & Caribbean ,Upper middle income,-58.4173,-34.6118
551,AR,Argentina,Exports of goods and services (current US$),2024,97349127043.1651,Latin America & Caribbean ,Upper middle income,-58.4173,-34.6118
552,AR,Argentina,Exports of goods and services (current US$),2023,83276004574.7551,Latin America & Caribbean ,Upper middle income,-58.4173,-34.6118
553,AR,Argentina,Exports of goods and services (current US$),2022,103224756800.251,Latin America & Caribbean ,Upper middle income,-58.4173,-34.6118
554,AR,Argentina,Exports of goods and services (current US$),2021,87906118244.6601,Latin America & Caribbean ,Upper middle income,-58.4173,-34.6118
555,AR,Argentina,Exports of goods and services (current US$),2020,64053810078.3073,Latin America & Caribbean ,Upper middle income,-58.4173,-34.6118
556,AR,Argentina,Exports of goods and services (current US$),2019,80259482469.139,Latin America & Caribbean ,Upper middle income,-58.4173,-34.6118
557,AR,Argentina,Exports of goods and services (current US$),2018,75766598613.0197,Latin America & Caribbean ,Upper middle income,-58.4173,-34.6118
558,AR,Argentina,Exports of goods and services (current US$),2017,72860557902.7631,Latin America & Caribbean ,Upper middle income,-58.4173,-34.6118
559,AR,Argentina,Exports of goods and services (current US$),2016,69842604407.3878,Latin America & Caribbean ,Upper middle income,-58.4173,-34.6118
560,AM,Armenia,Exports of goods and services (current US$),2025,14065779954.0064,Europe & Central Asia,Upper middle income,44.509,40.1596
561,AM,Armenia,Exports of goods and services (current US$),2024,19109663381.9673,Europe & Central Asia,Upper middle income,44.509,40.1596
562,AM,Armenia,Exports of goods and services (current US$),2023,14755463717.8965,Europe & Central Asia,Upper middle income,44.509,40.1596
563,AM,Armenia,Exports of goods and services (current US$),2022,10063294925.058,Europe & Central Asia,Upper middle income,44.509,40.1596
564,AM,Armenia,Exports of goods and services (current US$),2021,4950452984.49689,Europe & Central Asia,Upper middle income,44.509,40.1596
565,AM,Armenia,Exports of goods and services (current US$),2020,3802199215.3725,Europe & Central Asia,Upper middle income,44.509,40.1596
566,AM,Armenia,Exports of goods and services (current US$),2019,5755867284.48234,Europe & Central Asia,Upper middle income,44.509,40.1596
567,AM,Armenia,Exports of goods and services (current US$),2018,4907543376.02549,Europe & Central Asia,Upper middle income,44.509,40.1596
568,AM,Armenia,Exports of goods and services (current US$),2017,4405338883.1041,Europe & Central Asia,Upper middle income,44.509,40.1596
569,AM,Armenia,Exports of goods and services (current US$),2016,3558717725.79882,Europe & Central Asia,Upper middle income,44.509,40.1596
570,AW,Aruba,Exports of goods and services (current US$),2025,,Latin America & Caribbean ,High income,-70.0167,12.5167
571,AW,Aruba,Exports of goods and services (current US$),2024,3582826085.68774,Latin America & Caribbean ,High income,-70.0167,12.5167
572,AW,Aruba,Exports of goods and services (current US$),2023,2991972067.03911,Latin America & Caribbean ,High income,-70.0167,12.5167
573,AW,Aruba,Exports of goods and services (current US$),2022,2686048044.69274,Latin America & Caribbean ,High income,-70.0167,12.5167
574,AW,Aruba,Exports of goods and services (current US$),2021,1945182681.56425,Latin America & Caribbean ,High income,-70.0167,12.5167
575,AW,Aruba,Exports of goods and services (current US$),2020,1324110614.52514,Latin America & Caribbean ,High income,-70.0167,12.5167
576,AW,Aruba,Exports of goods and services (current US$),2019,2232926815.64246,Latin America & Caribbean ,High income,-70.0167,12.5167
577,AW,Aruba,Exports of goods and services (current US$),2018,2241202793.29609,Latin America & Caribbean ,High income,-70.0167,12.5167
578,AW,Aruba,Exports of goods and services (current US$),2017,2153472067.03911,Latin America & Caribbean ,High income,-70.0167,12.5167
579,AW,Aruba,Exports of goods and services (current US$),2016,2057715083.79888,Latin America & Caribbean ,High income,-70.0167,12.5167
580,AU,Australia,Exports of goods and services (current US$),2025,418055624770.646,East Asia & Pacific,High income,149.129,-35.282
581,AU,Australia,Exports of goods and services (current US$),2024,432605705549.386,East Asia & Pacific,High income,149.129,-35.282
582,AU,Australia,Exports of goods and services (current US$),2023,463117015978.139,East Asia & Pacific,High income,149.129,-35.282
583,AU,Australia,Exports of goods and services (current US$),2022,431732710875.763,East Asia & Pacific,High income,149.129,-35.282
584,AU,Australia,Exports of goods and services (current US$),2021,343364164705.654,East Asia & Pacific,High income,149.129,-35.282
585,AU,Australia,Exports of goods and services (current US$),2020,319174580744.374,East Asia & Pacific,High income,149.129,-35.282
586,AU,Australia,Exports of goods and services (current US$),2019,336477593836.115,East Asia & Pacific,High income,149.129,-35.282
587,AU,Australia,Exports of goods and services (current US$),2018,312605804111.245,East Asia & Pacific,High income,149.129,-35.282
588,AU,Australia,Exports of goods and services (current US$),2017,281774035049.614,East Asia & Pacific,High income,149.129,-35.282
589,AU,Australia,Exports of goods and services (current US$),2016,232663011512.861,East Asia & Pacific,High income,149.129,-35.282
590,AT,Austria,Exports of goods and services (current US$),2025,316981385994.885,Europe & Central Asia,High income,16.3798,48.2201
591,AT,Austria,Exports of goods and services (current US$),2024,297762301950.52,Europe & Central Asia,High income,16.3798,48.2201
592,AT,Austria,Exports of goods and services (current US$),2023,302183838742.939,Europe & Central Asia,High income,16.3798,48.2201
593,AT,Austria,Exports of goods and services (current US$),2022,290687124329.312,Europe & Central Asia,High income,16.3798,48.2201
594,AT,Austria,Exports of goods and services (current US$),2021,268839884920.186,Europe & Central Asia,High income,16.3798,48.2201
595,AT,Austria,Exports of goods and services (current US$),2020,224423223720.542,Europe & Central Asia,High income,16.3798,48.2201
596,AT,Austria,Exports of goods and services (current US$),2019,247609283522.368,Europe & Central Asia,High income,16.3798,48.2201
597,AT,Austria,Exports of goods and services (current US$),2018,252098473760.43,Europe & Central Asia,High income,16.3798,48.2201
598,AT,Austria,Exports of goods and services (current US$),2017,225412896932.944,Europe & Central Asia,High income,16.3798,48.2201
599,AT,Austria,Exports of goods and services (current US$),2016,207329157226.967,Europe & Central Asia,High income,16.3798,48.2201
600,AZ,Azerbaijan,Exports of goods and services (current US$),2025,32670058823.5294,Europe & Central Asia,Upper middle income,49.8932,40.3834
601,AZ,Azerbaijan,Exports of goods and services (current US$),2024,34112882352.9412,Europe & Central Asia,Upper middle income,49.8932,40.3834
602,AZ,Azerbaijan,Exports of goods and services (current US$),2023,35487352941.1765,Europe & Central Asia,Upper middle income,49.8932,40.3834
603,AZ,Azerbaijan,Exports of goods and services (current US$),2022,47274117647.0588,Europe & Central Asia,Upper middle income,49.8932,40.3834
604,AZ,Azerbaijan,Exports of goods and services (current US$),2021,25487647058.8235,Europe & Central Asia,Upper middle income,49.8932,40.3834
605,AZ,Azerbaijan,Exports of goods and services (current US$),2020,15208764705.8824,Europe & Central Asia,Upper middle income,49.8932,40.3834
606,AZ,Azerbaijan,Exports of goods and services (current US$),2019,23629764705.8824,Europe & Central Asia,Upper middle income,49.8932,40.3834
607,AZ,Azerbaijan,Exports of goods and services (current US$),2018,25484215746.0778,Europe & Central Asia,Upper middle income,49.8932,40.3834
608,AZ,Azerbaijan,Exports of goods and services (current US$),2017,19839874967.6816,Europe & Central Asia,Upper middle income,49.8932,40.3834
609,AZ,Azerbaijan,Exports of goods and services (current US$),2016,17580756547.8197,Europe & Central Asia,Upper middle income,49.8932,40.3834
610,BS,"Bahamas, The",Exports of goods and services (current US$),2025,,Latin America & Caribbean ,High income,-77.339,25.0661
611,BS,"Bahamas, The",Exports of goods and services (current US$),2024,5982200000.0,Latin America & Caribbean ,High income,-77.339,25.0661
612,BS,"Bahamas, The",Exports of goods and services (current US$),2023,5774300000.0,Latin America & Caribbean ,High income,-77.339,25.0661
613,BS,"Bahamas, The",Exports of goods and services (current US$),2022,5163900000.0,Latin America & Caribbean ,High income,-77.339,25.0661
614,BS,"Bahamas, The",Exports of goods and services (current US$),2021,3366900000.0,Latin America & Caribbean ,High income,-77.339,25.0661
615,BS,"Bahamas, The",Exports of goods and services (current US$),2020,2411900000.0,Latin America & Caribbean ,High income,-77.339,25.0661
616,BS,"Bahamas, The",Exports of goods and services (current US$),2019,4644400000.0,Latin America & Caribbean ,High income,-77.339,25.0661
617,BS,"Bahamas, The",Exports of goods and services (current US$),2018,4519000000.0,Latin America & Caribbean ,High income,-77.339,25.0661
618,BS,"Bahamas, The",Exports of goods and services (current US$),2017,3948900000.0,Latin America & Caribbean ,High income,-77.339,25.0661
619,BS,"Bahamas, The",Exports of goods and services (current US$),2016,3903100000.0,Latin America & Caribbean ,High income,-77.339,25.0661
620,BH,Bahrain,Exports of goods and services (current US$),2025,,"Middle East, North Africa, Afghanistan & Pakistan",High income,50.5354,26.1921
621,BH,Bahrain,Exports of goods and services (current US$),2024,41303457446.8085,"Middle East, North Africa, Afghanistan & Pakistan",High income,50.5354,26.1921
622,BH,Bahrain,Exports of goods and services (current US$),2023,40349468085.1064,"Middle East, North Africa, Afghanistan & Pakistan",High income,50.5354,26.1921
623,BH,Bahrain,Exports of goods and services (current US$),2022,44581914893.617,"Middle East, North Africa, Afghanistan & Pakistan",High income,50.5354,26.1921
624,BH,Bahrain,Exports of goods and services (current US$),2021,35234574468.0851,"Middle East, North Africa, Afghanistan & Pakistan",High income,50.5354,26.1921
625,BH,Bahrain,Exports of goods and services (current US$),2020,25249202127.6596,"Middle East, North Africa, Afghanistan & Pakistan",High income,50.5354,26.1921
626,BH,Bahrain,Exports of goods and services (current US$),2019,29564361702.1277,"Middle East, North Africa, Afghanistan & Pakistan",High income,50.5354,26.1921
627,BH,Bahrain,Exports of goods and services (current US$),2018,29959042553.1915,"Middle East, North Africa, Afghanistan & Pakistan",High income,50.5354,26.1921
628,BH,Bahrain,Exports of goods and services (current US$),2017,26881914893.617,"Middle East, North Africa, Afghanistan & Pakistan",High income,50.5354,26.1921
629,BH,Bahrain,Exports of goods and services (current US$),2016,23918617021.2766,"Middle East, North Africa, Afghanistan & Pakistan",High income,50.5354,26.1921
630,BD,Bangladesh,Exports of goods and services (current US$),2025,50724940945.2083,South Asia,Lower middle income,90.4113,23.7055
631,BD,Bangladesh,Exports of goods and services (current US$),2024,47087839244.3229,South Asia,Lower middle income,90.4113,23.7055
632,BD,Bangladesh,Exports of goods and services (current US$),2023,57551452000.7801,South Asia,Lower middle income,90.4113,23.7055
633,BD,Bangladesh,Exports of goods and services (current US$),2022,59275206086.406,South Asia,Lower middle income,90.4113,23.7055
634,BD,Bangladesh,Exports of goods and services (current US$),2021,44386125441.8587,South Asia,Lower middle income,90.4113,23.7055
635,BD,Bangladesh,Exports of goods and services (current US$),2020,39053880559.8514,South Asia,Lower middle income,90.4113,23.7055
636,BD,Bangladesh,Exports of goods and services (current US$),2019,45992932855.1263,South Asia,Lower middle income,90.4113,23.7055
637,BD,Bangladesh,Exports of goods and services (current US$),2018,40732047404.0872,South Asia,Lower middle income,90.4113,23.7055
638,BD,Bangladesh,Exports of goods and services (current US$),2017,37655756192.841,South Asia,Lower middle income,90.4113,23.7055
639,BD,Bangladesh,Exports of goods and services (current US$),2016,36922447162.046,South Asia,Lower middle income,90.4113,23.7055
640,BB,Barbados,Exports of goods and services (current US$),2025,,Latin America & Caribbean ,High income,-59.6105,13.0935
641,BB,Barbados,Exports of goods and services (current US$),2024,,Latin America & Caribbean ,High income,-59.6105,13.0935
642,BB,Barbados,Exports of goods and services (current US$),2023,,Latin America & Caribbean ,High income,-59.6105,13.0935
643,BB,Barbados,Exports of goods and services (current US$),2022,,Latin America & Caribbean ,High income,-59.6105,13.0935
644,BB,Barbados,Exports of goods and services (current US$),2021,,Latin America & Caribbean ,High income,-59.6105,13.0935
645,BB,Barbados,Exports of goods and services (current US$),2020,,Latin America & Caribbean ,High income,-59.6105,13.0935
646,BB,Barbados,Exports of goods and services (current US$),2019,,Latin America & Caribbean ,High income,-59.6105,13.0935
647,BB,Barbados,Exports of goods and services (current US$),2018,,Latin America & Caribbean ,High income,-59.6105,13.0935
648,BB,Barbados,Exports of goods and services (current US$),2017,,Latin America & Caribbean ,High income,-59.6105,13.0935
649,BB,Barbados,Exports of goods and services (current US$),2016,,Latin America & Caribbean ,High income,-59.6105,13.0935
650,BY,Belarus,Exports of goods and services (current US$),2025,51443726734.383,Europe & Central Asia,Upper middle income,27.5766,53.9678
651,BY,Belarus,Exports of goods and services (current US$),2024,49635542198.3666,Europe & Central Asia,Upper middle income,27.5766,53.9678
652,BY,Belarus,Exports of goods and services (current US$),2023,47855354381.7647,Europe & Central Asia,Upper middle income,27.5766,53.9678
653,BY,Belarus,Exports of goods and services (current US$),2022,46516126575.5303,Europe & Central Asia,Upper middle income,27.5766,53.9678
654,BY,Belarus,Exports of goods and services (current US$),2021,49351137896.7375,Europe & Central Asia,Upper middle income,27.5766,53.9678
655,BY,Belarus,Exports of goods and services (current US$),2020,37444144984.2698,Europe & Central Asia,Upper middle income,27.5766,53.9678
656,BY,Belarus,Exports of goods and services (current US$),2019,41927532636.0335,Europe & Central Asia,Upper middle income,27.5766,53.9678
657,BY,Belarus,Exports of goods and services (current US$),2018,42294886945.8699,Europe & Central Asia,Upper middle income,27.5766,53.9678
658,BY,Belarus,Exports of goods and services (current US$),2017,36550879709.6994,Europe & Central Asia,Upper middle income,27.5766,53.9678
659,BY,Belarus,Exports of goods and services (current US$),2016,29831676604.3599,Europe & Central Asia,Upper middle income,27.5766,53.9678
660,BE,Belgium,Exports of goods and services (current US$),2025,547364961669.411,Europe & Central Asia,High income,4.36761,50.8371
661,BE,Belgium,Exports of goods and services (current US$),2024,532215676718.359,Europe & Central Asia,High income,4.36761,50.8371
662,BE,Belgium,Exports of goods and services (current US$),2023,538931856271.578,Europe & Central Asia,High income,4.36761,50.8371
663,BE,Belgium,Exports of goods and services (current US$),2022,558111250100.975,Europe & Central Asia,High income,4.36761,50.8371
664,BE,Belgium,Exports of goods and services (current US$),2021,536427964592.627,Europe & Central Asia,High income,4.36761,50.8371
665,BE,Belgium,Exports of goods and services (current US$),2020,419501446549.729,Europe & Central Asia,High income,4.36761,50.8371
666,BE,Belgium,Exports of goods and services (current US$),2019,445308040880.784,Europe & Central Asia,High income,4.36761,50.8371
667,BE,Belgium,Exports of goods and services (current US$),2018,453011551860.862,Europe & Central Asia,High income,4.36761,50.8371
668,BE,Belgium,Exports of goods and services (current US$),2017,417980340772.354,Europe & Central Asia,High income,4.36761,50.8371
669,BE,Belgium,Exports of goods and services (current US$),2016,377606160656.616,Europe & Central Asia,High income,4.36761,50.8371
670,BZ,Belize,Exports of goods and services (current US$),2025,,Latin America & Caribbean ,Upper middle income,-88.7713,17.2534
671,BZ,Belize,Exports of goods and services (current US$),2024,1769154200.0,Latin America & Caribbean ,Upper middle income,-88.7713,17.2534
672,BZ,Belize,Exports of goods and services (current US$),2023,1676688500.0,Latin America & Caribbean ,Upper middle income,-88.7713,17.2534
673,BZ,Belize,Exports of goods and services (current US$),2022,1496710050.0,Latin America & Caribbean ,Upper middle income,-88.7713,17.2534
674,BZ,Belize,Exports of goods and services (current US$),2021,1155566850.0,Latin America & Caribbean ,Upper middle income,-88.7713,17.2534
675,BZ,Belize,Exports of goods and services (current US$),2020,770543100.0,Latin America & Caribbean ,Upper middle income,-88.7713,17.2534
676,BZ,Belize,Exports of goods and services (current US$),2019,1238668200.0,Latin America & Caribbean ,Upper middle income,-88.7713,17.2534
677,BZ,Belize,Exports of goods and services (current US$),2018,1182621350.0,Latin America & Caribbean ,Upper middle income,-88.7713,17.2534
678,BZ,Belize,Exports of goods and services (current US$),2017,1128699550.0,Latin America & Caribbean ,Upper middle income,-88.7713,17.2534
679,BZ,Belize,Exports of goods and services (current US$),2016,1059495900.0,Latin America & Caribbean ,Upper middle income,-88.7713,17.2534
680,BJ,Benin,Exports of goods and services (current US$),2025,4189174580.02885,Sub-Saharan Africa ,Lower middle income,2.6323,6.4779
681,BJ,Benin,Exports of goods and services (current US$),2024,4047363784.45537,Sub-Saharan Africa ,Lower middle income,2.6323,6.4779
682,BJ,Benin,Exports of goods and services (current US$),2023,3935350521.8556,Sub-Saharan Africa ,Lower middle income,2.6323,6.4779
683,BJ,Benin,Exports of goods and services (current US$),2022,3627155581.76734,Sub-Saharan Africa ,Lower middle income,2.6323,6.4779
684,BJ,Benin,Exports of goods and services (current US$),2021,3700039683.35829,Sub-Saharan Africa ,Lower middle income,2.6323,6.4779
685,BJ,Benin,Exports of goods and services (current US$),2020,3117343141.94693,Sub-Saharan Africa ,Lower middle income,2.6323,6.4779
686,BJ,Benin,Exports of goods and services (current US$),2019,4264332526.72108,Sub-Saharan Africa ,Lower middle income,2.6323,6.4779
687,BJ,Benin,Exports of goods and services (current US$),2018,3889962074.25631,Sub-Saharan Africa ,Lower middle income,2.6323,6.4779
688,BJ,Benin,Exports of goods and services (current US$),2017,3455561017.58914,Sub-Saharan Africa ,Lower middle income,2.6323,6.4779
689,BJ,Benin,Exports of goods and services (current US$),2016,3263416597.90044,Sub-Saharan Africa ,Lower middle income,2.6323,6.4779
690,BM,Bermuda,Exports of goods and services (current US$),2025,,North America,High income,-64.706,32.3293
691,BM,Bermuda,Exports of goods and services (current US$),2024,5070450000.0,North America,High income,-64.706,32.3293
692,BM,Bermuda,Exports of goods and services (current US$),2023,4538654000.0,North America,High income,-64.706,32.3293
693,BM,Bermuda,Exports of goods and services (current US$),2022,3960723000.0,North America,High income,-64.706,32.3293
694,BM,Bermuda,Exports of goods and services (current US$),2021,3491937000.0,North America,High income,-64.706,32.3293
695,BM,Bermuda,Exports of goods and services (current US$),2020,3246335000.0,North America,High income,-64.706,32.3293
696,BM,Bermuda,Exports of goods and services (current US$),2019,3841155000.0,North America,High income,-64.706,32.3293
697,BM,Bermuda,Exports of goods and services (current US$),2018,3719872000.0,North America,High income,-64.706,32.3293
698,BM,Bermuda,Exports of goods and services (current US$),2017,3466748000.0,North America,High income,-64.706,32.3293
699,BM,Bermuda,Exports of goods and services (current US$),2016,3403730000.0,North America,High income,-64.706,32.3293
700,BT,Bhutan,Exports of goods and services (current US$),2025,,South Asia,Lower middle income,89.6177,27.5768
701,BT,Bhutan,Exports of goods and services (current US$),2024,1054008208.1737,South Asia,Lower middle income,89.6177,27.5768
702,BT,Bhutan,Exports of goods and services (current US$),2023,855304391.530018,South Asia,Lower middle income,89.6177,27.5768
703,BT,Bhutan,Exports of goods and services (current US$),2022,739014454.021463,South Asia,Lower middle income,89.6177,27.5768
704,BT,Bhutan,Exports of goods and services (current US$),2021,808455596.608096,South Asia,Lower middle income,89.6177,27.5768
705,BT,Bhutan,Exports of goods and services (current US$),2020,689742274.742307,South Asia,Lower middle income,89.6177,27.5768
706,BT,Bhutan,Exports of goods and services (current US$),2019,860577748.409369,South Asia,Lower middle income,89.6177,27.5768
707,BT,Bhutan,Exports of goods and services (current US$),2018,754068443.025006,South Asia,Lower middle income,89.6177,27.5768
708,BT,Bhutan,Exports of goods and services (current US$),2017,737148272.640667,South Asia,Lower middle income,89.6177,27.5768
709,BT,Bhutan,Exports of goods and services (current US$),2016,639422100.764677,South Asia,Lower middle income,89.6177,27.5768
710,BO,Bolivia,Exports of goods and services (current US$),2025,,Latin America & Caribbean ,Lower middle income,-66.1936,-13.9908
711,BO,Bolivia,Exports of goods and services (current US$),2024,11763846801.7366,Latin America & Caribbean ,Lower middle income,-66.1936,-13.9908
712,BO,Bolivia,Exports of goods and services (current US$),2023,11725676874.0955,Latin America & Caribbean ,Lower middle income,-66.1936,-13.9908
713,BO,Bolivia,Exports of goods and services (current US$),2022,14163562908.8278,Latin America & Caribbean ,Lower middle income,-66.1936,-13.9908
714,BO,Bolivia,Exports of goods and services (current US$),2021,11276448089.725,Latin America & Caribbean ,Lower middle income,-66.1936,-13.9908
715,BO,Bolivia,Exports of goods and services (current US$),2020,7139077206.94645,Latin America & Caribbean ,Lower middle income,-66.1936,-13.9908
716,BO,Bolivia,Exports of goods and services (current US$),2019,9834601157.7424,Latin America & Caribbean ,Lower middle income,-66.1936,-13.9908
717,BO,Bolivia,Exports of goods and services (current US$),2018,9854706136.03473,Latin America & Caribbean ,Lower middle income,-66.1936,-13.9908
718,BO,Bolivia,Exports of goods and services (current US$),2017,8973701186.68596,Latin America & Caribbean ,Lower middle income,-66.1936,-13.9908
719,BO,Bolivia,Exports of goods and services (current US$),2016,8311504862.51809,Latin America & Caribbean ,Lower middle income,-66.1936,-13.9908
720,BA,Bosnia and Herzegovina,Exports of goods and services (current US$),2025,13366489381.94,Europe & Central Asia,Upper middle income,18.4214,43.8607
721,BA,Bosnia and Herzegovina,Exports of goods and services (current US$),2024,12103908354.0057,Europe & Central Asia,Upper middle income,18.4214,43.8607
722,BA,Bosnia and Herzegovina,Exports of goods and services (current US$),2023,12121804463.0702,Europe & Central Asia,Upper middle income,18.4214,43.8607
723,BA,Bosnia and Herzegovina,Exports of goods and services (current US$),2022,11851990990.2836,Europe & Central Asia,Upper middle income,18.4214,43.8607
724,BA,Bosnia and Herzegovina,Exports of goods and services (current US$),2021,10137269156.0142,Europe & Central Asia,Upper middle income,18.4214,43.8607
725,BA,Bosnia and Herzegovina,Exports of goods and services (current US$),2020,6996561966.72044,Europe & Central Asia,Upper middle income,18.4214,43.8607
726,BA,Bosnia and Herzegovina,Exports of goods and services (current US$),2019,8201250825.66056,Europe & Central Asia,Upper middle income,18.4214,43.8607
727,BA,Bosnia and Herzegovina,Exports of goods and services (current US$),2018,8600140375.44094,Europe & Central Asia,Upper middle income,18.4214,43.8607
728,BA,Bosnia and Herzegovina,Exports of goods and services (current US$),2017,7390002149.41859,Europe & Central Asia,Upper middle income,18.4214,43.8607
729,BA,Bosnia and Herzegovina,Exports of goods and services (current US$),2016,6146467330.90555,Europe & Central Asia,Upper middle income,18.4214,43.8607
730,BW,Botswana,Exports of goods and services (current US$),2025,6383839015.67597,Sub-Saharan Africa ,Upper middle income,25.9201,-24.6544
731,BW,Botswana,Exports of goods and services (current US$),2024,5222081144.52612,Sub-Saharan Africa ,Upper middle income,25.9201,-24.6544
732,BW,Botswana,Exports of goods and services (current US$),2023,6386475984.09077,Sub-Saharan Africa ,Upper middle income,25.9201,-24.6544
733,BW,Botswana,Exports of goods and services (current US$),2022,8835446422.96978,Sub-Saharan Africa ,Upper middle income,25.9201,-24.6544
734,BW,Botswana,Exports of goods and services (current US$),2021,7832700186.10553,Sub-Saharan Africa ,Upper middle income,25.9201,-24.6544
735,BW,Botswana,Exports of goods and services (current US$),2020,4675227906.32391,Sub-Saharan Africa ,Upper middle income,25.9201,-24.6544
736,BW,Botswana,Exports of goods and services (current US$),2019,6203274315.31089,Sub-Saharan Africa ,Upper middle income,25.9201,-24.6544
737,BW,Botswana,Exports of goods and services (current US$),2018,7532912345.37339,Sub-Saharan Africa ,Upper middle income,25.9201,-24.6544
738,BW,Botswana,Exports of goods and services (current US$),2017,6912339736.57387,Sub-Saharan Africa ,Upper middle income,25.9201,-24.6544
739,BW,Botswana,Exports of goods and services (current US$),2016,8236832499.81332,Sub-Saharan Africa ,Upper middle income,25.9201,-24.6544
740,BR,Brazil,Exports of goods and services (current US$),2025,406298241937.141,Latin America & Caribbean ,Upper middle income,-47.9292,-15.7801
741,BR,Brazil,Exports of goods and services (current US$),2024,392105346047.039,Latin America & Caribbean ,Upper middle income,-47.9292,-15.7801
742,BR,Brazil,Exports of goods and services (current US$),2023,393731572887.926,Latin America & Caribbean ,Upper middle income,-47.9292,-15.7801
743,BR,Brazil,Exports of goods and services (current US$),2022,383177602116.201,Latin America & Caribbean ,Upper middle income,-47.9292,-15.7801
744,BR,Brazil,Exports of goods and services (current US$),2021,319251201403.084,Latin America & Caribbean ,Upper middle income,-47.9292,-15.7801
745,BR,Brazil,Exports of goods and services (current US$),2020,242872071018.291,Latin America & Caribbean ,Upper middle income,-47.9292,-15.7801
746,BR,Brazil,Exports of goods and services (current US$),2019,264562979421.068,Latin America & Caribbean ,Upper middle income,-47.9292,-15.7801
747,BR,Brazil,Exports of goods and services (current US$),2018,280543266303.121,Latin America & Caribbean ,Upper middle income,-47.9292,-15.7801
748,BR,Brazil,Exports of goods and services (current US$),2017,258330777006.501,Latin America & Caribbean ,Upper middle income,-47.9292,-15.7801
749,BR,Brazil,Exports of goods and services (current US$),2016,223863343103.297,Latin America & Caribbean ,Upper middle income,-47.9292,-15.7801
750,VG,British Virgin Islands,Exports of goods and services (current US$),2025,,Latin America & Caribbean ,High income,-64.623056,18.431389
751,VG,British Virgin Islands,Exports of goods and services (current US$),2024,,Latin America & Caribbean ,High income,-64.623056,18.431389
752,VG,British Virgin Islands,Exports of goods and services (current US$),2023,,Latin America & Caribbean ,High income,-64.623056,18.431389
753,VG,British Virgin Islands,Exports of goods and services (current US$),2022,,Latin America & Caribbean ,High income,-64.623056,18.431389
754,VG,British Virgin Islands,Exports of goods and services (current US$),2021,,Latin America & Caribbean ,High income,-64.623056,18.431389
755,VG,British Virgin Islands,Exports of goods and services (current US$),2020,,Latin America & Caribbean ,High income,-64.623056,18.431389
756,VG,British Virgin Islands,Exports of goods and services (current US$),2019,,Latin America & Caribbean ,High income,-64.623056,18.431389
757,VG,British Virgin Islands,Exports of goods and services (current US$),2018,,Latin America & Caribbean ,High income,-64.623056,18.431389
758,VG,British Virgin Islands,Exports of goods and services (current US$),2017,,Latin America & Caribbean ,High income,-64.623056,18.431389
759,VG,British Virgin Islands,Exports of goods and services (current US$),2016,,Latin America & Caribbean ,High income,-64.623056,18.431389
760,BN,Brunei Darussalam,Exports of goods and services (current US$),2025,10758583397.0485,East Asia & Pacific,High income,114.946,4.94199
761,BN,Brunei Darussalam,Exports of goods and services (current US$),2024,11393732340.4437,East Asia & Pacific,High income,114.946,4.94199
762,BN,Brunei Darussalam,Exports of goods and services (current US$),2023,11578413348.423,East Asia & Pacific,High income,114.946,4.94199
763,BN,Brunei Darussalam,Exports of goods and services (current US$),2022,14411072071.9153,East Asia & Pacific,High income,114.946,4.94199
764,BN,Brunei Darussalam,Exports of goods and services (current US$),2021,11228855780.6292,East Asia & Pacific,High income,114.946,4.94199
765,BN,Brunei Darussalam,Exports of goods and services (current US$),2020,6886059825.91906,East Asia & Pacific,High income,114.946,4.94199
766,BN,Brunei Darussalam,Exports of goods and services (current US$),2019,7804888584.60408,East Asia & Pacific,High income,114.946,4.94199
767,BN,Brunei Darussalam,Exports of goods and services (current US$),2018,7045735066.37537,East Asia & Pacific,High income,114.946,4.94199
768,BN,Brunei Darussalam,Exports of goods and services (current US$),2017,6012333920.6353,East Asia & Pacific,High income,114.946,4.94199
769,BN,Brunei Darussalam,Exports of goods and services (current US$),2016,5651998520.28491,East Asia & Pacific,High income,114.946,4.94199
770,BG,Bulgaria,Exports of goods and services (current US$),2025,66354382380.9581,Europe & Central Asia,High income,23.3238,42.7105
771,BG,Bulgaria,Exports of goods and services (current US$),2024,63894874227.789,Europe & Central Asia,High income,23.3238,42.7105
772,BG,Bulgaria,Exports of goods and services (current US$),2023,63371847847.3694,Europe & Central Asia,High income,23.3238,42.7105
773,BG,Bulgaria,Exports of goods and services (current US$),2022,63338969112.3653,Europe & Central Asia,High income,23.3238,42.7105
774,BG,Bulgaria,Exports of goods and services (current US$),2021,52188034903.5088,Europe & Central Asia,High income,23.3238,42.7105
775,BG,Bulgaria,Exports of goods and services (current US$),2020,39809586250.4753,Europe & Central Asia,High income,23.3238,42.7105
776,BG,Bulgaria,Exports of goods and services (current US$),2019,44053127057.0848,Europe & Central Asia,High income,23.3238,42.7105
777,BG,Bulgaria,Exports of goods and services (current US$),2018,43572669715.493,Europe & Central Asia,High income,23.3238,42.7105
778,BG,Bulgaria,Exports of goods and services (current US$),2017,39638742330.8676,Europe & Central Asia,High income,23.3238,42.7105
779,BG,Bulgaria,Exports of goods and services (current US$),2016,34441575793.7464,Europe & Central Asia,High income,23.3238,42.7105
780,BF,Burkina Faso,Exports of goods and services (current US$),2025,9666763788.45255,Sub-Saharan Africa ,Low income,-1.53395,12.3605
781,BF,Burkina Faso,Exports of goods and services (current US$),2024,6608822103.86993,Sub-Saharan Africa ,Low income,-1.53395,12.3605
782,BF,Burkina Faso,Exports of goods and services (current US$),2023,5820589716.51653,Sub-Saharan Africa ,Low income,-1.53395,12.3605
783,BF,Burkina Faso,Exports of goods and services (current US$),2022,5813561183.39553,Sub-Saharan Africa ,Low income,-1.53395,12.3605
784,BF,Burkina Faso,Exports of goods and services (current US$),2021,6460208896.64941,Sub-Saharan Africa ,Low income,-1.53395,12.3605
785,BF,Burkina Faso,Exports of goods and services (current US$),2020,5632452790.61293,Sub-Saharan Africa ,Low income,-1.53395,12.3605
786,BF,Burkina Faso,Exports of goods and services (current US$),2019,4690831780.11539,Sub-Saharan Africa ,Low income,-1.53395,12.3605
787,BF,Burkina Faso,Exports of goods and services (current US$),2018,4461756780.16476,Sub-Saharan Africa ,Low income,-1.53395,12.3605
788,BF,Burkina Faso,Exports of goods and services (current US$),2017,3731626300.73619,Sub-Saharan Africa ,Low income,-1.53395,12.3605
789,BF,Burkina Faso,Exports of goods and services (current US$),2016,3325889850.03121,Sub-Saharan Africa ,Low income,-1.53395,12.3605
790,BI,Burundi,Exports of goods and services (current US$),2025,,Sub-Saharan Africa ,Low income,29.3639,-3.3784
791,BI,Burundi,Exports of goods and services (current US$),2024,,Sub-Saharan Africa ,Low income,29.3639,-3.3784
792,BI,Burundi,Exports of goods and services (current US$),2023,,Sub-Saharan Africa ,Low income,29.3639,-3.3784
793,BI,Burundi,Exports of goods and services (current US$),2022,,Sub-Saharan Africa ,Low income,29.3639,-3.3784
794,BI,Burundi,Exports of goods and services (current US$),2021,,Sub-Saharan Africa ,Low income,29.3639,-3.3784
795,BI,Burundi,Exports of goods and services (current US$),2020,,Sub-Saharan Africa ,Low income,29.3639,-3.3784
796,BI,Burundi,Exports of goods and services (current US$),2019,,Sub-Saharan Africa ,Low income,29.3639,-3.3784
797,BI,Burundi,Exports of goods and services (current US$),2018,,Sub-Saharan Africa ,Low income,29.3639,-3.3784
798,BI,Burundi,Exports of goods and services (current US$),2017,,Sub-Saharan Africa ,Low income,29.3639,-3.3784
799,BI,Burundi,Exports of goods and services (current US$),2016,,Sub-Saharan Africa ,Low income,29.3639,-3.3784
800,CV,Cabo Verde,Exports of goods and services (current US$),2025,1283053104.60468,Sub-Saharan Africa ,Upper middle income,-23.5087,14.9218
801,CV,Cabo Verde,Exports of goods and services (current US$),2024,1158196703.94847,Sub-Saharan Africa ,Upper middle income,-23.5087,14.9218
802,CV,Cabo Verde,Exports of goods and services (current US$),2023,983790275.220092,Sub-Saharan Africa ,Upper middle income,-23.5087,14.9218
803,CV,Cabo Verde,Exports of goods and services (current US$),2022,869236485.990215,Sub-Saharan Africa ,Upper middle income,-23.5087,14.9218
804,CV,Cabo Verde,Exports of goods and services (current US$),2021,489360327.17769,Sub-Saharan Africa ,Upper middle income,-23.5087,14.9218
805,CV,Cabo Verde,Exports of goods and services (current US$),2020,460735344.52853,Sub-Saharan Africa ,Upper middle income,-23.5087,14.9218
806,CV,Cabo Verde,Exports of goods and services (current US$),2019,1051880072.22161,Sub-Saharan Africa ,Upper middle income,-23.5087,14.9218
807,CV,Cabo Verde,Exports of goods and services (current US$),2018,1011390795.76429,Sub-Saharan Africa ,Upper middle income,-23.5087,14.9218
808,CV,Cabo Verde,Exports of goods and services (current US$),2017,840005276.517296,Sub-Saharan Africa ,Upper middle income,-23.5087,14.9218
809,CV,Cabo Verde,Exports of goods and services (current US$),2016,767162452.285936,Sub-Saharan Africa ,Upper middle income,-23.5087,14.9218
810,KH,Cambodia,Exports of goods and services (current US$),2025,35193057307.4029,East Asia & Pacific,Lower middle income,104.874,11.5556
811,KH,Cambodia,Exports of goods and services (current US$),2024,33078910281.3995,East Asia & Pacific,Lower middle income,104.874,11.5556
812,KH,Cambodia,Exports of goods and services (current US$),2023,28319442900.3223,East Asia & Pacific,Lower middle income,104.874,11.5556
813,KH,Cambodia,Exports of goods and services (current US$),2022,28878876682.0659,East Asia & Pacific,Lower middle income,104.874,11.5556
814,KH,Cambodia,Exports of goods and services (current US$),2021,26621743091.289,East Asia & Pacific,Lower middle income,104.874,11.5556
815,KH,Cambodia,Exports of goods and services (current US$),2020,20863615890.1823,East Asia & Pacific,Lower middle income,104.874,11.5556
816,KH,Cambodia,Exports of goods and services (current US$),2019,20340881132.781,East Asia & Pacific,Lower middle income,104.874,11.5556
817,KH,Cambodia,Exports of goods and services (current US$),2018,18386489552.4053,East Asia & Pacific,Lower middle income,104.874,11.5556
818,KH,Cambodia,Exports of goods and services (current US$),2017,16527255663.0116,East Asia & Pacific,Lower middle income,104.874,11.5556
819,KH,Cambodia,Exports of goods and services (current US$),2016,14986346465.4653,East Asia & Pacific,Lower middle income,104.874,11.5556
820,CM,Cameroon,Exports of goods and services (current US$),2025,7713888549.30439,Sub-Saharan Africa ,Lower middle income,11.5174,3.8721
821,CM,Cameroon,Exports of goods and services (current US$),2024,8353326094.39976,Sub-Saharan Africa ,Lower middle income,11.5174,3.8721
822,CM,Cameroon,Exports of goods and services (current US$),2023,8226588945.45928,Sub-Saharan Africa ,Lower middle income,11.5174,3.8721
823,CM,Cameroon,Exports of goods and services (current US$),2022,8568684369.04679,Sub-Saharan Africa ,Lower middle income,11.5174,3.8721
824,CM,Cameroon,Exports of goods and services (current US$),2021,7430968539.29677,Sub-Saharan Africa ,Lower middle income,11.5174,3.8721
825,CM,Cameroon,Exports of goods and services (current US$),2020,6212103784.55953,Sub-Saharan Africa ,Lower middle income,11.5174,3.8721
826,CM,Cameroon,Exports of goods and services (current US$),2019,7874085866.66636,Sub-Saharan Africa ,Lower middle income,11.5174,3.8721
827,CM,Cameroon,Exports of goods and services (current US$),2018,7486173533.2258,Sub-Saharan Africa ,Lower middle income,11.5174,3.8721
828,CM,Cameroon,Exports of goods and services (current US$),2017,6624479953.0876,Sub-Saharan Africa ,Lower middle income,11.5174,3.8721
829,CM,Cameroon,Exports of goods and services (current US$),2016,6407809686.3797,Sub-Saharan Africa ,Lower middle income,11.5174,3.8721
830,CA,Canada,Exports of goods and services (current US$),2025,726879970410.257,North America,High income,-75.6919,45.4215
831,CA,Canada,Exports of goods and services (current US$),2024,737073649328.937,North America,High income,-75.6919,45.4215
832,CA,Canada,Exports of goods and services (current US$),2023,732380673864.391,North America,High income,-75.6919,45.4215
833,CA,Canada,Exports of goods and services (current US$),2022,742056361162.595,North America,High income,-75.6919,45.4215
834,CA,Canada,Exports of goods and services (current US$),2021,630478158309.719,North America,High income,-75.6919,45.4215
835,CA,Canada,Exports of goods and services (current US$),2020,487990676642.934,North America,High income,-75.6919,45.4215
836,CA,Canada,Exports of goods and services (current US$),2019,564142104614.779,North America,High income,-75.6919,45.4215
837,CA,Canada,Exports of goods and services (current US$),2018,557719627178.031,North America,High income,-75.6919,45.4215
838,CA,Canada,Exports of goods and services (current US$),2017,518766780219.71,North America,High income,-75.6919,45.4215
839,CA,Canada,Exports of goods and services (current US$),2016,481357649980.237,North America,High income,-75.6919,45.4215
840,KY,Cayman Islands,Exports of goods and services (current US$),2025,,Latin America & Caribbean ,High income,-81.3857,19.3022
841,KY,Cayman Islands,Exports of goods and services (current US$),2024,,Latin America & Caribbean ,High income,-81.3857,19.3022
842,KY,Cayman Islands,Exports of goods and services (current US$),2023,,Latin America & Caribbean ,High income,-81.3857,19.3022
843,KY,Cayman Islands,Exports of goods and services (current US$),2022,,Latin America & Caribbean ,High income,-81.3857,19.3022
844,KY,Cayman Islands,Exports of goods and services (current US$),2021,,Latin America & Caribbean ,High income,-81.3857,19.3022
845,KY,Cayman Islands,Exports of goods and services (current US$),2020,3372493489.97396,Latin America & Caribbean ,High income,-81.3857,19.3022
846,KY,Cayman Islands,Exports of goods and services (current US$),2019,4127896511.58605,Latin America & Caribbean ,High income,-81.3857,19.3022
847,KY,Cayman Islands,Exports of goods and services (current US$),2018,3958935835.74334,Latin America & Caribbean ,High income,-81.3857,19.3022
848,KY,Cayman Islands,Exports of goods and services (current US$),2017,3824175296.70119,Latin America & Caribbean ,High income,-81.3857,19.3022
849,KY,Cayman Islands,Exports of goods and services (current US$),2016,,Latin America & Caribbean ,High income,-81.3857,19.3022
850,CF,Central African Republic,Exports of goods and services (current US$),2025,593132852.007634,Sub-Saharan Africa ,Low income,21.6407,5.63056
851,CF,Central African Republic,Exports of goods and services (current US$),2024,412917514.039995,Sub-Saharan Africa ,Low income,21.6407,5.63056
852,CF,Central African Republic,Exports of goods and services (current US$),2023,369034170.925932,Sub-Saharan Africa ,Low income,21.6407,5.63056
853,CF,Central African Republic,Exports of goods and services (current US$),2022,293074002.707976,Sub-Saharan Africa ,Low income,21.6407,5.63056
854,CF,Central African Republic,Exports of goods and services (current US$),2021,332868820.827631,Sub-Saharan Africa ,Low income,21.6407,5.63056
855,CF,Central African Republic,Exports of goods and services (current US$),2020,353021263.260214,Sub-Saharan Africa ,Low income,21.6407,5.63056
856,CF,Central African Republic,Exports of goods and services (current US$),2019,349974468.904547,Sub-Saharan Africa ,Low income,21.6407,5.63056
857,CF,Central African Republic,Exports of goods and services (current US$),2018,354024742.201165,Sub-Saharan Africa ,Low income,21.6407,5.63056
858,CF,Central African Republic,Exports of goods and services (current US$),2017,357682916.800674,Sub-Saharan Africa ,Low income,21.6407,5.63056
859,CF,Central African Republic,Exports of goods and services (current US$),2016,270501993.134169,Sub-Saharan Africa ,Low income,21.6407,5.63056
860,TD,Chad,Exports of goods and services (current US$),2025,6316032158.59785,Sub-Saharan Africa ,Low income,15.0445,12.1048
861,TD,Chad,Exports of goods and services (current US$),2024,5511283770.19261,Sub-Saharan Africa ,Low income,15.0445,12.1048
862,TD,Chad,Exports of goods and services (current US$),2023,5340996645.48059,Sub-Saharan Africa ,Low income,15.0445,12.1048
863,TD,Chad,Exports of goods and services (current US$),2022,5657938456.17481,Sub-Saharan Africa ,Low income,15.0445,12.1048
864,TD,Chad,Exports of goods and services (current US$),2021,4434510318.11721,Sub-Saharan Africa ,Low income,15.0445,12.1048
865,TD,Chad,Exports of goods and services (current US$),2020,3178743027.29094,Sub-Saharan Africa ,Low income,15.0445,12.1048
866,TD,Chad,Exports of goods and services (current US$),2019,3721677783.17558,Sub-Saharan Africa ,Low income,15.0445,12.1048
867,TD,Chad,Exports of goods and services (current US$),2018,3961229688.85689,Sub-Saharan Africa ,Low income,15.0445,12.1048
868,TD,Chad,Exports of goods and services (current US$),2017,3095057450.03395,Sub-Saharan Africa ,Low income,15.0445,12.1048
869,TD,Chad,Exports of goods and services (current US$),2016,2944981828.42901,Sub-Saharan Africa ,Low income,15.0445,12.1048
870,JG,Channel Islands,Exports of goods and services (current US$),2025,,Europe & Central Asia,High income,,
871,JG,Channel Islands,Exports of goods and services (current US$),2024,,Europe & Central Asia,High income,,
872,JG,Channel Islands,Exports of goods and services (current US$),2023,,Europe & Central Asia,High income,,
873,JG,Channel Islands,Exports of goods and services (current US$),2022,,Europe & Central Asia,High income,,
874,JG,Channel Islands,Exports of goods and services (current US$),2021,,Europe & Central Asia,High income,,
875,JG,Channel Islands,Exports of goods and services (current US$),2020,,Europe & Central Asia,High income,,
876,JG,Channel Islands,Exports of goods and services (current US$),2019,,Europe & Central Asia,High income,,
877,JG,Channel Islands,Exports of goods and services (current US$),2018,,Europe & Central Asia,High income,,
878,JG,Channel Islands,Exports of goods and services (current US$),2017,,Europe & Central Asia,High income,,
879,JG,Channel Islands,Exports of goods and services (current US$),2016,,Europe & Central Asia,High income,,
880,CL,Chile,Exports of goods and services (current US$),2025,123520198503.178,Latin America & Caribbean ,High income,-70.6475,-33.475
881,CL,Chile,Exports of goods and services (current US$),2024,111066428901.988,Latin America & Caribbean ,High income,-70.6475,-33.475
882,CL,Chile,Exports of goods and services (current US$),2023,103343502222.414,Latin America & Caribbean ,High income,-70.6475,-33.475
883,CL,Chile,Exports of goods and services (current US$),2022,107256627766.463,Latin America & Caribbean ,High income,-70.6475,-33.475
884,CL,Chile,Exports of goods and services (current US$),2021,100881456526.221,Latin America & Caribbean ,High income,-70.6475,-33.475
885,CL,Chile,Exports of goods and services (current US$),2020,79592398711.3847,Latin America & Caribbean ,High income,-70.6475,-33.475
886,CL,Chile,Exports of goods and services (current US$),2019,77571036969.0353,Latin America & Caribbean ,High income,-70.6475,-33.475
887,CL,Chile,Exports of goods and services (current US$),2018,84405337954.8003,Latin America & Caribbean ,High income,-70.6475,-33.475
888,CL,Chile,Exports of goods and services (current US$),2017,78238304189.7642,Latin America & Caribbean ,High income,-70.6475,-33.475
889,CL,Chile,Exports of goods and services (current US$),2016,69624959647.1384,Latin America & Caribbean ,High income,-70.6475,-33.475
890,CN,China,Exports of goods and services (current US$),2025,4108470555117.51,East Asia & Pacific,Upper middle income,116.286,40.0495
891,CN,China,Exports of goods and services (current US$),2024,3828873971971.62,East Asia & Pacific,Upper middle income,116.286,40.0495
892,CN,China,Exports of goods and services (current US$),2023,3544871083631.02,East Asia & Pacific,Upper middle income,116.286,40.0495
893,CN,China,Exports of goods and services (current US$),2022,3705070541732.88,East Asia & Pacific,Upper middle income,116.286,40.0495
894,CN,China,Exports of goods and services (current US$),2021,3537510275663.96,East Asia & Pacific,Upper middle income,116.286,40.0495
895,CN,China,Exports of goods and services (current US$),2020,2739785089628.44,East Asia & Pacific,Upper middle income,116.286,40.0495
896,CN,China,Exports of goods and services (current US$),2019,2641188436776.47,East Asia & Pacific,Upper middle income,116.286,40.0495
897,CN,China,Exports of goods and services (current US$),2018,2655609176087.45,East Asia & Pacific,Upper middle income,116.286,40.0495
898,CN,China,Exports of goods and services (current US$),2017,2424216052098.35,East Asia & Pacific,Upper middle income,116.286,40.0495
899,CN,China,Exports of goods and services (current US$),2016,2199974853570.14,East Asia & Pacific,Upper middle income,116.286,40.0495
900,CO,Colombia,Exports of goods and services (current US$),2025,68538536936.8153,Latin America & Caribbean ,Upper middle income,-74.082,4.60987
901,CO,Colombia,Exports of goods and services (current US$),2024,67618959764.1375,Latin America & Caribbean ,Upper middle income,-74.082,4.60987
902,CO,Colombia,Exports of goods and services (current US$),2023,65337018068.8426,Latin America & Caribbean ,Upper middle income,-74.082,4.60987
903,CO,Colombia,Exports of goods and services (current US$),2022,70468824548.812,Latin America & Caribbean ,Upper middle income,-74.082,4.60987
904,CO,Colombia,Exports of goods and services (current US$),2021,51591453811.2973,Latin America & Caribbean ,Upper middle income,-74.082,4.60987
905,CO,Colombia,Exports of goods and services (current US$),2020,36557247848.5389,Latin America & Caribbean ,Upper middle income,-74.082,4.60987
906,CO,Colombia,Exports of goods and services (current US$),2019,51258795210.3544,Latin America & Caribbean ,Upper middle income,-74.082,4.60987
907,CO,Colombia,Exports of goods and services (current US$),2018,53136579844.9701,Latin America & Caribbean ,Upper middle income,-74.082,4.60987
908,CO,Colombia,Exports of goods and services (current US$),2017,47233141871.792,Latin America & Caribbean ,Upper middle income,-74.082,4.60987
909,CO,Colombia,Exports of goods and services (current US$),2016,41608310926.5839,Latin America & Caribbean ,Upper middle income,-74.082,4.60987
910,KM,Comoros,Exports of goods and services (current US$),2025,168747748.104269,Sub-Saharan Africa ,Lower middle income,43.2418,-11.6986
911,KM,Comoros,Exports of goods and services (current US$),2024,148632460.903961,Sub-Saharan Africa ,Lower middle income,43.2418,-11.6986
912,KM,Comoros,Exports of goods and services (current US$),2023,151154559.488802,Sub-Saharan Africa ,Lower middle income,43.2418,-11.6986
913,KM,Comoros,Exports of goods and services (current US$),2022,165662686.997069,Sub-Saharan Africa ,Lower middle income,43.2418,-11.6986
914,KM,Comoros,Exports of goods and services (current US$),2021,128826172.606603,Sub-Saharan Africa ,Lower middle income,43.2418,-11.6986
915,KM,Comoros,Exports of goods and services (current US$),2020,69481186.4625695,Sub-Saharan Africa ,Lower middle income,43.2418,-11.6986
916,KM,Comoros,Exports of goods and services (current US$),2019,152645349.458342,Sub-Saharan Africa ,Lower middle income,43.2418,-11.6986
917,KM,Comoros,Exports of goods and services (current US$),2018,153462136.034887,Sub-Saharan Africa ,Lower middle income,43.2418,-11.6986
918,KM,Comoros,Exports of goods and services (current US$),2017,128229514.973898,Sub-Saharan Africa ,Lower middle income,43.2418,-11.6986
919,KM,Comoros,Exports of goods and services (current US$),2016,108098874.554256,Sub-Saharan Africa ,Lower middle income,43.2418,-11.6986
920,CD,"Congo, Dem. Rep.",Exports of goods and services (current US$),2025,39523166164.4367,Sub-Saharan Africa ,Low income,15.3222,-4.325
921,CD,"Congo, Dem. Rep.",Exports of goods and services (current US$),2024,34599989014.9216,Sub-Saharan Africa ,Low income,15.3222,-4.325
922,CD,"Congo, Dem. Rep.",Exports of goods and services (current US$),2023,29372039343.0999,Sub-Saharan Africa ,Low income,15.3222,-4.325
923,CD,"Congo, Dem. Rep.",Exports of goods and services (current US$),2022,28746630293.9711,Sub-Saharan Africa ,Low income,15.3222,-4.325
924,CD,"Congo, Dem. Rep.",Exports of goods and services (current US$),2021,22344866847.553,Sub-Saharan Africa ,Low income,15.3222,-4.325
925,CD,"Congo, Dem. Rep.",Exports of goods and services (current US$),2020,13935463325.7316,Sub-Saharan Africa ,Low income,15.3222,-4.325
926,CD,"Congo, Dem. Rep.",Exports of goods and services (current US$),2019,13335027131.6524,Sub-Saharan Africa ,Low income,15.3222,-4.325
927,CD,"Congo, Dem. Rep.",Exports of goods and services (current US$),2018,16081644406.2824,Sub-Saharan Africa ,Low income,15.3222,-4.325
928,CD,"Congo, Dem. Rep.",Exports of goods and services (current US$),2017,11668171687.8894,Sub-Saharan Africa ,Low income,15.3222,-4.325
929,CD,"Congo, Dem. Rep.",Exports of goods and services (current US$),2016,12013307808.8789,Sub-Saharan Africa ,Low income,15.3222,-4.325
930,CG,"Congo, Rep.",Exports of goods and services (current US$),2025,7830871682.15092,Sub-Saharan Africa ,Lower middle income,15.2662,-4.2767
931,CG,"Congo, Rep.",Exports of goods and services (current US$),2024,8296952539.2444,Sub-Saharan Africa ,Lower middle income,15.2662,-4.2767
932,CG,"Congo, Rep.",Exports of goods and services (current US$),2023,8717056859.49555,Sub-Saharan Africa ,Lower middle income,15.2662,-4.2767
933,CG,"Congo, Rep.",Exports of goods and services (current US$),2022,10093186510.6175,Sub-Saharan Africa ,Lower middle income,15.2662,-4.2767
934,CG,"Congo, Rep.",Exports of goods and services (current US$),2021,7833386313.57048,Sub-Saharan Africa ,Lower middle income,15.2662,-4.2767
935,CG,"Congo, Rep.",Exports of goods and services (current US$),2020,4669939812.03556,Sub-Saharan Africa ,Lower middle income,15.2662,-4.2767
936,CG,"Congo, Rep.",Exports of goods and services (current US$),2019,7854704721.17581,Sub-Saharan Africa ,Lower middle income,15.2662,-4.2767
937,CG,"Congo, Rep.",Exports of goods and services (current US$),2018,9190930874.56505,Sub-Saharan Africa ,Lower middle income,15.2662,-4.2767
938,CG,"Congo, Rep.",Exports of goods and services (current US$),2017,5676136547.10808,Sub-Saharan Africa ,Lower middle income,15.2662,-4.2767
939,CG,"Congo, Rep.",Exports of goods and services (current US$),2016,4598648630.75926,Sub-Saharan Africa ,Lower middle income,15.2662,-4.2767
940,CR,Costa Rica,Exports of goods and services (current US$),2025,39978465048.217,Latin America & Caribbean ,High income,-84.0089,9.63701
941,CR,Costa Rica,Exports of goods and services (current US$),2024,36297226370.6152,Latin America & Caribbean ,High income,-84.0089,9.63701
942,CR,Costa Rica,Exports of goods and services (current US$),2023,33338594300.6173,Latin America & Caribbean ,High income,-84.0089,9.63701
943,CR,Costa Rica,Exports of goods and services (current US$),2022,28818553202.073,Latin America & Caribbean ,High income,-84.0089,9.63701
944,CR,Costa Rica,Exports of goods and services (current US$),2021,23500424108.3769,Latin America & Caribbean ,High income,-84.0089,9.63701
945,CR,Costa Rica,Exports of goods and services (current US$),2020,19908254023.667,Latin America & Caribbean ,High income,-84.0089,9.63701
946,CR,Costa Rica,Exports of goods and services (current US$),2019,22111572605.0372,Latin America & Caribbean ,High income,-84.0089,9.63701
947,CR,Costa Rica,Exports of goods and services (current US$),2018,21059634001.5172,Latin America & Caribbean ,High income,-84.0089,9.63701
948,CR,Costa Rica,Exports of goods and services (current US$),2017,19826679944.9507,Latin America & Caribbean ,High income,-84.0089,9.63701
949,CR,Costa Rica,Exports of goods and services (current US$),2016,18395634879.8269,Latin America & Caribbean ,High income,-84.0089,9.63701
950,CI,Cote d'Ivoire,Exports of goods and services (current US$),2025,29717948364.1736,Sub-Saharan Africa ,Lower middle income,-4.0305,5.332
951,CI,Cote d'Ivoire,Exports of goods and services (current US$),2024,22673827945.9702,Sub-Saharan Africa ,Lower middle income,-4.0305,5.332
952,CI,Cote d'Ivoire,Exports of goods and services (current US$),2023,18123337011.1187,Sub-Saharan Africa ,Lower middle income,-4.0305,5.332
953,CI,Cote d'Ivoire,Exports of goods and services (current US$),2022,17211097451.1321,Sub-Saharan Africa ,Lower middle income,-4.0305,5.332
954,CI,Cote d'Ivoire,Exports of goods and services (current US$),2021,16230487159.2541,Sub-Saharan Africa ,Lower middle income,-4.0305,5.332
955,CI,Cote d'Ivoire,Exports of goods and services (current US$),2020,13231732415.0367,Sub-Saharan Africa ,Lower middle income,-4.0305,5.332
956,CI,Cote d'Ivoire,Exports of goods and services (current US$),2019,13683059068.9034,Sub-Saharan Africa ,Lower middle income,-4.0305,5.332
957,CI,Cote d'Ivoire,Exports of goods and services (current US$),2018,13281208105.2104,Sub-Saharan Africa ,Lower middle income,-4.0305,5.332
958,CI,Cote d'Ivoire,Exports of goods and services (current US$),2017,13390010535.4842,Sub-Saharan Africa ,Lower middle income,-4.0305,5.332
959,CI,Cote d'Ivoire,Exports of goods and services (current US$),2016,12073797174.534,Sub-Saharan Africa ,Lower middle income,-4.0305,5.332
960,HR,Croatia,Exports of goods and services (current US$),2025,50399507887.8431,Europe & Central Asia,High income,15.9614,45.8069
961,HR,Croatia,Exports of goods and services (current US$),2024,46622456310.9375,Europe & Central Asia,High income,15.9614,45.8069
962,HR,Croatia,Exports of goods and services (current US$),2023,45008887886.2753,Europe & Central Asia,High income,15.9614,45.8069
963,HR,Croatia,Exports of goods and services (current US$),2022,42370596882.2789,Europe & Central Asia,High income,15.9614,45.8069
964,HR,Croatia,Exports of goods and services (current US$),2021,34353885110.1626,Europe & Central Asia,High income,15.9614,45.8069
965,HR,Croatia,Exports of goods and services (current US$),2020,23925674726.4144,Europe & Central Asia,High income,15.9614,45.8069
966,HR,Croatia,Exports of goods and services (current US$),2019,31035895644.6976,Europe & Central Asia,High income,15.9614,45.8069
967,HR,Croatia,Exports of goods and services (current US$),2018,30285565817.1339,Europe & Central Asia,High income,15.9614,45.8069
968,HR,Croatia,Exports of goods and services (current US$),2017,27482204405.6029,Europe & Central Asia,High income,15.9614,45.8069
969,HR,Croatia,Exports of goods and services (current US$),2016,24545506871.635,Europe & Central Asia,High income,15.9614,45.8069
970,CU,Cuba,Exports of goods and services (current US$),2025,,Latin America & Caribbean ,Upper middle income,-82.3667,23.1333
971,CU,Cuba,Exports of goods and services (current US$),2024,,Latin America & Caribbean ,Upper middle income,-82.3667,23.1333
972,CU,Cuba,Exports of goods and services (current US$),2023,,Latin America & Caribbean ,Upper middle income,-82.3667,23.1333
973,CU,Cuba,Exports of goods and services (current US$),2022,,Latin America & Caribbean ,Upper middle income,-82.3667,23.1333
974,CU,Cuba,Exports of goods and services (current US$),2021,,Latin America & Caribbean ,Upper middle income,-82.3667,23.1333
975,CU,Cuba,Exports of goods and services (current US$),2020,8769000000.0,Latin America & Caribbean ,Upper middle income,-82.3667,23.1333
976,CU,Cuba,Exports of goods and services (current US$),2019,12632000000.0,Latin America & Caribbean ,Upper middle income,-82.3667,23.1333
977,CU,Cuba,Exports of goods and services (current US$),2018,14530000000.0,Latin America & Caribbean ,Upper middle income,-82.3667,23.1333
978,CU,Cuba,Exports of goods and services (current US$),2017,14093000000.0,Latin America & Caribbean ,Upper middle income,-82.3667,23.1333
979,CU,Cuba,Exports of goods and services (current US$),2016,13689600000.0,Latin America & Caribbean ,Upper middle income,-82.3667,23.1333
980,CW,Curacao,Exports of goods and services (current US$),2025,,Latin America & Caribbean ,High income,,
981,CW,Curacao,Exports of goods and services (current US$),2024,,Latin America & Caribbean ,High income,,
982,CW,Curacao,Exports of goods and services (current US$),2023,,Latin America & Caribbean ,High income,,
983,CW,Curacao,Exports of goods and services (current US$),2022,,Latin America & Caribbean ,High income,,
984,CW,Curacao,Exports of goods and services (current US$),2021,,Latin America & Caribbean ,High income,,
985,CW,Curacao,Exports of goods and services (current US$),2020,,Latin America & Caribbean ,High income,,
986,CW,Curacao,Exports of goods and services (current US$),2019,,Latin America & Caribbean ,High income,,
987,CW,Curacao,Exports of goods and services (current US$),2018,1926703910.61453,Latin America & Caribbean ,High income,,
988,CW,Curacao,Exports of goods and services (current US$),2017,1808826815.64246,Latin America & Caribbean ,High income,,
989,CW,Curacao,Exports of goods and services (current US$),2016,1905418994.41341,Latin America & Caribbean ,High income,,
990,CY,Cyprus,Exports of goods and services (current US$),2025,40225580413.4235,Europe & Central Asia,High income,33.3736,35.1676
991,CY,Cyprus,Exports of goods and services (current US$),2024,36513130970.8594,Europe & Central Asia,High income,33.3736,35.1676
992,CY,Cyprus,Exports of goods and services (current US$),2023,33809206919.8516,Europe & Central Asia,High income,33.3736,35.1676
993,CY,Cyprus,Exports of goods and services (current US$),2022,32674705004.8484,Europe & Central Asia,High income,33.3736,35.1676
994,CY,Cyprus,Exports of goods and services (current US$),2021,27565547681.4841,Europe & Central Asia,High income,33.3736,35.1676
995,CY,Cyprus,Exports of goods and services (current US$),2020,20353920955.1253,Europe & Central Asia,High income,33.3736,35.1676
996,CY,Cyprus,Exports of goods and services (current US$),2019,19846292633.1451,Europe & Central Asia,High income,33.3736,35.1676
997,CY,Cyprus,Exports of goods and services (current US$),2018,19189606173.1592,Europe & Central Asia,High income,33.3736,35.1676
998,CY,Cyprus,Exports of goods and services (current US$),2017,16942949247.2565,Europe & Central Asia,High income,33.3736,35.1676
999,CY,Cyprus,Exports of goods and services (current US$),2016,14834392302.579,Europe & Central Asia,High income,33.3736,35.1676
1000,CZ,Czechia,Exports of goods and services (current US$),2025,261773375377.022,Europe & Central Asia,High income,14.4205,50.0878
1001,CZ,Czechia,Exports of goods and services (current US$),2024,238995944034.86,Europe & Central Asia,High income,14.4205,50.0878
1002,CZ,Czechia,Exports of goods and services (current US$),2023,236031278976.789,Europe & Central Asia,High income,14.4205,50.0878
1003,CZ,Czechia,Exports of goods and services (current US$),2022,218554266386.95,Europe & Central Asia,High income,14.4205,50.0878
1004,CZ,Czechia,Exports of goods and services (current US$),2021,205281381420.63,Europe & Central Asia,High income,14.4205,50.0878
1005,CZ,Czechia,Exports of goods and services (current US$),2020,170154349910.061,Europe & Central Asia,High income,14.4205,50.0878
1006,CZ,Czechia,Exports of goods and services (current US$),2019,185212440994.669,Europe & Central Asia,High income,14.4205,50.0878
1007,CZ,Czechia,Exports of goods and services (current US$),2018,190530873335.148,Europe & Central Asia,High income,14.4205,50.0878
1008,CZ,Czechia,Exports of goods and services (current US$),2017,172120406679.12,Europe & Central Asia,High income,14.4205,50.0878
1009,CZ,Czechia,Exports of goods and services (current US$),2016,154779987656.804,Europe & Central Asia,High income,14.4205,50.0878
1010,DK,Denmark,Exports of goods and services (current US$),2025,324310154069.936,Europe & Central Asia,High income,12.5681,55.6763
1011,DK,Denmark,Exports of goods and services (current US$),2024,301421099196.281,Europe & Central Asia,High income,12.5681,55.6763
1012,DK,Denmark,Exports of goods and services (current US$),2023,280481748656.828,Europe & Central Asia,High income,12.5681,55.6763
1013,DK,Denmark,Exports of goods and services (current US$),2022,283101737204.979,Europe & Central Asia,High income,12.5681,55.6763
1014,DK,Denmark,Exports of goods and services (current US$),2021,240447056409.375,Europe & Central Asia,High income,12.5681,55.6763
1015,DK,Denmark,Exports of goods and services (current US$),2020,195728280394.404,Europe & Central Asia,High income,12.5681,55.6763
1016,DK,Denmark,Exports of goods and services (current US$),2019,203616268094.231,Europe & Central Asia,High income,12.5681,55.6763
1017,DK,Denmark,Exports of goods and services (current US$),2018,202458132658.687,Europe & Central Asia,High income,12.5681,55.6763
1018,DK,Denmark,Exports of goods and services (current US$),2017,183533038706.585,Europe & Central Asia,High income,12.5681,55.6763
1019,DK,Denmark,Exports of goods and services (current US$),2016,167778866084.333,Europe & Central Asia,High income,12.5681,55.6763
1020,DJ,Djibouti,Exports of goods and services (current US$),2025,5109812571.38999,"Middle East, North Africa, Afghanistan & Pakistan",Lower middle income,43.1425,11.5806
1021,DJ,Djibouti,Exports of goods and services (current US$),2024,5248946382.25083,"Middle East, North Africa, Afghanistan & Pakistan",Lower middle income,43.1425,11.5806
1022,DJ,Djibouti,Exports of goods and services (current US$),2023,5876570579.7289,"Middle East, North Africa, Afghanistan & Pakistan",Lower middle income,43.1425,11.5806
1023,DJ,Djibouti,Exports of goods and services (current US$),2022,5673808947.73268,"Middle East, North Africa, Afghanistan & Pakistan",Lower middle income,43.1425,11.5806
1024,DJ,Djibouti,Exports of goods and services (current US$),2021,4842477816.3526,"Middle East, North Africa, Afghanistan & Pakistan",Lower middle income,43.1425,11.5806
1025,DJ,Djibouti,Exports of goods and services (current US$),2020,3682879344.59068,"Middle East, North Africa, Afghanistan & Pakistan",Lower middle income,43.1425,11.5806
1026,DJ,Djibouti,Exports of goods and services (current US$),2019,5149667174.954,"Middle East, North Africa, Afghanistan & Pakistan",Lower middle income,43.1425,11.5806
1027,DJ,Djibouti,Exports of goods and services (current US$),2018,4563067954.82807,"Middle East, North Africa, Afghanistan & Pakistan",Lower middle income,43.1425,11.5806
1028,DJ,Djibouti,Exports of goods and services (current US$),2017,4146589316.96311,"Middle East, North Africa, Afghanistan & Pakistan",Lower middle income,43.1425,11.5806
1029,DJ,Djibouti,Exports of goods and services (current US$),2016,2703006397.66826,"Middle East, North Africa, Afghanistan & Pakistan",Lower middle income,43.1425,11.5806
1030,DM,Dominica,Exports of goods and services (current US$),2025,,Latin America & Caribbean ,Upper middle income,-61.39,15.2976
1031,DM,Dominica,Exports of goods and services (current US$),2024,,Latin America & Caribbean ,Upper middle income,-61.39,15.2976
1032,DM,Dominica,Exports of goods and services (current US$),2023,,Latin America & Caribbean ,Upper middle income,-61.39,15.2976
1033,DM,Dominica,Exports of goods and services (current US$),2022,,Latin America & Caribbean ,Upper middle income,-61.39,15.2976
1034,DM,Dominica,Exports of goods and services (current US$),2021,,Latin America & Caribbean ,Upper middle income,-61.39,15.2976
1035,DM,Dominica,Exports of goods and services (current US$),2020,,Latin America & Caribbean ,Upper middle income,-61.39,15.2976
1036,DM,Dominica,Exports of goods and services (current US$),2019,,Latin America & Caribbean ,Upper middle income,-61.39,15.2976
1037,DM,Dominica,Exports of goods and services (current US$),2018,,Latin America & Caribbean ,Upper middle income,-61.39,15.2976
1038,DM,Dominica,Exports of goods and services (current US$),2017,,Latin America & Caribbean ,Upper middle income,-61.39,15.2976
1039,DM,Dominica,Exports of goods and services (current US$),2016,,Latin America & Caribbean ,Upper middle income,-61.39,15.2976
1040,DO,Dominican Republic,Exports of goods and services (current US$),2025,30119023791.074,Latin America & Caribbean ,Upper middle income,-69.8908,18.479
1041,DO,Dominican Republic,Exports of goods and services (current US$),2024,28296491455.8321,Latin America & Caribbean ,Upper middle income,-69.8908,18.479
1042,DO,Dominican Republic,Exports of goods and services (current US$),2023,25685265157.3429,Latin America & Caribbean ,Upper middle income,-69.8908,18.479
1043,DO,Dominican Republic,Exports of goods and services (current US$),2022,24994898871.2427,Latin America & Caribbean ,Upper middle income,-69.8908,18.479
1044,DO,Dominican Republic,Exports of goods and services (current US$),2021,20419747258.6912,Latin America & Caribbean ,Upper middle income,-69.8908,18.479
1045,DO,Dominican Republic,Exports of goods and services (current US$),2020,14764580793.6175,Latin America & Caribbean ,Upper middle income,-69.8908,18.479
1046,DO,Dominican Republic,Exports of goods and services (current US$),2019,20793631484.4658,Latin America & Caribbean ,Upper middle income,-69.8908,18.479
1047,DO,Dominican Republic,Exports of goods and services (current US$),2018,20392862253.0809,Latin America & Caribbean ,Upper middle income,-69.8908,18.479
1048,DO,Dominican Republic,Exports of goods and services (current US$),2017,19118996309.9954,Latin America & Caribbean ,Upper middle income,-69.8908,18.479
1049,DO,Dominican Republic,Exports of goods and services (current US$),2016,18279168807.508,Latin America & Caribbean ,Upper middle income,-69.8908,18.479
1050,EC,Ecuador,Exports of goods and services (current US$),2025,40970936400.0,Latin America & Caribbean ,Upper middle income,-78.5243,-0.229498
1051,EC,Ecuador,Exports of goods and services (current US$),2024,37757097000.0,Latin America & Caribbean ,Upper middle income,-78.5243,-0.229498
1052,EC,Ecuador,Exports of goods and services (current US$),2023,34606578000.0,Latin America & Caribbean ,Upper middle income,-78.5243,-0.229498
1053,EC,Ecuador,Exports of goods and services (current US$),2022,35914453000.0,Latin America & Caribbean ,Upper middle income,-78.5243,-0.229498
1054,EC,Ecuador,Exports of goods and services (current US$),2021,29009062000.0,Latin America & Caribbean ,Upper middle income,-78.5243,-0.229498
1055,EC,Ecuador,Exports of goods and services (current US$),2020,22320897000.0,Latin America & Caribbean ,Upper middle income,-78.5243,-0.229498
1056,EC,Ecuador,Exports of goods and services (current US$),2019,25875328000.0,Latin America & Caribbean ,Upper middle income,-78.5243,-0.229498
1057,EC,Ecuador,Exports of goods and services (current US$),2018,25304707000.0,Latin America & Caribbean ,Upper middle income,-78.5243,-0.229498
1058,EC,Ecuador,Exports of goods and services (current US$),2017,22445453000.0,Latin America & Caribbean ,Upper middle income,-78.5243,-0.229498
1059,EC,Ecuador,Exports of goods and services (current US$),2016,20061020000.0,Latin America & Caribbean ,Upper middle income,-78.5243,-0.229498
1060,EG,"Egypt, Arab Rep.",Exports of goods and services (current US$),2025,72393571621.6233,"Middle East, North Africa, Afghanistan & Pakistan",Lower middle income,31.2461,30.0982
1061,EG,"Egypt, Arab Rep.",Exports of goods and services (current US$),2024,63713393301.1736,"Middle East, North Africa, Afghanistan & Pakistan",Lower middle income,31.2461,30.0982
1062,EG,"Egypt, Arab Rep.",Exports of goods and services (current US$),2023,75645996851.8977,"Middle East, North Africa, Afghanistan & Pakistan",Lower middle income,31.2461,30.0982
1063,EG,"Egypt, Arab Rep.",Exports of goods and services (current US$),2022,71927051671.7325,"Middle East, North Africa, Afghanistan & Pakistan",Lower middle income,31.2461,30.0982
1064,EG,"Egypt, Arab Rep.",Exports of goods and services (current US$),2021,44850223072.0204,"Middle East, North Africa, Afghanistan & Pakistan",Lower middle income,31.2461,30.0982
1065,EG,"Egypt, Arab Rep.",Exports of goods and services (current US$),2020,47872738615.0967,"Middle East, North Africa, Afghanistan & Pakistan",Lower middle income,31.2461,30.0982
1066,EG,"Egypt, Arab Rep.",Exports of goods and services (current US$),2019,53041002277.9043,"Middle East, North Africa, Afghanistan & Pakistan",Lower middle income,31.2461,30.0982
1067,EG,"Egypt, Arab Rep.",Exports of goods and services (current US$),2018,47225661226.7867,"Middle East, North Africa, Afghanistan & Pakistan",Lower middle income,31.2461,30.0982
1068,EG,"Egypt, Arab Rep.",Exports of goods and services (current US$),2017,37289402173.913,"Middle East, North Africa, Afghanistan & Pakistan",Lower middle income,31.2461,30.0982
1069,EG,"Egypt, Arab Rep.",Exports of goods and services (current US$),2016,34392638036.8098,"Middle East, North Africa, Afghanistan & Pakistan",Lower middle income,31.2461,30.0982
1070,SV,El Salvador,Exports of goods and services (current US$),2025,11763690000.0,Latin America & Caribbean ,Upper middle income,-89.2073,13.7034
1071,SV,El Salvador,Exports of goods and services (current US$),2024,11391670000.0,Latin America & Caribbean ,Upper middle income,-89.2073,13.7034
1072,SV,El Salvador,Exports of goods and services (current US$),2023,9664110000.0,Latin America & Caribbean ,Upper middle income,-89.2073,13.7034
1073,SV,El Salvador,Exports of goods and services (current US$),2022,10336590000.0,Latin America & Caribbean ,Upper middle income,-89.2073,13.7034
1074,SV,El Salvador,Exports of goods and services (current US$),2021,8359050000.0,Latin America & Caribbean ,Upper middle income,-89.2073,13.7034
1075,SV,El Salvador,Exports of goods and services (current US$),2020,6112370000.0,Latin America & Caribbean ,Upper middle income,-89.2073,13.7034
1076,SV,El Salvador,Exports of goods and services (current US$),2019,8052490000.0,Latin America & Caribbean ,Upper middle income,-89.2073,13.7034
1077,SV,El Salvador,Exports of goods and services (current US$),2018,7528970000.0,Latin America & Caribbean ,Upper middle income,-89.2073,13.7034
1078,SV,El Salvador,Exports of goods and services (current US$),2017,7251400000.0,Latin America & Caribbean ,Upper middle income,-89.2073,13.7034
1079,SV,El Salvador,Exports of goods and services (current US$),2016,6884540000.0,Latin America & Caribbean ,Upper middle income,-89.2073,13.7034
1080,GQ,Equatorial Guinea,Exports of goods and services (current US$),2025,5965354779.22415,Sub-Saharan Africa ,Upper middle income,8.7741,3.7523
1081,GQ,Equatorial Guinea,Exports of goods and services (current US$),2024,5961375349.85882,Sub-Saharan Africa ,Upper middle income,8.7741,3.7523
1082,GQ,Equatorial Guinea,Exports of goods and services (current US$),2023,4741380525.48779,Sub-Saharan Africa ,Upper middle income,8.7741,3.7523
1083,GQ,Equatorial Guinea,Exports of goods and services (current US$),2022,7249945760.76341,Sub-Saharan Africa ,Upper middle income,8.7741,3.7523
1084,GQ,Equatorial Guinea,Exports of goods and services (current US$),2021,5512726595.33217,Sub-Saharan Africa ,Upper middle income,8.7741,3.7523
1085,GQ,Equatorial Guinea,Exports of goods and services (current US$),2020,4041173655.70763,Sub-Saharan Africa ,Upper middle income,8.7741,3.7523
1086,GQ,Equatorial Guinea,Exports of goods and services (current US$),2019,5810566663.64454,Sub-Saharan Africa ,Upper middle income,8.7741,3.7523
1087,GQ,Equatorial Guinea,Exports of goods and services (current US$),2018,7807722846.25857,Sub-Saharan Africa ,Upper middle income,8.7741,3.7523
1088,GQ,Equatorial Guinea,Exports of goods and services (current US$),2017,7181836773.61884,Sub-Saharan Africa ,Upper middle income,8.7741,3.7523
1089,GQ,Equatorial Guinea,Exports of goods and services (current US$),2016,5779217937.37982,Sub-Saharan Africa ,Upper middle income,8.7741,3.7523
1090,ER,Eritrea,Exports of goods and services (current US$),2025,,Sub-Saharan Africa ,Low income,38.9183,15.3315
1091,ER,Eritrea,Exports of goods and services (current US$),2024,,Sub-Saharan Africa ,Low income,38.9183,15.3315
1092,ER,Eritrea,Exports of goods and services (current US$),2023,,Sub-Saharan Africa ,Low income,38.9183,15.3315
1093,ER,Eritrea,Exports of goods and services (current US$),2022,,Sub-Saharan Africa ,Low income,38.9183,15.3315
1094,ER,Eritrea,Exports of goods and services (current US$),2021,,Sub-Saharan Africa ,Low income,38.9183,15.3315
1095,ER,Eritrea,Exports of goods and services (current US$),2020,,Sub-Saharan Africa ,Low income,38.9183,15.3315
1096,ER,Eritrea,Exports of goods and services (current US$),2019,,Sub-Saharan Africa ,Low income,38.9183,15.3315
1097,ER,Eritrea,Exports of goods and services (current US$),2018,,Sub-Saharan Africa ,Low income,38.9183,15.3315
1098,ER,Eritrea,Exports of goods and services (current US$),2017,,Sub-Saharan Africa ,Low income,38.9183,15.3315
1099,ER,Eritrea,Exports of goods and services (current US$),2016,,Sub-Saharan Africa ,Low income,38.9183,15.3315
1100,EE,Estonia,Exports of goods and services (current US$),2025,36854468950.5399,Europe & Central Asia,High income,24.7586,59.4392
1101,EE,Estonia,Exports of goods and services (current US$),2024,32636565839.1828,Europe & Central Asia,High income,24.7586,59.4392
1102,EE,Estonia,Exports of goods and services (current US$),2023,32253419230.1692,Europe & Central Asia,High income,24.7586,59.4392
1103,EE,Estonia,Exports of goods and services (current US$),2022,33421529205.1091,Europe & Central Asia,High income,24.7586,59.4392
1104,EE,Estonia,Exports of goods and services (current US$),2021,29617994789.2515,Europe & Central Asia,High income,24.7586,59.4392
1105,EE,Estonia,Exports of goods and services (current US$),2020,21687304701.9674,Europe & Central Asia,High income,24.7586,59.4392
1106,EE,Estonia,Exports of goods and services (current US$),2019,22955204325.3882,Europe & Central Asia,High income,24.7586,59.4392
1107,EE,Estonia,Exports of goods and services (current US$),2018,22761453869.1051,Europe & Central Asia,High income,24.7586,59.4392
1108,EE,Estonia,Exports of goods and services (current US$),2017,20411337063.7789,Europe & Central Asia,High income,24.7586,59.4392
1109,EE,Estonia,Exports of goods and services (current US$),2016,18537893089.3891,Europe & Central Asia,High income,24.7586,59.4392
1110,SZ,Eswatini,Exports of goods and services (current US$),2025,,Sub-Saharan Africa ,Lower middle income,31.4659,-26.5225
1111,SZ,Eswatini,Exports of goods and services (current US$),2024,2611937418.73633,Sub-Saharan Africa ,Lower middle income,31.4659,-26.5225
1112,SZ,Eswatini,Exports of goods and services (current US$),2023,2241325005.99341,Sub-Saharan Africa ,Lower middle income,31.4659,-26.5225
1113,SZ,Eswatini,Exports of goods and services (current US$),2022,2112045177.31419,Sub-Saharan Africa ,Lower middle income,31.4659,-26.5225
1114,SZ,Eswatini,Exports of goods and services (current US$),2021,2144557154.68022,Sub-Saharan Africa ,Lower middle income,31.4659,-26.5225
1115,SZ,Eswatini,Exports of goods and services (current US$),2020,1802851570.73454,Sub-Saharan Africa ,Lower middle income,31.4659,-26.5225
1116,SZ,Eswatini,Exports of goods and services (current US$),2019,2066646226.29074,Sub-Saharan Africa ,Lower middle income,31.4659,-26.5225
1117,SZ,Eswatini,Exports of goods and services (current US$),2018,1897999486.40871,Sub-Saharan Africa ,Lower middle income,31.4659,-26.5225
1118,SZ,Eswatini,Exports of goods and services (current US$),2017,1925910543.61037,Sub-Saharan Africa ,Lower middle income,31.4659,-26.5225
1119,SZ,Eswatini,Exports of goods and services (current US$),2016,1685718187.92489,Sub-Saharan Africa ,Lower middle income,31.4659,-26.5225
1120,ET,Ethiopia,Exports of goods and services (current US$),2025,16785187367.6025,Sub-Saharan Africa ,Low income,38.7468,9.02274
1121,ET,Ethiopia,Exports of goods and services (current US$),2024,8294520632.75419,Sub-Saharan Africa ,Low income,38.7468,9.02274
1122,ET,Ethiopia,Exports of goods and services (current US$),2023,8962144165.66712,Sub-Saharan Africa ,Low income,38.7468,9.02274
1123,ET,Ethiopia,Exports of goods and services (current US$),2022,10151637925.551,Sub-Saharan Africa ,Low income,38.7468,9.02274
1124,ET,Ethiopia,Exports of goods and services (current US$),2021,8323978508.07578,Sub-Saharan Africa ,Low income,38.7468,9.02274
1125,ET,Ethiopia,Exports of goods and services (current US$),2020,7032893577.0121,Sub-Saharan Africa ,Low income,38.7468,9.02274
1126,ET,Ethiopia,Exports of goods and services (current US$),2019,7291628539.93174,Sub-Saharan Africa ,Low income,38.7468,9.02274
1127,ET,Ethiopia,Exports of goods and services (current US$),2018,6977614238.63636,Sub-Saharan Africa ,Low income,38.7468,9.02274
1128,ET,Ethiopia,Exports of goods and services (current US$),2017,5826254533.33333,Sub-Saharan Africa ,Low income,38.7468,9.02274
1129,ET,Ethiopia,Exports of goods and services (current US$),2016,5349377912.66376,Sub-Saharan Africa ,Low income,38.7468,9.02274
1130,FO,Faroe Islands,Exports of goods and services (current US$),2025,,Europe & Central Asia,High income,-6.91181,61.8926
1131,FO,Faroe Islands,Exports of goods and services (current US$),2024,2211130769.46935,Europe & Central Asia,High income,-6.91181,61.8926
1132,FO,Faroe Islands,Exports of goods and services (current US$),2023,2255264259.45073,Europe & Central Asia,High income,-6.91181,61.8926
1133,FO,Faroe Islands,Exports of goods and services (current US$),2022,2218833103.79562,Europe & Central Asia,High income,-6.91181,61.8926
1134,FO,Faroe Islands,Exports of goods and services (current US$),2021,1923044780.86346,Europe & Central Asia,High income,-6.91181,61.8926
1135,FO,Faroe Islands,Exports of goods and services (current US$),2020,1551767675.22369,Europe & Central Asia,High income,-6.91181,61.8926
1136,FO,Faroe Islands,Exports of goods and services (current US$),2019,1821680268.24413,Europe & Central Asia,High income,-6.91181,61.8926
1137,FO,Faroe Islands,Exports of goods and services (current US$),2018,1684155449.442,Europe & Central Asia,High income,-6.91181,61.8926
1138,FO,Faroe Islands,Exports of goods and services (current US$),2017,1679718268.94666,Europe & Central Asia,High income,-6.91181,61.8926
1139,FO,Faroe Islands,Exports of goods and services (current US$),2016,1534259159.40032,Europe & Central Asia,High income,-6.91181,61.8926
1140,FJ,Fiji,Exports of goods and services (current US$),2025,,East Asia & Pacific,Upper middle income,178.399,-18.1149
1141,FJ,Fiji,Exports of goods and services (current US$),2024,3247013181.67791,East Asia & Pacific,Upper middle income,178.399,-18.1149
1142,FJ,Fiji,Exports of goods and services (current US$),2023,3149469473.91812,East Asia & Pacific,Upper middle income,178.399,-18.1149
1143,FJ,Fiji,Exports of goods and services (current US$),2022,2487954294.68517,East Asia & Pacific,Upper middle income,178.399,-18.1149
1144,FJ,Fiji,Exports of goods and services (current US$),2021,1422753331.95211,East Asia & Pacific,Upper middle income,178.399,-18.1149
1145,FJ,Fiji,Exports of goods and services (current US$),2020,1327735780.76406,East Asia & Pacific,Upper middle income,178.399,-18.1149
1146,FJ,Fiji,Exports of goods and services (current US$),2019,2707100050.7778,East Asia & Pacific,Upper middle income,178.399,-18.1149
1147,FJ,Fiji,Exports of goods and services (current US$),2018,2665063380.88896,East Asia & Pacific,Upper middle income,178.399,-18.1149
1148,FJ,Fiji,Exports of goods and services (current US$),2017,2463429089.80949,East Asia & Pacific,Upper middle income,178.399,-18.1149
1149,FJ,Fiji,Exports of goods and services (current US$),2016,2299808659.58593,East Asia & Pacific,Upper middle income,178.399,-18.1149
1150,FI,Finland,Exports of goods and services (current US$),2025,134192277447.843,Europe & Central Asia,High income,24.9525,60.1608
1151,FI,Finland,Exports of goods and services (current US$),2024,125177301210.937,Europe & Central Asia,High income,24.9525,60.1608
1152,FI,Finland,Exports of goods and services (current US$),2023,126248924941.179,Europe & Central Asia,High income,24.9525,60.1608
1153,FI,Finland,Exports of goods and services (current US$),2022,129714531245.137,Europe & Central Asia,High income,24.9525,60.1608
1154,FI,Finland,Exports of goods and services (current US$),2021,117459122934.107,Europe & Central Asia,High income,24.9525,60.1608
1155,FI,Finland,Exports of goods and services (current US$),2020,97778840102.724,Europe & Central Asia,High income,24.9525,60.1608
1156,FI,Finland,Exports of goods and services (current US$),2019,108456929458.823,Europe & Central Asia,High income,24.9525,60.1608
1157,FI,Finland,Exports of goods and services (current US$),2018,107217678990.588,Europe & Central Asia,High income,24.9525,60.1608
1158,FI,Finland,Exports of goods and services (current US$),2017,96883717056.4707,Europe & Central Asia,High income,24.9525,60.1608
1159,FI,Finland,Exports of goods and services (current US$),2016,84368155260.7006,Europe & Central Asia,High income,24.9525,60.1608
1160,FR,France,Exports of goods and services (current US$),2025,1124107902931.06,Europe & Central Asia,High income,2.35097,48.8566
1161,FR,France,Exports of goods and services (current US$),2024,1071066237472.11,Europe & Central Asia,High income,2.35097,48.8566
1162,FR,France,Exports of goods and services (current US$),2023,1053069574154.53,Europe & Central Asia,High income,2.35097,48.8566
1163,FR,France,Exports of goods and services (current US$),2022,1023340977697.09,Europe & Central Asia,High income,2.35097,48.8566
1164,FR,France,Exports of goods and services (current US$),2021,928139254791.07,Europe & Central Asia,High income,2.35097,48.8566
1165,FR,France,Exports of goods and services (current US$),2020,756174143647.162,Europe & Central Asia,High income,2.35097,48.8566
1166,FR,France,Exports of goods and services (current US$),2019,895514342479.214,Europe & Central Asia,High income,2.35097,48.8566
1167,FR,France,Exports of goods and services (current US$),2018,915638789626.901,Europe & Central Asia,High income,2.35097,48.8566
1168,FR,France,Exports of goods and services (current US$),2017,836510836277.649,Europe & Central Asia,High income,2.35097,48.8566
1169,FR,France,Exports of goods and services (current US$),2016,778134181664.243,Europe & Central Asia,High income,2.35097,48.8566
1170,PF,French Polynesia,Exports of goods and services (current US$),2025,,East Asia & Pacific,High income,-149.57,-17.535
1171,PF,French Polynesia,Exports of goods and services (current US$),2024,1158591620.0156,East Asia & Pacific,High income,-149.57,-17.535
1172,PF,French Polynesia,Exports of goods and services (current US$),2023,1477156129.35831,East Asia & Pacific,High income,-149.57,-17.535
1173,PF,French Polynesia,Exports of goods and services (current US$),2022,1226708759.69725,East Asia & Pacific,High income,-149.57,-17.535
1174,PF,French Polynesia,Exports of goods and services (current US$),2021,805906228.022513,East Asia & Pacific,High income,-149.57,-17.535
1175,PF,French Polynesia,Exports of goods and services (current US$),2020,529592952.034048,East Asia & Pacific,High income,-149.57,-17.535
1176,PF,French Polynesia,Exports of goods and services (current US$),2019,1240128736.0656,East Asia & Pacific,High income,-149.57,-17.535
1177,PF,French Polynesia,Exports of goods and services (current US$),2018,1287096391.80933,East Asia & Pacific,High income,-149.57,-17.535
1178,PF,French Polynesia,Exports of goods and services (current US$),2017,1140826361.22749,East Asia & Pacific,High income,-149.57,-17.535
1179,PF,French Polynesia,Exports of goods and services (current US$),2016,1078113650.99587,East Asia & Pacific,High income,-149.57,-17.535
1180,GA,Gabon,Exports of goods and services (current US$),2025,11890462993.1663,Sub-Saharan Africa ,Upper middle income,9.45162,0.38832
1181,GA,Gabon,Exports of goods and services (current US$),2024,13494077457.825,Sub-Saharan Africa ,Upper middle income,9.45162,0.38832
1182,GA,Gabon,Exports of goods and services (current US$),2023,12355875610.3482,Sub-Saharan Africa ,Upper middle income,9.45162,0.38832
1183,GA,Gabon,Exports of goods and services (current US$),2022,13813536175.2073,Sub-Saharan Africa ,Upper middle income,9.45162,0.38832
1184,GA,Gabon,Exports of goods and services (current US$),2021,11849572428.6127,Sub-Saharan Africa ,Upper middle income,9.45162,0.38832
1185,GA,Gabon,Exports of goods and services (current US$),2020,7302825066.42947,Sub-Saharan Africa ,Upper middle income,9.45162,0.38832
1186,GA,Gabon,Exports of goods and services (current US$),2019,8678687831.55984,Sub-Saharan Africa ,Upper middle income,9.45162,0.38832
1187,GA,Gabon,Exports of goods and services (current US$),2018,9158802464.98934,Sub-Saharan Africa ,Upper middle income,9.45162,0.38832
1188,GA,Gabon,Exports of goods and services (current US$),2017,7498596948.54146,Sub-Saharan Africa ,Upper middle income,9.45162,0.38832
1189,GA,Gabon,Exports of goods and services (current US$),2016,6175468782.21868,Sub-Saharan Africa ,Upper middle income,9.45162,0.38832
1190,GM,"Gambia, The",Exports of goods and services (current US$),2025,330185893.239135,Sub-Saharan Africa ,Low income,-16.5885,13.4495
1191,GM,"Gambia, The",Exports of goods and services (current US$),2024,210399922.677429,Sub-Saharan Africa ,Low income,-16.5885,13.4495
1192,GM,"Gambia, The",Exports of goods and services (current US$),2023,168026281.747652,Sub-Saharan Africa ,Low income,-16.5885,13.4495
1193,GM,"Gambia, The",Exports of goods and services (current US$),2022,188942455.877392,Sub-Saharan Africa ,Low income,-16.5885,13.4495
1194,GM,"Gambia, The",Exports of goods and services (current US$),2021,133283633.187106,Sub-Saharan Africa ,Low income,-16.5885,13.4495
1195,GM,"Gambia, The",Exports of goods and services (current US$),2020,174106925.873846,Sub-Saharan Africa ,Low income,-16.5885,13.4495
1196,GM,"Gambia, The",Exports of goods and services (current US$),2019,365730558.072245,Sub-Saharan Africa ,Low income,-16.5885,13.4495
1197,GM,"Gambia, The",Exports of goods and services (current US$),2018,372362228.927732,Sub-Saharan Africa ,Low income,-16.5885,13.4495
1198,GM,"Gambia, The",Exports of goods and services (current US$),2017,278118327.12068,Sub-Saharan Africa ,Low income,-16.5885,13.4495
1199,GM,"Gambia, The",Exports of goods and services (current US$),2016,189367460.895985,Sub-Saharan Africa ,Low income,-16.5885,13.4495
1200,GE,Georgia,Exports of goods and services (current US$),2025,18082223921.5759,Europe & Central Asia,Upper middle income,44.793,41.71
1201,GE,Georgia,Exports of goods and services (current US$),2024,16347695357.7103,Europe & Central Asia,Upper middle income,44.793,41.71
1202,GE,Georgia,Exports of goods and services (current US$),2023,15163333694.8312,Europe & Central Asia,Upper middle income,44.793,41.71
1203,GE,Georgia,Exports of goods and services (current US$),2022,13111621768.0543,Europe & Central Asia,Upper middle income,44.793,41.71
1204,GE,Georgia,Exports of goods and services (current US$),2021,8045446645.34757,Europe & Central Asia,Upper middle income,44.793,41.71
1205,GE,Georgia,Exports of goods and services (current US$),2020,5908062642.69865,Europe & Central Asia,Upper middle income,44.793,41.71
1206,GE,Georgia,Exports of goods and services (current US$),2019,9578376986.37911,Europe & Central Asia,Upper middle income,44.793,41.71
1207,GE,Georgia,Exports of goods and services (current US$),2018,8896766541.72421,Europe & Central Asia,Upper middle income,44.793,41.71
1208,GE,Georgia,Exports of goods and services (current US$),2017,7557302009.68942,Europe & Central Asia,Upper middle income,44.793,41.71
1209,GE,Georgia,Exports of goods and services (current US$),2016,6177710295.87299,Europe & Central Asia,Upper middle income,44.793,41.71
1210,DE,Germany,Exports of goods and services (current US$),2025,2042329262308.23,Europe & Central Asia,High income,13.4115,52.5235
1211,DE,Germany,Exports of goods and services (current US$),2024,1941431210621.87,Europe & Central Asia,High income,13.4115,52.5235
1212,DE,Germany,Exports of goods and services (current US$),2023,1960255682615.72,Europe & Central Asia,High income,13.4115,52.5235
1213,DE,Germany,Exports of goods and services (current US$),2022,1916859170749.03,Europe & Central Asia,High income,13.4115,52.5235
1214,DE,Germany,Exports of goods and services (current US$),2021,1851846071996.09,Europe & Central Asia,High income,13.4115,52.5235
1215,DE,Germany,Exports of goods and services (current US$),2020,1541867660412.46,Europe & Central Asia,High income,13.4115,52.5235
1216,DE,Germany,Exports of goods and services (current US$),2019,1676629137011.76,Europe & Central Asia,High income,13.4115,52.5235
1217,DE,Germany,Exports of goods and services (current US$),2018,1723433049609.41,Europe & Central Asia,High income,13.4115,52.5235
1218,DE,Germany,Exports of goods and services (current US$),2017,1589089750187.06,Europe & Central Asia,High income,13.4115,52.5235
1219,DE,Germany,Exports of goods and services (current US$),2016,1472560807845.53,Europe & Central Asia,High income,13.4115,52.5235
1220,GH,Ghana,Exports of goods and services (current US$),2025,,Sub-Saharan Africa ,Lower middle income,-0.20795,5.57045
1221,GH,Ghana,Exports of goods and services (current US$),2024,29197465998.8647,Sub-Saharan Africa ,Lower middle income,-0.20795,5.57045
1222,GH,Ghana,Exports of goods and services (current US$),2023,25590486225.4334,Sub-Saharan Africa ,Lower middle income,-0.20795,5.57045
1223,GH,Ghana,Exports of goods and services (current US$),2022,25623315466.9184,Sub-Saharan Africa ,Lower middle income,-0.20795,5.57045
1224,GH,Ghana,Exports of goods and services (current US$),2021,23898089227.0418,Sub-Saharan Africa ,Lower middle income,-0.20795,5.57045
1225,GH,Ghana,Exports of goods and services (current US$),2020,22070393252.1853,Sub-Saharan Africa ,Lower middle income,-0.20795,5.57045
1226,GH,Ghana,Exports of goods and services (current US$),2019,25597786148.2046,Sub-Saharan Africa ,Lower middle income,-0.20795,5.57045
1227,GH,Ghana,Exports of goods and services (current US$),2018,22501546548.8178,Sub-Saharan Africa ,Lower middle income,-0.20795,5.57045
1228,GH,Ghana,Exports of goods and services (current US$),2017,20456689539.6174,Sub-Saharan Africa ,Lower middle income,-0.20795,5.57045
1229,GH,Ghana,Exports of goods and services (current US$),2016,17513188147.4573,Sub-Saharan Africa ,Lower middle income,-0.20795,5.57045
1230,GI,Gibraltar,Exports of goods and services (current US$),2025,,Europe & Central Asia,High income,,
1231,GI,Gibraltar,Exports of goods and services (current US$),2024,,Europe & Central Asia,High income,,
1232,GI,Gibraltar,Exports of goods and services (current US$),2023,,Europe & Central Asia,High income,,
1233,GI,Gibraltar,Exports of goods and services (current US$),2022,,Europe & Central Asia,High income,,
1234,GI,Gibraltar,Exports of goods and services (current US$),2021,,Europe & Central Asia,High income,,
1235,GI,Gibraltar,Exports of goods and services (current US$),2020,,Europe & Central Asia,High income,,
1236,GI,Gibraltar,Exports of goods and services (current US$),2019,,Europe & Central Asia,High income,,
1237,GI,Gibraltar,Exports of goods and services (current US$),2018,,Europe & Central Asia,High income,,
1238,GI,Gibraltar,Exports of goods and services (current US$),2017,,Europe & Central Asia,High income,,
1239,GI,Gibraltar,Exports of goods and services (current US$),2016,,Europe & Central Asia,High income,,
1240,GR,Greece,Exports of goods and services (current US$),2025,110743741990.477,Europe & Central Asia,High income,23.7166,37.9792
1241,GR,Greece,Exports of goods and services (current US$),2024,107906278860.86,Europe & Central Asia,High income,23.7166,37.9792
1242,GR,Greece,Exports of goods and services (current US$),2023,106504786800.943,Europe & Central Asia,High income,23.7166,37.9792
1243,GR,Greece,Exports of goods and services (current US$),2022,107320102999.948,Europe & Central Asia,High income,23.7166,37.9792
1244,GR,Greece,Exports of goods and services (current US$),2021,87890002522.6885,Europe & Central Asia,High income,23.7166,37.9792
1245,GR,Greece,Exports of goods and services (current US$),2020,60184486579.7402,Europe & Central Asia,High income,23.7166,37.9792
1246,GR,Greece,Exports of goods and services (current US$),2019,82010713282.0312,Europe & Central Asia,High income,23.7166,37.9792
1247,GR,Greece,Exports of goods and services (current US$),2018,82399082670.3113,Europe & Central Asia,High income,23.7166,37.9792
1248,GR,Greece,Exports of goods and services (current US$),2017,69691264258.6342,Europe & Central Asia,High income,23.7166,37.9792
1249,GR,Greece,Exports of goods and services (current US$),2016,60206483726.2834,Europe & Central Asia,High income,23.7166,37.9792
1250,GL,Greenland,Exports of goods and services (current US$),2025,,Europe & Central Asia,High income,-51.7214,64.1836
1251,GL,Greenland,Exports of goods and services (current US$),2024,,Europe & Central Asia,High income,-51.7214,64.1836
1252,GL,Greenland,Exports of goods and services (current US$),2023,1357184772.6963,Europe & Central Asia,High income,-51.7214,64.1836
1253,GL,Greenland,Exports of goods and services (current US$),2022,1285840100.66488,Europe & Central Asia,High income,-51.7214,64.1836
1254,GL,Greenland,Exports of goods and services (current US$),2021,1121643590.62737,Europe & Central Asia,High income,-51.7214,64.1836
1255,GL,Greenland,Exports of goods and services (current US$),2020,1111209277.92567,Europe & Central Asia,High income,-51.7214,64.1836
1256,GL,Greenland,Exports of goods and services (current US$),2019,1230176954.70104,Europe & Central Asia,High income,-51.7214,64.1836
1257,GL,Greenland,Exports of goods and services (current US$),2018,1358435085.31552,Europe & Central Asia,High income,-51.7214,64.1836
1258,GL,Greenland,Exports of goods and services (current US$),2017,1160385303.83576,Europe & Central Asia,High income,-51.7214,64.1836
1259,GL,Greenland,Exports of goods and services (current US$),2016,1103566726.94846,Europe & Central Asia,High income,-51.7214,64.1836
1260,GD,Grenada,Exports of goods and services (current US$),2025,,Latin America & Caribbean ,Upper middle income,-61.7449,12.0653
1261,GD,Grenada,Exports of goods and services (current US$),2024,,Latin America & Caribbean ,Upper middle income,-61.7449,12.0653
1262,GD,Grenada,Exports of goods and services (current US$),2023,,Latin America & Caribbean ,Upper middle income,-61.7449,12.0653
1263,GD,Grenada,Exports of goods and services (current US$),2022,,Latin America & Caribbean ,Upper middle income,-61.7449,12.0653
1264,GD,Grenada,Exports of goods and services (current US$),2021,,Latin America & Caribbean ,Upper middle income,-61.7449,12.0653
1265,GD,Grenada,Exports of goods and services (current US$),2020,,Latin America & Caribbean ,Upper middle income,-61.7449,12.0653
1266,GD,Grenada,Exports of goods and services (current US$),2019,,Latin America & Caribbean ,Upper middle income,-61.7449,12.0653
1267,GD,Grenada,Exports of goods and services (current US$),2018,,Latin America & Caribbean ,Upper middle income,-61.7449,12.0653
1268,GD,Grenada,Exports of goods and services (current US$),2017,,Latin America & Caribbean ,Upper middle income,-61.7449,12.0653
1269,GD,Grenada,Exports of goods and services (current US$),2016,,Latin America & Caribbean ,Upper middle income,-61.7449,12.0653
1270,GU,Guam,Exports of goods and services (current US$),2025,,East Asia & Pacific,High income,144.794,13.4443
1271,GU,Guam,Exports of goods and services (current US$),2024,,East Asia & Pacific,High income,144.794,13.4443
1272,GU,Guam,Exports of goods and services (current US$),2023,,East Asia & Pacific,High income,144.794,13.4443
1273,GU,Guam,Exports of goods and services (current US$),2022,545000000.0,East Asia & Pacific,High income,144.794,13.4443
1274,GU,Guam,Exports of goods and services (current US$),2021,193000000.0,East Asia & Pacific,High income,144.794,13.4443
1275,GU,Guam,Exports of goods and services (current US$),2020,379000000.0,East Asia & Pacific,High income,144.794,13.4443
1276,GU,Guam,Exports of goods and services (current US$),2019,1414000000.0,East Asia & Pacific,High income,144.794,13.4443
1277,GU,Guam,Exports of goods and services (current US$),2018,1165000000.0,East Asia & Pacific,High income,144.794,13.4443
1278,GU,Guam,Exports of goods and services (current US$),2017,1141000000.0,East Asia & Pacific,High income,144.794,13.4443
1279,GU,Guam,Exports of goods and services (current US$),2016,1119000000.0,East Asia & Pacific,High income,144.794,13.4443
1280,GT,Guatemala,Exports of goods and services (current US$),2025,19185393857.5219,Latin America & Caribbean ,Upper middle income,-90.5328,14.6248
1281,GT,Guatemala,Exports of goods and services (current US$),2024,17982554316.29,Latin America & Caribbean ,Upper middle income,-90.5328,14.6248
1282,GT,Guatemala,Exports of goods and services (current US$),2023,17331724160.4735,Latin America & Caribbean ,Upper middle income,-90.5328,14.6248
1283,GT,Guatemala,Exports of goods and services (current US$),2022,18119750229.8585,Latin America & Caribbean ,Upper middle income,-90.5328,14.6248
1284,GT,Guatemala,Exports of goods and services (current US$),2021,15241812021.8432,Latin America & Caribbean ,Upper middle income,-90.5328,14.6248
1285,GT,Guatemala,Exports of goods and services (current US$),2020,12702168189.4414,Latin America & Caribbean ,Upper middle income,-90.5328,14.6248
1286,GT,Guatemala,Exports of goods and services (current US$),2019,13591570047.3112,Latin America & Caribbean ,Upper middle income,-90.5328,14.6248
1287,GT,Guatemala,Exports of goods and services (current US$),2018,13323267942.6505,Latin America & Caribbean ,Upper middle income,-90.5328,14.6248
1288,GT,Guatemala,Exports of goods and services (current US$),2017,13252394991.303,Latin America & Caribbean ,Upper middle income,-90.5328,14.6248
1289,GT,Guatemala,Exports of goods and services (current US$),2016,12387053734.7875,Latin America & Caribbean ,Upper middle income,-90.5328,14.6248
1290,GN,Guinea,Exports of goods and services (current US$),2025,11738637526.4471,Sub-Saharan Africa ,Lower middle income,-13.7,9.51667
1291,GN,Guinea,Exports of goods and services (current US$),2024,10351843899.1646,Sub-Saharan Africa ,Lower middle income,-13.7,9.51667
1292,GN,Guinea,Exports of goods and services (current US$),2023,9888943025.0436,Sub-Saharan Africa ,Lower middle income,-13.7,9.51667
1293,GN,Guinea,Exports of goods and services (current US$),2022,9043059038.49661,Sub-Saharan Africa ,Lower middle income,-13.7,9.51667
1294,GN,Guinea,Exports of goods and services (current US$),2021,9596023580.50904,Sub-Saharan Africa ,Lower middle income,-13.7,9.51667
1295,GN,Guinea,Exports of goods and services (current US$),2020,6617433828.61847,Sub-Saharan Africa ,Lower middle income,-13.7,9.51667
1296,GN,Guinea,Exports of goods and services (current US$),2019,4710654157.7052,Sub-Saharan Africa ,Lower middle income,-13.7,9.51667
1297,GN,Guinea,Exports of goods and services (current US$),2018,4767367526.93678,Sub-Saharan Africa ,Lower middle income,-13.7,9.51667
1298,GN,Guinea,Exports of goods and services (current US$),2017,4611027664.18413,Sub-Saharan Africa ,Lower middle income,-13.7,9.51667
1299,GN,Guinea,Exports of goods and services (current US$),2016,2524762071.63808,Sub-Saharan Africa ,Lower middle income,-13.7,9.51667
1300,GW,Guinea-Bissau,Exports of goods and services (current US$),2025,350530220.912147,Sub-Saharan Africa ,Low income,-15.1804,11.8037
1301,GW,Guinea-Bissau,Exports of goods and services (current US$),2024,279080313.574065,Sub-Saharan Africa ,Low income,-15.1804,11.8037
1302,GW,Guinea-Bissau,Exports of goods and services (current US$),2023,285372469.695365,Sub-Saharan Africa ,Low income,-15.1804,11.8037
1303,GW,Guinea-Bissau,Exports of goods and services (current US$),2022,273823396.615999,Sub-Saharan Africa ,Low income,-15.1804,11.8037
1304,GW,Guinea-Bissau,Exports of goods and services (current US$),2021,334639591.939616,Sub-Saharan Africa ,Low income,-15.1804,11.8037
1305,GW,Guinea-Bissau,Exports of goods and services (current US$),2020,263737478.988913,Sub-Saharan Africa ,Low income,-15.1804,11.8037
1306,GW,Guinea-Bissau,Exports of goods and services (current US$),2019,291804550.872984,Sub-Saharan Africa ,Low income,-15.1804,11.8037
1307,GW,Guinea-Bissau,Exports of goods and services (current US$),2018,395944553.849329,Sub-Saharan Africa ,Low income,-15.1804,11.8037
1308,GW,Guinea-Bissau,Exports of goods and services (current US$),2017,390049715.257766,Sub-Saharan Africa ,Low income,-15.1804,11.8037
1309,GW,Guinea-Bissau,Exports of goods and services (current US$),2016,296013057.520557,Sub-Saharan Africa ,Low income,-15.1804,11.8037
1310,GY,Guyana,Exports of goods and services (current US$),2025,,Latin America & Caribbean ,High income,-58.1548,6.80461
1311,GY,Guyana,Exports of goods and services (current US$),2024,,Latin America & Caribbean ,High income,-58.1548,6.80461
1312,GY,Guyana,Exports of goods and services (current US$),2023,,Latin America & Caribbean ,High income,-58.1548,6.80461
1313,GY,Guyana,Exports of goods and services (current US$),2022,,Latin America & Caribbean ,High income,-58.1548,6.80461
1314,GY,Guyana,Exports of goods and services (current US$),2021,,Latin America & Caribbean ,High income,-58.1548,6.80461
1315,GY,Guyana,Exports of goods and services (current US$),2020,,Latin America & Caribbean ,High income,-58.1548,6.80461
1316,GY,Guyana,Exports of goods and services (current US$),2019,,Latin America & Caribbean ,High income,-58.1548,6.80461
1317,GY,Guyana,Exports of goods and services (current US$),2018,,Latin America & Caribbean ,High income,-58.1548,6.80461
1318,GY,Guyana,Exports of goods and services (current US$),2017,,Latin America & Caribbean ,High income,-58.1548,6.80461
1319,GY,Guyana,Exports of goods and services (current US$),2016,,Latin America & Caribbean ,High income,-58.1548,6.80461
1320,HT,Haiti,Exports of goods and services (current US$),2025,500396994.725824,Latin America & Caribbean ,Lower middle income,-72.3288,18.5392
1321,HT,Haiti,Exports of goods and services (current US$),2024,531304704.367574,Latin America & Caribbean ,Lower middle income,-72.3288,18.5392
1322,HT,Haiti,Exports of goods and services (current US$),2023,626235383.720766,Latin America & Caribbean ,Lower middle income,-72.3288,18.5392
1323,HT,Haiti,Exports of goods and services (current US$),2022,787285237.854403,Latin America & Caribbean ,Lower middle income,-72.3288,18.5392
1324,HT,Haiti,Exports of goods and services (current US$),2021,903284255.418806,Latin America & Caribbean ,Lower middle income,-72.3288,18.5392
1325,HT,Haiti,Exports of goods and services (current US$),2020,1110024754.94218,Latin America & Caribbean ,Lower middle income,-72.3288,18.5392
1326,HT,Haiti,Exports of goods and services (current US$),2019,1585349842.81308,Latin America & Caribbean ,Lower middle income,-72.3288,18.5392
1327,HT,Haiti,Exports of goods and services (current US$),2018,1768471542.63842,Latin America & Caribbean ,Lower middle income,-72.3288,18.5392
1328,HT,Haiti,Exports of goods and services (current US$),2017,1660793079.17233,Latin America & Caribbean ,Lower middle income,-72.3288,18.5392
1329,HT,Haiti,Exports of goods and services (current US$),2016,1632313490.51577,Latin America & Caribbean ,Lower middle income,-72.3288,18.5392
1330,HN,Honduras,Exports of goods and services (current US$),2025,13857222810.3654,Latin America & Caribbean ,Lower middle income,-87.4667,15.1333
1331,HN,Honduras,Exports of goods and services (current US$),2024,12544270434.9263,Latin America & Caribbean ,Lower middle income,-87.4667,15.1333
1332,HN,Honduras,Exports of goods and services (current US$),2023,12838311191.1166,Latin America & Caribbean ,Lower middle income,-87.4667,15.1333
1333,HN,Honduras,Exports of goods and services (current US$),2022,13336955013.3273,Latin America & Caribbean ,Lower middle income,-87.4667,15.1333
1334,HN,Honduras,Exports of goods and services (current US$),2021,11079128213.317,Latin America & Caribbean ,Lower middle income,-87.4667,15.1333
1335,HN,Honduras,Exports of goods and services (current US$),2020,8377646120.73421,Latin America & Caribbean ,Lower middle income,-87.4667,15.1333
1336,HN,Honduras,Exports of goods and services (current US$),2019,10007263182.8442,Latin America & Caribbean ,Lower middle income,-87.4667,15.1333
1337,HN,Honduras,Exports of goods and services (current US$),2018,9977241928.20167,Latin America & Caribbean ,Lower middle income,-87.4667,15.1333
1338,HN,Honduras,Exports of goods and services (current US$),2017,9970301123.80064,Latin America & Caribbean ,Lower middle income,-87.4667,15.1333
1339,HN,Honduras,Exports of goods and services (current US$),2016,9276480535.29014,Latin America & Caribbean ,Lower middle income,-87.4667,15.1333
1340,HK,"Hong Kong SAR, China",Exports of goods and services (current US$),2025,853585244635.718,East Asia & Pacific,High income,114.109,22.3964
1341,HK,"Hong Kong SAR, China",Exports of goods and services (current US$),2024,741699367477.495,East Asia & Pacific,High income,114.109,22.3964
1342,HK,"Hong Kong SAR, China",Exports of goods and services (current US$),2023,673394100298.828,East Asia & Pacific,High income,114.109,22.3964
1343,HK,"Hong Kong SAR, China",Exports of goods and services (current US$),2022,697577334982.928,East Asia & Pacific,High income,114.109,22.3964
1344,HK,"Hong Kong SAR, China",Exports of goods and services (current US$),2021,752719132923.809,East Asia & Pacific,High income,114.109,22.3964
1345,HK,"Hong Kong SAR, China",Exports of goods and services (current US$),2020,608150234620.739,East Asia & Pacific,High income,114.109,22.3964
1346,HK,"Hong Kong SAR, China",Exports of goods and services (current US$),2019,645006704384.439,East Asia & Pacific,High income,114.109,22.3964
1347,HK,"Hong Kong SAR, China",Exports of goods and services (current US$),2018,681282515787.459,East Asia & Pacific,High income,114.109,22.3964
1348,HK,"Hong Kong SAR, China",Exports of goods and services (current US$),2017,644673433249.5,East Asia & Pacific,High income,114.109,22.3964
1349,HK,"Hong Kong SAR, China",Exports of goods and services (current US$),2016,600025250410.641,East Asia & Pacific,High income,114.109,22.3964
1350,HU,Hungary,Exports of goods and services (current US$),2025,179026907175.624,Europe & Central Asia,High income,19.0408,47.4984
1351,HU,Hungary,Exports of goods and services (current US$),2024,169805683762.924,Europe & Central Asia,High income,19.0408,47.4984
1352,HU,Hungary,Exports of goods and services (current US$),2023,173379370601.313,Europe & Central Asia,High income,19.0408,47.4984
1353,HU,Hungary,Exports of goods and services (current US$),2022,158966257003.232,Europe & Central Asia,High income,19.0408,47.4984
1354,HU,Hungary,Exports of goods and services (current US$),2021,145547409482.391,Europe & Central Asia,High income,19.0408,47.4984
1355,HU,Hungary,Exports of goods and services (current US$),2020,123744764553.729,Europe & Central Asia,High income,19.0408,47.4984
1356,HU,Hungary,Exports of goods and services (current US$),2019,133707076997.179,Europe & Central Asia,High income,19.0408,47.4984
1357,HU,Hungary,Exports of goods and services (current US$),2018,134422841352.766,Europe & Central Asia,High income,19.0408,47.4984
1358,HU,Hungary,Exports of goods and services (current US$),2017,122904333778.696,Europe & Central Asia,High income,19.0408,47.4984
1359,HU,Hungary,Exports of goods and services (current US$),2016,111069631883.681,Europe & Central Asia,High income,19.0408,47.4984
1360,IS,Iceland,Exports of goods and services (current US$),2025,15476918000.4086,Europe & Central Asia,High income,-21.8952,64.1353
1361,IS,Iceland,Exports of goods and services (current US$),2024,14090127915.4851,Europe & Central Asia,High income,-21.8952,64.1353
1362,IS,Iceland,Exports of goods and services (current US$),2023,13940823776.2369,Europe & Central Asia,High income,-21.8952,64.1353
1363,IS,Iceland,Exports of goods and services (current US$),2022,13632709461.7587,Europe & Central Asia,High income,-21.8952,64.1353
1364,IS,Iceland,Exports of goods and services (current US$),2021,9802647460.53158,Europe & Central Asia,High income,-21.8952,64.1353
1365,IS,Iceland,Exports of goods and services (current US$),2020,7522355305.84085,Europe & Central Asia,High income,-21.8952,64.1353
1366,IS,Iceland,Exports of goods and services (current US$),2019,11172065684.1319,Europe & Central Asia,High income,-21.8952,64.1353
1367,IS,Iceland,Exports of goods and services (current US$),2018,12397616650.2127,Europe & Central Asia,High income,-21.8952,64.1353
1368,IS,Iceland,Exports of goods and services (current US$),2017,11445214118.2273,Europe & Central Asia,High income,-21.8952,64.1353
1369,IS,Iceland,Exports of goods and services (current US$),2016,10012449483.2795,Europe & Central Asia,High income,-21.8952,64.1353
1370,IN,India,Exports of goods and services (current US$),2025,880740846621.545,South Asia,Lower middle income,77.225,28.6353
1371,IN,India,Exports of goods and services (current US$),2024,829785193474.459,South Asia,Lower middle income,77.225,28.6353
1372,IN,India,Exports of goods and services (current US$),2023,782620610192.051,South Asia,Lower middle income,77.225,28.6353
1373,IN,India,Exports of goods and services (current US$),2022,781290791563.827,South Asia,Lower middle income,77.225,28.6353
1374,IN,India,Exports of goods and services (current US$),2021,677769255428.552,South Asia,Lower middle income,77.225,28.6353
1375,IN,India,Exports of goods and services (current US$),2020,499728529072.629,South Asia,Lower middle income,77.225,28.6353
1376,IN,India,Exports of goods and services (current US$),2019,529245063167.215,South Asia,Lower middle income,77.225,28.6353
1377,IN,India,Exports of goods and services (current US$),2018,538635186135.438,South Asia,Lower middle income,77.225,28.6353
1378,IN,India,Exports of goods and services (current US$),2017,498258808231.521,South Asia,Lower middle income,77.225,28.6353
1379,IN,India,Exports of goods and services (current US$),2016,439642578076.358,South Asia,Lower middle income,77.225,28.6353
1380,ID,Indonesia,Exports of goods and services (current US$),2025,330279431218.799,East Asia & Pacific,Upper middle income,106.83,-6.19752
1381,ID,Indonesia,Exports of goods and services (current US$),2024,311510024778.671,East Asia & Pacific,Upper middle income,106.83,-6.19752
1382,ID,Indonesia,Exports of goods and services (current US$),2023,299031805850.549,East Asia & Pacific,Upper middle income,106.83,-6.19752
1383,ID,Indonesia,Exports of goods and services (current US$),2022,323218198016.355,East Asia & Pacific,Upper middle income,106.83,-6.19752
1384,ID,Indonesia,Exports of goods and services (current US$),2021,254109508154.492,East Asia & Pacific,Upper middle income,106.83,-6.19752
1385,ID,Indonesia,Exports of goods and services (current US$),2020,183546577017.375,East Asia & Pacific,Upper middle income,106.83,-6.19752
1386,ID,Indonesia,Exports of goods and services (current US$),2019,208057763659.252,East Asia & Pacific,Upper middle income,106.83,-6.19752
1387,ID,Indonesia,Exports of goods and services (current US$),2018,218905647886.556,East Asia & Pacific,Upper middle income,106.83,-6.19752
1388,ID,Indonesia,Exports of goods and services (current US$),2017,204924485909.157,East Asia & Pacific,Upper middle income,106.83,-6.19752
1389,ID,Indonesia,Exports of goods and services (current US$),2016,177886012744.865,East Asia & Pacific,Upper middle income,106.83,-6.19752
1390,IR,"Iran, Islamic Rep.",Exports of goods and services (current US$),2025,93406513015.3745,"Middle East, North Africa, Afghanistan & Pakistan",Upper middle income,51.4447,35.6878
1391,IR,"Iran, Islamic Rep.",Exports of goods and services (current US$),2024,111928863188.398,"Middle East, North Africa, Afghanistan & Pakistan",Upper middle income,51.4447,35.6878
1392,IR,"Iran, Islamic Rep.",Exports of goods and services (current US$),2023,109444045103.672,"Middle East, North Africa, Afghanistan & Pakistan",Upper middle income,51.4447,35.6878
1393,IR,"Iran, Islamic Rep.",Exports of goods and services (current US$),2022,108060448021.703,"Middle East, North Africa, Afghanistan & Pakistan",Upper middle income,51.4447,35.6878
1394,IR,"Iran, Islamic Rep.",Exports of goods and services (current US$),2021,89695394080.1348,"Middle East, North Africa, Afghanistan & Pakistan",Upper middle income,51.4447,35.6878
1395,IR,"Iran, Islamic Rep.",Exports of goods and services (current US$),2020,51664876275.961,"Middle East, North Africa, Afghanistan & Pakistan",Upper middle income,51.4447,35.6878
1396,IR,"Iran, Islamic Rep.",Exports of goods and services (current US$),2019,77652596277.174,"Middle East, North Africa, Afghanistan & Pakistan",Upper middle income,51.4447,35.6878
1397,IR,"Iran, Islamic Rep.",Exports of goods and services (current US$),2018,122086879297.775,"Middle East, North Africa, Afghanistan & Pakistan",Upper middle income,51.4447,35.6878
1398,IR,"Iran, Islamic Rep.",Exports of goods and services (current US$),2017,111400323836.85,"Middle East, North Africa, Afghanistan & Pakistan",Upper middle income,51.4447,35.6878
1399,IR,"Iran, Islamic Rep.",Exports of goods and services (current US$),2016,97206283742.5977,"Middle East, North Africa, Afghanistan & Pakistan",Upper middle income,51.4447,35.6878
1400,IQ,Iraq,Exports of goods and services (current US$),2025,,"Middle East, North Africa, Afghanistan & Pakistan",Upper middle income,44.394,33.3302
1401,IQ,Iraq,Exports of goods and services (current US$),2024,111195200000.0,"Middle East, North Africa, Afghanistan & Pakistan",Upper middle income,44.394,33.3302
1402,IQ,Iraq,Exports of goods and services (current US$),2023,106560874026.221,"Middle East, North Africa, Afghanistan & Pakistan",Upper middle income,44.394,33.3302
1403,IQ,Iraq,Exports of goods and services (current US$),2022,127955205517.241,"Middle East, North Africa, Afghanistan & Pakistan",Upper middle income,44.394,33.3302
1404,IQ,Iraq,Exports of goods and services (current US$),2021,78260500000.0,"Middle East, North Africa, Afghanistan & Pakistan",Upper middle income,44.394,33.3302
1405,IQ,Iraq,Exports of goods and services (current US$),2020,50199918397.8191,"Middle East, North Africa, Afghanistan & Pakistan",Upper middle income,44.394,33.3302
1406,IQ,Iraq,Exports of goods and services (current US$),2019,88902900000.0,"Middle East, North Africa, Afghanistan & Pakistan",Upper middle income,44.394,33.3302
1407,IQ,Iraq,Exports of goods and services (current US$),2018,92771934474.7411,"Middle East, North Africa, Afghanistan & Pakistan",Upper middle income,44.394,33.3302
1408,IQ,Iraq,Exports of goods and services (current US$),2017,63496860304.0541,"Middle East, North Africa, Afghanistan & Pakistan",Upper middle income,44.394,33.3302
1409,IQ,Iraq,Exports of goods and services (current US$),2016,46869152413.2091,"Middle East, North Africa, Afghanistan & Pakistan",Upper middle income,44.394,33.3302
1410,IE,Ireland,Exports of goods and services (current US$),2025,1010863026885.02,Europe & Central Asia,High income,-6.26749,53.3441
1411,IE,Ireland,Exports of goods and services (current US$),2024,877092941905.469,Europe & Central Asia,High income,-6.26749,53.3441
1412,IE,Ireland,Exports of goods and services (current US$),2023,774613383952.367,Europe & Central Asia,High income,-6.26749,53.3441
1413,IE,Ireland,Exports of goods and services (current US$),2022,764969597258.952,Europe & Central Asia,High income,-6.26749,53.3441
1414,IE,Ireland,Exports of goods and services (current US$),2021,723445227902.702,Europe & Central Asia,High income,-6.26749,53.3441
1415,IE,Ireland,Exports of goods and services (current US$),2020,609592461958.134,Europe & Central Asia,High income,-6.26749,53.3441
1416,IE,Ireland,Exports of goods and services (current US$),2019,534361678398.431,Europe & Central Asia,High income,-6.26749,53.3441
1417,IE,Ireland,Exports of goods and services (current US$),2018,498559384824.956,Europe & Central Asia,High income,-6.26749,53.3441
1418,IE,Ireland,Exports of goods and services (current US$),2017,447623457263.236,Europe & Central Asia,High income,-6.26749,53.3441
1419,IE,Ireland,Exports of goods and services (current US$),2016,394551308718.876,Europe & Central Asia,High income,-6.26749,53.3441
1420,IM,Isle of Man,Exports of goods and services (current US$),2025,,Europe & Central Asia,High income,-4.47928,54.1509
1421,IM,Isle of Man,Exports of goods and services (current US$),2024,,Europe & Central Asia,High income,-4.47928,54.1509
1422,IM,Isle of Man,Exports of goods and services (current US$),2023,,Europe & Central Asia,High income,-4.47928,54.1509
1423,IM,Isle of Man,Exports of goods and services (current US$),2022,,Europe & Central Asia,High income,-4.47928,54.1509
1424,IM,Isle of Man,Exports of goods and services (current US$),2021,,Europe & Central Asia,High income,-4.47928,54.1509
1425,IM,Isle of Man,Exports of goods and services (current US$),2020,,Europe & Central Asia,High income,-4.47928,54.1509
1426,IM,Isle of Man,Exports of goods and services (current US$),2019,,Europe & Central Asia,High income,-4.47928,54.1509
1427,IM,Isle of Man,Exports of goods and services (current US$),2018,,Europe & Central Asia,High income,-4.47928,54.1509
1428,IM,Isle of Man,Exports of goods and services (current US$),2017,,Europe & Central Asia,High income,-4.47928,54.1509
1429,IM,Isle of Man,Exports of goods and services (current US$),2016,,Europe & Central Asia,High income,-4.47928,54.1509
1430,IL,Israel,Exports of goods and services (current US$),2025,168320379115.799,"Middle East, North Africa, Afghanistan & Pakistan",High income,35.2035,31.7717
1431,IL,Israel,Exports of goods and services (current US$),2024,154003411594.937,"Middle East, North Africa, Afghanistan & Pakistan",High income,35.2035,31.7717
1432,IL,Israel,Exports of goods and services (current US$),2023,155704384530.223,"Middle East, North Africa, Afghanistan & Pakistan",High income,35.2035,31.7717
1433,IL,Israel,Exports of goods and services (current US$),2022,164717379095.48,"Middle East, North Africa, Afghanistan & Pakistan",High income,35.2035,31.7717
1434,IL,Israel,Exports of goods and services (current US$),2021,141134707990.82,"Middle East, North Africa, Afghanistan & Pakistan",High income,35.2035,31.7717
1435,IL,Israel,Exports of goods and services (current US$),2020,111580807003.97,"Middle East, North Africa, Afghanistan & Pakistan",High income,35.2035,31.7717
1436,IL,Israel,Exports of goods and services (current US$),2019,116111159420.199,"Middle East, North Africa, Afghanistan & Pakistan",High income,35.2035,31.7717
1437,IL,Israel,Exports of goods and services (current US$),2018,111732613655.371,"Middle East, North Africa, Afghanistan & Pakistan",High income,35.2035,31.7717
1438,IL,Israel,Exports of goods and services (current US$),2017,103870950732.907,"Middle East, North Africa, Afghanistan & Pakistan",High income,35.2035,31.7717
1439,IL,Israel,Exports of goods and services (current US$),2016,95603619691.5385,"Middle East, North Africa, Afghanistan & Pakistan",High income,35.2035,31.7717
1440,IT,Italy,Exports of goods and services (current US$),2025,822290762950.038,Europe & Central Asia,High income,12.4823,41.8955
1441,IT,Italy,Exports of goods and services (current US$),2024,770685525117.266,Europe & Central Asia,High income,12.4823,41.8955
1442,IT,Italy,Exports of goods and services (current US$),2023,772202263040.014,Europe & Central Asia,High income,12.4823,41.8955
1443,IT,Italy,Exports of goods and services (current US$),2022,738509644128.602,Europe & Central Asia,High income,12.4823,41.8955
1444,IT,Italy,Exports of goods and services (current US$),2021,679294123497.663,Europe & Central Asia,High income,12.4823,41.8955
1445,IT,Italy,Exports of goods and services (current US$),2020,547940256804.982,Europe & Central Asia,High income,12.4823,41.8955
1446,IT,Italy,Exports of goods and services (current US$),2019,625065757185.881,Europe & Central Asia,High income,12.4823,41.8955
1447,IT,Italy,Exports of goods and services (current US$),2018,646909638534.745,Europe & Central Asia,High income,12.4823,41.8955
1448,IT,Italy,Exports of goods and services (current US$),2017,593973032350.354,Europe & Central Asia,High income,12.4823,41.8955
1449,IT,Italy,Exports of goods and services (current US$),2016,543464412394.32,Europe & Central Asia,High income,12.4823,41.8955
1450,JM,Jamaica,Exports of goods and services (current US$),2025,,Latin America & Caribbean ,Upper middle income,-76.792,17.9927
1451,JM,Jamaica,Exports of goods and services (current US$),2024,,Latin America & Caribbean ,Upper middle income,-76.792,17.9927
1452,JM,Jamaica,Exports of goods and services (current US$),2023,,Latin America & Caribbean ,Upper middle income,-76.792,17.9927
1453,JM,Jamaica,Exports of goods and services (current US$),2022,,Latin America & Caribbean ,Upper middle income,-76.792,17.9927
1454,JM,Jamaica,Exports of goods and services (current US$),2021,,Latin America & Caribbean ,Upper middle income,-76.792,17.9927
1455,JM,Jamaica,Exports of goods and services (current US$),2020,,Latin America & Caribbean ,Upper middle income,-76.792,17.9927
1456,JM,Jamaica,Exports of goods and services (current US$),2019,,Latin America & Caribbean ,Upper middle income,-76.792,17.9927
1457,JM,Jamaica,Exports of goods and services (current US$),2018,,Latin America & Caribbean ,Upper middle income,-76.792,17.9927
1458,JM,Jamaica,Exports of goods and services (current US$),2017,,Latin America & Caribbean ,Upper middle income,-76.792,17.9927
1459,JM,Jamaica,Exports of goods and services (current US$),2016,,Latin America & Caribbean ,Upper middle income,-76.792,17.9927
1460,JP,Japan,Exports of goods and services (current US$),2025,,East Asia & Pacific,High income,139.77,35.67
1461,JP,Japan,Exports of goods and services (current US$),2024,920960002390.344,East Asia & Pacific,High income,139.77,35.67
1462,JP,Japan,Exports of goods and services (current US$),2023,923420059650.996,East Asia & Pacific,High income,139.77,35.67
1463,JP,Japan,Exports of goods and services (current US$),2022,918412226913.945,East Asia & Pacific,High income,139.77,35.67
1464,JP,Japan,Exports of goods and services (current US$),2021,912551747360.225,East Asia & Pacific,High income,139.77,35.67
1465,JP,Japan,Exports of goods and services (current US$),2020,785057625362.297,East Asia & Pacific,High income,139.77,35.67
1466,JP,Japan,Exports of goods and services (current US$),2019,893761110034.084,East Asia & Pacific,High income,139.77,35.67
1467,JP,Japan,Exports of goods and services (current US$),2018,923192943803.364,East Asia & Pacific,High income,139.77,35.67
1468,JP,Japan,Exports of goods and services (current US$),2017,867373157903.215,East Asia & Pacific,High income,139.77,35.67
1469,JP,Japan,Exports of goods and services (current US$),2016,803470630550.066,East Asia & Pacific,High income,139.77,35.67
1470,JO,Jordan,Exports of goods and services (current US$),2025,,"Middle East, North Africa, Afghanistan & Pakistan",Upper middle income,35.9263,31.9497
1471,JO,Jordan,Exports of goods and services (current US$),2024,,"Middle East, North Africa, Afghanistan & Pakistan",Upper middle income,35.9263,31.9497
1472,JO,Jordan,Exports of goods and services (current US$),2023,,"Middle East, North Africa, Afghanistan & Pakistan",Upper middle income,35.9263,31.9497
1473,JO,Jordan,Exports of goods and services (current US$),2022,,"Middle East, North Africa, Afghanistan & Pakistan",Upper middle income,35.9263,31.9497
1474,JO,Jordan,Exports of goods and services (current US$),2021,,"Middle East, North Africa, Afghanistan & Pakistan",Upper middle income,35.9263,31.9497
1475,JO,Jordan,Exports of goods and services (current US$),2020,,"Middle East, North Africa, Afghanistan & Pakistan",Upper middle income,35.9263,31.9497
1476,JO,Jordan,Exports of goods and services (current US$),2019,,"Middle East, North Africa, Afghanistan & Pakistan",Upper middle income,35.9263,31.9497
1477,JO,Jordan,Exports of goods and services (current US$),2018,,"Middle East, North Africa, Afghanistan & Pakistan",Upper middle income,35.9263,31.9497
1478,JO,Jordan,Exports of goods and services (current US$),2017,,"Middle East, North Africa, Afghanistan & Pakistan",Upper middle income,35.9263,31.9497
1479,JO,Jordan,Exports of goods and services (current US$),2016,,"Middle East, North Africa, Afghanistan & Pakistan",Upper middle income,35.9263,31.9497
1480,KZ,Kazakhstan,Exports of goods and services (current US$),2025,,Europe & Central Asia,Upper middle income,71.4382,51.1879
1481,KZ,Kazakhstan,Exports of goods and services (current US$),2024,92070351467.3348,Europe & Central Asia,Upper middle income,71.4382,51.1879
1482,KZ,Kazakhstan,Exports of goods and services (current US$),2023,90729107011.7173,Europe & Central Asia,Upper middle income,71.4382,51.1879
1483,KZ,Kazakhstan,Exports of goods and services (current US$),2022,93736589049.58,Europe & Central Asia,Upper middle income,71.4382,51.1879
1484,KZ,Kazakhstan,Exports of goods and services (current US$),2021,66318146545.9049,Europe & Central Asia,Upper middle income,71.4382,51.1879
1485,KZ,Kazakhstan,Exports of goods and services (current US$),2020,52229576023.3033,Europe & Central Asia,Upper middle income,71.4382,51.1879
1486,KZ,Kazakhstan,Exports of goods and services (current US$),2019,66197682052.4286,Europe & Central Asia,Upper middle income,71.4382,51.1879
1487,KZ,Kazakhstan,Exports of goods and services (current US$),2018,67477058329.9065,Europe & Central Asia,Upper middle income,71.4382,51.1879
1488,KZ,Kazakhstan,Exports of goods and services (current US$),2017,54041327348.8409,Europe & Central Asia,Upper middle income,71.4382,51.1879
1489,KZ,Kazakhstan,Exports of goods and services (current US$),2016,43714755377.6011,Europe & Central Asia,Upper middle income,71.4382,51.1879
1490,KE,Kenya,Exports of goods and services (current US$),2025,21429875346.9498,Sub-Saharan Africa ,Lower middle income,36.8126,-1.27975
1491,KE,Kenya,Exports of goods and services (current US$),2024,20292950694.2844,Sub-Saharan Africa ,Lower middle income,36.8126,-1.27975
1492,KE,Kenya,Exports of goods and services (current US$),2023,17966992982.8146,Sub-Saharan Africa ,Lower middle income,36.8126,-1.27975
1493,KE,Kenya,Exports of goods and services (current US$),2022,18262655904.9193,Sub-Saharan Africa ,Lower middle income,36.8126,-1.27975
1494,KE,Kenya,Exports of goods and services (current US$),2021,14381862480.2642,Sub-Saharan Africa ,Lower middle income,36.8126,-1.27975
1495,KE,Kenya,Exports of goods and services (current US$),2020,11516270712.1545,Sub-Saharan Africa ,Lower middle income,36.8126,-1.27975
1496,KE,Kenya,Exports of goods and services (current US$),2019,11471243360.3894,Sub-Saharan Africa ,Lower middle income,36.8126,-1.27975
1497,KE,Kenya,Exports of goods and services (current US$),2018,11564075006.3765,Sub-Saharan Africa ,Lower middle income,36.8126,-1.27975
1498,KE,Kenya,Exports of goods and services (current US$),2017,10448711418.2037,Sub-Saharan Africa ,Lower middle income,36.8126,-1.27975
1499,KE,Kenya,Exports of goods and services (current US$),2016,9912815673.9736,Sub-Saharan Africa ,Lower middle income,36.8126,-1.27975
1500,KI,Kiribati,Exports of goods and services (current US$),2025,,East Asia & Pacific,Lower middle income,172.979,1.32905
1501,KI,Kiribati,Exports of goods and services (current US$),2024,15496547.3632504,East Asia & Pacific,Lower middle income,172.979,1.32905
1502,KI,Kiribati,Exports of goods and services (current US$),2023,17086211.2197061,East Asia & Pacific,Lower middle income,172.979,1.32905
1503,KI,Kiribati,Exports of goods and services (current US$),2022,20535972.4197843,East Asia & Pacific,Lower middle income,172.979,1.32905
1504,KI,Kiribati,Exports of goods and services (current US$),2021,10754926.7885233,East Asia & Pacific,Lower middle income,172.979,1.32905
1505,KI,Kiribati,Exports of goods and services (current US$),2020,23017530.924642,East Asia & Pacific,Lower middle income,172.979,1.32905
1506,KI,Kiribati,Exports of goods and services (current US$),2019,32509629.5463649,East Asia & Pacific,Lower middle income,172.979,1.32905
1507,KI,Kiribati,Exports of goods and services (current US$),2018,21134673.0304271,East Asia & Pacific,Lower middle income,172.979,1.32905
1508,KI,Kiribati,Exports of goods and services (current US$),2017,29545095.7188996,East Asia & Pacific,Lower middle income,172.979,1.32905
1509,KI,Kiribati,Exports of goods and services (current US$),2016,34309336.6557291,East Asia & Pacific,Lower middle income,172.979,1.32905
1510,KP,"Korea, Dem. People's Rep.",Exports of goods and services (current US$),2025,,East Asia & Pacific,Low income,125.754,39.0319
1511,KP,"Korea, Dem. People's Rep.",Exports of goods and services (current US$),2024,,East Asia & Pacific,Low income,125.754,39.0319
1512,KP,"Korea, Dem. People's Rep.",Exports of goods and services (current US$),2023,,East Asia & Pacific,Low income,125.754,39.0319
1513,KP,"Korea, Dem. People's Rep.",Exports of goods and services (current US$),2022,,East Asia & Pacific,Low income,125.754,39.0319
1514,KP,"Korea, Dem. People's Rep.",Exports of goods and services (current US$),2021,,East Asia & Pacific,Low income,125.754,39.0319
1515,KP,"Korea, Dem. People's Rep.",Exports of goods and services (current US$),2020,,East Asia & Pacific,Low income,125.754,39.0319
1516,KP,"Korea, Dem. People's Rep.",Exports of goods and services (current US$),2019,,East Asia & Pacific,Low income,125.754,39.0319
1517,KP,"Korea, Dem. People's Rep.",Exports of goods and services (current US$),2018,,East Asia & Pacific,Low income,125.754,39.0319
1518,KP,"Korea, Dem. People's Rep.",Exports of goods and services (current US$),2017,,East Asia & Pacific,Low income,125.754,39.0319
1519,KP,"Korea, Dem. People's Rep.",Exports of goods and services (current US$),2016,,East Asia & Pacific,Low income,125.754,39.0319
1520,KR,"Korea, Rep.",Exports of goods and services (current US$),2025,856855674924.231,East Asia & Pacific,High income,126.957,37.5323
1521,KR,"Korea, Rep.",Exports of goods and services (current US$),2024,831889172091.318,East Asia & Pacific,High income,126.957,37.5323
1522,KR,"Korea, Rep.",Exports of goods and services (current US$),2023,762299062736.35,East Asia & Pacific,High income,126.957,37.5323
1523,KR,"Korea, Rep.",Exports of goods and services (current US$),2022,815019022384.453,East Asia & Pacific,High income,126.957,37.5323
1524,KR,"Korea, Rep.",Exports of goods and services (current US$),2021,764083221345.796,East Asia & Pacific,High income,126.957,37.5323
1525,KR,"Korea, Rep.",Exports of goods and services (current US$),2020,603713417774.2,East Asia & Pacific,High income,126.957,37.5323
1526,KR,"Korea, Rep.",Exports of goods and services (current US$),2019,648610576582.722,East Asia & Pacific,High income,126.957,37.5323
1527,KR,"Korea, Rep.",Exports of goods and services (current US$),2018,719710064860.371,East Asia & Pacific,High income,126.957,37.5323
1528,KR,"Korea, Rep.",Exports of goods and services (current US$),2017,664392456663.161,East Asia & Pacific,High income,126.957,37.5323
1529,KR,"Korea, Rep.",Exports of goods and services (current US$),2016,601861440813.944,East Asia & Pacific,High income,126.957,37.5323
1530,XK,Kosovo,Exports of goods and services (current US$),2025,5474849308.4911,Europe & Central Asia,Upper middle income,20.926,42.565
1531,XK,Kosovo,Exports of goods and services (current US$),2024,4677083984.93984,Europe & Central Asia,Upper middle income,20.926,42.565
1532,XK,Kosovo,Exports of goods and services (current US$),2023,4149071008.97066,Europe & Central Asia,Upper middle income,20.926,42.565
1533,XK,Kosovo,Exports of goods and services (current US$),2022,3618309871.22764,Europe & Central Asia,Upper middle income,20.926,42.565
1534,XK,Kosovo,Exports of goods and services (current US$),2021,3144505535.53096,Europe & Central Asia,Upper middle income,20.926,42.565
1535,XK,Kosovo,Exports of goods and services (current US$),2020,1678010583.42257,Europe & Central Asia,Upper middle income,20.926,42.565
1536,XK,Kosovo,Exports of goods and services (current US$),2019,2315462863.40392,Europe & Central Asia,Upper middle income,20.926,42.565
1537,XK,Kosovo,Exports of goods and services (current US$),2018,2289053573.98902,Europe & Central Asia,Upper middle income,20.926,42.565
1538,XK,Kosovo,Exports of goods and services (current US$),2017,1962421136.98118,Europe & Central Asia,Upper middle income,20.926,42.565
1539,XK,Kosovo,Exports of goods and services (current US$),2016,1592307800.39884,Europe & Central Asia,Upper middle income,20.926,42.565
1540,KW,Kuwait,Exports of goods and services (current US$),2025,,"Middle East, North Africa, Afghanistan & Pakistan",High income,47.9824,29.3721
1541,KW,Kuwait,Exports of goods and services (current US$),2024,89713098851.9389,"Middle East, North Africa, Afghanistan & Pakistan",High income,47.9824,29.3721
1542,KW,Kuwait,Exports of goods and services (current US$),2023,95475365008.057,"Middle East, North Africa, Afghanistan & Pakistan",High income,47.9824,29.3721
1543,KW,Kuwait,Exports of goods and services (current US$),2022,110924408163.265,"Middle East, North Africa, Afghanistan & Pakistan",High income,47.9824,29.3721
1544,KW,Kuwait,Exports of goods and services (current US$),2021,76735412391.4694,"Middle East, North Africa, Afghanistan & Pakistan",High income,47.9824,29.3721
1545,KW,Kuwait,Exports of goods and services (current US$),2020,48541470057.1134,"Middle East, North Africa, Afghanistan & Pakistan",High income,47.9824,29.3721
1546,KW,Kuwait,Exports of goods and services (current US$),2019,73327382736.4621,"Middle East, North Africa, Afghanistan & Pakistan",High income,47.9824,29.3721
1547,KW,Kuwait,Exports of goods and services (current US$),2018,79460231954.3245,"Middle East, North Africa, Afghanistan & Pakistan",High income,47.9824,29.3721
1548,KW,Kuwait,Exports of goods and services (current US$),2017,61787573759.6835,"Middle East, North Africa, Afghanistan & Pakistan",High income,47.9824,29.3721
1549,KW,Kuwait,Exports of goods and services (current US$),2016,52112899115.302,"Middle East, North Africa, Afghanistan & Pakistan",High income,47.9824,29.3721
1550,KG,Kyrgyz Republic,Exports of goods and services (current US$),2025,6065757632.01443,Europe & Central Asia,Lower middle income,74.6057,42.8851
1551,KG,Kyrgyz Republic,Exports of goods and services (current US$),2024,8494384868.13008,Europe & Central Asia,Lower middle income,74.6057,42.8851
1552,KG,Kyrgyz Republic,Exports of goods and services (current US$),2023,5599943025.03163,Europe & Central Asia,Lower middle income,74.6057,42.8851
1553,KG,Kyrgyz Republic,Exports of goods and services (current US$),2022,5622995972.26342,Europe & Central Asia,Lower middle income,74.6057,42.8851
1554,KG,Kyrgyz Republic,Exports of goods and services (current US$),2021,3311706968.06324,Europe & Central Asia,Lower middle income,74.6057,42.8851
1555,KG,Kyrgyz Republic,Exports of goods and services (current US$),2020,2446559919.56571,Europe & Central Asia,Lower middle income,74.6057,42.8851
1556,KG,Kyrgyz Republic,Exports of goods and services (current US$),2019,3137172120.63405,Europe & Central Asia,Lower middle income,74.6057,42.8851
1557,KG,Kyrgyz Republic,Exports of goods and services (current US$),2018,2613812660.95219,Europe & Central Asia,Lower middle income,74.6057,42.8851
1558,KG,Kyrgyz Republic,Exports of goods and services (current US$),2017,2638475263.53388,Europe & Central Asia,Lower middle income,74.6057,42.8851
1559,KG,Kyrgyz Republic,Exports of goods and services (current US$),2016,2440819276.62454,Europe & Central Asia,Lower middle income,74.6057,42.8851
1560,LA,Lao PDR,Exports of goods and services (current US$),2025,,East Asia & Pacific,Lower middle income,102.177,18.5826
1561,LA,Lao PDR,Exports of goods and services (current US$),2024,,East Asia & Pacific,Lower middle income,102.177,18.5826
1562,LA,Lao PDR,Exports of goods and services (current US$),2023,,East Asia & Pacific,Lower middle income,102.177,18.5826
1563,LA,Lao PDR,Exports of goods and services (current US$),2022,,East Asia & Pacific,Lower middle income,102.177,18.5826
1564,LA,Lao PDR,Exports of goods and services (current US$),2021,,East Asia & Pacific,Lower middle income,102.177,18.5826
1565,LA,Lao PDR,Exports of goods and services (current US$),2020,,East Asia & Pacific,Lower middle income,102.177,18.5826
1566,LA,Lao PDR,Exports of goods and services (current US$),2019,,East Asia & Pacific,Lower middle income,102.177,18.5826
1567,LA,Lao PDR,Exports of goods and services (current US$),2018,,East Asia & Pacific,Lower middle income,102.177,18.5826
1568,LA,Lao PDR,Exports of goods and services (current US$),2017,,East Asia & Pacific,Lower middle income,102.177,18.5826
1569,LA,Lao PDR,Exports of goods and services (current US$),2016,5284450716.02575,East Asia & Pacific,Lower middle income,102.177,18.5826
1570,LV,Latvia,Exports of goods and services (current US$),2025,30422285148.0572,Europe & Central Asia,High income,24.1048,56.9465
1571,LV,Latvia,Exports of goods and services (current US$),2024,28540727742.625,Europe & Central Asia,High income,24.1048,56.9465
1572,LV,Latvia,Exports of goods and services (current US$),2023,28230078137.1985,Europe & Central Asia,High income,24.1048,56.9465
1573,LV,Latvia,Exports of goods and services (current US$),2022,29453042751.9515,Europe & Central Asia,High income,24.1048,56.9465
1574,LV,Latvia,Exports of goods and services (current US$),2021,25510768209.8252,Europe & Central Asia,High income,24.1048,56.9465
1575,LV,Latvia,Exports of goods and services (current US$),2020,20915609598.0545,Europe & Central Asia,High income,24.1048,56.9465
1576,LV,Latvia,Exports of goods and services (current US$),2019,20699384824.9176,Europe & Central Asia,High income,24.1048,56.9465
1577,LV,Latvia,Exports of goods and services (current US$),2018,21235396108.6282,Europe & Central Asia,High income,24.1048,56.9465
1578,LV,Latvia,Exports of goods and services (current US$),2017,18851412292.5247,Europe & Central Asia,High income,24.1048,56.9465
1579,LV,Latvia,Exports of goods and services (current US$),2016,16793194616.7362,Europe & Central Asia,High income,24.1048,56.9465
1580,LB,Lebanon,Exports of goods and services (current US$),2025,,"Middle East, North Africa, Afghanistan & Pakistan",Lower middle income,35.5134,33.8872
1581,LB,Lebanon,Exports of goods and services (current US$),2024,6055691106.14525,"Middle East, North Africa, Afghanistan & Pakistan",Lower middle income,35.5134,33.8872
1582,LB,Lebanon,Exports of goods and services (current US$),2023,6134302022.64995,"Middle East, North Africa, Afghanistan & Pakistan",Lower middle income,35.5134,33.8872
1583,LB,Lebanon,Exports of goods and services (current US$),2022,7311404298.94906,"Middle East, North Africa, Afghanistan & Pakistan",Lower middle income,35.5134,33.8872
1584,LB,Lebanon,Exports of goods and services (current US$),2021,6020232987.66482,"Middle East, North Africa, Afghanistan & Pakistan",Lower middle income,35.5134,33.8872
1585,LB,Lebanon,Exports of goods and services (current US$),2020,5192095745.93275,"Middle East, North Africa, Afghanistan & Pakistan",Lower middle income,35.5134,33.8872
1586,LB,Lebanon,Exports of goods and services (current US$),2019,10681277028.314,"Middle East, North Africa, Afghanistan & Pakistan",Lower middle income,35.5134,33.8872
1587,LB,Lebanon,Exports of goods and services (current US$),2018,11394547409.6186,"Middle East, North Africa, Afghanistan & Pakistan",Lower middle income,35.5134,33.8872
1588,LB,Lebanon,Exports of goods and services (current US$),2017,11627344114.0962,"Middle East, North Africa, Afghanistan & Pakistan",Lower middle income,35.5134,33.8872
1589,LB,Lebanon,Exports of goods and services (current US$),2016,11112344036.4842,"Middle East, North Africa, Afghanistan & Pakistan",Lower middle income,35.5134,33.8872
1590,LS,Lesotho,Exports of goods and services (current US$),2025,1274711831.44221,Sub-Saharan Africa ,Lower middle income,27.7167,-29.5208
1591,LS,Lesotho,Exports of goods and services (current US$),2024,1181428558.49021,Sub-Saharan Africa ,Lower middle income,27.7167,-29.5208
1592,LS,Lesotho,Exports of goods and services (current US$),2023,909092611.458147,Sub-Saharan Africa ,Lower middle income,27.7167,-29.5208
1593,LS,Lesotho,Exports of goods and services (current US$),2022,1095216446.36938,Sub-Saharan Africa ,Lower middle income,27.7167,-29.5208
1594,LS,Lesotho,Exports of goods and services (current US$),2021,1113103702.50979,Sub-Saharan Africa ,Lower middle income,27.7167,-29.5208
1595,LS,Lesotho,Exports of goods and services (current US$),2020,912849307.419814,Sub-Saharan Africa ,Lower middle income,27.7167,-29.5208
1596,LS,Lesotho,Exports of goods and services (current US$),2019,1104727469.64081,Sub-Saharan Africa ,Lower middle income,27.7167,-29.5208
1597,LS,Lesotho,Exports of goods and services (current US$),2018,1273857561.24071,Sub-Saharan Africa ,Lower middle income,27.7167,-29.5208
1598,LS,Lesotho,Exports of goods and services (current US$),2017,1095170222.07101,Sub-Saharan Africa ,Lower middle income,27.7167,-29.5208
1599,LS,Lesotho,Exports of goods and services (current US$),2016,967977351.678437,Sub-Saharan Africa ,Lower middle income,27.7167,-29.5208
1600,LR,Liberia,Exports of goods and services (current US$),2025,,Sub-Saharan Africa ,Low income,-10.7957,6.30039
1601,LR,Liberia,Exports of goods and services (current US$),2024,,Sub-Saharan Africa ,Low income,-10.7957,6.30039
1602,LR,Liberia,Exports of goods and services (current US$),2023,,Sub-Saharan Africa ,Low income,-10.7957,6.30039
1603,LR,Liberia,Exports of goods and services (current US$),2022,,Sub-Saharan Africa ,Low income,-10.7957,6.30039
1604,LR,Liberia,Exports of goods and services (current US$),2021,,Sub-Saharan Africa ,Low income,-10.7957,6.30039
1605,LR,Liberia,Exports of goods and services (current US$),2020,,Sub-Saharan Africa ,Low income,-10.7957,6.30039
1606,LR,Liberia,Exports of goods and services (current US$),2019,,Sub-Saharan Africa ,Low income,-10.7957,6.30039
1607,LR,Liberia,Exports of goods and services (current US$),2018,,Sub-Saharan Africa ,Low income,-10.7957,6.30039
1608,LR,Liberia,Exports of goods and services (current US$),2017,,Sub-Saharan Africa ,Low income,-10.7957,6.30039
1609,LR,Liberia,Exports of goods and services (current US$),2016,,Sub-Saharan Africa ,Low income,-10.7957,6.30039
1610,LY,Libya,Exports of goods and services (current US$),2025,34493399341.6137,"Middle East, North Africa, Afghanistan & Pakistan",Upper middle income,13.1072,32.8578
1611,LY,Libya,Exports of goods and services (current US$),2024,34779502869.0818,"Middle East, North Africa, Afghanistan & Pakistan",Upper middle income,13.1072,32.8578
1612,LY,Libya,Exports of goods and services (current US$),2023,37688122856.9238,"Middle East, North Africa, Afghanistan & Pakistan",Upper middle income,13.1072,32.8578
1613,LY,Libya,Exports of goods and services (current US$),2022,39778344211.4613,"Middle East, North Africa, Afghanistan & Pakistan",Upper middle income,13.1072,32.8578
1614,LY,Libya,Exports of goods and services (current US$),2021,32419787680.6016,"Middle East, North Africa, Afghanistan & Pakistan",Upper middle income,13.1072,32.8578
1615,LY,Libya,Exports of goods and services (current US$),2020,9541308319.41711,"Middle East, North Africa, Afghanistan & Pakistan",Upper middle income,13.1072,32.8578
1616,LY,Libya,Exports of goods and services (current US$),2019,29332965257.6089,"Middle East, North Africa, Afghanistan & Pakistan",Upper middle income,13.1072,32.8578
1617,LY,Libya,Exports of goods and services (current US$),2018,30378023791.0514,"Middle East, North Africa, Afghanistan & Pakistan",Upper middle income,13.1072,32.8578
1618,LY,Libya,Exports of goods and services (current US$),2017,18264984000.8035,"Middle East, North Africa, Afghanistan & Pakistan",Upper middle income,13.1072,32.8578
1619,LY,Libya,Exports of goods and services (current US$),2016,7276125978.06769,"Middle East, North Africa, Afghanistan & Pakistan",Upper middle income,13.1072,32.8578
1620,LI,Liechtenstein,Exports of goods and services (current US$),2025,,Europe & Central Asia,High income,9.52148,47.1411
1621,LI,Liechtenstein,Exports of goods and services (current US$),2024,,Europe & Central Asia,High income,9.52148,47.1411
1622,LI,Liechtenstein,Exports of goods and services (current US$),2023,,Europe & Central Asia,High income,9.52148,47.1411
1623,LI,Liechtenstein,Exports of goods and services (current US$),2022,,Europe & Central Asia,High income,9.52148,47.1411
1624,LI,Liechtenstein,Exports of goods and services (current US$),2021,,Europe & Central Asia,High income,9.52148,47.1411
1625,LI,Liechtenstein,Exports of goods and services (current US$),2020,,Europe & Central Asia,High income,9.52148,47.1411
1626,LI,Liechtenstein,Exports of goods and services (current US$),2019,,Europe & Central Asia,High income,9.52148,47.1411
1627,LI,Liechtenstein,Exports of goods and services (current US$),2018,,Europe & Central Asia,High income,9.52148,47.1411
1628,LI,Liechtenstein,Exports of goods and services (current US$),2017,,Europe & Central Asia,High income,9.52148,47.1411
1629,LI,Liechtenstein,Exports of goods and services (current US$),2016,,Europe & Central Asia,High income,9.52148,47.1411
1630,LT,Lithuania,Exports of goods and services (current US$),2025,69488132228.1881,Europe & Central Asia,High income,25.2799,54.6896
1631,LT,Lithuania,Exports of goods and services (current US$),2024,63222232836.6562,Europe & Central Asia,High income,25.2799,54.6896
1632,LT,Lithuania,Exports of goods and services (current US$),2023,61017599737.3148,Europe & Central Asia,High income,25.2799,54.6896
1633,LT,Lithuania,Exports of goods and services (current US$),2022,61643097916.829,Europe & Central Asia,High income,25.2799,54.6896
1634,LT,Lithuania,Exports of goods and services (current US$),2021,53381777500.2317,Europe & Central Asia,High income,25.2799,54.6896
1635,LT,Lithuania,Exports of goods and services (current US$),2020,41586229552.7005,Europe & Central Asia,High income,25.2799,54.6896
1636,LT,Lithuania,Exports of goods and services (current US$),2019,42344067359.6078,Europe & Central Asia,High income,25.2799,54.6896
1637,LT,Lithuania,Exports of goods and services (current US$),2018,40441054996.4392,Europe & Central Asia,High income,25.2799,54.6896
1638,LT,Lithuania,Exports of goods and services (current US$),2017,35152006747.9412,Europe & Central Asia,High income,25.2799,54.6896
1639,LT,Lithuania,Exports of goods and services (current US$),2016,29095247184.8522,Europe & Central Asia,High income,25.2799,54.6896
1640,LU,Luxembourg,Exports of goods and services (current US$),2025,192728057158.053,Europe & Central Asia,High income,6.1296,49.61
1641,LU,Luxembourg,Exports of goods and services (current US$),2024,178661670860.586,Europe & Central Asia,High income,6.1296,49.61
1642,LU,Luxembourg,Exports of goods and services (current US$),2023,193009113164.633,Europe & Central Asia,High income,6.1296,49.61
1643,LU,Luxembourg,Exports of goods and services (current US$),2022,179628968244.446,Europe & Central Asia,High income,6.1296,49.61
1644,LU,Luxembourg,Exports of goods and services (current US$),2021,186265544320.237,Europe & Central Asia,High income,6.1296,49.61
1645,LU,Luxembourg,Exports of goods and services (current US$),2020,150610309020.746,Europe & Central Asia,High income,6.1296,49.61
1646,LU,Luxembourg,Exports of goods and services (current US$),2019,144341752039.059,Europe & Central Asia,High income,6.1296,49.61
1647,LU,Luxembourg,Exports of goods and services (current US$),2018,140193787082.697,Europe & Central Asia,High income,6.1296,49.61
1648,LU,Luxembourg,Exports of goods and services (current US$),2017,126658587133.284,Europe & Central Asia,High income,6.1296,49.61
1649,LU,Luxembourg,Exports of goods and services (current US$),2016,118895618024.066,Europe & Central Asia,High income,6.1296,49.61
1650,MO,"Macao SAR, China",Exports of goods and services (current US$),2025,48045096957.4623,East Asia & Pacific,High income,113.55,22.1667
1651,MO,"Macao SAR, China",Exports of goods and services (current US$),2024,45603671397.3456,East Asia & Pacific,High income,113.55,22.1667
1652,MO,"Macao SAR, China",Exports of goods and services (current US$),2023,42166632148.5132,East Asia & Pacific,High income,113.55,22.1667
1653,MO,"Macao SAR, China",Exports of goods and services (current US$),2022,21137959774.3691,East Asia & Pacific,High income,113.55,22.1667
1654,MO,"Macao SAR, China",Exports of goods and services (current US$),2021,28151033560.2931,East Asia & Pacific,High income,113.55,22.1667
1655,MO,"Macao SAR, China",Exports of goods and services (current US$),2020,15588938976.8161,East Asia & Pacific,High income,113.55,22.1667
1656,MO,"Macao SAR, China",Exports of goods and services (current US$),2019,45476533584.785,East Asia & Pacific,High income,113.55,22.1667
1657,MO,"Macao SAR, China",Exports of goods and services (current US$),2018,45631673035.4028,East Asia & Pacific,High income,113.55,22.1667
1658,MO,"Macao SAR, China",Exports of goods and services (current US$),2017,40563040049.4592,East Asia & Pacific,High income,113.55,22.1667
1659,MO,"Macao SAR, China",Exports of goods and services (current US$),2016,34536934288.456,East Asia & Pacific,High income,113.55,22.1667
1660,MG,Madagascar,Exports of goods and services (current US$),2025,4185661511.34711,Sub-Saharan Africa ,Low income,45.7167,-20.4667
1661,MG,Madagascar,Exports of goods and services (current US$),2024,4223672838.17646,Sub-Saharan Africa ,Low income,45.7167,-20.4667
1662,MG,Madagascar,Exports of goods and services (current US$),2023,4285471210.35863,Sub-Saharan Africa ,Low income,45.7167,-20.4667
1663,MG,Madagascar,Exports of goods and services (current US$),2022,4680944198.87187,Sub-Saharan Africa ,Low income,45.7167,-20.4667
1664,MG,Madagascar,Exports of goods and services (current US$),2021,3314741894.16389,Sub-Saharan Africa ,Low income,45.7167,-20.4667
1665,MG,Madagascar,Exports of goods and services (current US$),2020,2628831060.657,Sub-Saharan Africa ,Low income,45.7167,-20.4667
1666,MG,Madagascar,Exports of goods and services (current US$),2019,4009166482.22619,Sub-Saharan Africa ,Low income,45.7167,-20.4667
1667,MG,Madagascar,Exports of goods and services (current US$),2018,4339367350.69394,Sub-Saharan Africa ,Low income,45.7167,-20.4667
1668,MG,Madagascar,Exports of goods and services (current US$),2017,4071827552.94261,Sub-Saharan Africa ,Low income,45.7167,-20.4667
1669,MG,Madagascar,Exports of goods and services (current US$),2016,3447066213.68097,Sub-Saharan Africa ,Low income,45.7167,-20.4667
1670,MW,Malawi,Exports of goods and services (current US$),2025,1588626335.55329,Sub-Saharan Africa ,Low income,33.7703,-13.9899
1671,MW,Malawi,Exports of goods and services (current US$),2024,1276619389.15652,Sub-Saharan Africa ,Low income,33.7703,-13.9899
1672,MW,Malawi,Exports of goods and services (current US$),2023,1502749517.68843,Sub-Saharan Africa ,Low income,33.7703,-13.9899
1673,MW,Malawi,Exports of goods and services (current US$),2022,1409751312.6797,Sub-Saharan Africa ,Low income,33.7703,-13.9899
1674,MW,Malawi,Exports of goods and services (current US$),2021,1573501117.66397,Sub-Saharan Africa ,Low income,33.7703,-13.9899
1675,MW,Malawi,Exports of goods and services (current US$),2020,1295183976.26652,Sub-Saharan Africa ,Low income,33.7703,-13.9899
1676,MW,Malawi,Exports of goods and services (current US$),2019,1435575611.01415,Sub-Saharan Africa ,Low income,33.7703,-13.9899
1677,MW,Malawi,Exports of goods and services (current US$),2018,1153179791.14847,Sub-Saharan Africa ,Low income,33.7703,-13.9899
1678,MW,Malawi,Exports of goods and services (current US$),2017,1133605606.12648,Sub-Saharan Africa ,Low income,33.7703,-13.9899
1679,MW,Malawi,Exports of goods and services (current US$),2016,,Sub-Saharan Africa ,Low income,33.7703,-13.9899
1680,MY,Malaysia,Exports of goods and services (current US$),2025,335105024619.412,East Asia & Pacific,Upper middle income,101.684,3.12433
1681,MY,Malaysia,Exports of goods and services (current US$),2024,301221326764.018,East Asia & Pacific,Upper middle income,101.684,3.12433
1682,MY,Malaysia,Exports of goods and services (current US$),2023,274681075589.892,East Asia & Pacific,Upper middle income,101.684,3.12433
1683,MY,Malaysia,Exports of goods and services (current US$),2022,313245644474.215,East Asia & Pacific,Upper middle income,101.684,3.12433
1684,MY,Malaysia,Exports of goods and services (current US$),2021,264015450976.493,East Asia & Pacific,Upper middle income,101.684,3.12433
1685,MY,Malaysia,Exports of goods and services (current US$),2020,207798540352.974,East Asia & Pacific,Upper middle income,101.684,3.12433
1686,MY,Malaysia,Exports of goods and services (current US$),2019,238379861290.486,East Asia & Pacific,Upper middle income,101.684,3.12433
1687,MY,Malaysia,Exports of goods and services (current US$),2018,245967590635.246,East Asia & Pacific,Upper middle income,101.684,3.12433
1688,MY,Malaysia,Exports of goods and services (current US$),2017,223413837325.056,East Asia & Pacific,Upper middle income,101.684,3.12433
1689,MY,Malaysia,Exports of goods and services (current US$),2016,201165058574.724,East Asia & Pacific,Upper middle income,101.684,3.12433
1690,MV,Maldives,Exports of goods and services (current US$),2025,,South Asia,Upper middle income,73.5109,4.1742
1691,MV,Maldives,Exports of goods and services (current US$),2024,5523181581.41595,South Asia,Upper middle income,73.5109,4.1742
1692,MV,Maldives,Exports of goods and services (current US$),2023,4902444407.8474,South Asia,Upper middle income,73.5109,4.1742
1693,MV,Maldives,Exports of goods and services (current US$),2022,5106680724.33038,South Asia,Upper middle income,73.5109,4.1742
1694,MV,Maldives,Exports of goods and services (current US$),2021,3997066754.3199,South Asia,Upper middle income,73.5109,4.1742
1695,MV,Maldives,Exports of goods and services (current US$),2020,1791004988.53476,South Asia,Upper middle income,73.5109,4.1742
1696,MV,Maldives,Exports of goods and services (current US$),2019,3751360417.55704,South Asia,Upper middle income,73.5109,4.1742
1697,MV,Maldives,Exports of goods and services (current US$),2018,3591094857.28424,South Asia,Upper middle income,73.5109,4.1742
1698,MV,Maldives,Exports of goods and services (current US$),2017,3326197407.68958,South Asia,Upper middle income,73.5109,4.1742
1699,MV,Maldives,Exports of goods and services (current US$),2016,3158120131.89655,South Asia,Upper middle income,73.5109,4.1742
1700,ML,Mali,Exports of goods and services (current US$),2025,6638297560.40789,Sub-Saharan Africa ,Low income,-7.50034,13.5667
1701,ML,Mali,Exports of goods and services (current US$),2024,5974568257.06758,Sub-Saharan Africa ,Low income,-7.50034,13.5667
1702,ML,Mali,Exports of goods and services (current US$),2023,6141554207.08006,Sub-Saharan Africa ,Low income,-7.50034,13.5667
1703,ML,Mali,Exports of goods and services (current US$),2022,5866178905.32816,Sub-Saharan Africa ,Low income,-7.50034,13.5667
1704,ML,Mali,Exports of goods and services (current US$),2021,5389820860.67646,Sub-Saharan Africa ,Low income,-7.50034,13.5667
1705,ML,Mali,Exports of goods and services (current US$),2020,5204085877.66132,Sub-Saharan Africa ,Low income,-7.50034,13.5667
1706,ML,Mali,Exports of goods and services (current US$),2019,4449175629.33742,Sub-Saharan Africa ,Low income,-7.50034,13.5667
1707,ML,Mali,Exports of goods and services (current US$),2018,4195619517.30008,Sub-Saharan Africa ,Low income,-7.50034,13.5667
1708,ML,Mali,Exports of goods and services (current US$),2017,3461471859.23525,Sub-Saharan Africa ,Low income,-7.50034,13.5667
1709,ML,Mali,Exports of goods and services (current US$),2016,3291642790.12105,Sub-Saharan Africa ,Low income,-7.50034,13.5667
1710,MT,Malta,Exports of goods and services (current US$),2025,33078900363.3725,"Middle East, North Africa, Afghanistan & Pakistan",High income,14.5189,35.9042
1711,MT,Malta,Exports of goods and services (current US$),2024,29670971075.7031,"Middle East, North Africa, Afghanistan & Pakistan",High income,14.5189,35.9042
1712,MT,Malta,Exports of goods and services (current US$),2023,27093456124.9024,"Middle East, North Africa, Afghanistan & Pakistan",High income,14.5189,35.9042
1713,MT,Malta,Exports of goods and services (current US$),2022,24298465495.7199,"Middle East, North Africa, Afghanistan & Pakistan",High income,14.5189,35.9042
1714,MT,Malta,Exports of goods and services (current US$),2021,23436235792.2477,"Middle East, North Africa, Afghanistan & Pakistan",High income,14.5189,35.9042
1715,MT,Malta,Exports of goods and services (current US$),2020,21318525671.7846,"Middle East, North Africa, Afghanistan & Pakistan",High income,14.5189,35.9042
1716,MT,Malta,Exports of goods and services (current US$),2019,20343821137.327,"Middle East, North Africa, Afghanistan & Pakistan",High income,14.5189,35.9042
1717,MT,Malta,Exports of goods and services (current US$),2018,19925582337.9643,"Middle East, North Africa, Afghanistan & Pakistan",High income,14.5189,35.9042
1718,MT,Malta,Exports of goods and services (current US$),2017,16515915189.6634,"Middle East, North Africa, Afghanistan & Pakistan",High income,14.5189,35.9042
1719,MT,Malta,Exports of goods and services (current US$),2016,13609122283.9863,"Middle East, North Africa, Afghanistan & Pakistan",High income,14.5189,35.9042
1720,MH,Marshall Islands,Exports of goods and services (current US$),2025,111000000.0,East Asia & Pacific,Upper middle income,171.135,7.11046
1721,MH,Marshall Islands,Exports of goods and services (current US$),2024,106000000.0,East Asia & Pacific,Upper middle income,171.135,7.11046
1722,MH,Marshall Islands,Exports of goods and services (current US$),2023,101000000.0,East Asia & Pacific,Upper middle income,171.135,7.11046
1723,MH,Marshall Islands,Exports of goods and services (current US$),2022,103432100.0,East Asia & Pacific,Upper middle income,171.135,7.11046
1724,MH,Marshall Islands,Exports of goods and services (current US$),2021,120116600.0,East Asia & Pacific,Upper middle income,171.135,7.11046
1725,MH,Marshall Islands,Exports of goods and services (current US$),2020,85811100.0,East Asia & Pacific,Upper middle income,171.135,7.11046
1726,MH,Marshall Islands,Exports of goods and services (current US$),2019,86317100.0,East Asia & Pacific,Upper middle income,171.135,7.11046
1727,MH,Marshall Islands,Exports of goods and services (current US$),2018,87396700.0,East Asia & Pacific,Upper middle income,171.135,7.11046
1728,MH,Marshall Islands,Exports of goods and services (current US$),2017,83584300.0,East Asia & Pacific,Upper middle income,171.135,7.11046
1729,MH,Marshall Islands,Exports of goods and services (current US$),2016,73643500.0,East Asia & Pacific,Upper middle income,171.135,7.11046
1730,MR,Mauritania,Exports of goods and services (current US$),2025,4654787700.16574,Sub-Saharan Africa ,Lower middle income,-15.9824,18.2367
1731,MR,Mauritania,Exports of goods and services (current US$),2024,4505172131.66341,Sub-Saharan Africa ,Lower middle income,-15.9824,18.2367
1732,MR,Mauritania,Exports of goods and services (current US$),2023,4104773823.61346,Sub-Saharan Africa ,Lower middle income,-15.9824,18.2367
1733,MR,Mauritania,Exports of goods and services (current US$),2022,3799926863.95341,Sub-Saharan Africa ,Lower middle income,-15.9824,18.2367
1734,MR,Mauritania,Exports of goods and services (current US$),2021,3675141707.59752,Sub-Saharan Africa ,Lower middle income,-15.9824,18.2367
1735,MR,Mauritania,Exports of goods and services (current US$),2020,3420379134.17585,Sub-Saharan Africa ,Lower middle income,-15.9824,18.2367
1736,MR,Mauritania,Exports of goods and services (current US$),2019,3347184840.42049,Sub-Saharan Africa ,Lower middle income,-15.9824,18.2367
1737,MR,Mauritania,Exports of goods and services (current US$),2018,2734994651.97883,Sub-Saharan Africa ,Lower middle income,-15.9824,18.2367
1738,MR,Mauritania,Exports of goods and services (current US$),2017,2350689953.24464,Sub-Saharan Africa ,Lower middle income,-15.9824,18.2367
1739,MR,Mauritania,Exports of goods and services (current US$),2016,2173889319.13291,Sub-Saharan Africa ,Lower middle income,-15.9824,18.2367
1740,MU,Mauritius,Exports of goods and services (current US$),2025,10508453742.1783,Sub-Saharan Africa ,Upper middle income,57.4977,-20.1605
1741,MU,Mauritius,Exports of goods and services (current US$),2024,10025062116.6689,Sub-Saharan Africa ,Upper middle income,57.4977,-20.1605
1742,MU,Mauritius,Exports of goods and services (current US$),2023,9715616541.54855,Sub-Saharan Africa ,Upper middle income,57.4977,-20.1605
1743,MU,Mauritius,Exports of goods and services (current US$),2022,8671207274.78073,Sub-Saharan Africa ,Upper middle income,57.4977,-20.1605
1744,MU,Mauritius,Exports of goods and services (current US$),2021,7062411510.58402,Sub-Saharan Africa ,Upper middle income,57.4977,-20.1605
1745,MU,Mauritius,Exports of goods and services (current US$),2020,6403116603.77697,Sub-Saharan Africa ,Upper middle income,57.4977,-20.1605
1746,MU,Mauritius,Exports of goods and services (current US$),2019,8837804269.59075,Sub-Saharan Africa ,Upper middle income,57.4977,-20.1605
1747,MU,Mauritius,Exports of goods and services (current US$),2018,8760255080.3904,Sub-Saharan Africa ,Upper middle income,57.4977,-20.1605
1748,MU,Mauritius,Exports of goods and services (current US$),2017,8385997462.74862,Sub-Saharan Africa ,Upper middle income,57.4977,-20.1605
1749,MU,Mauritius,Exports of goods and services (current US$),2016,7788248022.76233,Sub-Saharan Africa ,Upper middle income,57.4977,-20.1605
1750,MX,Mexico,Exports of goods and services (current US$),2025,726556896246.645,Latin America & Caribbean ,Upper middle income,-99.1276,19.427
1751,MX,Mexico,Exports of goods and services (current US$),2024,682472609894.051,Latin America & Caribbean ,Upper middle income,-99.1276,19.427
1752,MX,Mexico,Exports of goods and services (current US$),2023,648642274776.945,Latin America & Caribbean ,Upper middle income,-99.1276,19.427
1753,MX,Mexico,Exports of goods and services (current US$),2022,629788673074.2,Latin America & Caribbean ,Upper middle income,-99.1276,19.427
1754,MX,Mexico,Exports of goods and services (current US$),2021,534121610565.454,Latin America & Caribbean ,Upper middle income,-99.1276,19.427
1755,MX,Mexico,Exports of goods and services (current US$),2020,439853932827.966,Latin America & Caribbean ,Upper middle income,-99.1276,19.427
1756,MX,Mexico,Exports of goods and services (current US$),2019,502467566320.434,Latin America & Caribbean ,Upper middle income,-99.1276,19.427
1757,MX,Mexico,Exports of goods and services (current US$),2018,490508969545.438,Latin America & Caribbean ,Upper middle income,-99.1276,19.427
1758,MX,Mexico,Exports of goods and services (current US$),2017,446688309687.408,Latin America & Caribbean ,Upper middle income,-99.1276,19.427
1759,MX,Mexico,Exports of goods and services (current US$),2016,409476294705.042,Latin America & Caribbean ,Upper middle income,-99.1276,19.427
1760,FM,"Micronesia, Fed. Sts.",Exports of goods and services (current US$),2025,111000000.0,East Asia & Pacific,Upper middle income,158.185,6.91771
1761,FM,"Micronesia, Fed. Sts.",Exports of goods and services (current US$),2024,108000000.0,East Asia & Pacific,Upper middle income,158.185,6.91771
1762,FM,"Micronesia, Fed. Sts.",Exports of goods and services (current US$),2023,98000000.0,East Asia & Pacific,Upper middle income,158.185,6.91771
1763,FM,"Micronesia, Fed. Sts.",Exports of goods and services (current US$),2022,120000000.0,East Asia & Pacific,Upper middle income,158.185,6.91771
1764,FM,"Micronesia, Fed. Sts.",Exports of goods and services (current US$),2021,77000000.0,East Asia & Pacific,Upper middle income,158.185,6.91771
1765,FM,"Micronesia, Fed. Sts.",Exports of goods and services (current US$),2020,85000000.0,East Asia & Pacific,Upper middle income,158.185,6.91771
1766,FM,"Micronesia, Fed. Sts.",Exports of goods and services (current US$),2019,140000000.0,East Asia & Pacific,Upper middle income,158.185,6.91771
1767,FM,"Micronesia, Fed. Sts.",Exports of goods and services (current US$),2018,150000000.0,East Asia & Pacific,Upper middle income,158.185,6.91771
1768,FM,"Micronesia, Fed. Sts.",Exports of goods and services (current US$),2017,113000000.0,East Asia & Pacific,Upper middle income,158.185,6.91771
1769,FM,"Micronesia, Fed. Sts.",Exports of goods and services (current US$),2016,92000000.0,East Asia & Pacific,Upper middle income,158.185,6.91771
1770,MD,Moldova,Exports of goods and services (current US$),2025,6462088523.64641,Europe & Central Asia,Upper middle income,28.8497,47.0167
1771,MD,Moldova,Exports of goods and services (current US$),2024,5747499409.84049,Europe & Central Asia,Upper middle income,28.8497,47.0167
1772,MD,Moldova,Exports of goods and services (current US$),2023,5867982592.76155,Europe & Central Asia,Upper middle income,28.8497,47.0167
1773,MD,Moldova,Exports of goods and services (current US$),2022,5988282384.84134,Europe & Central Asia,Upper middle income,28.8497,47.0167
1774,MD,Moldova,Exports of goods and services (current US$),2021,4196391944.64671,Europe & Central Asia,Upper middle income,28.8497,47.0167
1775,MD,Moldova,Exports of goods and services (current US$),2020,3218731277.60425,Europe & Central Asia,Upper middle income,28.8497,47.0167
1776,MD,Moldova,Exports of goods and services (current US$),2019,3660834340.67571,Europe & Central Asia,Upper middle income,28.8497,47.0167
1777,MD,Moldova,Exports of goods and services (current US$),2018,3454064033.36926,Europe & Central Asia,Upper middle income,28.8497,47.0167
1778,MD,Moldova,Exports of goods and services (current US$),2017,3095306463.28308,Europe & Central Asia,Upper middle income,28.8497,47.0167
1779,MD,Moldova,Exports of goods and services (current US$),2016,2623048025.71072,Europe & Central Asia,Upper middle income,28.8497,47.0167
1780,MC,Monaco,Exports of goods and services (current US$),2025,,Europe & Central Asia,High income,7.41891,43.7325
1781,MC,Monaco,Exports of goods and services (current US$),2024,,Europe & Central Asia,High income,7.41891,43.7325
1782,MC,Monaco,Exports of goods and services (current US$),2023,,Europe & Central Asia,High income,7.41891,43.7325
1783,MC,Monaco,Exports of goods and services (current US$),2022,,Europe & Central Asia,High income,7.41891,43.7325
1784,MC,Monaco,Exports of goods and services (current US$),2021,,Europe & Central Asia,High income,7.41891,43.7325
1785,MC,Monaco,Exports of goods and services (current US$),2020,,Europe & Central Asia,High income,7.41891,43.7325
1786,MC,Monaco,Exports of goods and services (current US$),2019,,Europe & Central Asia,High income,7.41891,43.7325
1787,MC,Monaco,Exports of goods and services (current US$),2018,,Europe & Central Asia,High income,7.41891,43.7325
1788,MC,Monaco,Exports of goods and services (current US$),2017,,Europe & Central Asia,High income,7.41891,43.7325
1789,MC,Monaco,Exports of goods and services (current US$),2016,,Europe & Central Asia,High income,7.41891,43.7325
1790,MN,Mongolia,Exports of goods and services (current US$),2025,17268519883.6881,East Asia & Pacific,Upper middle income,106.937,47.9129
1791,MN,Mongolia,Exports of goods and services (current US$),2024,16350790018.4659,East Asia & Pacific,Upper middle income,106.937,47.9129
1792,MN,Mongolia,Exports of goods and services (current US$),2023,15499351627.5757,East Asia & Pacific,Upper middle income,106.937,47.9129
1793,MN,Mongolia,Exports of goods and services (current US$),2022,11155726172.5221,East Asia & Pacific,Upper middle income,106.937,47.9129
1794,MN,Mongolia,Exports of goods and services (current US$),2021,8950037976.40907,East Asia & Pacific,Upper middle income,106.937,47.9129
1795,MN,Mongolia,Exports of goods and services (current US$),2020,7676311652.04846,East Asia & Pacific,Upper middle income,106.937,47.9129
1796,MN,Mongolia,Exports of goods and services (current US$),2019,8412612745.88232,East Asia & Pacific,Upper middle income,106.937,47.9129
1797,MN,Mongolia,Exports of goods and services (current US$),2018,7665010102.42513,East Asia & Pacific,Upper middle income,106.937,47.9129
1798,MN,Mongolia,Exports of goods and services (current US$),2017,6792836359.89678,East Asia & Pacific,Upper middle income,106.937,47.9129
1799,MN,Mongolia,Exports of goods and services (current US$),2016,5688198400.40209,East Asia & Pacific,Upper middle income,106.937,47.9129
1800,ME,Montenegro,Exports of goods and services (current US$),2025,3698908466.47919,Europe & Central Asia,Upper middle income,19.2595,42.4602
1801,ME,Montenegro,Exports of goods and services (current US$),2024,3619760732.27945,Europe & Central Asia,Upper middle income,19.2595,42.4602
1802,ME,Montenegro,Exports of goods and services (current US$),2023,3762730917.08399,Europe & Central Asia,Upper middle income,19.2595,42.4602
1803,ME,Montenegro,Exports of goods and services (current US$),2022,3214050501.42589,Europe & Central Asia,Upper middle income,19.2595,42.4602
1804,ME,Montenegro,Exports of goods and services (current US$),2021,2510801556.5736,Europe & Central Asia,Upper middle income,19.2595,42.4602
1805,ME,Montenegro,Exports of goods and services (current US$),2020,1242829754.00685,Europe & Central Asia,Upper middle income,19.2595,42.4602
1806,ME,Montenegro,Exports of goods and services (current US$),2019,2430552007.64862,Europe & Central Asia,Upper middle income,19.2595,42.4602
1807,ME,Montenegro,Exports of goods and services (current US$),2018,2361307913.76235,Europe & Central Asia,Upper middle income,19.2595,42.4602
1808,ME,Montenegro,Exports of goods and services (current US$),2017,1993698280.80977,Europe & Central Asia,Upper middle income,19.2595,42.4602
1809,ME,Montenegro,Exports of goods and services (current US$),2016,1777062105.86615,Europe & Central Asia,Upper middle income,19.2595,42.4602
1810,MA,Morocco,Exports of goods and services (current US$),2025,76541039367.7208,"Middle East, North Africa, Afghanistan & Pakistan",Lower middle income,-6.8704,33.9905
1811,MA,Morocco,Exports of goods and services (current US$),2024,67454245753.4821,"Middle East, North Africa, Afghanistan & Pakistan",Lower middle income,-6.8704,33.9905
1812,MA,Morocco,Exports of goods and services (current US$),2023,61945010973.2121,"Middle East, North Africa, Afghanistan & Pakistan",Lower middle income,-6.8704,33.9905
1813,MA,Morocco,Exports of goods and services (current US$),2022,58681916332.2068,"Middle East, North Africa, Afghanistan & Pakistan",Lower middle income,-6.8704,33.9905
1814,MA,Morocco,Exports of goods and services (current US$),2021,47060549921.4328,"Middle East, North Africa, Afghanistan & Pakistan",Lower middle income,-6.8704,33.9905
1815,MA,Morocco,Exports of goods and services (current US$),2020,37369771251.448,"Middle East, North Africa, Afghanistan & Pakistan",Lower middle income,-6.8704,33.9905
1816,MA,Morocco,Exports of goods and services (current US$),2019,43952860516.0238,"Middle East, North Africa, Afghanistan & Pakistan",Lower middle income,-6.8704,33.9905
1817,MA,Morocco,Exports of goods and services (current US$),2018,43077520359.3568,"Middle East, North Africa, Afghanistan & Pakistan",Lower middle income,-6.8704,33.9905
1818,MA,Morocco,Exports of goods and services (current US$),2017,38651885813.4308,"Middle East, North Africa, Afghanistan & Pakistan",Lower middle income,-6.8704,33.9905
1819,MA,Morocco,Exports of goods and services (current US$),2016,34291493550.4303,"Middle East, North Africa, Afghanistan & Pakistan",Lower middle income,-6.8704,33.9905
1820,MZ,Mozambique,Exports of goods and services (current US$),2025,9243792672.4646,Sub-Saharan Africa ,Low income,32.5713,-25.9664
1821,MZ,Mozambique,Exports of goods and services (current US$),2024,9743034216.41499,Sub-Saharan Africa ,Low income,32.5713,-25.9664
1822,MZ,Mozambique,Exports of goods and services (current US$),2023,9543000054.48782,Sub-Saharan Africa ,Low income,32.5713,-25.9664
1823,MZ,Mozambique,Exports of goods and services (current US$),2022,9409084985.62579,Sub-Saharan Africa ,Low income,32.5713,-25.9664
1824,MZ,Mozambique,Exports of goods and services (current US$),2021,6523890986.02307,Sub-Saharan Africa ,Low income,32.5713,-25.9664
1825,MZ,Mozambique,Exports of goods and services (current US$),2020,4667776262.86619,Sub-Saharan Africa ,Low income,32.5713,-25.9664
1826,MZ,Mozambique,Exports of goods and services (current US$),2019,5761757708.23501,Sub-Saharan Africa ,Low income,32.5713,-25.9664
1827,MZ,Mozambique,Exports of goods and services (current US$),2018,6837559087.08865,Sub-Saharan Africa ,Low income,32.5713,-25.9664
1828,MZ,Mozambique,Exports of goods and services (current US$),2017,5444267918.05269,Sub-Saharan Africa ,Low income,32.5713,-25.9664
1829,MZ,Mozambique,Exports of goods and services (current US$),2016,4270264152.95059,Sub-Saharan Africa ,Low income,32.5713,-25.9664
1830,MM,Myanmar,Exports of goods and services (current US$),2025,,East Asia & Pacific,Lower middle income,95.9562,21.914
1831,MM,Myanmar,Exports of goods and services (current US$),2024,,East Asia & Pacific,Lower middle income,95.9562,21.914
1832,MM,Myanmar,Exports of goods and services (current US$),2023,,East Asia & Pacific,Lower middle income,95.9562,21.914
1833,MM,Myanmar,Exports of goods and services (current US$),2022,,East Asia & Pacific,Lower middle income,95.9562,21.914
1834,MM,Myanmar,Exports of goods and services (current US$),2021,,East Asia & Pacific,Lower middle income,95.9562,21.914
1835,MM,Myanmar,Exports of goods and services (current US$),2020,,East Asia & Pacific,Lower middle income,95.9562,21.914
1836,MM,Myanmar,Exports of goods and services (current US$),2019,,East Asia & Pacific,Lower middle income,95.9562,21.914
1837,MM,Myanmar,Exports of goods and services (current US$),2018,,East Asia & Pacific,Lower middle income,95.9562,21.914
1838,MM,Myanmar,Exports of goods and services (current US$),2017,,East Asia & Pacific,Lower middle income,95.9562,21.914
1839,MM,Myanmar,Exports of goods and services (current US$),2016,,East Asia & Pacific,Lower middle income,95.9562,21.914
1840,NA,Namibia,Exports of goods and services (current US$),2025,6737407578.92088,Sub-Saharan Africa ,Lower middle income,17.0931,-22.5648
1841,NA,Namibia,Exports of goods and services (current US$),2024,5601781051.69729,Sub-Saharan Africa ,Lower middle income,17.0931,-22.5648
1842,NA,Namibia,Exports of goods and services (current US$),2023,5420105284.64656,Sub-Saharan Africa ,Lower middle income,17.0931,-22.5648
1843,NA,Namibia,Exports of goods and services (current US$),2022,5085407032.75854,Sub-Saharan Africa ,Lower middle income,17.0931,-22.5648
1844,NA,Namibia,Exports of goods and services (current US$),2021,3963389444.58823,Sub-Saharan Africa ,Lower middle income,17.0931,-22.5648
1845,NA,Namibia,Exports of goods and services (current US$),2020,3564380963.997,Sub-Saharan Africa ,Lower middle income,17.0931,-22.5648
1846,NA,Namibia,Exports of goods and services (current US$),2019,4565372504.91404,Sub-Saharan Africa ,Lower middle income,17.0931,-22.5648
1847,NA,Namibia,Exports of goods and services (current US$),2018,4909459328.14274,Sub-Saharan Africa ,Lower middle income,17.0931,-22.5648
1848,NA,Namibia,Exports of goods and services (current US$),2017,4335454250.28185,Sub-Saharan Africa ,Lower middle income,17.0931,-22.5648
1849,NA,Namibia,Exports of goods and services (current US$),2016,3753721654.57513,Sub-Saharan Africa ,Lower middle income,17.0931,-22.5648
1850,NR,Naoero,Exports of goods and services (current US$),2025,108730615.369979,East Asia & Pacific,High income,166.920867,-0.5477
1851,NR,Naoero,Exports of goods and services (current US$),2024,89817100.9137743,East Asia & Pacific,High income,166.920867,-0.5477
1852,NR,Naoero,Exports of goods and services (current US$),2023,65958621.0609915,East Asia & Pacific,High income,166.920867,-0.5477
1853,NR,Naoero,Exports of goods and services (current US$),2022,81992870.3744686,East Asia & Pacific,High income,166.920867,-0.5477
1854,NR,Naoero,Exports of goods and services (current US$),2021,54051776.7035434,East Asia & Pacific,High income,166.920867,-0.5477
1855,NR,Naoero,Exports of goods and services (current US$),2020,54342514.2667912,East Asia & Pacific,High income,166.920867,-0.5477
1856,NR,Naoero,Exports of goods and services (current US$),2019,75590487.5451381,East Asia & Pacific,High income,166.920867,-0.5477
1857,NR,Naoero,Exports of goods and services (current US$),2018,71669767.1534431,East Asia & Pacific,High income,166.920867,-0.5477
1858,NR,Naoero,Exports of goods and services (current US$),2017,65613383.3201729,East Asia & Pacific,High income,166.920867,-0.5477
1859,NR,Naoero,Exports of goods and services (current US$),2016,70608719.9585374,East Asia & Pacific,High income,166.920867,-0.5477
1860,NP,Nepal,Exports of goods and services (current US$),2025,4015673776.7883,South Asia,Lower middle income,85.3157,27.6939
1861,NP,Nepal,Exports of goods and services (current US$),2024,3270900880.52931,South Asia,Lower middle income,85.3157,27.6939
1862,NP,Nepal,Exports of goods and services (current US$),2023,2875902618.37774,South Asia,Lower middle income,85.3157,27.6939
1863,NP,Nepal,Exports of goods and services (current US$),2022,2760241576.41351,South Asia,Lower middle income,85.3157,27.6939
1864,NP,Nepal,Exports of goods and services (current US$),2021,1890245951.47223,South Asia,Lower middle income,85.3157,27.6939
1865,NP,Nepal,Exports of goods and services (current US$),2020,2275260266.56851,South Asia,Lower middle income,85.3157,27.6939
1866,NP,Nepal,Exports of goods and services (current US$),2019,2659663141.42524,South Asia,Lower middle income,85.3157,27.6939
1867,NP,Nepal,Exports of goods and services (current US$),2018,2587877949.51035,South Asia,Lower middle income,85.3157,27.6939
1868,NP,Nepal,Exports of goods and services (current US$),2017,2263315184.52804,South Asia,Lower middle income,85.3157,27.6939
1869,NP,Nepal,Exports of goods and services (current US$),2016,2005968673.73752,South Asia,Lower middle income,85.3157,27.6939
1870,NL,Netherlands,Exports of goods and services (current US$),2025,1075134885755.68,Europe & Central Asia,High income,4.89095,52.3738
1871,NL,Netherlands,Exports of goods and services (current US$),2024,1001469281569.53,Europe & Central Asia,High income,4.89095,52.3738
1872,NL,Netherlands,Exports of goods and services (current US$),2023,993383113411.782,Europe & Central Asia,High income,4.89095,52.3738
1873,NL,Netherlands,Exports of goods and services (current US$),2022,1009321846482.49,Europe & Central Asia,High income,4.89095,52.3738
1874,NL,Netherlands,Exports of goods and services (current US$),2021,911591180290.683,Europe & Central Asia,High income,4.89095,52.3738
1875,NL,Netherlands,Exports of goods and services (current US$),2020,757626674438.913,Europe & Central Asia,High income,4.89095,52.3738
1876,NL,Netherlands,Exports of goods and services (current US$),2019,792548771333.332,Europe & Central Asia,High income,4.89095,52.3738
1877,NL,Netherlands,Exports of goods and services (current US$),2018,809393154293.333,Europe & Central Asia,High income,4.89095,52.3738
1878,NL,Netherlands,Exports of goods and services (current US$),2017,722521486847.06,Europe & Central Asia,High income,4.89095,52.3738
1879,NL,Netherlands,Exports of goods and services (current US$),2016,644981374821.013,Europe & Central Asia,High income,4.89095,52.3738
1880,NC,New Caledonia,Exports of goods and services (current US$),2025,,East Asia & Pacific,High income,166.464,-22.2677
1881,NC,New Caledonia,Exports of goods and services (current US$),2024,999771629.625021,East Asia & Pacific,High income,166.464,-22.2677
1882,NC,New Caledonia,Exports of goods and services (current US$),2023,1654638546.19345,East Asia & Pacific,High income,166.464,-22.2677
1883,NC,New Caledonia,Exports of goods and services (current US$),2022,1480256674.17911,East Asia & Pacific,High income,166.464,-22.2677
1884,NC,New Caledonia,Exports of goods and services (current US$),2021,1425561376.88157,East Asia & Pacific,High income,166.464,-22.2677
1885,NC,New Caledonia,Exports of goods and services (current US$),2020,1706103572.61988,East Asia & Pacific,High income,166.464,-22.2677
1886,NC,New Caledonia,Exports of goods and services (current US$),2019,1736827318.30304,East Asia & Pacific,High income,166.464,-22.2677
1887,NC,New Caledonia,Exports of goods and services (current US$),2018,2077196183.36933,East Asia & Pacific,High income,166.464,-22.2677
1888,NC,New Caledonia,Exports of goods and services (current US$),2017,1927265624.12581,East Asia & Pacific,High income,166.464,-22.2677
1889,NC,New Caledonia,Exports of goods and services (current US$),2016,1680830644.32587,East Asia & Pacific,High income,166.464,-22.2677
1890,NZ,New Zealand,Exports of goods and services (current US$),2025,,East Asia & Pacific,High income,174.776,-41.2865
1891,NZ,New Zealand,Exports of goods and services (current US$),2024,64603559666.5273,East Asia & Pacific,High income,174.776,-41.2865
1892,NZ,New Zealand,Exports of goods and services (current US$),2023,60581540539.9874,East Asia & Pacific,High income,174.776,-41.2865
1893,NZ,New Zealand,Exports of goods and services (current US$),2022,60051357377.6037,East Asia & Pacific,High income,174.776,-41.2865
1894,NZ,New Zealand,Exports of goods and services (current US$),2021,56667845522.7048,East Asia & Pacific,High income,174.776,-41.2865
1895,NZ,New Zealand,Exports of goods and services (current US$),2020,46221986846.5859,East Asia & Pacific,High income,174.776,-41.2865
1896,NZ,New Zealand,Exports of goods and services (current US$),2019,58216256279.3379,East Asia & Pacific,High income,174.776,-41.2865
1897,NZ,New Zealand,Exports of goods and services (current US$),2018,59080095254.0205,East Asia & Pacific,High income,174.776,-41.2865
1898,NZ,New Zealand,Exports of goods and services (current US$),2017,56994830924.4535,East Asia & Pacific,High income,174.776,-41.2865
1899,NZ,New Zealand,Exports of goods and services (current US$),2016,50327700527.3142,East Asia & Pacific,High income,174.776,-41.2865
1900,NI,Nicaragua,Exports of goods and services (current US$),2025,9249209961.6921,Latin America & Caribbean ,Lower middle income,-86.2734,12.1475
1901,NI,Nicaragua,Exports of goods and services (current US$),2024,8072799619.37839,Latin America & Caribbean ,Lower middle income,-86.2734,12.1475
1902,NI,Nicaragua,Exports of goods and services (current US$),2023,8166793678.60449,Latin America & Caribbean ,Lower middle income,-86.2734,12.1475
1903,NI,Nicaragua,Exports of goods and services (current US$),2022,7800991076.62253,Latin America & Caribbean ,Lower middle income,-86.2734,12.1475
1904,NI,Nicaragua,Exports of goods and services (current US$),2021,6593588345.76777,Latin America & Caribbean ,Lower middle income,-86.2734,12.1475
1905,NI,Nicaragua,Exports of goods and services (current US$),2020,5312785103.96067,Latin America & Caribbean ,Lower middle income,-86.2734,12.1475
1906,NI,Nicaragua,Exports of goods and services (current US$),2019,5689725118.64939,Latin America & Caribbean ,Lower middle income,-86.2734,12.1475
1907,NI,Nicaragua,Exports of goods and services (current US$),2018,5506692298.07729,Latin America & Caribbean ,Lower middle income,-86.2734,12.1475
1908,NI,Nicaragua,Exports of goods and services (current US$),2017,5698946072.93662,Latin America & Caribbean ,Lower middle income,-86.2734,12.1475
1909,NI,Nicaragua,Exports of goods and services (current US$),2016,5165902337.59438,Latin America & Caribbean ,Lower middle income,-86.2734,12.1475
1910,NE,Niger,Exports of goods and services (current US$),2025,3411837458.42472,Sub-Saharan Africa ,Low income,2.1073,13.514
1911,NE,Niger,Exports of goods and services (current US$),2024,1775252489.87748,Sub-Saharan Africa ,Low income,2.1073,13.514
1912,NE,Niger,Exports of goods and services (current US$),2023,1398553093.02846,Sub-Saharan Africa ,Low income,2.1073,13.514
1913,NE,Niger,Exports of goods and services (current US$),2022,1575783107.54,Sub-Saharan Africa ,Low income,2.1073,13.514
1914,NE,Niger,Exports of goods and services (current US$),2021,1652265674.93313,Sub-Saharan Africa ,Low income,2.1073,13.514
1915,NE,Niger,Exports of goods and services (current US$),2020,1416889905.09768,Sub-Saharan Africa ,Low income,2.1073,13.514
1916,NE,Niger,Exports of goods and services (current US$),2019,1485042917.25952,Sub-Saharan Africa ,Low income,2.1073,13.514
1917,NE,Niger,Exports of goods and services (current US$),2018,1533317906.22383,Sub-Saharan Africa ,Low income,2.1073,13.514
1918,NE,Niger,Exports of goods and services (current US$),2017,1495756313.86357,Sub-Saharan Africa ,Low income,2.1073,13.514
1919,NE,Niger,Exports of goods and services (current US$),2016,1265134823.2669,Sub-Saharan Africa ,Low income,2.1073,13.514
1920,NG,Nigeria,Exports of goods and services (current US$),2025,,Sub-Saharan Africa ,Lower middle income,7.48906,9.05804
1921,NG,Nigeria,Exports of goods and services (current US$),2024,,Sub-Saharan Africa ,Lower middle income,7.48906,9.05804
1922,NG,Nigeria,Exports of goods and services (current US$),2023,,Sub-Saharan Africa ,Lower middle income,7.48906,9.05804
1923,NG,Nigeria,Exports of goods and services (current US$),2022,,Sub-Saharan Africa ,Lower middle income,7.48906,9.05804
1924,NG,Nigeria,Exports of goods and services (current US$),2021,,Sub-Saharan Africa ,Lower middle income,7.48906,9.05804
1925,NG,Nigeria,Exports of goods and services (current US$),2020,,Sub-Saharan Africa ,Lower middle income,7.48906,9.05804
1926,NG,Nigeria,Exports of goods and services (current US$),2019,,Sub-Saharan Africa ,Lower middle income,7.48906,9.05804
1927,NG,Nigeria,Exports of goods and services (current US$),2018,,Sub-Saharan Africa ,Lower middle income,7.48906,9.05804
1928,NG,Nigeria,Exports of goods and services (current US$),2017,,Sub-Saharan Africa ,Lower middle income,7.48906,9.05804
1929,NG,Nigeria,Exports of goods and services (current US$),2016,,Sub-Saharan Africa ,Lower middle income,7.48906,9.05804
1930,MK,North Macedonia,Exports of goods and services (current US$),2025,11393731930.4666,Europe & Central Asia,Upper middle income,21.4361,42.0024
1931,MK,North Macedonia,Exports of goods and services (current US$),2024,10455662616.042,Europe & Central Asia,Upper middle income,21.4361,42.0024
1932,MK,North Macedonia,Exports of goods and services (current US$),2023,10685882457.5582,Europe & Central Asia,Upper middle income,21.4361,42.0024
1933,MK,North Macedonia,Exports of goods and services (current US$),2022,10140779608.9458,Europe & Central Asia,Upper middle income,21.4361,42.0024
1934,MK,North Macedonia,Exports of goods and services (current US$),2021,9162326827.23046,Europe & Central Asia,Upper middle income,21.4361,42.0024
1935,MK,North Macedonia,Exports of goods and services (current US$),2020,7141154682.41593,Europe & Central Asia,Upper middle income,21.4361,42.0024
1936,MK,North Macedonia,Exports of goods and services (current US$),2019,7867370857.84171,Europe & Central Asia,Upper middle income,21.4361,42.0024
1937,MK,North Macedonia,Exports of goods and services (current US$),2018,7657419790.02174,Europe & Central Asia,Upper middle income,21.4361,42.0024
1938,MK,North Macedonia,Exports of goods and services (current US$),2017,6235363472.12165,Europe & Central Asia,Upper middle income,21.4361,42.0024
1939,MK,North Macedonia,Exports of goods and services (current US$),2016,5407081873.02654,Europe & Central Asia,Upper middle income,21.4361,42.0024
1940,MP,Northern Mariana Islands,Exports of goods and services (current US$),2025,,East Asia & Pacific,High income,145.765,15.1935
1941,MP,Northern Mariana Islands,Exports of goods and services (current US$),2024,,East Asia & Pacific,High income,145.765,15.1935
1942,MP,Northern Mariana Islands,Exports of goods and services (current US$),2023,,East Asia & Pacific,High income,145.765,15.1935
1943,MP,Northern Mariana Islands,Exports of goods and services (current US$),2022,244000000.0,East Asia & Pacific,High income,145.765,15.1935
1944,MP,Northern Mariana Islands,Exports of goods and services (current US$),2021,55000000.0,East Asia & Pacific,High income,145.765,15.1935
1945,MP,Northern Mariana Islands,Exports of goods and services (current US$),2020,128000000.0,East Asia & Pacific,High income,145.765,15.1935
1946,MP,Northern Mariana Islands,Exports of goods and services (current US$),2019,501000000.0,East Asia & Pacific,High income,145.765,15.1935
1947,MP,Northern Mariana Islands,Exports of goods and services (current US$),2018,660000000.0,East Asia & Pacific,High income,145.765,15.1935
1948,MP,Northern Mariana Islands,Exports of goods and services (current US$),2017,1081000000.0,East Asia & Pacific,High income,145.765,15.1935
1949,MP,Northern Mariana Islands,Exports of goods and services (current US$),2016,882000000.0,East Asia & Pacific,High income,145.765,15.1935
1950,NO,Norway,Exports of goods and services (current US$),2025,240819559118.237,Europe & Central Asia,High income,10.7387,59.9138
1951,NO,Norway,Exports of goods and services (current US$),2024,232308553702.986,Europe & Central Asia,High income,10.7387,59.9138
1952,NO,Norway,Exports of goods and services (current US$),2023,233044619753.866,Europe & Central Asia,High income,10.7387,59.9138
1953,NO,Norway,Exports of goods and services (current US$),2022,330758256045.766,Europe & Central Asia,High income,10.7387,59.9138
1954,NO,Norway,Exports of goods and services (current US$),2021,217945634458.673,Europe & Central Asia,High income,10.7387,59.9138
1955,NO,Norway,Exports of goods and services (current US$),2020,119822214355.253,Europe & Central Asia,High income,10.7387,59.9138
1956,NO,Norway,Exports of goods and services (current US$),2019,151434431818.182,Europe & Central Asia,High income,10.7387,59.9138
1957,NO,Norway,Exports of goods and services (current US$),2018,169569750999.078,Europe & Central Asia,High income,10.7387,59.9138
1958,NO,Norway,Exports of goods and services (current US$),2017,148727825911.747,Europe & Central Asia,High income,10.7387,59.9138
1959,NO,Norway,Exports of goods and services (current US$),2016,134453095238.095,Europe & Central Asia,High income,10.7387,59.9138
1960,OM,Oman,Exports of goods and services (current US$),2025,,"Middle East, North Africa, Afghanistan & Pakistan",High income,58.5874,23.6105
1961,OM,Oman,Exports of goods and services (current US$),2024,70788296488.9467,"Middle East, North Africa, Afghanistan & Pakistan",High income,58.5874,23.6105
1962,OM,Oman,Exports of goods and services (current US$),2023,65386996098.8297,"Middle East, North Africa, Afghanistan & Pakistan",High income,58.5874,23.6105
1963,OM,Oman,Exports of goods and services (current US$),2022,69482444733.42,"Middle East, North Africa, Afghanistan & Pakistan",High income,58.5874,23.6105
1964,OM,Oman,Exports of goods and services (current US$),2021,46569570871.2614,"Middle East, North Africa, Afghanistan & Pakistan",High income,58.5874,23.6105
1965,OM,Oman,Exports of goods and services (current US$),2020,35719115734.7204,"Middle East, North Africa, Afghanistan & Pakistan",High income,58.5874,23.6105
1966,OM,Oman,Exports of goods and services (current US$),2019,43583875162.5488,"Middle East, North Africa, Afghanistan & Pakistan",High income,58.5874,23.6105
1967,OM,Oman,Exports of goods and services (current US$),2018,46322496749.0247,"Middle East, North Africa, Afghanistan & Pakistan",High income,58.5874,23.6105
1968,OM,Oman,Exports of goods and services (current US$),2017,36964889466.84,"Middle East, North Africa, Afghanistan & Pakistan",High income,58.5874,23.6105
1969,OM,Oman,Exports of goods and services (current US$),2016,31042912873.8622,"Middle East, North Africa, Afghanistan & Pakistan",High income,58.5874,23.6105
1970,PK,Pakistan,Exports of goods and services (current US$),2025,40670467311.9112,"Middle East, North Africa, Afghanistan & Pakistan",Lower middle income,72.8,30.5167
1971,PK,Pakistan,Exports of goods and services (current US$),2024,38607805445.6242,"Middle East, North Africa, Afghanistan & Pakistan",Lower middle income,72.8,30.5167
1972,PK,Pakistan,Exports of goods and services (current US$),2023,35331726543.8312,"Middle East, North Africa, Afghanistan & Pakistan",Lower middle income,72.8,30.5167
1973,PK,Pakistan,Exports of goods and services (current US$),2022,39515650036.1059,"Middle East, North Africa, Afghanistan & Pakistan",Lower middle income,72.8,30.5167
1974,PK,Pakistan,Exports of goods and services (current US$),2021,31546332472.5314,"Middle East, North Africa, Afghanistan & Pakistan",Lower middle income,72.8,30.5167
1975,PK,Pakistan,Exports of goods and services (current US$),2020,27935253908.9592,"Middle East, North Africa, Afghanistan & Pakistan",Lower middle income,72.8,30.5167
1976,PK,Pakistan,Exports of goods and services (current US$),2019,30136170670.3429,"Middle East, North Africa, Afghanistan & Pakistan",Lower middle income,72.8,30.5167
1977,PK,Pakistan,Exports of goods and services (current US$),2018,30562205605.5736,"Middle East, North Africa, Afghanistan & Pakistan",Lower middle income,72.8,30.5167
1978,PK,Pakistan,Exports of goods and services (current US$),2017,27888160733.4655,"Middle East, North Africa, Afghanistan & Pakistan",Lower middle income,72.8,30.5167
1979,PK,Pakistan,Exports of goods and services (current US$),2016,27400963629.0087,"Middle East, North Africa, Afghanistan & Pakistan",Lower middle income,72.8,30.5167
1980,PW,Palau,Exports of goods and services (current US$),2025,,East Asia & Pacific,High income,134.479,7.34194
1981,PW,Palau,Exports of goods and services (current US$),2024,105126808.166504,East Asia & Pacific,High income,134.479,7.34194
1982,PW,Palau,Exports of goods and services (current US$),2023,72190391.5405273,East Asia & Pacific,High income,134.479,7.34194
1983,PW,Palau,Exports of goods and services (current US$),2022,38204284.6679688,East Asia & Pacific,High income,134.479,7.34194
1984,PW,Palau,Exports of goods and services (current US$),2021,15530629.15802,East Asia & Pacific,High income,134.479,7.34194
1985,PW,Palau,Exports of goods and services (current US$),2020,60400900.0,East Asia & Pacific,High income,134.479,7.34194
1986,PW,Palau,Exports of goods and services (current US$),2019,108052200.0,East Asia & Pacific,High income,134.479,7.34194
1987,PW,Palau,Exports of goods and services (current US$),2018,123289700.0,East Asia & Pacific,High income,134.479,7.34194
1988,PW,Palau,Exports of goods and services (current US$),2017,132309900.0,East Asia & Pacific,High income,134.479,7.34194
1989,PW,Palau,Exports of goods and services (current US$),2016,146216600.0,East Asia & Pacific,High income,134.479,7.34194
1990,PA,Panama,Exports of goods and services (current US$),2025,,Latin America & Caribbean ,High income,-79.5188,8.99427
1991,PA,Panama,Exports of goods and services (current US$),2024,38380161300.0,Latin America & Caribbean ,High income,-79.5188,8.99427
1992,PA,Panama,Exports of goods and services (current US$),2023,38242852800.0,Latin America & Caribbean ,High income,-79.5188,8.99427
1993,PA,Panama,Exports of goods and services (current US$),2022,36730408000.0,Latin America & Caribbean ,High income,-79.5188,8.99427
1994,PA,Panama,Exports of goods and services (current US$),2021,28041417500.0,Latin America & Caribbean ,High income,-79.5188,8.99427
1995,PA,Panama,Exports of goods and services (current US$),2020,20695086000.0,Latin America & Caribbean ,High income,-79.5188,8.99427
1996,PA,Panama,Exports of goods and services (current US$),2019,28061045300.0,Latin America & Caribbean ,High income,-79.5188,8.99427
1997,PA,Panama,Exports of goods and services (current US$),2018,28506576400.0,Latin America & Caribbean ,High income,-79.5188,8.99427
1998,PA,Panama,Exports of goods and services (current US$),2017,26677342700.0,Latin America & Caribbean ,High income,-79.5188,8.99427
1999,PA,Panama,Exports of goods and services (current US$),2016,24944633900.0,Latin America & Caribbean ,High income,-79.5188,8.99427
2000,PG,Papua New Guinea,Exports of goods and services (current US$),2025,,East Asia & Pacific,Lower middle income,147.194,-9.47357
2001,PG,Papua New Guinea,Exports of goods and services (current US$),2024,,East Asia & Pacific,Lower middle income,147.194,-9.47357
2002,PG,Papua New Guinea,Exports of goods and services (current US$),2023,,East Asia & Pacific,Lower middle income,147.194,-9.47357
2003,PG,Papua New Guinea,Exports of goods and services (current US$),2022,,East Asia & Pacific,Lower middle income,147.194,-9.47357
2004,PG,Papua New Guinea,Exports of goods and services (current US$),2021,,East Asia & Pacific,Lower middle income,147.194,-9.47357
2005,PG,Papua New Guinea,Exports of goods and services (current US$),2020,,East Asia & Pacific,Lower middle income,147.194,-9.47357
2006,PG,Papua New Guinea,Exports of goods and services (current US$),2019,,East Asia & Pacific,Lower middle income,147.194,-9.47357
2007,PG,Papua New Guinea,Exports of goods and services (current US$),2018,,East Asia & Pacific,Lower middle income,147.194,-9.47357
2008,PG,Papua New Guinea,Exports of goods and services (current US$),2017,,East Asia & Pacific,Lower middle income,147.194,-9.47357
2009,PG,Papua New Guinea,Exports of goods and services (current US$),2016,,East Asia & Pacific,Lower middle income,147.194,-9.47357
2010,PY,Paraguay,Exports of goods and services (current US$),2025,18320665709.9656,Latin America & Caribbean ,Upper middle income,-57.6362,-25.3005
2011,PY,Paraguay,Exports of goods and services (current US$),2024,16872593925.2401,Latin America & Caribbean ,Upper middle income,-57.6362,-25.3005
2012,PY,Paraguay,Exports of goods and services (current US$),2023,18230152445.6283,Latin America & Caribbean ,Upper middle income,-57.6362,-25.3005
2013,PY,Paraguay,Exports of goods and services (current US$),2022,14393374837.8934,Latin America & Caribbean ,Upper middle income,-57.6362,-25.3005
2014,PY,Paraguay,Exports of goods and services (current US$),2021,14163870137.0282,Latin America & Caribbean ,Upper middle income,-57.6362,-25.3005
2015,PY,Paraguay,Exports of goods and services (current US$),2020,11788507797.7316,Latin America & Caribbean ,Upper middle income,-57.6362,-25.3005
2016,PY,Paraguay,Exports of goods and services (current US$),2019,13686227184.1267,Latin America & Caribbean ,Upper middle income,-57.6362,-25.3005
2017,PY,Paraguay,Exports of goods and services (current US$),2018,14824374395.5056,Latin America & Caribbean ,Upper middle income,-57.6362,-25.3005
2018,PY,Paraguay,Exports of goods and services (current US$),2017,14884925311.3424,Latin America & Caribbean ,Upper middle income,-57.6362,-25.3005
2019,PY,Paraguay,Exports of goods and services (current US$),2016,13404881408.5995,Latin America & Caribbean ,Upper middle income,-57.6362,-25.3005
2020,PE,Peru,Exports of goods and services (current US$),2025,100355362281.137,Latin America & Caribbean ,Upper middle income,-77.0465,-12.0931
2021,PE,Peru,Exports of goods and services (current US$),2024,84269317212.8241,Latin America & Caribbean ,Upper middle income,-77.0465,-12.0931
2022,PE,Peru,Exports of goods and services (current US$),2023,72822828838.7334,Latin America & Caribbean ,Upper middle income,-77.0465,-12.0931
2023,PE,Peru,Exports of goods and services (current US$),2022,70945282634.6397,Latin America & Caribbean ,Upper middle income,-77.0465,-12.0931
2024,PE,Peru,Exports of goods and services (current US$),2021,66169160382.7701,Latin America & Caribbean ,Upper middle income,-77.0465,-12.0931
2025,PE,Peru,Exports of goods and services (current US$),2020,46347277393.2378,Latin America & Caribbean ,Upper middle income,-77.0465,-12.0931
2026,PE,Peru,Exports of goods and services (current US$),2019,54892296037.3345,Latin America & Caribbean ,Upper middle income,-77.0465,-12.0931
2027,PE,Peru,Exports of goods and services (current US$),2018,56077049768.4083,Latin America & Caribbean ,Upper middle income,-77.0465,-12.0931
2028,PE,Peru,Exports of goods and services (current US$),2017,52160903521.1907,Latin America & Caribbean ,Upper middle income,-77.0465,-12.0931
2029,PE,Peru,Exports of goods and services (current US$),2016,43369573655.2395,Latin America & Caribbean ,Upper middle income,-77.0465,-12.0931
2030,PH,Philippines,Exports of goods and services (current US$),2025,129323001566.143,East Asia & Pacific,Upper middle income,121.035,14.5515
2031,PH,Philippines,Exports of goods and services (current US$),2024,118820216615.131,East Asia & Pacific,Upper middle income,121.035,14.5515
2032,PH,Philippines,Exports of goods and services (current US$),2023,116417848992.129,East Asia & Pacific,Upper middle income,121.035,14.5515
2033,PH,Philippines,Exports of goods and services (current US$),2022,114785414693.615,East Asia & Pacific,Upper middle income,121.035,14.5515
2034,PH,Philippines,Exports of goods and services (current US$),2021,101485514507.701,East Asia & Pacific,Upper middle income,121.035,14.5515
2035,PH,Philippines,Exports of goods and services (current US$),2020,91171559890.9852,East Asia & Pacific,Upper middle income,121.035,14.5515
2036,PH,Philippines,Exports of goods and services (current US$),2019,106953484846.44,East Asia & Pacific,Upper middle income,121.035,14.5515
2037,PH,Philippines,Exports of goods and services (current US$),2018,104793441904.255,East Asia & Pacific,Upper middle income,121.035,14.5515
2038,PH,Philippines,Exports of goods and services (current US$),2017,97073582741.5119,East Asia & Pacific,Upper middle income,121.035,14.5515
2039,PH,Philippines,Exports of goods and services (current US$),2016,84987391167.9967,East Asia & Pacific,Upper middle income,121.035,14.5515
2040,PL,Poland,Exports of goods and services (current US$),2025,517233997757.263,Europe & Central Asia,High income,21.02,52.26
2041,PL,Poland,Exports of goods and services (current US$),2024,478889163359.631,Europe & Central Asia,High income,21.02,52.26
2042,PL,Poland,Exports of goods and services (current US$),2023,470257077151.136,Europe & Central Asia,High income,21.02,52.26
2043,PL,Poland,Exports of goods and services (current US$),2022,433728761282.735,Europe & Central Asia,High income,21.02,52.26
2044,PL,Poland,Exports of goods and services (current US$),2021,393088751264.328,Europe & Central Asia,High income,21.02,52.26
2045,PL,Poland,Exports of goods and services (current US$),2020,317704377851.373,Europe & Central Asia,High income,21.02,52.26
2046,PL,Poland,Exports of goods and services (current US$),2019,317089370014.651,Europe & Central Asia,High income,21.02,52.26
2047,PL,Poland,Exports of goods and services (current US$),2018,310583581160.982,Europe & Central Asia,High income,21.02,52.26
2048,PL,Poland,Exports of goods and services (current US$),2017,273120944886.307,Europe & Central Asia,High income,21.02,52.26
2049,PL,Poland,Exports of goods and services (current US$),2016,236186977573.962,Europe & Central Asia,High income,21.02,52.26
2050,PT,Portugal,Exports of goods and services (current US$),2025,151336322847.151,Europe & Central Asia,High income,-9.13552,38.7072
2051,PT,Portugal,Exports of goods and services (current US$),2024,143716598545.751,Europe & Central Asia,High income,-9.13552,38.7072
2052,PT,Portugal,Exports of goods and services (current US$),2023,137846682521.679,Europe & Central Asia,High income,-9.13552,38.7072
2053,PT,Portugal,Exports of goods and services (current US$),2022,127117787016.907,Europe & Central Asia,High income,-9.13552,38.7072
2054,PT,Portugal,Exports of goods and services (current US$),2021,106387190475.432,Europe & Central Asia,High income,-9.13552,38.7072
2055,PT,Portugal,Exports of goods and services (current US$),2020,85546804977.8602,Europe & Central Asia,High income,-9.13552,38.7072
2056,PT,Portugal,Exports of goods and services (current US$),2019,104818126821.584,Europe & Central Asia,High income,-9.13552,38.7072
2057,PT,Portugal,Exports of goods and services (current US$),2018,105740319070.278,Europe & Central Asia,High income,-9.13552,38.7072
2058,PT,Portugal,Exports of goods and services (current US$),2017,94844484377.5766,Europe & Central Asia,High income,-9.13552,38.7072
2059,PT,Portugal,Exports of goods and services (current US$),2016,83254740236.8473,Europe & Central Asia,High income,-9.13552,38.7072
2060,PR,Puerto Rico (US),Exports of goods and services (current US$),2025,60652000000.0,Latin America & Caribbean ,High income,-66,18.23
2061,PR,Puerto Rico (US),Exports of goods and services (current US$),2024,65380300000.0,Latin America & Caribbean ,High income,-66,18.23
2062,PR,Puerto Rico (US),Exports of goods and services (current US$),2023,63557700000.0,Latin America & Caribbean ,High income,-66,18.23
2063,PR,Puerto Rico (US),Exports of goods and services (current US$),2022,59706800000.0,Latin America & Caribbean ,High income,-66,18.23
2064,PR,Puerto Rico (US),Exports of goods and services (current US$),2021,57909200000.0,Latin America & Caribbean ,High income,-66,18.23
2065,PR,Puerto Rico (US),Exports of goods and services (current US$),2020,62237400000.0,Latin America & Caribbean ,High income,-66,18.23
2066,PR,Puerto Rico (US),Exports of goods and services (current US$),2019,63684400000.0,Latin America & Caribbean ,High income,-66,18.23
2067,PR,Puerto Rico (US),Exports of goods and services (current US$),2018,60528400000.0,Latin America & Caribbean ,High income,-66,18.23
2068,PR,Puerto Rico (US),Exports of goods and services (current US$),2017,71091600000.0,Latin America & Caribbean ,High income,-66,18.23
2069,PR,Puerto Rico (US),Exports of goods and services (current US$),2016,71740000000.0,Latin America & Caribbean ,High income,-66,18.23
2070,QA,Qatar,Exports of goods and services (current US$),2025,,"Middle East, North Africa, Afghanistan & Pakistan",High income,51.5082,25.2948
2071,QA,Qatar,Exports of goods and services (current US$),2024,,"Middle East, North Africa, Afghanistan & Pakistan",High income,51.5082,25.2948
2072,QA,Qatar,Exports of goods and services (current US$),2023,,"Middle East, North Africa, Afghanistan & Pakistan",High income,51.5082,25.2948
2073,QA,Qatar,Exports of goods and services (current US$),2022,161692857142.857,"Middle East, North Africa, Afghanistan & Pakistan",High income,51.5082,25.2948
2074,QA,Qatar,Exports of goods and services (current US$),2021,105549450549.451,"Middle East, North Africa, Afghanistan & Pakistan",High income,51.5082,25.2948
2075,QA,Qatar,Exports of goods and services (current US$),2020,70933241758.2418,"Middle East, North Africa, Afghanistan & Pakistan",High income,51.5082,25.2948
2076,QA,Qatar,Exports of goods and services (current US$),2019,92046153846.1538,"Middle East, North Africa, Afghanistan & Pakistan",High income,51.5082,25.2948
2077,QA,Qatar,Exports of goods and services (current US$),2018,102560989010.989,"Middle East, North Africa, Afghanistan & Pakistan",High income,51.5082,25.2948
2078,QA,Qatar,Exports of goods and services (current US$),2017,85204395604.3956,"Middle East, North Africa, Afghanistan & Pakistan",High income,51.5082,25.2948
2079,QA,Qatar,Exports of goods and services (current US$),2016,72397252747.2527,"Middle East, North Africa, Afghanistan & Pakistan",High income,51.5082,25.2948
2080,RO,Romania,Exports of goods and services (current US$),2025,152113432501.957,Europe & Central Asia,High income,26.0979,44.4479
2081,RO,Romania,Exports of goods and services (current US$),2024,136204440675.017,Europe & Central Asia,High income,26.0979,44.4479
2082,RO,Romania,Exports of goods and services (current US$),2023,136476225870.625,Europe & Central Asia,High income,26.0979,44.4479
2083,RO,Romania,Exports of goods and services (current US$),2022,128501972912.445,Europe & Central Asia,High income,26.0979,44.4479
2084,RO,Romania,Exports of goods and services (current US$),2021,116008484761.081,Europe & Central Asia,High income,26.0979,44.4479
2085,RO,Romania,Exports of goods and services (current US$),2020,92658765315.7399,Europe & Central Asia,High income,26.0979,44.4479
2086,RO,Romania,Exports of goods and services (current US$),2019,100870449571.429,Europe & Central Asia,High income,26.0979,44.4479
2087,RO,Romania,Exports of goods and services (current US$),2018,101030592267.082,Europe & Central Asia,High income,26.0979,44.4479
2088,RO,Romania,Exports of goods and services (current US$),2017,88964370565.0745,Europe & Central Asia,High income,26.0979,44.4479
2089,RO,Romania,Exports of goods and services (current US$),2016,78593549490.1314,Europe & Central Asia,High income,26.0979,44.4479
2090,RU,Russian Federation,Exports of goods and services (current US$),2025,466237273304.333,Europe & Central Asia,High income,37.6176,55.7558
2091,RU,Russian Federation,Exports of goods and services (current US$),2024,477881194057.271,Europe & Central Asia,High income,37.6176,55.7558
2092,RU,Russian Federation,Exports of goods and services (current US$),2023,465937815839.194,Europe & Central Asia,High income,37.6176,55.7558
2093,RU,Russian Federation,Exports of goods and services (current US$),2022,635241831700.755,Europe & Central Asia,High income,37.6176,55.7558
2094,RU,Russian Federation,Exports of goods and services (current US$),2021,548800273711.107,Europe & Central Asia,High income,37.6176,55.7558
2095,RU,Russian Federation,Exports of goods and services (current US$),2020,381065599584.428,Europe & Central Asia,High income,37.6176,55.7558
2096,RU,Russian Federation,Exports of goods and services (current US$),2019,481410680627.341,Europe & Central Asia,High income,37.6176,55.7558
2097,RU,Russian Federation,Exports of goods and services (current US$),2018,510345505266.608,Europe & Central Asia,High income,37.6176,55.7558
2098,RU,Russian Federation,Exports of goods and services (current US$),2017,410722481424.915,Europe & Central Asia,High income,37.6176,55.7558
2099,RU,Russian Federation,Exports of goods and services (current US$),2016,330106509740.16,Europe & Central Asia,High income,37.6176,55.7558
2100,RW,Rwanda,Exports of goods and services (current US$),2025,3528969299.26467,Sub-Saharan Africa ,Low income,30.0587,-1.95325
2101,RW,Rwanda,Exports of goods and services (current US$),2024,4294750318.23475,Sub-Saharan Africa ,Low income,30.0587,-1.95325
2102,RW,Rwanda,Exports of goods and services (current US$),2023,3509230572.15337,Sub-Saharan Africa ,Low income,30.0587,-1.95325
2103,RW,Rwanda,Exports of goods and services (current US$),2022,2996830050.57806,Sub-Saharan Africa ,Low income,30.0587,-1.95325
2104,RW,Rwanda,Exports of goods and services (current US$),2021,2170210079.50491,Sub-Saharan Africa ,Low income,30.0587,-1.95325
2105,RW,Rwanda,Exports of goods and services (current US$),2020,1957774331.56167,Sub-Saharan Africa ,Low income,30.0587,-1.95325
2106,RW,Rwanda,Exports of goods and services (current US$),2019,2317442503.27655,Sub-Saharan Africa ,Low income,30.0587,-1.95325
2107,RW,Rwanda,Exports of goods and services (current US$),2018,2087871422.24704,Sub-Saharan Africa ,Low income,30.0587,-1.95325
2108,RW,Rwanda,Exports of goods and services (current US$),2017,1900056224.82831,Sub-Saharan Africa ,Low income,30.0587,-1.95325
2109,RW,Rwanda,Exports of goods and services (current US$),2016,1342645864.07494,Sub-Saharan Africa ,Low income,30.0587,-1.95325
2110,WS,Samoa,Exports of goods and services (current US$),2025,355715052.484773,East Asia & Pacific,Upper middle income,-171.752,-13.8314
2111,WS,Samoa,Exports of goods and services (current US$),2024,360459844.101333,East Asia & Pacific,Upper middle income,-171.752,-13.8314
2112,WS,Samoa,Exports of goods and services (current US$),2023,273855941.297155,East Asia & Pacific,Upper middle income,-171.752,-13.8314
2113,WS,Samoa,Exports of goods and services (current US$),2022,102172245.946326,East Asia & Pacific,Upper middle income,-171.752,-13.8314
2114,WS,Samoa,Exports of goods and services (current US$),2021,98618300.6408823,East Asia & Pacific,Upper middle income,-171.752,-13.8314
2115,WS,Samoa,Exports of goods and services (current US$),2020,253683215.960745,East Asia & Pacific,Upper middle income,-171.752,-13.8314
2116,WS,Samoa,Exports of goods and services (current US$),2019,319836950.812897,East Asia & Pacific,Upper middle income,-171.752,-13.8314
2117,WS,Samoa,Exports of goods and services (current US$),2018,280801999.406942,East Asia & Pacific,Upper middle income,-171.752,-13.8314
2118,WS,Samoa,Exports of goods and services (current US$),2017,262464978.81376,East Asia & Pacific,Upper middle income,-171.752,-13.8314
2119,WS,Samoa,Exports of goods and services (current US$),2016,242864849.457573,East Asia & Pacific,Upper middle income,-171.752,-13.8314
2120,SM,San Marino,Exports of goods and services (current US$),2025,,Europe & Central Asia,High income,12.4486,43.9322
2121,SM,San Marino,Exports of goods and services (current US$),2024,,Europe & Central Asia,High income,12.4486,43.9322
2122,SM,San Marino,Exports of goods and services (current US$),2023,3770526323.2536,Europe & Central Asia,High income,12.4486,43.9322
2123,SM,San Marino,Exports of goods and services (current US$),2022,3616004115.92959,Europe & Central Asia,High income,12.4486,43.9322
2124,SM,San Marino,Exports of goods and services (current US$),2021,3419759247.28987,Europe & Central Asia,High income,12.4486,43.9322
2125,SM,San Marino,Exports of goods and services (current US$),2020,2540725125.08499,Europe & Central Asia,High income,12.4486,43.9322
2126,SM,San Marino,Exports of goods and services (current US$),2019,2650575318.9647,Europe & Central Asia,High income,12.4486,43.9322
2127,SM,San Marino,Exports of goods and services (current US$),2018,2757778906.55733,Europe & Central Asia,High income,12.4486,43.9322
2128,SM,San Marino,Exports of goods and services (current US$),2017,2579986656.95718,Europe & Central Asia,High income,12.4486,43.9322
2129,SM,San Marino,Exports of goods and services (current US$),2016,2541233368.90378,Europe & Central Asia,High income,12.4486,43.9322
2130,ST,Sao Tome and Principe,Exports of goods and services (current US$),2025,130155394.190871,Sub-Saharan Africa ,Lower middle income,6.6071,0.20618
2131,ST,Sao Tome and Principe,Exports of goods and services (current US$),2024,128387058.08696,Sub-Saharan Africa ,Lower middle income,6.6071,0.20618
2132,ST,Sao Tome and Principe,Exports of goods and services (current US$),2023,98347301.701195,Sub-Saharan Africa ,Lower middle income,6.6071,0.20618
2133,ST,Sao Tome and Principe,Exports of goods and services (current US$),2022,106389640.502336,Sub-Saharan Africa ,Lower middle income,6.6071,0.20618
2134,ST,Sao Tome and Principe,Exports of goods and services (current US$),2021,79196680.7963758,Sub-Saharan Africa ,Lower middle income,6.6071,0.20618
2135,ST,Sao Tome and Principe,Exports of goods and services (current US$),2020,49997678.64339,Sub-Saharan Africa ,Lower middle income,6.6071,0.20618
2136,ST,Sao Tome and Principe,Exports of goods and services (current US$),2019,69047794.8473085,Sub-Saharan Africa ,Lower middle income,6.6071,0.20618
2137,ST,Sao Tome and Principe,Exports of goods and services (current US$),2018,80710285.9849044,Sub-Saharan Africa ,Lower middle income,6.6071,0.20618
2138,ST,Sao Tome and Principe,Exports of goods and services (current US$),2017,87280843.7576649,Sub-Saharan Africa ,Lower middle income,6.6071,0.20618
2139,ST,Sao Tome and Principe,Exports of goods and services (current US$),2016,93304990.6561444,Sub-Saharan Africa ,Lower middle income,6.6071,0.20618
2140,SA,Saudi Arabia,Exports of goods and services (current US$),2025,379825066666.667,"Middle East, North Africa, Afghanistan & Pakistan",High income,46.6977,24.6748
2141,SA,Saudi Arabia,Exports of goods and services (current US$),2024,368566933333.333,"Middle East, North Africa, Afghanistan & Pakistan",High income,46.6977,24.6748
2142,SA,Saudi Arabia,Exports of goods and services (current US$),2023,374787466666.667,"Middle East, North Africa, Afghanistan & Pakistan",High income,46.6977,24.6748
2143,SA,Saudi Arabia,Exports of goods and services (current US$),2022,445881333333.333,"Middle East, North Africa, Afghanistan & Pakistan",High income,46.6977,24.6748
2144,SA,Saudi Arabia,Exports of goods and services (current US$),2021,286501333333.333,"Middle East, North Africa, Afghanistan & Pakistan",High income,46.6977,24.6748
2145,SA,Saudi Arabia,Exports of goods and services (current US$),2020,182847733333.333,"Middle East, North Africa, Afghanistan & Pakistan",High income,46.6977,24.6748
2146,SA,Saudi Arabia,Exports of goods and services (current US$),2019,285860000000.0,"Middle East, North Africa, Afghanistan & Pakistan",High income,46.6977,24.6748
2147,SA,Saudi Arabia,Exports of goods and services (current US$),2018,314916533333.333,"Middle East, North Africa, Afghanistan & Pakistan",High income,46.6977,24.6748
2148,SA,Saudi Arabia,Exports of goods and services (current US$),2017,239892533333.333,"Middle East, North Africa, Afghanistan & Pakistan",High income,46.6977,24.6748
2149,SA,Saudi Arabia,Exports of goods and services (current US$),2016,200877333333.333,"Middle East, North Africa, Afghanistan & Pakistan",High income,46.6977,24.6748
2150,SN,Senegal,Exports of goods and services (current US$),2025,12022634773.9314,Sub-Saharan Africa ,Lower middle income,-17.4734,14.7247
2151,SN,Senegal,Exports of goods and services (current US$),2024,8197606373.40137,Sub-Saharan Africa ,Lower middle income,-17.4734,14.7247
2152,SN,Senegal,Exports of goods and services (current US$),2023,7092836396.8035,Sub-Saharan Africa ,Lower middle income,-17.4734,14.7247
2153,SN,Senegal,Exports of goods and services (current US$),2022,7417917497.04587,Sub-Saharan Africa ,Lower middle income,-17.4734,14.7247
2154,SN,Senegal,Exports of goods and services (current US$),2021,6781011708.68501,Sub-Saharan Africa ,Lower middle income,-17.4734,14.7247
2155,SN,Senegal,Exports of goods and services (current US$),2020,5077951817.12245,Sub-Saharan Africa ,Lower middle income,-17.4734,14.7247
2156,SN,Senegal,Exports of goods and services (current US$),2019,5847051726.26615,Sub-Saharan Africa ,Lower middle income,-17.4734,14.7247
2157,SN,Senegal,Exports of goods and services (current US$),2018,5305072986.89084,Sub-Saharan Africa ,Lower middle income,-17.4734,14.7247
2158,SN,Senegal,Exports of goods and services (current US$),2017,4604563711.6937,Sub-Saharan Africa ,Lower middle income,-17.4734,14.7247
2159,SN,Senegal,Exports of goods and services (current US$),2016,4105254723.24457,Sub-Saharan Africa ,Lower middle income,-17.4734,14.7247
2160,RS,Serbia,Exports of goods and services (current US$),2025,54287734484.3107,Europe & Central Asia,Upper middle income,20.4656,44.8024
2161,RS,Serbia,Exports of goods and services (current US$),2024,48272740041.0961,Europe & Central Asia,Upper middle income,20.4656,44.8024
2162,RS,Serbia,Exports of goods and services (current US$),2023,44799890209.3686,Europe & Central Asia,Upper middle income,20.4656,44.8024
2163,RS,Serbia,Exports of goods and services (current US$),2022,40579106356.8943,Europe & Central Asia,Upper middle income,20.4656,44.8024
2164,RS,Serbia,Exports of goods and services (current US$),2021,34628348308.2237,Europe & Central Asia,Upper middle income,20.4656,44.8024
2165,RS,Serbia,Exports of goods and services (current US$),2020,25760764788.3125,Europe & Central Asia,Upper middle income,20.4656,44.8024
2166,RS,Serbia,Exports of goods and services (current US$),2019,26372690325.2173,Europe & Central Asia,Upper middle income,20.4656,44.8024
2167,RS,Serbia,Exports of goods and services (current US$),2018,25691797086.2512,Europe & Central Asia,Upper middle income,20.4656,44.8024
2168,RS,Serbia,Exports of goods and services (current US$),2017,22127853999.9267,Europe & Central Asia,Upper middle income,20.4656,44.8024
2169,RS,Serbia,Exports of goods and services (current US$),2016,19615292710.9932,Europe & Central Asia,Upper middle income,20.4656,44.8024
2170,SC,Seychelles,Exports of goods and services (current US$),2025,1900518394.81236,Sub-Saharan Africa ,High income,55.4466,-4.6309
2171,SC,Seychelles,Exports of goods and services (current US$),2024,1795765732.97178,Sub-Saharan Africa ,High income,55.4466,-4.6309
2172,SC,Seychelles,Exports of goods and services (current US$),2023,1856806847.94121,Sub-Saharan Africa ,High income,55.4466,-4.6309
2173,SC,Seychelles,Exports of goods and services (current US$),2022,1818966306.17899,Sub-Saharan Africa ,High income,55.4466,-4.6309
2174,SC,Seychelles,Exports of goods and services (current US$),2021,1193663263.24547,Sub-Saharan Africa ,High income,55.4466,-4.6309
2175,SC,Seychelles,Exports of goods and services (current US$),2020,920042421.547639,Sub-Saharan Africa ,High income,55.4466,-4.6309
2176,SC,Seychelles,Exports of goods and services (current US$),2019,1538983435.76862,Sub-Saharan Africa ,High income,55.4466,-4.6309
2177,SC,Seychelles,Exports of goods and services (current US$),2018,1553145430.37773,Sub-Saharan Africa ,High income,55.4466,-4.6309
2178,SC,Seychelles,Exports of goods and services (current US$),2017,1573333403.18565,Sub-Saharan Africa ,High income,55.4466,-4.6309
2179,SC,Seychelles,Exports of goods and services (current US$),2016,1338730180.08626,Sub-Saharan Africa ,High income,55.4466,-4.6309
2180,SL,Sierra Leone,Exports of goods and services (current US$),2025,1559342046.4639,Sub-Saharan Africa ,Low income,-13.2134,8.4821
2181,SL,Sierra Leone,Exports of goods and services (current US$),2024,1203610315.47802,Sub-Saharan Africa ,Low income,-13.2134,8.4821
2182,SL,Sierra Leone,Exports of goods and services (current US$),2023,1344997466.54228,Sub-Saharan Africa ,Low income,-13.2134,8.4821
2183,SL,Sierra Leone,Exports of goods and services (current US$),2022,1194958865.00589,Sub-Saharan Africa ,Low income,-13.2134,8.4821
2184,SL,Sierra Leone,Exports of goods and services (current US$),2021,1114288670.11354,Sub-Saharan Africa ,Low income,-13.2134,8.4821
2185,SL,Sierra Leone,Exports of goods and services (current US$),2020,661505014.228488,Sub-Saharan Africa ,Low income,-13.2134,8.4821
2186,SL,Sierra Leone,Exports of goods and services (current US$),2019,632404798.949993,Sub-Saharan Africa ,Low income,-13.2134,8.4821
2187,SL,Sierra Leone,Exports of goods and services (current US$),2018,718218823.061887,Sub-Saharan Africa ,Low income,-13.2134,8.4821
2188,SL,Sierra Leone,Exports of goods and services (current US$),2017,796390825.997179,Sub-Saharan Africa ,Low income,-13.2134,8.4821
2189,SL,Sierra Leone,Exports of goods and services (current US$),2016,858631195.210129,Sub-Saharan Africa ,Low income,-13.2134,8.4821
2190,SG,Singapore,Exports of goods and services (current US$),2025,1073990898313.51,East Asia & Pacific,High income,103.85,1.28941
2191,SG,Singapore,Exports of goods and services (current US$),2024,1000563674149.64,East Asia & Pacific,High income,103.85,1.28941
2192,SG,Singapore,Exports of goods and services (current US$),2023,922325317795.269,East Asia & Pacific,High income,103.85,1.28941
2193,SG,Singapore,Exports of goods and services (current US$),2022,951421989501.453,East Asia & Pacific,High income,103.85,1.28941
2194,SG,Singapore,Exports of goods and services (current US$),2021,799113423839.379,East Asia & Pacific,High income,103.85,1.28941
2195,SG,Singapore,Exports of goods and services (current US$),2020,636352158591.969,East Asia & Pacific,High income,103.85,1.28941
2196,SG,Singapore,Exports of goods and services (current US$),2019,666302583718.308,East Asia & Pacific,High income,103.85,1.28941
2197,SG,Singapore,Exports of goods and services (current US$),2018,671713291845.894,East Asia & Pacific,High income,103.85,1.28941
2198,SG,Singapore,Exports of goods and services (current US$),2017,589508336803.23,East Asia & Pacific,High income,103.85,1.28941
2199,SG,Singapore,Exports of goods and services (current US$),2016,525391771247.573,East Asia & Pacific,High income,103.85,1.28941
2200,SX,Sint Maarten (Dutch part),Exports of goods and services (current US$),2025,,Latin America & Caribbean ,High income,,
2201,SX,Sint Maarten (Dutch part),Exports of goods and services (current US$),2024,,Latin America & Caribbean ,High income,,
2202,SX,Sint Maarten (Dutch part),Exports of goods and services (current US$),2023,,Latin America & Caribbean ,High income,,
2203,SX,Sint Maarten (Dutch part),Exports of goods and services (current US$),2022,,Latin America & Caribbean ,High income,,
2204,SX,Sint Maarten (Dutch part),Exports of goods and services (current US$),2021,,Latin America & Caribbean ,High income,,
2205,SX,Sint Maarten (Dutch part),Exports of goods and services (current US$),2020,,Latin America & Caribbean ,High income,,
2206,SX,Sint Maarten (Dutch part),Exports of goods and services (current US$),2019,,Latin America & Caribbean ,High income,,
2207,SX,Sint Maarten (Dutch part),Exports of goods and services (current US$),2018,,Latin America & Caribbean ,High income,,
2208,SX,Sint Maarten (Dutch part),Exports of goods and services (current US$),2017,,Latin America & Caribbean ,High income,,
2209,SX,Sint Maarten (Dutch part),Exports of goods and services (current US$),2016,,Latin America & Caribbean ,High income,,
2210,SK,Slovak Republic,Exports of goods and services (current US$),2025,131496787422.657,Europe & Central Asia,High income,17.1073,48.1484
2211,SK,Slovak Republic,Exports of goods and services (current US$),2024,120475379841.381,Europe & Central Asia,High income,17.1073,48.1484
2212,SK,Slovak Republic,Exports of goods and services (current US$),2023,122215736734.818,Europe & Central Asia,High income,17.1073,48.1484
2213,SK,Slovak Republic,Exports of goods and services (current US$),2022,114713195239.543,Europe & Central Asia,High income,17.1073,48.1484
2214,SK,Slovak Republic,Exports of goods and services (current US$),2021,109378268572.459,Europe & Central Asia,High income,17.1073,48.1484
2215,SK,Slovak Republic,Exports of goods and services (current US$),2020,90816799595.6874,Europe & Central Asia,High income,17.1073,48.1484
2216,SK,Slovak Republic,Exports of goods and services (current US$),2019,97210994149.8744,Europe & Central Asia,High income,17.1073,48.1484
2217,SK,Slovak Republic,Exports of goods and services (current US$),2018,101203084757.884,Europe & Central Asia,High income,17.1073,48.1484
2218,SK,Slovak Republic,Exports of goods and services (current US$),2017,90173773495.8931,Europe & Central Asia,High income,17.1073,48.1484
2219,SK,Slovak Republic,Exports of goods and services (current US$),2016,83400999772.7594,Europe & Central Asia,High income,17.1073,48.1484
2220,SI,Slovenia,Exports of goods and services (current US$),2025,62634926878.6125,Europe & Central Asia,High income,14.5044,46.0546
2221,SI,Slovenia,Exports of goods and services (current US$),2024,59047049757.4562,Europe & Central Asia,High income,14.5044,46.0546
2222,SI,Slovenia,Exports of goods and services (current US$),2023,57785396948.603,Europe & Central Asia,High income,14.5044,46.0546
2223,SI,Slovenia,Exports of goods and services (current US$),2022,56494607281.7259,Europe & Central Asia,High income,14.5044,46.0546
2224,SI,Slovenia,Exports of goods and services (current US$),2021,51509624959.8519,Europe & Central Asia,High income,14.5044,46.0546
2225,SI,Slovenia,Exports of goods and services (current US$),2020,41785212679.0367,Europe & Central Asia,High income,14.5044,46.0546
2226,SI,Slovenia,Exports of goods and services (current US$),2019,45476824978.3842,Europe & Central Asia,High income,14.5044,46.0546
2227,SI,Slovenia,Exports of goods and services (current US$),2018,45941003425.2251,Europe & Central Asia,High income,14.5044,46.0546
2228,SI,Slovenia,Exports of goods and services (current US$),2017,40391857784.4177,Europe & Central Asia,High income,14.5044,46.0546
2229,SI,Slovenia,Exports of goods and services (current US$),2016,34740102172.0518,Europe & Central Asia,High income,14.5044,46.0546
2230,SB,Solomon Islands,Exports of goods and services (current US$),2025,,East Asia & Pacific,Lower middle income,159.949,-9.42676
2231,SB,Solomon Islands,Exports of goods and services (current US$),2024,642590820.212243,East Asia & Pacific,Lower middle income,159.949,-9.42676
2232,SB,Solomon Islands,Exports of goods and services (current US$),2023,546110325.031159,East Asia & Pacific,Lower middle income,159.949,-9.42676
2233,SB,Solomon Islands,Exports of goods and services (current US$),2022,412603523.327549,East Asia & Pacific,Lower middle income,159.949,-9.42676
2234,SB,Solomon Islands,Exports of goods and services (current US$),2021,413817855.138346,East Asia & Pacific,Lower middle income,159.949,-9.42676
2235,SB,Solomon Islands,Exports of goods and services (current US$),2020,429176031.937028,East Asia & Pacific,Lower middle income,159.949,-9.42676
2236,SB,Solomon Islands,Exports of goods and services (current US$),2019,590941418.619108,East Asia & Pacific,Lower middle income,159.949,-9.42676
2237,SB,Solomon Islands,Exports of goods and services (current US$),2018,680540282.590203,East Asia & Pacific,Lower middle income,159.949,-9.42676
2238,SB,Solomon Islands,Exports of goods and services (current US$),2017,568502381.649697,East Asia & Pacific,Lower middle income,159.949,-9.42676
2239,SB,Solomon Islands,Exports of goods and services (current US$),2016,548051855.569464,East Asia & Pacific,Lower middle income,159.949,-9.42676
2240,SO,"Somalia, Fed. Rep.",Exports of goods and services (current US$),2025,3800899999.86713,Sub-Saharan Africa ,Low income,45.3254,2.07515
2241,SO,"Somalia, Fed. Rep.",Exports of goods and services (current US$),2024,3735000000.0,Sub-Saharan Africa ,Low income,45.3254,2.07515
2242,SO,"Somalia, Fed. Rep.",Exports of goods and services (current US$),2023,2404000000.0,Sub-Saharan Africa ,Low income,45.3254,2.07515
2243,SO,"Somalia, Fed. Rep.",Exports of goods and services (current US$),2022,1804000000.0,Sub-Saharan Africa ,Low income,45.3254,2.07515
2244,SO,"Somalia, Fed. Rep.",Exports of goods and services (current US$),2021,1532000000.0,Sub-Saharan Africa ,Low income,45.3254,2.07515
2245,SO,"Somalia, Fed. Rep.",Exports of goods and services (current US$),2020,1178000000.0,Sub-Saharan Africa ,Low income,45.3254,2.07515
2246,SO,"Somalia, Fed. Rep.",Exports of goods and services (current US$),2019,1131000000.0,Sub-Saharan Africa ,Low income,45.3254,2.07515
2247,SO,"Somalia, Fed. Rep.",Exports of goods and services (current US$),2018,1119000000.0,Sub-Saharan Africa ,Low income,45.3254,2.07515
2248,SO,"Somalia, Fed. Rep.",Exports of goods and services (current US$),2017,994339299.998874,Sub-Saharan Africa ,Low income,45.3254,2.07515
2249,SO,"Somalia, Fed. Rep.",Exports of goods and services (current US$),2016,1067190800.00052,Sub-Saharan Africa ,Low income,45.3254,2.07515
2250,ZA,South Africa,Exports of goods and services (current US$),2025,134179428667.706,Sub-Saharan Africa ,Upper middle income,28.1871,-25.746
2251,ZA,South Africa,Exports of goods and services (current US$),2024,127531645077.343,Sub-Saharan Africa ,Upper middle income,28.1871,-25.746
2252,ZA,South Africa,Exports of goods and services (current US$),2023,126843584296.229,Sub-Saharan Africa ,Upper middle income,28.1871,-25.746
2253,ZA,South Africa,Exports of goods and services (current US$),2022,136705431596.872,Sub-Saharan Africa ,Upper middle income,28.1871,-25.746
2254,ZA,South Africa,Exports of goods and services (current US$),2021,131000485997.462,Sub-Saharan Africa ,Upper middle income,28.1871,-25.746
2255,ZA,South Africa,Exports of goods and services (current US$),2020,93199600859.2205,Sub-Saharan Africa ,Upper middle income,28.1871,-25.746
2256,ZA,South Africa,Exports of goods and services (current US$),2019,105906059178.622,Sub-Saharan Africa ,Upper middle income,28.1871,-25.746
2257,ZA,South Africa,Exports of goods and services (current US$),2018,111434691806.498,Sub-Saharan Africa ,Upper middle income,28.1871,-25.746
2258,ZA,South Africa,Exports of goods and services (current US$),2017,104288394992.827,Sub-Saharan Africa ,Upper middle income,28.1871,-25.746
2259,ZA,South Africa,Exports of goods and services (current US$),2016,91109021408.9525,Sub-Saharan Africa ,Upper middle income,28.1871,-25.746
2260,SS,South Sudan,Exports of goods and services (current US$),2025,,Sub-Saharan Africa ,Low income,31.6,4.85
2261,SS,South Sudan,Exports of goods and services (current US$),2024,,Sub-Saharan Africa ,Low income,31.6,4.85
2262,SS,South Sudan,Exports of goods and services (current US$),2023,,Sub-Saharan Africa ,Low income,31.6,4.85
2263,SS,South Sudan,Exports of goods and services (current US$),2022,,Sub-Saharan Africa ,Low income,31.6,4.85
2264,SS,South Sudan,Exports of goods and services (current US$),2021,,Sub-Saharan Africa ,Low income,31.6,4.85
2265,SS,South Sudan,Exports of goods and services (current US$),2020,,Sub-Saharan Africa ,Low income,31.6,4.85
2266,SS,South Sudan,Exports of goods and services (current US$),2019,,Sub-Saharan Africa ,Low income,31.6,4.85
2267,SS,South Sudan,Exports of goods and services (current US$),2018,,Sub-Saharan Africa ,Low income,31.6,4.85
2268,SS,South Sudan,Exports of goods and services (current US$),2017,,Sub-Saharan Africa ,Low income,31.6,4.85
2269,SS,South Sudan,Exports of goods and services (current US$),2016,,Sub-Saharan Africa ,Low income,31.6,4.85
2270,ES,Spain,Exports of goods and services (current US$),2025,698476476631.372,Europe & Central Asia,High income,-3.70327,40.4167
2271,ES,Spain,Exports of goods and services (current US$),2024,639462804274.219,Europe & Central Asia,High income,-3.70327,40.4167
2272,ES,Spain,Exports of goods and services (current US$),2023,612433794394.128,Europe & Central Asia,High income,-3.70327,40.4167
2273,ES,Spain,Exports of goods and services (current US$),2022,574783432054.477,Europe & Central Asia,High income,-3.70327,40.4167
2274,ES,Spain,Exports of goods and services (current US$),2021,493273673720.922,Europe & Central Asia,High income,-3.70327,40.4167
2275,ES,Spain,Exports of goods and services (current US$),2020,393139331915.954,Europe & Central Asia,High income,-3.70327,40.4167
2276,ES,Spain,Exports of goods and services (current US$),2019,486670273121.568,Europe & Central Asia,High income,-3.70327,40.4167
2277,ES,Spain,Exports of goods and services (current US$),2018,499282766700.392,Europe & Central Asia,High income,-3.70327,40.4167
2278,ES,Spain,Exports of goods and services (current US$),2017,461297400643.53,Europe & Central Asia,High income,-3.70327,40.4167
2279,ES,Spain,Exports of goods and services (current US$),2016,417367780824.515,Europe & Central Asia,High income,-3.70327,40.4167
2280,LK,Sri Lanka,Exports of goods and services (current US$),2025,20641294805.6633,South Asia,Upper middle income,79.8528,6.92148
2281,LK,Sri Lanka,Exports of goods and services (current US$),2024,19680136442.1892,South Asia,Upper middle income,79.8528,6.92148
2282,LK,Sri Lanka,Exports of goods and services (current US$),2023,17320146764.9548,South Asia,Upper middle income,79.8528,6.92148
2283,LK,Sri Lanka,Exports of goods and services (current US$),2022,15984910773.0554,South Asia,Upper middle income,79.8528,6.92148
2284,LK,Sri Lanka,Exports of goods and services (current US$),2021,14985052392.6152,South Asia,Upper middle income,79.8528,6.92148
2285,LK,Sri Lanka,Exports of goods and services (current US$),2020,13036289408.4338,South Asia,Upper middle income,79.8528,6.92148
2286,LK,Sri Lanka,Exports of goods and services (current US$),2019,19422660165.2782,South Asia,Upper middle income,79.8528,6.92148
2287,LK,Sri Lanka,Exports of goods and services (current US$),2018,20255985244.1513,South Asia,Upper middle income,79.8528,6.92148
2288,LK,Sri Lanka,Exports of goods and services (current US$),2017,19085446205.5468,South Asia,Upper middle income,79.8528,6.92148
2289,LK,Sri Lanka,Exports of goods and services (current US$),2016,17445193522.1031,South Asia,Upper middle income,79.8528,6.92148
2290,KN,St. Kitts and Nevis,Exports of goods and services (current US$),2025,,Latin America & Caribbean ,High income,-62.7309,17.3
2291,KN,St. Kitts and Nevis,Exports of goods and services (current US$),2024,,Latin America & Caribbean ,High income,-62.7309,17.3
2292,KN,St. Kitts and Nevis,Exports of goods and services (current US$),2023,,Latin America & Caribbean ,High income,-62.7309,17.3
2293,KN,St. Kitts and Nevis,Exports of goods and services (current US$),2022,,Latin America & Caribbean ,High income,-62.7309,17.3
2294,KN,St. Kitts and Nevis,Exports of goods and services (current US$),2021,,Latin America & Caribbean ,High income,-62.7309,17.3
2295,KN,St. Kitts and Nevis,Exports of goods and services (current US$),2020,,Latin America & Caribbean ,High income,-62.7309,17.3
2296,KN,St. Kitts and Nevis,Exports of goods and services (current US$),2019,,Latin America & Caribbean ,High income,-62.7309,17.3
2297,KN,St. Kitts and Nevis,Exports of goods and services (current US$),2018,,Latin America & Caribbean ,High income,-62.7309,17.3
2298,KN,St. Kitts and Nevis,Exports of goods and services (current US$),2017,,Latin America & Caribbean ,High income,-62.7309,17.3
2299,KN,St. Kitts and Nevis,Exports of goods and services (current US$),2016,,Latin America & Caribbean ,High income,-62.7309,17.3
2300,LC,St. Lucia,Exports of goods and services (current US$),2025,,Latin America & Caribbean ,Upper middle income,-60.9832,14
2301,LC,St. Lucia,Exports of goods and services (current US$),2024,,Latin America & Caribbean ,Upper middle income,-60.9832,14
2302,LC,St. Lucia,Exports of goods and services (current US$),2023,,Latin America & Caribbean ,Upper middle income,-60.9832,14
2303,LC,St. Lucia,Exports of goods and services (current US$),2022,,Latin America & Caribbean ,Upper middle income,-60.9832,14
2304,LC,St. Lucia,Exports of goods and services (current US$),2021,,Latin America & Caribbean ,Upper middle income,-60.9832,14
2305,LC,St. Lucia,Exports of goods and services (current US$),2020,,Latin America & Caribbean ,Upper middle income,-60.9832,14
2306,LC,St. Lucia,Exports of goods and services (current US$),2019,,Latin America & Caribbean ,Upper middle income,-60.9832,14
2307,LC,St. Lucia,Exports of goods and services (current US$),2018,,Latin America & Caribbean ,Upper middle income,-60.9832,14
2308,LC,St. Lucia,Exports of goods and services (current US$),2017,,Latin America & Caribbean ,Upper middle income,-60.9832,14
2309,LC,St. Lucia,Exports of goods and services (current US$),2016,,Latin America & Caribbean ,Upper middle income,-60.9832,14
2310,MF,St. Martin (French part),Exports of goods and services (current US$),2025,,Latin America & Caribbean ,High income,,
2311,MF,St. Martin (French part),Exports of goods and services (current US$),2024,,Latin America & Caribbean ,High income,,
2312,MF,St. Martin (French part),Exports of goods and services (current US$),2023,,Latin America & Caribbean ,High income,,
2313,MF,St. Martin (French part),Exports of goods and services (current US$),2022,,Latin America & Caribbean ,High income,,
2314,MF,St. Martin (French part),Exports of goods and services (current US$),2021,,Latin America & Caribbean ,High income,,
2315,MF,St. Martin (French part),Exports of goods and services (current US$),2020,,Latin America & Caribbean ,High income,,
2316,MF,St. Martin (French part),Exports of goods and services (current US$),2019,,Latin America & Caribbean ,High income,,
2317,MF,St. Martin (French part),Exports of goods and services (current US$),2018,,Latin America & Caribbean ,High income,,
2318,MF,St. Martin (French part),Exports of goods and services (current US$),2017,,Latin America & Caribbean ,High income,,
2319,MF,St. Martin (French part),Exports of goods and services (current US$),2016,,Latin America & Caribbean ,High income,,
2320,VC,St. Vincent and the Grenadines,Exports of goods and services (current US$),2025,,Latin America & Caribbean ,Upper middle income,-61.2653,13.2035
2321,VC,St. Vincent and the Grenadines,Exports of goods and services (current US$),2024,,Latin America & Caribbean ,Upper middle income,-61.2653,13.2035
2322,VC,St. Vincent and the Grenadines,Exports of goods and services (current US$),2023,,Latin America & Caribbean ,Upper middle income,-61.2653,13.2035
2323,VC,St. Vincent and the Grenadines,Exports of goods and services (current US$),2022,,Latin America & Caribbean ,Upper middle income,-61.2653,13.2035
2324,VC,St. Vincent and the Grenadines,Exports of goods and services (current US$),2021,,Latin America & Caribbean ,Upper middle income,-61.2653,13.2035
2325,VC,St. Vincent and the Grenadines,Exports of goods and services (current US$),2020,,Latin America & Caribbean ,Upper middle income,-61.2653,13.2035
2326,VC,St. Vincent and the Grenadines,Exports of goods and services (current US$),2019,,Latin America & Caribbean ,Upper middle income,-61.2653,13.2035
2327,VC,St. Vincent and the Grenadines,Exports of goods and services (current US$),2018,,Latin America & Caribbean ,Upper middle income,-61.2653,13.2035
2328,VC,St. Vincent and the Grenadines,Exports of goods and services (current US$),2017,,Latin America & Caribbean ,Upper middle income,-61.2653,13.2035
2329,VC,St. Vincent and the Grenadines,Exports of goods and services (current US$),2016,,Latin America & Caribbean ,Upper middle income,-61.2653,13.2035
2330,SD,Sudan,Exports of goods and services (current US$),2025,663619143.86802,Sub-Saharan Africa ,Low income,32.5363,15.5932
2331,SD,Sudan,Exports of goods and services (current US$),2024,358103583.799949,Sub-Saharan Africa ,Low income,32.5363,15.5932
2332,SD,Sudan,Exports of goods and services (current US$),2023,442116377.99812,Sub-Saharan Africa ,Low income,32.5363,15.5932
2333,SD,Sudan,Exports of goods and services (current US$),2022,811770224.745841,Sub-Saharan Africa ,Low income,32.5363,15.5932
2334,SD,Sudan,Exports of goods and services (current US$),2021,770119708.003068,Sub-Saharan Africa ,Low income,32.5363,15.5932
2335,SD,Sudan,Exports of goods and services (current US$),2020,1385607465.42553,Sub-Saharan Africa ,Low income,32.5363,15.5932
2336,SD,Sudan,Exports of goods and services (current US$),2019,2733532469.42149,Sub-Saharan Africa ,Low income,32.5363,15.5932
2337,SD,Sudan,Exports of goods and services (current US$),2018,2473599508.59951,Sub-Saharan Africa ,Low income,32.5363,15.5932
2338,SD,Sudan,Exports of goods and services (current US$),2017,2523314285.71429,Sub-Saharan Africa ,Low income,32.5363,15.5932
2339,SD,Sudan,Exports of goods and services (current US$),2016,2133433333.33333,Sub-Saharan Africa ,Low income,32.5363,15.5932
2340,SR,Suriname,Exports of goods and services (current US$),2025,,Latin America & Caribbean ,Upper middle income,-55.1679,5.8232
2341,SR,Suriname,Exports of goods and services (current US$),2024,,Latin America & Caribbean ,Upper middle income,-55.1679,5.8232
2342,SR,Suriname,Exports of goods and services (current US$),2023,,Latin America & Caribbean ,Upper middle income,-55.1679,5.8232
2343,SR,Suriname,Exports of goods and services (current US$),2022,,Latin America & Caribbean ,Upper middle income,-55.1679,5.8232
2344,SR,Suriname,Exports of goods and services (current US$),2021,,Latin America & Caribbean ,Upper middle income,-55.1679,5.8232
2345,SR,Suriname,Exports of goods and services (current US$),2020,,Latin America & Caribbean ,Upper middle income,-55.1679,5.8232
2346,SR,Suriname,Exports of goods and services (current US$),2019,,Latin America & Caribbean ,Upper middle income,-55.1679,5.8232
2347,SR,Suriname,Exports of goods and services (current US$),2018,,Latin America & Caribbean ,Upper middle income,-55.1679,5.8232
2348,SR,Suriname,Exports of goods and services (current US$),2017,,Latin America & Caribbean ,Upper middle income,-55.1679,5.8232
2349,SR,Suriname,Exports of goods and services (current US$),2016,,Latin America & Caribbean ,Upper middle income,-55.1679,5.8232
2350,SE,Sweden,Exports of goods and services (current US$),2025,356098645397.388,Europe & Central Asia,High income,18.0645,59.3327
2351,SE,Sweden,Exports of goods and services (current US$),2024,329613629461.716,Europe & Central Asia,High income,18.0645,59.3327
2352,SE,Sweden,Exports of goods and services (current US$),2023,319579119037.653,Europe & Central Asia,High income,18.0645,59.3327
2353,SE,Sweden,Exports of goods and services (current US$),2022,312333054944.71,Europe & Central Asia,High income,18.0645,59.3327
2354,SE,Sweden,Exports of goods and services (current US$),2021,299954758723.977,Europe & Central Asia,High income,18.0645,59.3327
2355,SE,Sweden,Exports of goods and services (current US$),2020,241040989303.335,Europe & Central Asia,High income,18.0645,59.3327
2356,SE,Sweden,Exports of goods and services (current US$),2019,256361650143.493,Europe & Central Asia,High income,18.0645,59.3327
2357,SE,Sweden,Exports of goods and services (current US$),2018,252513588793.121,Europe & Central Asia,High income,18.0645,59.3327
2358,SE,Sweden,Exports of goods and services (current US$),2017,235035642663.111,Europe & Central Asia,High income,18.0645,59.3327
2359,SE,Sweden,Exports of goods and services (current US$),2016,220294654962.484,Europe & Central Asia,High income,18.0645,59.3327
2360,CH,Switzerland,Exports of goods and services (current US$),2025,814503715316.446,Europe & Central Asia,High income,7.44821,46.948
2361,CH,Switzerland,Exports of goods and services (current US$),2024,690605094606.963,Europe & Central Asia,High income,7.44821,46.948
2362,CH,Switzerland,Exports of goods and services (current US$),2023,652863970661.888,Europe & Central Asia,High income,7.44821,46.948
2363,CH,Switzerland,Exports of goods and services (current US$),2022,643557905705.975,Europe & Central Asia,High income,7.44821,46.948
2364,CH,Switzerland,Exports of goods and services (current US$),2021,588010521468.337,Europe & Central Asia,High income,7.44821,46.948
2365,CH,Switzerland,Exports of goods and services (current US$),2020,480636933810.28,Europe & Central Asia,High income,7.44821,46.948
2366,CH,Switzerland,Exports of goods and services (current US$),2019,487107111770.773,Europe & Central Asia,High income,7.44821,46.948
2367,CH,Switzerland,Exports of goods and services (current US$),2018,494420271334.345,Europe & Central Asia,High income,7.44821,46.948
2368,CH,Switzerland,Exports of goods and services (current US$),2017,463868583905.283,Europe & Central Asia,High income,7.44821,46.948
2369,CH,Switzerland,Exports of goods and services (current US$),2016,462738867465.797,Europe & Central Asia,High income,7.44821,46.948
2370,SY,Syrian Arab Republic,Exports of goods and services (current US$),2025,,"Middle East, North Africa, Afghanistan & Pakistan",Low income,36.3119,33.5146
2371,SY,Syrian Arab Republic,Exports of goods and services (current US$),2024,,"Middle East, North Africa, Afghanistan & Pakistan",Low income,36.3119,33.5146
2372,SY,Syrian Arab Republic,Exports of goods and services (current US$),2023,,"Middle East, North Africa, Afghanistan & Pakistan",Low income,36.3119,33.5146
2373,SY,Syrian Arab Republic,Exports of goods and services (current US$),2022,1608744496.2291,"Middle East, North Africa, Afghanistan & Pakistan",Low income,36.3119,33.5146
2374,SY,Syrian Arab Republic,Exports of goods and services (current US$),2021,2226608573.26076,"Middle East, North Africa, Afghanistan & Pakistan",Low income,36.3119,33.5146
2375,SY,Syrian Arab Republic,Exports of goods and services (current US$),2020,1648856244.09304,"Middle East, North Africa, Afghanistan & Pakistan",Low income,36.3119,33.5146
2376,SY,Syrian Arab Republic,Exports of goods and services (current US$),2019,2938069171.93043,"Middle East, North Africa, Afghanistan & Pakistan",Low income,36.3119,33.5146
2377,SY,Syrian Arab Republic,Exports of goods and services (current US$),2018,3206830227.96283,"Middle East, North Africa, Afghanistan & Pakistan",Low income,36.3119,33.5146
2378,SY,Syrian Arab Republic,Exports of goods and services (current US$),2017,3165874598.14596,"Middle East, North Africa, Afghanistan & Pakistan",Low income,36.3119,33.5146
2379,SY,Syrian Arab Republic,Exports of goods and services (current US$),2016,2731227397.04245,"Middle East, North Africa, Afghanistan & Pakistan",Low income,36.3119,33.5146
2380,TJ,Tajikistan,Exports of goods and services (current US$),2025,,Europe & Central Asia,Lower middle income,68.7864,38.5878
2381,TJ,Tajikistan,Exports of goods and services (current US$),2024,1617437190.56415,Europe & Central Asia,Lower middle income,68.7864,38.5878
2382,TJ,Tajikistan,Exports of goods and services (current US$),2023,2104997683.1627,Europe & Central Asia,Lower middle income,68.7864,38.5878
2383,TJ,Tajikistan,Exports of goods and services (current US$),2022,1751996065.65997,Europe & Central Asia,Lower middle income,68.7864,38.5878
2384,TJ,Tajikistan,Exports of goods and services (current US$),2021,2161333822.62564,Europe & Central Asia,Lower middle income,68.7864,38.5878
2385,TJ,Tajikistan,Exports of goods and services (current US$),2020,1409153432.56143,Europe & Central Asia,Lower middle income,68.7864,38.5878
2386,TJ,Tajikistan,Exports of goods and services (current US$),2019,1243456836.44712,Europe & Central Asia,Lower middle income,68.7864,38.5878
2387,TJ,Tajikistan,Exports of goods and services (current US$),2018,1116255903.44978,Europe & Central Asia,Lower middle income,68.7864,38.5878
2388,TJ,Tajikistan,Exports of goods and services (current US$),2017,1125074885.30063,Europe & Central Asia,Lower middle income,68.7864,38.5878
2389,TJ,Tajikistan,Exports of goods and services (current US$),2016,923021947.694359,Europe & Central Asia,Lower middle income,68.7864,38.5878
2390,TZ,Tanzania,Exports of goods and services (current US$),2025,17113455948.0633,Sub-Saharan Africa ,Lower middle income,35.7382,-6.17486
2391,TZ,Tanzania,Exports of goods and services (current US$),2024,15635226302.0557,Sub-Saharan Africa ,Lower middle income,35.7382,-6.17486
2392,TZ,Tanzania,Exports of goods and services (current US$),2023,13589709118.2193,Sub-Saharan Africa ,Lower middle income,35.7382,-6.17486
2393,TZ,Tanzania,Exports of goods and services (current US$),2022,11675750363.0616,Sub-Saharan Africa ,Lower middle income,35.7382,-6.17486
2394,TZ,Tanzania,Exports of goods and services (current US$),2021,9976590469.46969,Sub-Saharan Africa ,Lower middle income,35.7382,-6.17486
2395,TZ,Tanzania,Exports of goods and services (current US$),2020,8921839002.43059,Sub-Saharan Africa ,Lower middle income,35.7382,-6.17486
2396,TZ,Tanzania,Exports of goods and services (current US$),2019,9786702081.68473,Sub-Saharan Africa ,Lower middle income,35.7382,-6.17486
2397,TZ,Tanzania,Exports of goods and services (current US$),2018,8401858982.5961,Sub-Saharan Africa ,Lower middle income,35.7382,-6.17486
2398,TZ,Tanzania,Exports of goods and services (current US$),2017,8344707045.48532,Sub-Saharan Africa ,Lower middle income,35.7382,-6.17486
2399,TZ,Tanzania,Exports of goods and services (current US$),2016,8138103520.92867,Sub-Saharan Africa ,Lower middle income,35.7382,-6.17486
2400,TH,Thailand,Exports of goods and services (current US$),2025,410531624594.48,East Asia & Pacific,Upper middle income,100.521,13.7308
2401,TH,Thailand,Exports of goods and services (current US$),2024,368836810863.224,East Asia & Pacific,Upper middle income,100.521,13.7308
2402,TH,Thailand,Exports of goods and services (current US$),2023,338714010202.059,East Asia & Pacific,Upper middle income,100.521,13.7308
2403,TH,Thailand,Exports of goods and services (current US$),2022,323854472232.244,East Asia & Pacific,Upper middle income,100.521,13.7308
2404,TH,Thailand,Exports of goods and services (current US$),2021,295639913234.139,East Asia & Pacific,Upper middle income,100.521,13.7308
2405,TH,Thailand,Exports of goods and services (current US$),2020,256835239506.721,East Asia & Pacific,Upper middle income,100.521,13.7308
2406,TH,Thailand,Exports of goods and services (current US$),2019,323768892197.357,East Asia & Pacific,Upper middle income,100.521,13.7308
2407,TH,Thailand,Exports of goods and services (current US$),2018,328569784686.743,East Asia & Pacific,Upper middle income,100.521,13.7308
2408,TH,Thailand,Exports of goods and services (current US$),2017,304266013738.262,East Asia & Pacific,Upper middle income,100.521,13.7308
2409,TH,Thailand,Exports of goods and services (current US$),2016,277248464807.286,East Asia & Pacific,Upper middle income,100.521,13.7308
2410,TL,Timor-Leste,Exports of goods and services (current US$),2025,,East Asia & Pacific,Lower middle income,125.567,-8.56667
2411,TL,Timor-Leste,Exports of goods and services (current US$),2024,196962600.0,East Asia & Pacific,Lower middle income,125.567,-8.56667
2412,TL,Timor-Leste,Exports of goods and services (current US$),2023,476747000.0,East Asia & Pacific,Lower middle income,125.567,-8.56667
2413,TL,Timor-Leste,Exports of goods and services (current US$),2022,1784364500.0,East Asia & Pacific,Lower middle income,125.567,-8.56667
2414,TL,Timor-Leste,Exports of goods and services (current US$),2021,2302354000.0,East Asia & Pacific,Lower middle income,125.567,-8.56667
2415,TL,Timor-Leste,Exports of goods and services (current US$),2020,792950600.0,East Asia & Pacific,Lower middle income,125.567,-8.56667
2416,TL,Timor-Leste,Exports of goods and services (current US$),2019,431191700.0,East Asia & Pacific,Lower middle income,125.567,-8.56667
2417,TL,Timor-Leste,Exports of goods and services (current US$),2018,45614300.0,East Asia & Pacific,Lower middle income,125.567,-8.56667
2418,TL,Timor-Leste,Exports of goods and services (current US$),2017,38179900.0,East Asia & Pacific,Lower middle income,125.567,-8.56667
2419,TL,Timor-Leste,Exports of goods and services (current US$),2016,51780000.0,East Asia & Pacific,Lower middle income,125.567,-8.56667
2420,TG,Togo,Exports of goods and services (current US$),2025,,Sub-Saharan Africa ,Lower middle income,1.2255,6.1228
2421,TG,Togo,Exports of goods and services (current US$),2024,,Sub-Saharan Africa ,Lower middle income,1.2255,6.1228
2422,TG,Togo,Exports of goods and services (current US$),2023,2390186783.96013,Sub-Saharan Africa ,Lower middle income,1.2255,6.1228
2423,TG,Togo,Exports of goods and services (current US$),2022,2162409655.2528,Sub-Saharan Africa ,Lower middle income,1.2255,6.1228
2424,TG,Togo,Exports of goods and services (current US$),2021,1976054796.2473,Sub-Saharan Africa ,Lower middle income,1.2255,6.1228
2425,TG,Togo,Exports of goods and services (current US$),2020,1727046855.49121,Sub-Saharan Africa ,Lower middle income,1.2255,6.1228
2426,TG,Togo,Exports of goods and services (current US$),2019,1671782878.74237,Sub-Saharan Africa ,Lower middle income,1.2255,6.1228
2427,TG,Togo,Exports of goods and services (current US$),2018,1710211643.83769,Sub-Saharan Africa ,Lower middle income,1.2255,6.1228
2428,TG,Togo,Exports of goods and services (current US$),2017,1616151022.09696,Sub-Saharan Africa ,Lower middle income,1.2255,6.1228
2429,TG,Togo,Exports of goods and services (current US$),2016,1622914085.9558,Sub-Saharan Africa ,Lower middle income,1.2255,6.1228
2430,TO,Tonga,Exports of goods and services (current US$),2025,,East Asia & Pacific,Upper middle income,-175.216,-21.136
2431,TO,Tonga,Exports of goods and services (current US$),2024,109419833.231961,East Asia & Pacific,Upper middle income,-175.216,-21.136
2432,TO,Tonga,Exports of goods and services (current US$),2023,87157766.9923468,East Asia & Pacific,Upper middle income,-175.216,-21.136
2433,TO,Tonga,Exports of goods and services (current US$),2022,59899918.6090377,East Asia & Pacific,Upper middle income,-175.216,-21.136
2434,TO,Tonga,Exports of goods and services (current US$),2021,57546484.3947206,East Asia & Pacific,Upper middle income,-175.216,-21.136
2435,TO,Tonga,Exports of goods and services (current US$),2020,99820530.9012803,East Asia & Pacific,Upper middle income,-175.216,-21.136
2436,TO,Tonga,Exports of goods and services (current US$),2019,112507449.652672,East Asia & Pacific,Upper middle income,-175.216,-21.136
2437,TO,Tonga,Exports of goods and services (current US$),2018,104684873.260084,East Asia & Pacific,Upper middle income,-175.216,-21.136
2438,TO,Tonga,Exports of goods and services (current US$),2017,102005091.102875,East Asia & Pacific,Upper middle income,-175.216,-21.136
2439,TO,Tonga,Exports of goods and services (current US$),2016,103126326.066321,East Asia & Pacific,Upper middle income,-175.216,-21.136
2440,TT,Trinidad and Tobago,Exports of goods and services (current US$),2025,,Latin America & Caribbean ,High income,-61.4789,10.6596
2441,TT,Trinidad and Tobago,Exports of goods and services (current US$),2024,,Latin America & Caribbean ,High income,-61.4789,10.6596
2442,TT,Trinidad and Tobago,Exports of goods and services (current US$),2023,,Latin America & Caribbean ,High income,-61.4789,10.6596
2443,TT,Trinidad and Tobago,Exports of goods and services (current US$),2022,,Latin America & Caribbean ,High income,-61.4789,10.6596
2444,TT,Trinidad and Tobago,Exports of goods and services (current US$),2021,,Latin America & Caribbean ,High income,-61.4789,10.6596
2445,TT,Trinidad and Tobago,Exports of goods and services (current US$),2020,,Latin America & Caribbean ,High income,-61.4789,10.6596
2446,TT,Trinidad and Tobago,Exports of goods and services (current US$),2019,,Latin America & Caribbean ,High income,-61.4789,10.6596
2447,TT,Trinidad and Tobago,Exports of goods and services (current US$),2018,,Latin America & Caribbean ,High income,-61.4789,10.6596
2448,TT,Trinidad and Tobago,Exports of goods and services (current US$),2017,,Latin America & Caribbean ,High income,-61.4789,10.6596
2449,TT,Trinidad and Tobago,Exports of goods and services (current US$),2016,,Latin America & Caribbean ,High income,-61.4789,10.6596
2450,TN,Tunisia,Exports of goods and services (current US$),2025,26826069545.4849,"Middle East, North Africa, Afghanistan & Pakistan",Lower middle income,10.21,36.7899
2451,TN,Tunisia,Exports of goods and services (current US$),2024,25706930119.5514,"Middle East, North Africa, Afghanistan & Pakistan",Lower middle income,10.21,36.7899
2452,TN,Tunisia,Exports of goods and services (current US$),2023,25567813964.9285,"Middle East, North Africa, Afghanistan & Pakistan",Lower middle income,10.21,36.7899
2453,TN,Tunisia,Exports of goods and services (current US$),2022,23060703698.9303,"Middle East, North Africa, Afghanistan & Pakistan",Lower middle income,10.21,36.7899
2454,TN,Tunisia,Exports of goods and services (current US$),2021,19667292546.3067,"Middle East, North Africa, Afghanistan & Pakistan",Lower middle income,10.21,36.7899
2455,TN,Tunisia,Exports of goods and services (current US$),2020,16143392839.7452,"Middle East, North Africa, Afghanistan & Pakistan",Lower middle income,10.21,36.7899
2456,TN,Tunisia,Exports of goods and services (current US$),2019,19255781270.1806,"Middle East, North Africa, Afghanistan & Pakistan",Lower middle income,10.21,36.7899
2457,TN,Tunisia,Exports of goods and services (current US$),2018,19416275921.684,"Middle East, North Africa, Afghanistan & Pakistan",Lower middle income,10.21,36.7899
2458,TN,Tunisia,Exports of goods and services (current US$),2017,17590956528.9273,"Middle East, North Africa, Afghanistan & Pakistan",Lower middle income,10.21,36.7899
2459,TN,Tunisia,Exports of goods and services (current US$),2016,16987820950.6092,"Middle East, North Africa, Afghanistan & Pakistan",Lower middle income,10.21,36.7899
2460,TR,Turkiye,Exports of goods and services (current US$),2025,396923725496.326,Europe & Central Asia,Upper middle income,32.3606,39.7153
2461,TR,Turkiye,Exports of goods and services (current US$),2024,374686274269.711,Europe & Central Asia,Upper middle income,32.3606,39.7153
2462,TR,Turkiye,Exports of goods and services (current US$),2023,364211599327.44,Europe & Central Asia,Upper middle income,32.3606,39.7153
2463,TR,Turkiye,Exports of goods and services (current US$),2022,353224790396.438,Europe & Central Asia,Upper middle income,32.3606,39.7153
2464,TR,Turkiye,Exports of goods and services (current US$),2021,294429020560.408,Europe & Central Asia,Upper middle income,32.3606,39.7153
2465,TR,Turkiye,Exports of goods and services (current US$),2020,210844790111.584,Europe & Central Asia,Upper middle income,32.3606,39.7153
2466,TR,Turkiye,Exports of goods and services (current US$),2019,256263371549.216,Europe & Central Asia,Upper middle income,32.3606,39.7153
2467,TR,Turkiye,Exports of goods and services (current US$),2018,250128750717.116,Europe & Central Asia,Upper middle income,32.3606,39.7153
2468,TR,Turkiye,Exports of goods and services (current US$),2017,229267970164.465,Europe & Central Asia,Upper middle income,32.3606,39.7153
2469,TR,Turkiye,Exports of goods and services (current US$),2016,205793476583.0,Europe & Central Asia,Upper middle income,32.3606,39.7153
2470,TM,Turkmenistan,Exports of goods and services (current US$),2025,7210521475.21383,Europe & Central Asia,Upper middle income,58.3794,37.9509
2471,TM,Turkmenistan,Exports of goods and services (current US$),2024,7775761413.84389,Europe & Central Asia,Upper middle income,58.3794,37.9509
2472,TM,Turkmenistan,Exports of goods and services (current US$),2023,8457755751.73219,Europe & Central Asia,Upper middle income,58.3794,37.9509
2473,TM,Turkmenistan,Exports of goods and services (current US$),2022,9462080139.40621,Europe & Central Asia,Upper middle income,58.3794,37.9509
2474,TM,Turkmenistan,Exports of goods and services (current US$),2021,5472487037.44481,Europe & Central Asia,Upper middle income,58.3794,37.9509
2475,TM,Turkmenistan,Exports of goods and services (current US$),2020,4627021565.19586,Europe & Central Asia,Upper middle income,58.3794,37.9509
2476,TM,Turkmenistan,Exports of goods and services (current US$),2019,7332697660.37736,Europe & Central Asia,Upper middle income,58.3794,37.9509
2477,TM,Turkmenistan,Exports of goods and services (current US$),2018,7441296806.56934,Europe & Central Asia,Upper middle income,58.3794,37.9509
2478,TM,Turkmenistan,Exports of goods and services (current US$),2017,6848646030.15075,Europe & Central Asia,Upper middle income,58.3794,37.9509
2479,TM,Turkmenistan,Exports of goods and services (current US$),2016,7283241157.89474,Europe & Central Asia,Upper middle income,58.3794,37.9509
2480,TC,Turks and Caicos Islands,Exports of goods and services (current US$),2025,,Latin America & Caribbean ,High income,-71.141389,21.4602778
2481,TC,Turks and Caicos Islands,Exports of goods and services (current US$),2024,,Latin America & Caribbean ,High income,-71.141389,21.4602778
2482,TC,Turks and Caicos Islands,Exports of goods and services (current US$),2023,,Latin America & Caribbean ,High income,-71.141389,21.4602778
2483,TC,Turks and Caicos Islands,Exports of goods and services (current US$),2022,,Latin America & Caribbean ,High income,-71.141389,21.4602778
2484,TC,Turks and Caicos Islands,Exports of goods and services (current US$),2021,,Latin America & Caribbean ,High income,-71.141389,21.4602778
2485,TC,Turks and Caicos Islands,Exports of goods and services (current US$),2020,,Latin America & Caribbean ,High income,-71.141389,21.4602778
2486,TC,Turks and Caicos Islands,Exports of goods and services (current US$),2019,,Latin America & Caribbean ,High income,-71.141389,21.4602778
2487,TC,Turks and Caicos Islands,Exports of goods and services (current US$),2018,,Latin America & Caribbean ,High income,-71.141389,21.4602778
2488,TC,Turks and Caicos Islands,Exports of goods and services (current US$),2017,,Latin America & Caribbean ,High income,-71.141389,21.4602778
2489,TC,Turks and Caicos Islands,Exports of goods and services (current US$),2016,,Latin America & Caribbean ,High income,-71.141389,21.4602778
2490,TV,Tuvalu,Exports of goods and services (current US$),2025,,East Asia & Pacific,Upper middle income,179.089567,-8.6314877
2491,TV,Tuvalu,Exports of goods and services (current US$),2024,,East Asia & Pacific,Upper middle income,179.089567,-8.6314877
2492,TV,Tuvalu,Exports of goods and services (current US$),2023,,East Asia & Pacific,Upper middle income,179.089567,-8.6314877
2493,TV,Tuvalu,Exports of goods and services (current US$),2022,,East Asia & Pacific,Upper middle income,179.089567,-8.6314877
2494,TV,Tuvalu,Exports of goods and services (current US$),2021,,East Asia & Pacific,Upper middle income,179.089567,-8.6314877
2495,TV,Tuvalu,Exports of goods and services (current US$),2020,,East Asia & Pacific,Upper middle income,179.089567,-8.6314877
2496,TV,Tuvalu,Exports of goods and services (current US$),2019,,East Asia & Pacific,Upper middle income,179.089567,-8.6314877
2497,TV,Tuvalu,Exports of goods and services (current US$),2018,,East Asia & Pacific,Upper middle income,179.089567,-8.6314877
2498,TV,Tuvalu,Exports of goods and services (current US$),2017,,East Asia & Pacific,Upper middle income,179.089567,-8.6314877
2499,TV,Tuvalu,Exports of goods and services (current US$),2016,,East Asia & Pacific,Upper middle income,179.089567,-8.6314877
2500,UG,Uganda,Exports of goods and services (current US$),2025,13289512670.7607,Sub-Saharan Africa ,Low income,32.5729,0.314269
2501,UG,Uganda,Exports of goods and services (current US$),2024,9034338028.9815,Sub-Saharan Africa ,Low income,32.5729,0.314269
2502,UG,Uganda,Exports of goods and services (current US$),2023,5658032305.29201,Sub-Saharan Africa ,Low income,32.5729,0.314269
2503,UG,Uganda,Exports of goods and services (current US$),2022,5477862277.79869,Sub-Saharan Africa ,Low income,32.5729,0.314269
2504,UG,Uganda,Exports of goods and services (current US$),2021,6396009273.52046,Sub-Saharan Africa ,Low income,32.5729,0.314269
2505,UG,Uganda,Exports of goods and services (current US$),2020,5796021014.64896,Sub-Saharan Africa ,Low income,32.5729,0.314269
2506,UG,Uganda,Exports of goods and services (current US$),2019,6048575717.77072,Sub-Saharan Africa ,Low income,32.5729,0.314269
2507,UG,Uganda,Exports of goods and services (current US$),2018,4967717826.69986,Sub-Saharan Africa ,Low income,32.5729,0.314269
2508,UG,Uganda,Exports of goods and services (current US$),2017,5122376576.57757,Sub-Saharan Africa ,Low income,32.5729,0.314269
2509,UG,Uganda,Exports of goods and services (current US$),2016,3629227691.22134,Sub-Saharan Africa ,Low income,32.5729,0.314269
2510,UA,Ukraine,Exports of goods and services (current US$),2025,54272867488.1444,Europe & Central Asia,Upper middle income,30.5038,50.4536
2511,UA,Ukraine,Exports of goods and services (current US$),2024,56624210504.8448,Europe & Central Asia,Upper middle income,30.5038,50.4536
2512,UA,Ukraine,Exports of goods and services (current US$),2023,51286538169.6103,Europe & Central Asia,Upper middle income,30.5038,50.4536
2513,UA,Ukraine,Exports of goods and services (current US$),2022,57417372455.43,Europe & Central Asia,Upper middle income,30.5038,50.4536
2514,UA,Ukraine,Exports of goods and services (current US$),2021,81281413098.7658,Europe & Central Asia,Upper middle income,30.5038,50.4536
2515,UA,Ukraine,Exports of goods and services (current US$),2020,60801578067.778,Europe & Central Asia,Upper middle income,30.5038,50.4536
2516,UA,Ukraine,Exports of goods and services (current US$),2019,63448583044.48,Europe & Central Asia,Upper middle income,30.5038,50.4536
2517,UA,Ukraine,Exports of goods and services (current US$),2018,59208892250.9196,Europe & Central Asia,Upper middle income,30.5038,50.4536
2518,UA,Ukraine,Exports of goods and services (current US$),2017,53943461808.6232,Europe & Central Asia,Upper middle income,30.5038,50.4536
2519,UA,Ukraine,Exports of goods and services (current US$),2016,46023154798.8845,Europe & Central Asia,Upper middle income,30.5038,50.4536
2520,AE,United Arab Emirates,Exports of goods and services (current US$),2025,,"Middle East, North Africa, Afghanistan & Pakistan",High income,54.3705,24.4764
2521,AE,United Arab Emirates,Exports of goods and services (current US$),2024,,"Middle East, North Africa, Afghanistan & Pakistan",High income,54.3705,24.4764
2522,AE,United Arab Emirates,Exports of goods and services (current US$),2023,558401633764.466,"Middle East, North Africa, Afghanistan & Pakistan",High income,54.3705,24.4764
2523,AE,United Arab Emirates,Exports of goods and services (current US$),2022,521897345132.743,"Middle East, North Africa, Afghanistan & Pakistan",High income,54.3705,24.4764
2524,AE,United Arab Emirates,Exports of goods and services (current US$),2021,425155888359.428,"Middle East, North Africa, Afghanistan & Pakistan",High income,54.3705,24.4764
2525,AE,United Arab Emirates,Exports of goods and services (current US$),2020,350277467665.078,"Middle East, North Africa, Afghanistan & Pakistan",High income,54.3705,24.4764
2526,AE,United Arab Emirates,Exports of goods and services (current US$),2019,404863172226.004,"Middle East, North Africa, Afghanistan & Pakistan",High income,54.3705,24.4764
2527,AE,United Arab Emirates,Exports of goods and services (current US$),2018,400217835262.083,"Middle East, North Africa, Afghanistan & Pakistan",High income,54.3705,24.4764
2528,AE,United Arab Emirates,Exports of goods and services (current US$),2017,382137508509.19,"Middle East, North Africa, Afghanistan & Pakistan",High income,54.3705,24.4764
2529,AE,United Arab Emirates,Exports of goods and services (current US$),2016,360626276378.489,"Middle East, North Africa, Afghanistan & Pakistan",High income,54.3705,24.4764
2530,GB,United Kingdom,Exports of goods and services (current US$),2025,1224670037744.72,Europe & Central Asia,High income,-0.126236,51.5002
2531,GB,United Kingdom,Exports of goods and services (current US$),2024,1147692057154.76,Europe & Central Asia,High income,-0.126236,51.5002
2532,GB,United Kingdom,Exports of goods and services (current US$),2023,1091653856200.64,Europe & Central Asia,High income,-0.126236,51.5002
2533,GB,United Kingdom,Exports of goods and services (current US$),2022,1083593172366.25,Europe & Central Asia,High income,-0.126236,51.5002
2534,GB,United Kingdom,Exports of goods and services (current US$),2021,935667446175.151,Europe & Central Asia,High income,-0.126236,51.5002
2535,GB,United Kingdom,Exports of goods and services (current US$),2020,815801724783.58,Europe & Central Asia,High income,-0.126236,51.5002
2536,GB,United Kingdom,Exports of goods and services (current US$),2019,917433768894.232,Europe & Central Asia,High income,-0.126236,51.5002
2537,GB,United Kingdom,Exports of goods and services (current US$),2018,922834772428.163,Europe & Central Asia,High income,-0.126236,51.5002
2538,GB,United Kingdom,Exports of goods and services (current US$),2017,836020370556.138,Europe & Central Asia,High income,-0.126236,51.5002
2539,GB,United Kingdom,Exports of goods and services (current US$),2016,786640412453.566,Europe & Central Asia,High income,-0.126236,51.5002
2540,US,United States,Exports of goods and services (current US$),2025,,North America,High income,-77.032,38.8895
2541,US,United States,Exports of goods and services (current US$),2024,3215368000000.0,North America,High income,-77.032,38.8895
2542,US,United States,Exports of goods and services (current US$),2023,3073360000000.0,North America,High income,-77.032,38.8895
2543,US,United States,Exports of goods and services (current US$),2022,3036430000000.0,North America,High income,-77.032,38.8895
2544,US,United States,Exports of goods and services (current US$),2021,2568697000000.0,North America,High income,-77.032,38.8895
2545,US,United States,Exports of goods and services (current US$),2020,2163837000000.0,North America,High income,-77.032,38.8895
2546,US,United States,Exports of goods and services (current US$),2019,2539391000000.0,North America,High income,-77.032,38.8895
2547,US,United States,Exports of goods and services (current US$),2018,2538089000000.0,North America,High income,-77.032,38.8895
2548,US,United States,Exports of goods and services (current US$),2017,2388260000000.0,North America,High income,-77.032,38.8895
2549,US,United States,Exports of goods and services (current US$),2016,2235558000000.0,North America,High income,-77.032,38.8895
2550,UY,Uruguay,Exports of goods and services (current US$),2025,23104847902.7936,Latin America & Caribbean ,High income,-56.0675,-34.8941
2551,UY,Uruguay,Exports of goods and services (current US$),2024,23243778154.4462,Latin America & Caribbean ,High income,-56.0675,-34.8941
2552,UY,Uruguay,Exports of goods and services (current US$),2023,22163590551.6695,Latin America & Caribbean ,High income,-56.0675,-34.8941
2553,UY,Uruguay,Exports of goods and services (current US$),2022,23432009306.1433,Latin America & Caribbean ,High income,-56.0675,-34.8941
2554,UY,Uruguay,Exports of goods and services (current US$),2021,20010242322.4196,Latin America & Caribbean ,High income,-56.0675,-34.8941
2555,UY,Uruguay,Exports of goods and services (current US$),2020,14026258642.1459,Latin America & Caribbean ,High income,-56.0675,-34.8941
2556,UY,Uruguay,Exports of goods and services (current US$),2019,17363375088.1958,Latin America & Caribbean ,High income,-56.0675,-34.8941
2557,UY,Uruguay,Exports of goods and services (current US$),2018,17265078783.0651,Latin America & Caribbean ,High income,-56.0675,-34.8941
2558,UY,Uruguay,Exports of goods and services (current US$),2017,16856823032.1798,Latin America & Caribbean ,High income,-56.0675,-34.8941
2559,UY,Uruguay,Exports of goods and services (current US$),2016,15480542128.3311,Latin America & Caribbean ,High income,-56.0675,-34.8941
2560,UZ,Uzbekistan,Exports of goods and services (current US$),2025,32401308149.1144,Europe & Central Asia,Lower middle income,69.269,41.3052
2561,UZ,Uzbekistan,Exports of goods and services (current US$),2024,26172869000.28,Europe & Central Asia,Lower middle income,69.269,41.3052
2562,UZ,Uzbekistan,Exports of goods and services (current US$),2023,25070062402.3687,Europe & Central Asia,Lower middle income,69.269,41.3052
2563,UZ,Uzbekistan,Exports of goods and services (current US$),2022,20962647200.8976,Europe & Central Asia,Lower middle income,69.269,41.3052
2564,UZ,Uzbekistan,Exports of goods and services (current US$),2021,16479144804.738,Europe & Central Asia,Lower middle income,69.269,41.3052
2565,UZ,Uzbekistan,Exports of goods and services (current US$),2020,14561318344.1846,Europe & Central Asia,Lower middle income,69.269,41.3052
2566,UZ,Uzbekistan,Exports of goods and services (current US$),2019,17059027389.7613,Europe & Central Asia,Lower middle income,69.269,41.3052
2567,UZ,Uzbekistan,Exports of goods and services (current US$),2018,14190894258.3354,Europe & Central Asia,Lower middle income,69.269,41.3052
2568,UZ,Uzbekistan,Exports of goods and services (current US$),2017,12880673500.8197,Europe & Central Asia,Lower middle income,69.269,41.3052
2569,UZ,Uzbekistan,Exports of goods and services (current US$),2016,10623491738.669,Europe & Central Asia,Lower middle income,69.269,41.3052
2570,VU,Vanuatu,Exports of goods and services (current US$),2025,,East Asia & Pacific,Lower middle income,168.321,-17.7404
2571,VU,Vanuatu,Exports of goods and services (current US$),2024,329014391.809676,East Asia & Pacific,Lower middle income,168.321,-17.7404
2572,VU,Vanuatu,Exports of goods and services (current US$),2023,337076293.420086,East Asia & Pacific,Lower middle income,168.321,-17.7404
2573,VU,Vanuatu,Exports of goods and services (current US$),2022,176864388.575552,East Asia & Pacific,Lower middle income,168.321,-17.7404
2574,VU,Vanuatu,Exports of goods and services (current US$),2021,86905278.5454878,East Asia & Pacific,Lower middle income,168.321,-17.7404
2575,VU,Vanuatu,Exports of goods and services (current US$),2020,139400242.676374,East Asia & Pacific,Lower middle income,168.321,-17.7404
2576,VU,Vanuatu,Exports of goods and services (current US$),2019,328285359.423006,East Asia & Pacific,Lower middle income,168.321,-17.7404
2577,VU,Vanuatu,Exports of goods and services (current US$),2018,392075523.079018,East Asia & Pacific,Lower middle income,168.321,-17.7404
2578,VU,Vanuatu,Exports of goods and services (current US$),2017,376040500.447627,East Asia & Pacific,Lower middle income,168.321,-17.7404
2579,VU,Vanuatu,Exports of goods and services (current US$),2016,346199585.15787,East Asia & Pacific,Lower middle income,168.321,-17.7404
2580,VE,"Venezuela, RB",Exports of goods and services (current US$),2025,14852682003.4522,Latin America & Caribbean ,Lower middle income,-69.8371,9.08165
2581,VE,"Venezuela, RB",Exports of goods and services (current US$),2024,20176779558.6232,Latin America & Caribbean ,Lower middle income,-69.8371,9.08165
2582,VE,"Venezuela, RB",Exports of goods and services (current US$),2023,18495894769.6801,Latin America & Caribbean ,Lower middle income,-69.8371,9.08165
2583,VE,"Venezuela, RB",Exports of goods and services (current US$),2022,14552860356.0786,Latin America & Caribbean ,Lower middle income,-69.8371,9.08165
2584,VE,"Venezuela, RB",Exports of goods and services (current US$),2021,8690436503.83434,Latin America & Caribbean ,Lower middle income,-69.8371,9.08165
2585,VE,"Venezuela, RB",Exports of goods and services (current US$),2020,5571267853.64899,Latin America & Caribbean ,Lower middle income,-69.8371,9.08165
2586,VE,"Venezuela, RB",Exports of goods and services (current US$),2019,34459561492.6673,Latin America & Caribbean ,Lower middle income,-69.8371,9.08165
2587,VE,"Venezuela, RB",Exports of goods and services (current US$),2018,43392568659.1276,Latin America & Caribbean ,Lower middle income,-69.8371,9.08165
2588,VE,"Venezuela, RB",Exports of goods and services (current US$),2017,38630825247.5965,Latin America & Caribbean ,Lower middle income,-69.8371,9.08165
2589,VE,"Venezuela, RB",Exports of goods and services (current US$),2016,35237270126.561,Latin America & Caribbean ,Lower middle income,-69.8371,9.08165
2590,VN,Viet Nam,Exports of goods and services (current US$),2025,505661231330.217,East Asia & Pacific,Upper middle income,105.825,21.0069
2591,VN,Viet Nam,Exports of goods and services (current US$),2024,429484097216.943,East Asia & Pacific,Upper middle income,105.825,21.0069
2592,VN,Viet Nam,Exports of goods and services (current US$),2023,376268017649.38,East Asia & Pacific,Upper middle income,105.825,21.0069
2593,VN,Viet Nam,Exports of goods and services (current US$),2022,386241068014.827,East Asia & Pacific,Upper middle income,105.825,21.0069
2594,VN,Viet Nam,Exports of goods and services (current US$),2021,343937314545.796,East Asia & Pacific,Upper middle income,105.825,21.0069
2595,VN,Viet Nam,Exports of goods and services (current US$),2020,292479899128.741,East Asia & Pacific,Upper middle income,105.825,21.0069
2596,VN,Viet Nam,Exports of goods and services (current US$),2019,284737397482.992,East Asia & Pacific,Upper middle income,105.825,21.0069
2597,VN,Viet Nam,Exports of goods and services (current US$),2018,261802606599.096,East Asia & Pacific,Upper middle income,105.825,21.0069
2598,VN,Viet Nam,Exports of goods and services (current US$),2017,230041803530.193,East Asia & Pacific,Upper middle income,105.825,21.0069
2599,VN,Viet Nam,Exports of goods and services (current US$),2016,190526869544.715,East Asia & Pacific,Upper middle income,105.825,21.0069
2600,VI,Virgin Islands (U.S.),Exports of goods and services (current US$),2025,,Latin America & Caribbean ,High income,-64.8963,18.3358
2601,VI,Virgin Islands (U.S.),Exports of goods and services (current US$),2024,,Latin America & Caribbean ,High income,-64.8963,18.3358
2602,VI,Virgin Islands (U.S.),Exports of goods and services (current US$),2023,,Latin America & Caribbean ,High income,-64.8963,18.3358
2603,VI,Virgin Islands (U.S.),Exports of goods and services (current US$),2022,4549000000.0,Latin America & Caribbean ,High income,-64.8963,18.3358
2604,VI,Virgin Islands (U.S.),Exports of goods and services (current US$),2021,4069000000.0,Latin America & Caribbean ,High income,-64.8963,18.3358
2605,VI,Virgin Islands (U.S.),Exports of goods and services (current US$),2020,1620000000.0,Latin America & Caribbean ,High income,-64.8963,18.3358
2606,VI,Virgin Islands (U.S.),Exports of goods and services (current US$),2019,2265000000.0,Latin America & Caribbean ,High income,-64.8963,18.3358
2607,VI,Virgin Islands (U.S.),Exports of goods and services (current US$),2018,2084000000.0,Latin America & Caribbean ,High income,-64.8963,18.3358
2608,VI,Virgin Islands (U.S.),Exports of goods and services (current US$),2017,2403000000.0,Latin America & Caribbean ,High income,-64.8963,18.3358
2609,VI,Virgin Islands (U.S.),Exports of goods and services (current US$),2016,1786000000.0,Latin America & Caribbean ,High income,-64.8963,18.3358
2610,PS,West Bank and Gaza,Exports of goods and services (current US$),2025,3644200000.0,"Middle East, North Africa, Afghanistan & Pakistan",Lower middle income,,
2611,PS,West Bank and Gaza,Exports of goods and services (current US$),2024,3500100000.0,"Middle East, North Africa, Afghanistan & Pakistan",Lower middle income,,
2612,PS,West Bank and Gaza,Exports of goods and services (current US$),2023,3167200000.0,"Middle East, North Africa, Afghanistan & Pakistan",Lower middle income,,
2613,PS,West Bank and Gaza,Exports of goods and services (current US$),2022,3533400000.0,"Middle East, North Africa, Afghanistan & Pakistan",Lower middle income,,
2614,PS,West Bank and Gaza,Exports of goods and services (current US$),2021,3140300000.0,"Middle East, North Africa, Afghanistan & Pakistan",Lower middle income,,
2615,PS,West Bank and Gaza,Exports of goods and services (current US$),2020,2385300000.0,"Middle East, North Africa, Afghanistan & Pakistan",Lower middle income,,
2616,PS,West Bank and Gaza,Exports of goods and services (current US$),2019,2659300000.0,"Middle East, North Africa, Afghanistan & Pakistan",Lower middle income,,
2617,PS,West Bank and Gaza,Exports of goods and services (current US$),2018,2598000000.0,"Middle East, North Africa, Afghanistan & Pakistan",Lower middle income,,
2618,PS,West Bank and Gaza,Exports of goods and services (current US$),2017,2536000000.0,"Middle East, North Africa, Afghanistan & Pakistan",Lower middle income,,
2619,PS,West Bank and Gaza,Exports of goods and services (current US$),2016,2207100000.0,"Middle East, North Africa, Afghanistan & Pakistan",Lower middle income,,
2620,YE,"Yemen, Rep.",Exports of goods and services (current US$),2025,,"Middle East, North Africa, Afghanistan & Pakistan",Low income,44.2075,15.352
2621,YE,"Yemen, Rep.",Exports of goods and services (current US$),2024,,"Middle East, North Africa, Afghanistan & Pakistan",Low income,44.2075,15.352
2622,YE,"Yemen, Rep.",Exports of goods and services (current US$),2023,,"Middle East, North Africa, Afghanistan & Pakistan",Low income,44.2075,15.352
2623,YE,"Yemen, Rep.",Exports of goods and services (current US$),2022,,"Middle East, North Africa, Afghanistan & Pakistan",Low income,44.2075,15.352
2624,YE,"Yemen, Rep.",Exports of goods and services (current US$),2021,,"Middle East, North Africa, Afghanistan & Pakistan",Low income,44.2075,15.352
2625,YE,"Yemen, Rep.",Exports of goods and services (current US$),2020,,"Middle East, North Africa, Afghanistan & Pakistan",Low income,44.2075,15.352
2626,YE,"Yemen, Rep.",Exports of goods and services (current US$),2019,,"Middle East, North Africa, Afghanistan & Pakistan",Low income,44.2075,15.352
2627,YE,"Yemen, Rep.",Exports of goods and services (current US$),2018,1891857548.62885,"Middle East, North Africa, Afghanistan & Pakistan",Low income,44.2075,15.352
2628,YE,"Yemen, Rep.",Exports of goods and services (current US$),2017,2600541607.29261,"Middle East, North Africa, Afghanistan & Pakistan",Low income,44.2075,15.352
2629,YE,"Yemen, Rep.",Exports of goods and services (current US$),2016,1506137717.83826,"Middle East, North Africa, Afghanistan & Pakistan",Low income,44.2075,15.352
2630,ZM,Zambia,Exports of goods and services (current US$),2025,,Sub-Saharan Africa ,Lower middle income,28.2937,-15.3982
2631,ZM,Zambia,Exports of goods and services (current US$),2024,8851528097.90289,Sub-Saharan Africa ,Lower middle income,28.2937,-15.3982
2632,ZM,Zambia,Exports of goods and services (current US$),2023,11264526288.2707,Sub-Saharan Africa ,Lower middle income,28.2937,-15.3982
2633,ZM,Zambia,Exports of goods and services (current US$),2022,11722089926.1135,Sub-Saharan Africa ,Lower middle income,28.2937,-15.3982
2634,ZM,Zambia,Exports of goods and services (current US$),2021,11537884956.0409,Sub-Saharan Africa ,Lower middle income,28.2937,-15.3982
2635,ZM,Zambia,Exports of goods and services (current US$),2020,8473997596.93761,Sub-Saharan Africa ,Lower middle income,28.2937,-15.3982
2636,ZM,Zambia,Exports of goods and services (current US$),2019,8073235065.94259,Sub-Saharan Africa ,Lower middle income,28.2937,-15.3982
2637,ZM,Zambia,Exports of goods and services (current US$),2018,9987165258.55507,Sub-Saharan Africa ,Lower middle income,28.2937,-15.3982
2638,ZM,Zambia,Exports of goods and services (current US$),2017,9053912487.52298,Sub-Saharan Africa ,Lower middle income,28.2937,-15.3982
2639,ZM,Zambia,Exports of goods and services (current US$),2016,7403491271.28836,Sub-Saharan Africa ,Lower middle income,28.2937,-15.3982
2640,ZW,Zimbabwe,Exports of goods and services (current US$),2025,,Sub-Saharan Africa ,Lower middle income,31.0672,-17.8312
2641,ZW,Zimbabwe,Exports of goods and services (current US$),2024,7497382805.65406,Sub-Saharan Africa ,Lower middle income,31.0672,-17.8312
2642,ZW,Zimbabwe,Exports of goods and services (current US$),2023,6140200070.08825,Sub-Saharan Africa ,Lower middle income,31.0672,-17.8312
2643,ZW,Zimbabwe,Exports of goods and services (current US$),2022,7650412329.02421,Sub-Saharan Africa ,Lower middle income,31.0672,-17.8312
2644,ZW,Zimbabwe,Exports of goods and services (current US$),2021,6461646331.97769,Sub-Saharan Africa ,Lower middle income,31.0672,-17.8312
2645,ZW,Zimbabwe,Exports of goods and services (current US$),2020,4795084587.19888,Sub-Saharan Africa ,Lower middle income,31.0672,-17.8312
2646,ZW,Zimbabwe,Exports of goods and services (current US$),2019,6016225250.70712,Sub-Saharan Africa ,Lower middle income,31.0672,-17.8312
2647,ZW,Zimbabwe,Exports of goods and services (current US$),2018,8932843137.2549,Sub-Saharan Africa ,Lower middle income,31.0672,-17.8312
2648,ZW,Zimbabwe,Exports of goods and services (current US$),2017,12584462151.3944,Sub-Saharan Africa ,Lower middle income,31.0672,-17.8312
2649,ZW,Zimbabwe,Exports of goods and services (current US$),2016,4100250000.0,Sub-Saharan Africa ,Lower middle income,31.0672,-17.8312
2650,ZH,Africa Eastern and Southern,Imports of goods and services (current US$),2025,377518564540.551,Aggregates,Aggregates,,
2651,ZH,Africa Eastern and Southern,Imports of goods and services (current US$),2024,354547513395.276,Aggregates,Aggregates,,
2652,ZH,Africa Eastern and Southern,Imports of goods and services (current US$),2023,347882201063.04,Aggregates,Aggregates,,
2653,ZH,Africa Eastern and Southern,Imports of goods and services (current US$),2022,361468323132.864,Aggregates,Aggregates,,
2654,ZH,Africa Eastern and Southern,Imports of goods and services (current US$),2021,292603019781.952,Aggregates,Aggregates,,
2655,ZH,Africa Eastern and Southern,Imports of goods and services (current US$),2020,227997296965.388,Aggregates,Aggregates,,
2656,ZH,Africa Eastern and Southern,Imports of goods and services (current US$),2019,277427589479.377,Aggregates,Aggregates,,
2657,ZH,Africa Eastern and Southern,Imports of goods and services (current US$),2018,290268625051.025,Aggregates,Aggregates,,
2658,ZH,Africa Eastern and Southern,Imports of goods and services (current US$),2017,268371072162.541,Aggregates,Aggregates,,
2659,ZH,Africa Eastern and Southern,Imports of goods and services (current US$),2016,238807872282.256,Aggregates,Aggregates,,
2660,ZI,Africa Western and Central,Imports of goods and services (current US$),2025,,Aggregates,Aggregates,,
2661,ZI,Africa Western and Central,Imports of goods and services (current US$),2024,,Aggregates,Aggregates,,
2662,ZI,Africa Western and Central,Imports of goods and services (current US$),2023,,Aggregates,Aggregates,,
2663,ZI,Africa Western and Central,Imports of goods and services (current US$),2022,,Aggregates,Aggregates,,
2664,ZI,Africa Western and Central,Imports of goods and services (current US$),2021,,Aggregates,Aggregates,,
2665,ZI,Africa Western and Central,Imports of goods and services (current US$),2020,,Aggregates,Aggregates,,
2666,ZI,Africa Western and Central,Imports of goods and services (current US$),2019,,Aggregates,Aggregates,,
2667,ZI,Africa Western and Central,Imports of goods and services (current US$),2018,,Aggregates,Aggregates,,
2668,ZI,Africa Western and Central,Imports of goods and services (current US$),2017,,Aggregates,Aggregates,,
2669,ZI,Africa Western and Central,Imports of goods and services (current US$),2016,,Aggregates,Aggregates,,
2670,1A,Arab World,Imports of goods and services (current US$),2025,,Aggregates,Aggregates,,
2671,1A,Arab World,Imports of goods and services (current US$),2024,1600377657965.63,Aggregates,Aggregates,,
2672,1A,Arab World,Imports of goods and services (current US$),2023,1464033937292.22,Aggregates,Aggregates,,
2673,1A,Arab World,Imports of goods and services (current US$),2022,1349476383879.31,Aggregates,Aggregates,,
2674,1A,Arab World,Imports of goods and services (current US$),2021,1102853728401.97,Aggregates,Aggregates,,
2675,1A,Arab World,Imports of goods and services (current US$),2020,961100187997.725,Aggregates,Aggregates,,
2676,1A,Arab World,Imports of goods and services (current US$),2019,1104492809524.84,Aggregates,Aggregates,,
2677,1A,Arab World,Imports of goods and services (current US$),2018,1063191916830.36,Aggregates,Aggregates,,
2678,1A,Arab World,Imports of goods and services (current US$),2017,1012917656584.09,Aggregates,Aggregates,,
2679,1A,Arab World,Imports of goods and services (current US$),2016,966827291376.332,Aggregates,Aggregates,,
2680,S3,Caribbean small states,Imports of goods and services (current US$),2025,,Aggregates,Aggregates,,
2681,S3,Caribbean small states,Imports of goods and services (current US$),2024,,Aggregates,Aggregates,,
2682,S3,Caribbean small states,Imports of goods and services (current US$),2023,,Aggregates,Aggregates,,
2683,S3,Caribbean small states,Imports of goods and services (current US$),2022,,Aggregates,Aggregates,,
2684,S3,Caribbean small states,Imports of goods and services (current US$),2021,,Aggregates,Aggregates,,
2685,S3,Caribbean small states,Imports of goods and services (current US$),2020,,Aggregates,Aggregates,,
2686,S3,Caribbean small states,Imports of goods and services (current US$),2019,,Aggregates,Aggregates,,
2687,S3,Caribbean small states,Imports of goods and services (current US$),2018,,Aggregates,Aggregates,,
2688,S3,Caribbean small states,Imports of goods and services (current US$),2017,,Aggregates,Aggregates,,
2689,S3,Caribbean small states,Imports of goods and services (current US$),2016,,Aggregates,Aggregates,,
2690,B8,Central Europe and the Baltics,Imports of goods and services (current US$),2025,1517348607527.24,Aggregates,Aggregates,,
2691,B8,Central Europe and the Baltics,Imports of goods and services (current US$),2024,1386147694267.16,Aggregates,Aggregates,,
2692,B8,Central Europe and the Baltics,Imports of goods and services (current US$),2023,1359500421719.49,Aggregates,Aggregates,,
2693,B8,Central Europe and the Baltics,Imports of goods and services (current US$),2022,1369818915721.19,Aggregates,Aggregates,,
2694,B8,Central Europe and the Baltics,Imports of goods and services (current US$),2021,1195426669384.71,Aggregates,Aggregates,,
2695,B8,Central Europe and the Baltics,Imports of goods and services (current US$),2020,933319177801.454,Aggregates,Aggregates,,
2696,B8,Central Europe and the Baltics,Imports of goods and services (current US$),2019,999314910432.065,Aggregates,Aggregates,,
2697,B8,Central Europe and the Baltics,Imports of goods and services (current US$),2018,1008015921667.08,Aggregates,Aggregates,,
2698,B8,Central Europe and the Baltics,Imports of goods and services (current US$),2017,882871230701.6,Aggregates,Aggregates,,
2699,B8,Central Europe and the Baltics,Imports of goods and services (current US$),2016,774376906737.801,Aggregates,Aggregates,,
2700,V2,Early-demographic dividend,Imports of goods and services (current US$),2025,4525643203025.3,Aggregates,Aggregates,,
2701,V2,Early-demographic dividend,Imports of goods and services (current US$),2024,4233181290071.27,Aggregates,Aggregates,,
2702,V2,Early-demographic dividend,Imports of goods and services (current US$),2023,4075583536696.63,Aggregates,Aggregates,,
2703,V2,Early-demographic dividend,Imports of goods and services (current US$),2022,4137628833632.25,Aggregates,Aggregates,,
2704,V2,Early-demographic dividend,Imports of goods and services (current US$),2021,3422684821772.54,Aggregates,Aggregates,,
2705,V2,Early-demographic dividend,Imports of goods and services (current US$),2020,2596963939010.36,Aggregates,Aggregates,,
2706,V2,Early-demographic dividend,Imports of goods and services (current US$),2019,3080214867513.38,Aggregates,Aggregates,,
2707,V2,Early-demographic dividend,Imports of goods and services (current US$),2018,3191158347671.45,Aggregates,Aggregates,,
2708,V2,Early-demographic dividend,Imports of goods and services (current US$),2017,2947836891784.25,Aggregates,Aggregates,,
2709,V2,Early-demographic dividend,Imports of goods and services (current US$),2016,2625057077051.74,Aggregates,Aggregates,,
2710,Z4,East Asia & Pacific,Imports of goods and services (current US$),2025,9576067054149.27,Aggregates,Aggregates,,
2711,Z4,East Asia & Pacific,Imports of goods and services (current US$),2024,9036189094156.96,Aggregates,Aggregates,,
2712,Z4,East Asia & Pacific,Imports of goods and services (current US$),2023,8655241795523.21,Aggregates,Aggregates,,
2713,Z4,East Asia & Pacific,Imports of goods and services (current US$),2022,8917353448348.88,Aggregates,Aggregates,,
2714,Z4,East Asia & Pacific,Imports of goods and services (current US$),2021,8247884083753.99,Aggregates,Aggregates,,
2715,Z4,East Asia & Pacific,Imports of goods and services (current US$),2020,6561768021062.91,Aggregates,Aggregates,,
2716,Z4,East Asia & Pacific,Imports of goods and services (current US$),2019,7138361914065.38,Aggregates,Aggregates,,
2717,Z4,East Asia & Pacific,Imports of goods and services (current US$),2018,7316752383428.15,Aggregates,Aggregates,,
2718,Z4,East Asia & Pacific,Imports of goods and services (current US$),2017,6507362041972.17,Aggregates,Aggregates,,
2719,Z4,East Asia & Pacific,Imports of goods and services (current US$),2016,5814985022022.35,Aggregates,Aggregates,,
2720,4E,East Asia & Pacific (excluding high income),Imports of goods and services (current US$),2025,5077452085154.22,Aggregates,Aggregates,,
2721,4E,East Asia & Pacific (excluding high income),Imports of goods and services (current US$),2024,4897025500124.56,Aggregates,Aggregates,,
2722,4E,East Asia & Pacific (excluding high income),Imports of goods and services (current US$),2023,4644040141599.91,Aggregates,Aggregates,,
2723,4E,East Asia & Pacific (excluding high income),Imports of goods and services (current US$),2022,4716291266186.17,Aggregates,Aggregates,,
2724,4E,East Asia & Pacific (excluding high income),Imports of goods and services (current US$),2021,4474522612392.68,Aggregates,Aggregates,,
2725,4E,East Asia & Pacific (excluding high income),Imports of goods and services (current US$),2020,3462087635613.28,Aggregates,Aggregates,,
2726,4E,East Asia & Pacific (excluding high income),Imports of goods and services (current US$),2019,3719612840768.38,Aggregates,Aggregates,,
2727,4E,East Asia & Pacific (excluding high income),Imports of goods and services (current US$),2018,3776326757351.75,Aggregates,Aggregates,,
2728,4E,East Asia & Pacific (excluding high income),Imports of goods and services (current US$),2017,3273105425447.17,Aggregates,Aggregates,,
2729,4E,East Asia & Pacific (excluding high income),Imports of goods and services (current US$),2016,2876508237967.87,Aggregates,Aggregates,,
2730,T4,East Asia & Pacific (IDA & IBRD countries),Imports of goods and services (current US$),2025,5068055574793.46,Aggregates,Aggregates,,
2731,T4,East Asia & Pacific (IDA & IBRD countries),Imports of goods and services (current US$),2024,4887966544280.1,Aggregates,Aggregates,,
2732,T4,East Asia & Pacific (IDA & IBRD countries),Imports of goods and services (current US$),2023,4635430456860.88,Aggregates,Aggregates,,
2733,T4,East Asia & Pacific (IDA & IBRD countries),Imports of goods and services (current US$),2022,4707558466786.39,Aggregates,Aggregates,,
2734,T4,East Asia & Pacific (IDA & IBRD countries),Imports of goods and services (current US$),2021,4466178142467.65,Aggregates,Aggregates,,
2735,T4,East Asia & Pacific (IDA & IBRD countries),Imports of goods and services (current US$),2020,3455714310671.84,Aggregates,Aggregates,,
2736,T4,East Asia & Pacific (IDA & IBRD countries),Imports of goods and services (current US$),2019,3712754348060.4,Aggregates,Aggregates,,
2737,T4,East Asia & Pacific (IDA & IBRD countries),Imports of goods and services (current US$),2018,3769349996229.85,Aggregates,Aggregates,,
2738,T4,East Asia & Pacific (IDA & IBRD countries),Imports of goods and services (current US$),2017,3267086838134.17,Aggregates,Aggregates,,
2739,T4,East Asia & Pacific (IDA & IBRD countries),Imports of goods and services (current US$),2016,2871253470001.94,Aggregates,Aggregates,,
2740,XC,Euro area,Imports of goods and services (current US$),2025,8048425448247.99,Aggregates,Aggregates,,
2741,XC,Euro area,Imports of goods and services (current US$),2024,7444068242348.56,Aggregates,Aggregates,,
2742,XC,Euro area,Imports of goods and services (current US$),2023,7468597071113.62,Aggregates,Aggregates,,
2743,XC,Euro area,Imports of goods and services (current US$),2022,7592026009773.97,Aggregates,Aggregates,,
2744,XC,Euro area,Imports of goods and services (current US$),2021,6697048882918.29,Aggregates,Aggregates,,
2745,XC,Euro area,Imports of goods and services (current US$),2020,5489778653246.24,Aggregates,Aggregates,,
2746,XC,Euro area,Imports of goods and services (current US$),2019,6010930231921.75,Aggregates,Aggregates,,
2747,XC,Euro area,Imports of goods and services (current US$),2018,6027255698640.7,Aggregates,Aggregates,,
2748,XC,Euro area,Imports of goods and services (current US$),2017,5424098020204.06,Aggregates,Aggregates,,
2749,XC,Euro area,Imports of goods and services (current US$),2016,4905817744159.05,Aggregates,Aggregates,,
2750,Z7,Europe & Central Asia,Imports of goods and services (current US$),2025,13234770386334.7,Aggregates,Aggregates,,
2751,Z7,Europe & Central Asia,Imports of goods and services (current US$),2024,12139397759783.4,Aggregates,Aggregates,,
2752,Z7,Europe & Central Asia,Imports of goods and services (current US$),2023,12033527907836.7,Aggregates,Aggregates,,
2753,Z7,Europe & Central Asia,Imports of goods and services (current US$),2022,12039459879761.0,Aggregates,Aggregates,,
2754,Z7,Europe & Central Asia,Imports of goods and services (current US$),2021,10612883179120.4,Aggregates,Aggregates,,
2755,Z7,Europe & Central Asia,Imports of goods and services (current US$),2020,8715359469468.41,Aggregates,Aggregates,,
2756,Z7,Europe & Central Asia,Imports of goods and services (current US$),2019,9554430288780.14,Aggregates,Aggregates,,
2757,Z7,Europe & Central Asia,Imports of goods and services (current US$),2018,9584487900305.13,Aggregates,Aggregates,,
2758,Z7,Europe & Central Asia,Imports of goods and services (current US$),2017,8697197677022.0,Aggregates,Aggregates,,
2759,Z7,Europe & Central Asia,Imports of goods and services (current US$),2016,7888851508263.46,Aggregates,Aggregates,,
2760,7E,Europe & Central Asia (excluding high income),Imports of goods and services (current US$),2025,922802728874.218,Aggregates,Aggregates,,
2761,7E,Europe & Central Asia (excluding high income),Imports of goods and services (current US$),2024,842113182624.075,Aggregates,Aggregates,,
2762,7E,Europe & Central Asia (excluding high income),Imports of goods and services (current US$),2023,829721826309.689,Aggregates,Aggregates,,
2763,7E,Europe & Central Asia (excluding high income),Imports of goods and services (current US$),2022,782956525525.095,Aggregates,Aggregates,,
2764,7E,Europe & Central Asia (excluding high income),Imports of goods and services (current US$),2021,633462489742.029,Aggregates,Aggregates,,
2765,7E,Europe & Central Asia (excluding high income),Imports of goods and services (current US$),2020,506611180141.84,Aggregates,Aggregates,,
2766,7E,Europe & Central Asia (excluding high income),Imports of goods and services (current US$),2019,549128307196.09,Aggregates,Aggregates,,
2767,7E,Europe & Central Asia (excluding high income),Imports of goods and services (current US$),2018,546619600520.408,Aggregates,Aggregates,,
2768,7E,Europe & Central Asia (excluding high income),Imports of goods and services (current US$),2017,522982128538.946,Aggregates,Aggregates,,
2769,7E,Europe & Central Asia (excluding high income),Imports of goods and services (current US$),2016,458828731002.001,Aggregates,Aggregates,,
2770,T7,Europe & Central Asia (IDA & IBRD countries),Imports of goods and services (current US$),2025,2104633445411.99,Aggregates,Aggregates,,
2771,T7,Europe & Central Asia (IDA & IBRD countries),Imports of goods and services (current US$),2024,1939442611898.17,Aggregates,Aggregates,,
2772,T7,Europe & Central Asia (IDA & IBRD countries),Imports of goods and services (current US$),2023,1892832741410.47,Aggregates,Aggregates,,
2773,T7,Europe & Central Asia (IDA & IBRD countries),Imports of goods and services (current US$),2022,1808343226651.35,Aggregates,Aggregates,,
2774,T7,Europe & Central Asia (IDA & IBRD countries),Imports of goods and services (current US$),2021,1599555087458.1,Aggregates,Aggregates,,
2775,T7,Europe & Central Asia (IDA & IBRD countries),Imports of goods and services (current US$),2020,1265326441956.3,Aggregates,Aggregates,,
2776,T7,Europe & Central Asia (IDA & IBRD countries),Imports of goods and services (current US$),2019,1380857055285.58,Aggregates,Aggregates,,
2777,T7,Europe & Central Asia (IDA & IBRD countries),Imports of goods and services (current US$),2018,1371869295970.08,Aggregates,Aggregates,,
2778,T7,Europe & Central Asia (IDA & IBRD countries),Imports of goods and services (current US$),2017,1266826292090.79,Aggregates,Aggregates,,
2779,T7,Europe & Central Asia (IDA & IBRD countries),Imports of goods and services (current US$),2016,1081213505976.54,Aggregates,Aggregates,,
2780,EU,European Union,Imports of goods and services (current US$),2025,9732689207373.9,Aggregates,Aggregates,,
2781,EU,European Union,Imports of goods and services (current US$),2024,8991846290307.12,Aggregates,Aggregates,,
2782,EU,European Union,Imports of goods and services (current US$),2023,8976887593003.76,Aggregates,Aggregates,,
2783,EU,European Union,Imports of goods and services (current US$),2022,9096211950514.63,Aggregates,Aggregates,,
2784,EU,European Union,Imports of goods and services (current US$),2021,8032231799727.35,Aggregates,Aggregates,,
2785,EU,European Union,Imports of goods and services (current US$),2020,6545986249538.14,Aggregates,Aggregates,,
2786,EU,European Union,Imports of goods and services (current US$),2019,7136053672126.28,Aggregates,Aggregates,,
2787,EU,European Union,Imports of goods and services (current US$),2018,7166969695122.11,Aggregates,Aggregates,,
2788,EU,European Union,Imports of goods and services (current US$),2017,6433043557190.11,Aggregates,Aggregates,,
2789,EU,European Union,Imports of goods and services (current US$),2016,5805425110887.72,Aggregates,Aggregates,,
2790,XE,Heavily indebted poor countries (HIPC),Imports of goods and services (current US$),2025,386776723799.178,Aggregates,Aggregates,,
2791,XE,Heavily indebted poor countries (HIPC),Imports of goods and services (current US$),2024,341955113710.703,Aggregates,Aggregates,,
2792,XE,Heavily indebted poor countries (HIPC),Imports of goods and services (current US$),2023,328043181751.951,Aggregates,Aggregates,,
2793,XE,Heavily indebted poor countries (HIPC),Imports of goods and services (current US$),2022,325494996942.372,Aggregates,Aggregates,,
2794,XE,Heavily indebted poor countries (HIPC),Imports of goods and services (current US$),2021,275997423411.532,Aggregates,Aggregates,,
2795,XE,Heavily indebted poor countries (HIPC),Imports of goods and services (current US$),2020,227135767831.055,Aggregates,Aggregates,,
2796,XE,Heavily indebted poor countries (HIPC),Imports of goods and services (current US$),2019,251721656432.122,Aggregates,Aggregates,,
2797,XE,Heavily indebted poor countries (HIPC),Imports of goods and services (current US$),2018,251932448261.991,Aggregates,Aggregates,,
2798,XE,Heavily indebted poor countries (HIPC),Imports of goods and services (current US$),2017,227119362645.935,Aggregates,Aggregates,,
2799,XE,Heavily indebted poor countries (HIPC),Imports of goods and services (current US$),2016,220450070313.594,Aggregates,Aggregates,,
2800,XD,High income,Imports of goods and services (current US$),2025,23691349660983.7,Aggregates,Aggregates,,
2801,XD,High income,Imports of goods and services (current US$),2024,21808186065741.0,Aggregates,Aggregates,,
2802,XD,High income,Imports of goods and services (current US$),2023,21270173374761.6,Aggregates,Aggregates,,
2803,XD,High income,Imports of goods and services (current US$),2022,21542093811264.2,Aggregates,Aggregates,,
2804,XD,High income,Imports of goods and services (current US$),2021,18938540754230.8,Aggregates,Aggregates,,
2805,XD,High income,Imports of goods and services (current US$),2020,15568225936929.0,Aggregates,Aggregates,,
2806,XD,High income,Imports of goods and services (current US$),2019,17200457189474.6,Aggregates,Aggregates,,
2807,XD,High income,Imports of goods and services (current US$),2018,17350473617913.8,Aggregates,Aggregates,,
2808,XD,High income,Imports of goods and services (current US$),2017,15891607584923.0,Aggregates,Aggregates,,
2809,XD,High income,Imports of goods and services (current US$),2016,14568691965942.4,Aggregates,Aggregates,,
2810,XF,IBRD only,Imports of goods and services (current US$),2025,10560557825070.4,Aggregates,Aggregates,,
2811,XF,IBRD only,Imports of goods and services (current US$),2024,10019163928775.7,Aggregates,Aggregates,,
2812,XF,IBRD only,Imports of goods and services (current US$),2023,9544804789390.96,Aggregates,Aggregates,,
2813,XF,IBRD only,Imports of goods and services (current US$),2022,9644243545487.3,Aggregates,Aggregates,,
2814,XF,IBRD only,Imports of goods and services (current US$),2021,8683299419597.2,Aggregates,Aggregates,,
2815,XF,IBRD only,Imports of goods and services (current US$),2020,6652557082555.43,Aggregates,Aggregates,,
2816,XF,IBRD only,Imports of goods and services (current US$),2019,7451885160051.87,Aggregates,Aggregates,,
2817,XF,IBRD only,Imports of goods and services (current US$),2018,7592415929030.09,Aggregates,Aggregates,,
2818,XF,IBRD only,Imports of goods and services (current US$),2017,6781224078339.9,Aggregates,Aggregates,,
2819,XF,IBRD only,Imports of goods and services (current US$),2016,5953712478337.94,Aggregates,Aggregates,,
2820,ZT,IDA & IBRD total,Imports of goods and services (current US$),2025,11479673563092.6,Aggregates,Aggregates,,
2821,ZT,IDA & IBRD total,Imports of goods and services (current US$),2024,10865895630694.8,Aggregates,Aggregates,,
2822,ZT,IDA & IBRD total,Imports of goods and services (current US$),2023,10353761302825.4,Aggregates,Aggregates,,
2823,ZT,IDA & IBRD total,Imports of goods and services (current US$),2022,10489081848930.9,Aggregates,Aggregates,,
2824,ZT,IDA & IBRD total,Imports of goods and services (current US$),2021,9391725820327.23,Aggregates,Aggregates,,
2825,ZT,IDA & IBRD total,Imports of goods and services (current US$),2020,7226155310400.6,Aggregates,Aggregates,,
2826,ZT,IDA & IBRD total,Imports of goods and services (current US$),2019,8098810591487.76,Aggregates,Aggregates,,
2827,ZT,IDA & IBRD total,Imports of goods and services (current US$),2018,8244267175095.45,Aggregates,Aggregates,,
2828,ZT,IDA & IBRD total,Imports of goods and services (current US$),2017,7361319807896.73,Aggregates,Aggregates,,
2829,ZT,IDA & IBRD total,Imports of goods and services (current US$),2016,6476124843442.98,Aggregates,Aggregates,,
2830,XH,IDA blend,Imports of goods and services (current US$),2025,320529603138.845,Aggregates,Aggregates,,
2831,XH,IDA blend,Imports of goods and services (current US$),2024,284882431777.164,Aggregates,Aggregates,,
2832,XH,IDA blend,Imports of goods and services (current US$),2023,271792727562.894,Aggregates,Aggregates,,
2833,XH,IDA blend,Imports of goods and services (current US$),2022,297566326199.712,Aggregates,Aggregates,,
2834,XH,IDA blend,Imports of goods and services (current US$),2021,235908343515.911,Aggregates,Aggregates,,
2835,XH,IDA blend,Imports of goods and services (current US$),2020,190311870734.659,Aggregates,Aggregates,,
2836,XH,IDA blend,Imports of goods and services (current US$),2019,222500448872.672,Aggregates,Aggregates,,
2837,XH,IDA blend,Imports of goods and services (current US$),2018,230886055686.425,Aggregates,Aggregates,,
2838,XH,IDA blend,Imports of goods and services (current US$),2017,209122438304.022,Aggregates,Aggregates,,
2839,XH,IDA blend,Imports of goods and services (current US$),2016,177671705170.819,Aggregates,Aggregates,,
2840,XI,IDA only,Imports of goods and services (current US$),2025,600917365069.978,Aggregates,Aggregates,,
2841,XI,IDA only,Imports of goods and services (current US$),2024,553960260862.505,Aggregates,Aggregates,,
2842,XI,IDA only,Imports of goods and services (current US$),2023,530024441478.138,Aggregates,Aggregates,,
2843,XI,IDA only,Imports of goods and services (current US$),2022,548317378154.298,Aggregates,Aggregates,,
2844,XI,IDA only,Imports of goods and services (current US$),2021,460715044745.438,Aggregates,Aggregates,,
2845,XI,IDA only,Imports of goods and services (current US$),2020,379345143036.59,Aggregates,Aggregates,,
2846,XI,IDA only,Imports of goods and services (current US$),2019,422580345680.034,Aggregates,Aggregates,,
2847,XI,IDA only,Imports of goods and services (current US$),2018,419186157972.862,Aggregates,Aggregates,,
2848,XI,IDA only,Imports of goods and services (current US$),2017,369788220013.949,Aggregates,Aggregates,,
2849,XI,IDA only,Imports of goods and services (current US$),2016,344046206580.575,Aggregates,Aggregates,,
2850,XG,IDA total,Imports of goods and services (current US$),2025,923682106808.766,Aggregates,Aggregates,,
2851,XG,IDA total,Imports of goods and services (current US$),2024,842235740804.176,Aggregates,Aggregates,,
2852,XG,IDA total,Imports of goods and services (current US$),2023,805179247795.128,Aggregates,Aggregates,,
2853,XG,IDA total,Imports of goods and services (current US$),2022,846858629408.113,Aggregates,Aggregates,,
2854,XG,IDA total,Imports of goods and services (current US$),2021,699716168597.717,Aggregates,Aggregates,,
2855,XG,IDA total,Imports of goods and services (current US$),2020,572863295564.075,Aggregates,Aggregates,,
2856,XG,IDA total,Imports of goods and services (current US$),2019,647027276028.397,Aggregates,Aggregates,,
2857,XG,IDA total,Imports of goods and services (current US$),2018,650428201513.59,Aggregates,Aggregates,,
2858,XG,IDA total,Imports of goods and services (current US$),2017,578381812790.947,Aggregates,Aggregates,,
2859,XG,IDA total,Imports of goods and services (current US$),2016,523751487113.122,Aggregates,Aggregates,,
2860,V3,Late-demographic dividend,Imports of goods and services (current US$),2025,8490827147042.33,Aggregates,Aggregates,,
2861,V3,Late-demographic dividend,Imports of goods and services (current US$),2024,8030666021798.13,Aggregates,Aggregates,,
2862,V3,Late-demographic dividend,Imports of goods and services (current US$),2023,7634719237914.36,Aggregates,Aggregates,,
2863,V3,Late-demographic dividend,Imports of goods and services (current US$),2022,7581298736991.1,Aggregates,Aggregates,,
2864,V3,Late-demographic dividend,Imports of goods and services (current US$),2021,7022950250973.14,Aggregates,Aggregates,,
2865,V3,Late-demographic dividend,Imports of goods and services (current US$),2020,5637373172312.49,Aggregates,Aggregates,,
2866,V3,Late-demographic dividend,Imports of goods and services (current US$),2019,6049230518482.01,Aggregates,Aggregates,,
2867,V3,Late-demographic dividend,Imports of goods and services (current US$),2018,5943259457411.93,Aggregates,Aggregates,,
2868,V3,Late-demographic dividend,Imports of goods and services (current US$),2017,5300539042929.63,Aggregates,Aggregates,,
2869,V3,Late-demographic dividend,Imports of goods and services (current US$),2016,4707169073571.32,Aggregates,Aggregates,,
2870,ZJ,Latin America & Caribbean,Imports of goods and services (current US$),2025,1954827596596.67,Aggregates,Aggregates,,
2871,ZJ,Latin America & Caribbean,Imports of goods and services (current US$),2024,1834923152603.81,Aggregates,Aggregates,,
2872,ZJ,Latin America & Caribbean,Imports of goods and services (current US$),2023,1765932016560.67,Aggregates,Aggregates,,
2873,ZJ,Latin America & Caribbean,Imports of goods and services (current US$),2022,1843388436944.76,Aggregates,Aggregates,,
2874,ZJ,Latin America & Caribbean,Imports of goods and services (current US$),2021,1517723377793.24,Aggregates,Aggregates,,
2875,ZJ,Latin America & Caribbean,Imports of goods and services (current US$),2020,1130328392319.12,Aggregates,Aggregates,,
2876,ZJ,Latin America & Caribbean,Imports of goods and services (current US$),2019,1369639233374.71,Aggregates,Aggregates,,
2877,ZJ,Latin America & Caribbean,Imports of goods and services (current US$),2018,1406667702554.46,Aggregates,Aggregates,,
2878,ZJ,Latin America & Caribbean,Imports of goods and services (current US$),2017,1288586799169.63,Aggregates,Aggregates,,
2879,ZJ,Latin America & Caribbean,Imports of goods and services (current US$),2016,1176268281929.59,Aggregates,Aggregates,,
2880,XJ,Latin America & Caribbean (excluding high income),Imports of goods and services (current US$),2025,1649813653064.65,Aggregates,Aggregates,,
2881,XJ,Latin America & Caribbean (excluding high income),Imports of goods and services (current US$),2024,1549503027940.4,Aggregates,Aggregates,,
2882,XJ,Latin America & Caribbean (excluding high income),Imports of goods and services (current US$),2023,1479081533667.05,Aggregates,Aggregates,,
2883,XJ,Latin America & Caribbean (excluding high income),Imports of goods and services (current US$),2022,1544183606489.37,Aggregates,Aggregates,,
2884,XJ,Latin America & Caribbean (excluding high income),Imports of goods and services (current US$),2021,1267141077299.81,Aggregates,Aggregates,,
2885,XJ,Latin America & Caribbean (excluding high income),Imports of goods and services (current US$),2020,941479261038.562,Aggregates,Aggregates,,
2886,XJ,Latin America & Caribbean (excluding high income),Imports of goods and services (current US$),2019,1139954621784.56,Aggregates,Aggregates,,
2887,XJ,Latin America & Caribbean (excluding high income),Imports of goods and services (current US$),2018,1172158657096.51,Aggregates,Aggregates,,
2888,XJ,Latin America & Caribbean (excluding high income),Imports of goods and services (current US$),2017,1073077764674.83,Aggregates,Aggregates,,
2889,XJ,Latin America & Caribbean (excluding high income),Imports of goods and services (current US$),2016,977352085835.214,Aggregates,Aggregates,,
2890,T2,Latin America & the Caribbean (IDA & IBRD countries),Imports of goods and services (current US$),2025,1858078789817.98,Aggregates,Aggregates,,
2891,T2,Latin America & the Caribbean (IDA & IBRD countries),Imports of goods and services (current US$),2024,1743100619221.05,Aggregates,Aggregates,,
2892,T2,Latin America & the Caribbean (IDA & IBRD countries),Imports of goods and services (current US$),2023,1673198898845.51,Aggregates,Aggregates,,
2893,T2,Latin America & the Caribbean (IDA & IBRD countries),Imports of goods and services (current US$),2022,1755011028466.5,Aggregates,Aggregates,,
2894,T2,Latin America & the Caribbean (IDA & IBRD countries),Imports of goods and services (current US$),2021,1442881281592.38,Aggregates,Aggregates,,
2895,T2,Latin America & the Caribbean (IDA & IBRD countries),Imports of goods and services (current US$),2020,1063355992420.31,Aggregates,Aggregates,,
2896,T2,Latin America & the Caribbean (IDA & IBRD countries),Imports of goods and services (current US$),2019,1291027830736.93,Aggregates,Aggregates,,
2897,T2,Latin America & the Caribbean (IDA & IBRD countries),Imports of goods and services (current US$),2018,1329311523872.58,Aggregates,Aggregates,,
2898,T2,Latin America & the Caribbean (IDA & IBRD countries),Imports of goods and services (current US$),2017,1214704408906.54,Aggregates,Aggregates,,
2899,T2,Latin America & the Caribbean (IDA & IBRD countries),Imports of goods and services (current US$),2016,1107172081702.48,Aggregates,Aggregates,,
2900,XL,Least developed countries: UN classification,Imports of goods and services (current US$),2025,471390416178.846,Aggregates,Aggregates,,
2901,XL,Least developed countries: UN classification,Imports of goods and services (current US$),2024,440832565756.549,Aggregates,Aggregates,,
2902,XL,Least developed countries: UN classification,Imports of goods and services (current US$),2023,430286743430.453,Aggregates,Aggregates,,
2903,XL,Least developed countries: UN classification,Imports of goods and services (current US$),2022,459359199592.119,Aggregates,Aggregates,,
2904,XL,Least developed countries: UN classification,Imports of goods and services (current US$),2021,373113689270.181,Aggregates,Aggregates,,
2905,XL,Least developed countries: UN classification,Imports of goods and services (current US$),2020,310442166878.86,Aggregates,Aggregates,,
2906,XL,Least developed countries: UN classification,Imports of goods and services (current US$),2019,339584426551.158,Aggregates,Aggregates,,
2907,XL,Least developed countries: UN classification,Imports of goods and services (current US$),2018,337557577257.123,Aggregates,Aggregates,,
2908,XL,Least developed countries: UN classification,Imports of goods and services (current US$),2017,290076395298.081,Aggregates,Aggregates,,
2909,XL,Least developed countries: UN classification,Imports of goods and services (current US$),2016,267943198045.29,Aggregates,Aggregates,,
2910,XO,Low & middle income,Imports of goods and services (current US$),2025,10097560770973.0,Aggregates,Aggregates,,
2911,XO,Low & middle income,Imports of goods and services (current US$),2024,9584023212862.22,Aggregates,Aggregates,,
2912,XO,Low & middle income,Imports of goods and services (current US$),2023,9107658543849.09,Aggregates,Aggregates,,
2913,XO,Low & middle income,Imports of goods and services (current US$),2022,9266806183635.51,Aggregates,Aggregates,,
2914,XO,Low & middle income,Imports of goods and services (current US$),2021,8260316082721.72,Aggregates,Aggregates,,
2915,XO,Low & middle income,Imports of goods and services (current US$),2020,6353353053046.65,Aggregates,Aggregates,,
2916,XO,Low & middle income,Imports of goods and services (current US$),2019,7125927640602.53,Aggregates,Aggregates,,
2917,XO,Low & middle income,Imports of goods and services (current US$),2018,7272269476948.09,Aggregates,Aggregates,,
2918,XO,Low & middle income,Imports of goods and services (current US$),2017,6485553783338.52,Aggregates,Aggregates,,
2919,XO,Low & middle income,Imports of goods and services (current US$),2016,5733992968320.03,Aggregates,Aggregates,,
2920,XM,Low income,Imports of goods and services (current US$),2025,217967585997.099,Aggregates,Aggregates,,
2921,XM,Low income,Imports of goods and services (current US$),2024,194700282630.394,Aggregates,Aggregates,,
2922,XM,Low income,Imports of goods and services (current US$),2023,178862072158.646,Aggregates,Aggregates,,
2923,XM,Low income,Imports of goods and services (current US$),2022,184604004276.854,Aggregates,Aggregates,,
2924,XM,Low income,Imports of goods and services (current US$),2021,153008431469.451,Aggregates,Aggregates,,
2925,XM,Low income,Imports of goods and services (current US$),2020,128048948008.782,Aggregates,Aggregates,,
2926,XM,Low income,Imports of goods and services (current US$),2019,140941245818.819,Aggregates,Aggregates,,
2927,XM,Low income,Imports of goods and services (current US$),2018,140766471289.516,Aggregates,Aggregates,,
2928,XM,Low income,Imports of goods and services (current US$),2017,122982282090.013,Aggregates,Aggregates,,
2929,XM,Low income,Imports of goods and services (current US$),2016,118428754564.027,Aggregates,Aggregates,,
2930,XN,Lower middle income,Imports of goods and services (current US$),2025,1920924263691.98,Aggregates,Aggregates,,
2931,XN,Lower middle income,Imports of goods and services (current US$),2024,1781722192117.79,Aggregates,Aggregates,,
2932,XN,Lower middle income,Imports of goods and services (current US$),2023,1695386687115.27,Aggregates,Aggregates,,
2933,XN,Lower middle income,Imports of goods and services (current US$),2022,1787808088324.12,Aggregates,Aggregates,,
2934,XN,Lower middle income,Imports of goods and services (current US$),2021,1506540787609.56,Aggregates,Aggregates,,
2935,XN,Lower middle income,Imports of goods and services (current US$),2020,1111670696452.34,Aggregates,Aggregates,,
2936,XN,Lower middle income,Imports of goods and services (current US$),2019,1296179863212.57,Aggregates,Aggregates,,
2937,XN,Lower middle income,Imports of goods and services (current US$),2018,1347165158657.41,Aggregates,Aggregates,,
2938,XN,Lower middle income,Imports of goods and services (current US$),2017,1219133639269.24,Aggregates,Aggregates,,
2939,XN,Lower middle income,Imports of goods and services (current US$),2016,1053896574987.35,Aggregates,Aggregates,,
2940,ZQ,"Middle East, North Africa, Afghanistan & Pakistan",Imports of goods and services (current US$),2025,,Aggregates,Aggregates,,
2941,ZQ,"Middle East, North Africa, Afghanistan & Pakistan",Imports of goods and services (current US$),2024,1957322615440.35,Aggregates,Aggregates,,
2942,ZQ,"Middle East, North Africa, Afghanistan & Pakistan",Imports of goods and services (current US$),2023,1801089089874.5,Aggregates,Aggregates,,
2943,ZQ,"Middle East, North Africa, Afghanistan & Pakistan",Imports of goods and services (current US$),2022,1706826320707.35,Aggregates,Aggregates,,
2944,ZQ,"Middle East, North Africa, Afghanistan & Pakistan",Imports of goods and services (current US$),2021,1394972864946.74,Aggregates,Aggregates,,
2945,ZQ,"Middle East, North Africa, Afghanistan & Pakistan",Imports of goods and services (current US$),2020,1201923932489.86,Aggregates,Aggregates,,
2946,ZQ,"Middle East, North Africa, Afghanistan & Pakistan",Imports of goods and services (current US$),2019,1383054912360.97,Aggregates,Aggregates,,
2947,ZQ,"Middle East, North Africa, Afghanistan & Pakistan",Imports of goods and services (current US$),2018,1367600177804.79,Aggregates,Aggregates,,
2948,ZQ,"Middle East, North Africa, Afghanistan & Pakistan",Imports of goods and services (current US$),2017,1291227478122.79,Aggregates,Aggregates,,
2949,ZQ,"Middle East, North Africa, Afghanistan & Pakistan",Imports of goods and services (current US$),2016,1212855025987.78,Aggregates,Aggregates,,
2950,XQ,"Middle East, North Africa, Afghanistan & Pakistan (excluding high income)",Imports of goods and services (current US$),2025,745540511675.545,Aggregates,Aggregates,,
2951,XQ,"Middle East, North Africa, Afghanistan & Pakistan (excluding high income)",Imports of goods and services (current US$),2024,690782052031.418,Aggregates,Aggregates,,
2952,XQ,"Middle East, North Africa, Afghanistan & Pakistan (excluding high income)",Imports of goods and services (current US$),2023,620621525253.134,Aggregates,Aggregates,,
2953,XQ,"Middle East, North Africa, Afghanistan & Pakistan (excluding high income)",Imports of goods and services (current US$),2022,631306235001.821,Aggregates,Aggregates,,
2954,XQ,"Middle East, North Africa, Afghanistan & Pakistan (excluding high income)",Imports of goods and services (current US$),2021,512758946949.252,Aggregates,Aggregates,,
2955,XQ,"Middle East, North Africa, Afghanistan & Pakistan (excluding high income)",Imports of goods and services (current US$),2020,444189398301.925,Aggregates,Aggregates,,
2956,XQ,"Middle East, North Africa, Afghanistan & Pakistan (excluding high income)",Imports of goods and services (current US$),2019,550387242956.255,Aggregates,Aggregates,,
2957,XQ,"Middle East, North Africa, Afghanistan & Pakistan (excluding high income)",Imports of goods and services (current US$),2018,560577192860.572,Aggregates,Aggregates,,
2958,XQ,"Middle East, North Africa, Afghanistan & Pakistan (excluding high income)",Imports of goods and services (current US$),2017,515749655106.45,Aggregates,Aggregates,,
2959,XQ,"Middle East, North Africa, Afghanistan & Pakistan (excluding high income)",Imports of goods and services (current US$),2016,471583044327.294,Aggregates,Aggregates,,
2960,T3,"Middle East, North Africa, Afghanistan & Pakistan (IDA & IBRD)",Imports of goods and services (current US$),2025,736579105958.827,Aggregates,Aggregates,,
2961,T3,"Middle East, North Africa, Afghanistan & Pakistan (IDA & IBRD)",Imports of goods and services (current US$),2024,682568404367.294,Aggregates,Aggregates,,
2962,T3,"Middle East, North Africa, Afghanistan & Pakistan (IDA & IBRD)",Imports of goods and services (current US$),2023,609562842015.173,Aggregates,Aggregates,,
2963,T3,"Middle East, North Africa, Afghanistan & Pakistan (IDA & IBRD)",Imports of goods and services (current US$),2022,618944165786.496,Aggregates,Aggregates,,
2964,T3,"Middle East, North Africa, Afghanistan & Pakistan (IDA & IBRD)",Imports of goods and services (current US$),2021,502572085834.472,Aggregates,Aggregates,,
2965,T3,"Middle East, North Africa, Afghanistan & Pakistan (IDA & IBRD)",Imports of goods and services (current US$),2020,436082567077.776,Aggregates,Aggregates,,
2966,T3,"Middle East, North Africa, Afghanistan & Pakistan (IDA & IBRD)",Imports of goods and services (current US$),2019,541238089350.323,Aggregates,Aggregates,,
2967,T3,"Middle East, North Africa, Afghanistan & Pakistan (IDA & IBRD)",Imports of goods and services (current US$),2018,551589743693.477,Aggregates,Aggregates,,
2968,T3,"Middle East, North Africa, Afghanistan & Pakistan (IDA & IBRD)",Imports of goods and services (current US$),2017,507264247757.957,Aggregates,Aggregates,,
2969,T3,"Middle East, North Africa, Afghanistan & Pakistan (IDA & IBRD)",Imports of goods and services (current US$),2016,463720648641.704,Aggregates,Aggregates,,
2970,XP,Middle income,Imports of goods and services (current US$),2025,9882995074658.74,Aggregates,Aggregates,,
2971,XP,Middle income,Imports of goods and services (current US$),2024,9390211462157.51,Aggregates,Aggregates,,
2972,XP,Middle income,Imports of goods and services (current US$),2023,8928705429765.39,Aggregates,Aggregates,,
2973,XP,Middle income,Imports of goods and services (current US$),2022,9082507686319.49,Aggregates,Aggregates,,
2974,XP,Middle income,Imports of goods and services (current US$),2021,8106257937447.71,Aggregates,Aggregates,,
2975,XP,Middle income,Imports of goods and services (current US$),2020,6225362628109.86,Aggregates,Aggregates,,
2976,XP,Middle income,Imports of goods and services (current US$),2019,6984670402977.0,Aggregates,Aggregates,,
2977,XP,Middle income,Imports of goods and services (current US$),2018,7130743238796.41,Aggregates,Aggregates,,
2978,XP,Middle income,Imports of goods and services (current US$),2017,6361529755148.03,Aggregates,Aggregates,,
2979,XP,Middle income,Imports of goods and services (current US$),2016,5616259695669.16,Aggregates,Aggregates,,
2980,XU,North America,Imports of goods and services (current US$),2025,,Aggregates,Aggregates,,
2981,XU,North America,Imports of goods and services (current US$),2024,4857366085715.74,Aggregates,Aggregates,,
2982,XU,North America,Imports of goods and services (current US$),2023,4591988403300.12,Aggregates,Aggregates,,
2983,XU,North America,Imports of goods and services (current US$),2022,4707705450744.08,Aggregates,Aggregates,,
2984,XU,North America,Imports of goods and services (current US$),2021,4048143113999.21,Aggregates,Aggregates,,
2985,XU,North America,Imports of goods and services (current US$),2020,3308579084557.22,Aggregates,Aggregates,,
2986,XU,North America,Imports of goods and services (current US$),2019,3708304240631.38,Aggregates,Aggregates,,
2987,XU,North America,Imports of goods and services (current US$),2018,3724397899767.31,Aggregates,Aggregates,,
2988,XU,North America,Imports of goods and services (current US$),2017,3488215398425.45,Aggregates,Aggregates,,
2989,XU,North America,Imports of goods and services (current US$),2016,3257841961626.09,Aggregates,Aggregates,,
2990,XY,Not classified,Imports of goods and services (current US$),2025,,Aggregates,Aggregates,,
2991,XY,Not classified,Imports of goods and services (current US$),2024,,Aggregates,Aggregates,,
2992,XY,Not classified,Imports of goods and services (current US$),2023,,Aggregates,Aggregates,,
2993,XY,Not classified,Imports of goods and services (current US$),2022,,Aggregates,Aggregates,,
2994,XY,Not classified,Imports of goods and services (current US$),2021,,Aggregates,Aggregates,,
2995,XY,Not classified,Imports of goods and services (current US$),2020,,Aggregates,Aggregates,,
2996,XY,Not classified,Imports of goods and services (current US$),2019,,Aggregates,Aggregates,,
2997,XY,Not classified,Imports of goods and services (current US$),2018,,Aggregates,Aggregates,,
2998,XY,Not classified,Imports of goods and services (current US$),2017,,Aggregates,Aggregates,,
2999,XY,Not classified,Imports of goods and services (current US$),2016,,Aggregates,Aggregates,,
3000,OE,OECD members,Imports of goods and services (current US$),2025,20551079820463.8,Aggregates,Aggregates,,
3001,OE,OECD members,Imports of goods and services (current US$),2024,19044674637289.3,Aggregates,Aggregates,,
3002,OE,OECD members,Imports of goods and services (current US$),2023,18715398449546.4,Aggregates,Aggregates,,
3003,OE,OECD members,Imports of goods and services (current US$),2022,19074021994354.0,Aggregates,Aggregates,,
3004,OE,OECD members,Imports of goods and services (current US$),2021,16555994654700.7,Aggregates,Aggregates,,
3005,OE,OECD members,Imports of goods and services (current US$),2020,13560771808309.7,Aggregates,Aggregates,,
3006,OE,OECD members,Imports of goods and services (current US$),2019,15037120162945.2,Aggregates,Aggregates,,
3007,OE,OECD members,Imports of goods and services (current US$),2018,15186890288003.9,Aggregates,Aggregates,,
3008,OE,OECD members,Imports of goods and services (current US$),2017,13877812157581.1,Aggregates,Aggregates,,
3009,OE,OECD members,Imports of goods and services (current US$),2016,12727754391231.1,Aggregates,Aggregates,,
3010,S4,Other small states,Imports of goods and services (current US$),2025,169328246900.281,Aggregates,Aggregates,,
3011,S4,Other small states,Imports of goods and services (current US$),2024,156867422327.456,Aggregates,Aggregates,,
3012,S4,Other small states,Imports of goods and services (current US$),2023,149877540848.873,Aggregates,Aggregates,,
3013,S4,Other small states,Imports of goods and services (current US$),2022,148598982641.985,Aggregates,Aggregates,,
3014,S4,Other small states,Imports of goods and services (current US$),2021,126716617218.825,Aggregates,Aggregates,,
3015,S4,Other small states,Imports of goods and services (current US$),2020,100178387792.923,Aggregates,Aggregates,,
3016,S4,Other small states,Imports of goods and services (current US$),2019,108057374953.384,Aggregates,Aggregates,,
3017,S4,Other small states,Imports of goods and services (current US$),2018,106872841472.878,Aggregates,Aggregates,,
3018,S4,Other small states,Imports of goods and services (current US$),2017,94436353381.7013,Aggregates,Aggregates,,
3019,S4,Other small states,Imports of goods and services (current US$),2016,83022706771.8184,Aggregates,Aggregates,,
3020,S2,Pacific island small states,Imports of goods and services (current US$),2025,,Aggregates,Aggregates,,
3021,S2,Pacific island small states,Imports of goods and services (current US$),2024,7972511178.54225,Aggregates,Aggregates,,
3022,S2,Pacific island small states,Imports of goods and services (current US$),2023,7559006684.81802,Aggregates,Aggregates,,
3023,S2,Pacific island small states,Imports of goods and services (current US$),2022,6801393231.88074,Aggregates,Aggregates,,
3024,S2,Pacific island small states,Imports of goods and services (current US$),2021,5156535646.90932,Aggregates,Aggregates,,
3025,S2,Pacific island small states,Imports of goods and services (current US$),2020,4686019420.11067,Aggregates,Aggregates,,
3026,S2,Pacific island small states,Imports of goods and services (current US$),2019,6439851920.98571,Aggregates,Aggregates,,
3027,S2,Pacific island small states,Imports of goods and services (current US$),2018,6133581122.58842,Aggregates,Aggregates,,
3028,S2,Pacific island small states,Imports of goods and services (current US$),2017,5586195989.63762,Aggregates,Aggregates,,
3029,S2,Pacific island small states,Imports of goods and services (current US$),2016,5232392287.73869,Aggregates,Aggregates,,
3030,V4,Post-demographic dividend,Imports of goods and services (current US$),2025,19675342557390.4,Aggregates,Aggregates,,
3031,V4,Post-demographic dividend,Imports of goods and services (current US$),2024,18220302749301.3,Aggregates,Aggregates,,
3032,V4,Post-demographic dividend,Imports of goods and services (current US$),2023,17822037561744.7,Aggregates,Aggregates,,
3033,V4,Post-demographic dividend,Imports of goods and services (current US$),2022,18195962697008.4,Aggregates,Aggregates,,
3034,V4,Post-demographic dividend,Imports of goods and services (current US$),2021,15986284195892.5,Aggregates,Aggregates,,
3035,V4,Post-demographic dividend,Imports of goods and services (current US$),2020,13072110001585.7,Aggregates,Aggregates,,
3036,V4,Post-demographic dividend,Imports of goods and services (current US$),2019,14505514283860.3,Aggregates,Aggregates,,
3037,V4,Post-demographic dividend,Imports of goods and services (current US$),2018,14791871051192.0,Aggregates,Aggregates,,
3038,V4,Post-demographic dividend,Imports of goods and services (current US$),2017,13493495107304.5,Aggregates,Aggregates,,
3039,V4,Post-demographic dividend,Imports of goods and services (current US$),2016,12374995710161.0,Aggregates,Aggregates,,
3040,V1,Pre-demographic dividend,Imports of goods and services (current US$),2025,517081670941.096,Aggregates,Aggregates,,
3041,V1,Pre-demographic dividend,Imports of goods and services (current US$),2024,476873738760.628,Aggregates,Aggregates,,
3042,V1,Pre-demographic dividend,Imports of goods and services (current US$),2023,431095627886.113,Aggregates,Aggregates,,
3043,V1,Pre-demographic dividend,Imports of goods and services (current US$),2022,417343090342.437,Aggregates,Aggregates,,
3044,V1,Pre-demographic dividend,Imports of goods and services (current US$),2021,336243857388.296,Aggregates,Aggregates,,
3045,V1,Pre-demographic dividend,Imports of goods and services (current US$),2020,292913720918.587,Aggregates,Aggregates,,
3046,V1,Pre-demographic dividend,Imports of goods and services (current US$),2019,337572143275.571,Aggregates,Aggregates,,
3047,V1,Pre-demographic dividend,Imports of goods and services (current US$),2018,323680751794.798,Aggregates,Aggregates,,
3048,V1,Pre-demographic dividend,Imports of goods and services (current US$),2017,282548238427.093,Aggregates,Aggregates,,
3049,V1,Pre-demographic dividend,Imports of goods and services (current US$),2016,264450350666.588,Aggregates,Aggregates,,
3050,S1,Small states,Imports of goods and services (current US$),2025,236830030876.141,Aggregates,Aggregates,,
3051,S1,Small states,Imports of goods and services (current US$),2024,219556520468.581,Aggregates,Aggregates,,
3052,S1,Small states,Imports of goods and services (current US$),2023,209142529198.515,Aggregates,Aggregates,,
3053,S1,Small states,Imports of goods and services (current US$),2022,205910177042.587,Aggregates,Aggregates,,
3054,S1,Small states,Imports of goods and services (current US$),2021,174457808615.397,Aggregates,Aggregates,,
3055,S1,Small states,Imports of goods and services (current US$),2020,138027130710.306,Aggregates,Aggregates,,
3056,S1,Small states,Imports of goods and services (current US$),2019,152790942144.668,Aggregates,Aggregates,,
3057,S1,Small states,Imports of goods and services (current US$),2018,151067730709.726,Aggregates,Aggregates,,
3058,S1,Small states,Imports of goods and services (current US$),2017,134246071223.035,Aggregates,Aggregates,,
3059,S1,Small states,Imports of goods and services (current US$),2016,118792653230.103,Aggregates,Aggregates,,
3060,8S,South Asia,Imports of goods and services (current US$),2025,1074229317752.79,Aggregates,Aggregates,,
3061,8S,South Asia,Imports of goods and services (current US$),2024,1014029776810.6,Aggregates,Aggregates,,
3062,8S,South Asia,Imports of goods and services (current US$),2023,956983665236.468,Aggregates,Aggregates,,
3063,8S,South Asia,Imports of goods and services (current US$),2022,1005209907052.86,Aggregates,Aggregates,,
3064,8S,South Asia,Imports of goods and services (current US$),2021,872290064005.162,Aggregates,Aggregates,,
3065,8S,South Asia,Imports of goods and services (current US$),2020,602619491723.478,Aggregates,Aggregates,,
3066,8S,South Asia,Imports of goods and services (current US$),2019,711299013191.487,Aggregates,Aggregates,,
3067,8S,South Asia,Imports of goods and services (current US$),2018,749716955911.814,Aggregates,Aggregates,,
3068,8S,South Asia,Imports of goods and services (current US$),2017,673313760916.69,Aggregates,Aggregates,,
3069,8S,South Asia,Imports of goods and services (current US$),2016,562495109326.297,Aggregates,Aggregates,,
3070,T5,South Asia (IDA & IBRD),Imports of goods and services (current US$),2025,1074229317752.79,Aggregates,Aggregates,,
3071,T5,South Asia (IDA & IBRD),Imports of goods and services (current US$),2024,1014029776810.6,Aggregates,Aggregates,,
3072,T5,South Asia (IDA & IBRD),Imports of goods and services (current US$),2023,956983665236.468,Aggregates,Aggregates,,
3073,T5,South Asia (IDA & IBRD),Imports of goods and services (current US$),2022,1005209907052.86,Aggregates,Aggregates,,
3074,T5,South Asia (IDA & IBRD),Imports of goods and services (current US$),2021,872290064005.162,Aggregates,Aggregates,,
3075,T5,South Asia (IDA & IBRD),Imports of goods and services (current US$),2020,602619491723.478,Aggregates,Aggregates,,
3076,T5,South Asia (IDA & IBRD),Imports of goods and services (current US$),2019,711299013191.487,Aggregates,Aggregates,,
3077,T5,South Asia (IDA & IBRD),Imports of goods and services (current US$),2018,749716955911.814,Aggregates,Aggregates,,
3078,T5,South Asia (IDA & IBRD),Imports of goods and services (current US$),2017,673313760916.69,Aggregates,Aggregates,,
3079,T5,South Asia (IDA & IBRD),Imports of goods and services (current US$),2016,562495109326.297,Aggregates,Aggregates,,
3080,ZG,Sub-Saharan Africa,Imports of goods and services (current US$),2025,616444170436.135,Aggregates,Aggregates,,
3081,ZG,Sub-Saharan Africa,Imports of goods and services (current US$),2024,569779471010.636,Aggregates,Aggregates,,
3082,ZG,Sub-Saharan Africa,Imports of goods and services (current US$),2023,557598620343.691,Aggregates,Aggregates,,
3083,ZG,Sub-Saharan Africa,Imports of goods and services (current US$),2022,567333411777.5,Aggregates,Aggregates,,
3084,ZG,Sub-Saharan Africa,Imports of goods and services (current US$),2021,477171353730.083,Aggregates,Aggregates,,
3085,ZG,Sub-Saharan Africa,Imports of goods and services (current US$),2020,383085794801.86,Aggregates,Aggregates,,
3086,ZG,Sub-Saharan Africa,Imports of goods and services (current US$),2019,445490119470.385,Aggregates,Aggregates,,
3087,ZG,Sub-Saharan Africa,Imports of goods and services (current US$),2018,456659507979.942,Aggregates,Aggregates,,
3088,ZG,Sub-Saharan Africa,Imports of goods and services (current US$),2017,420272890642.458,Aggregates,Aggregates,,
3089,ZG,Sub-Saharan Africa,Imports of goods and services (current US$),2016,383749490683.0,Aggregates,Aggregates,,
3090,ZF,Sub-Saharan Africa (excluding high income),Imports of goods and services (current US$),2025,614147336287.555,Aggregates,Aggregates,,
3091,ZF,Sub-Saharan Africa (excluding high income),Imports of goods and services (current US$),2024,567553913304.38,Aggregates,Aggregates,,
3092,ZF,Sub-Saharan Africa (excluding high income),Imports of goods and services (current US$),2023,555353953289.362,Aggregates,Aggregates,,
3093,ZF,Sub-Saharan Africa (excluding high income),Imports of goods and services (current US$),2022,565235554443.792,Aggregates,Aggregates,,
3094,ZF,Sub-Saharan Africa (excluding high income),Imports of goods and services (current US$),2021,475584719167.832,Aggregates,Aggregates,,
3095,ZF,Sub-Saharan Africa (excluding high income),Imports of goods and services (current US$),2020,381850862855.617,Aggregates,Aggregates,,
3096,ZF,Sub-Saharan Africa (excluding high income),Imports of goods and services (current US$),2019,443705528213.66,Aggregates,Aggregates,,
3097,ZF,Sub-Saharan Africa (excluding high income),Imports of goods and services (current US$),2018,454811438362.978,Aggregates,Aggregates,,
3098,ZF,Sub-Saharan Africa (excluding high income),Imports of goods and services (current US$),2017,418440852507.831,Aggregates,Aggregates,,
3099,ZF,Sub-Saharan Africa (excluding high income),Imports of goods and services (current US$),2016,382175711600.136,Aggregates,Aggregates,,
3100,T6,Sub-Saharan Africa (IDA & IBRD countries),Imports of goods and services (current US$),2025,616444170436.135,Aggregates,Aggregates,,
3101,T6,Sub-Saharan Africa (IDA & IBRD countries),Imports of goods and services (current US$),2024,569779471010.635,Aggregates,Aggregates,,
3102,T6,Sub-Saharan Africa (IDA & IBRD countries),Imports of goods and services (current US$),2023,557598620343.69,Aggregates,Aggregates,,
3103,T6,Sub-Saharan Africa (IDA & IBRD countries),Imports of goods and services (current US$),2022,567333411777.5,Aggregates,Aggregates,,
3104,T6,Sub-Saharan Africa (IDA & IBRD countries),Imports of goods and services (current US$),2021,477171353730.083,Aggregates,Aggregates,,
3105,T6,Sub-Saharan Africa (IDA & IBRD countries),Imports of goods and services (current US$),2020,383085794801.86,Aggregates,Aggregates,,
3106,T6,Sub-Saharan Africa (IDA & IBRD countries),Imports of goods and services (current US$),2019,445490119470.385,Aggregates,Aggregates,,
3107,T6,Sub-Saharan Africa (IDA & IBRD countries),Imports of goods and services (current US$),2018,456659507979.942,Aggregates,Aggregates,,
3108,T6,Sub-Saharan Africa (IDA & IBRD countries),Imports of goods and services (current US$),2017,420272890642.458,Aggregates,Aggregates,,
3109,T6,Sub-Saharan Africa (IDA & IBRD countries),Imports of goods and services (current US$),2016,383749490683.0,Aggregates,Aggregates,,
3110,XT,Upper middle income,Imports of goods and services (current US$),2025,7966402978178.69,Aggregates,Aggregates,,
3111,XT,Upper middle income,Imports of goods and services (current US$),2024,7608806506832.96,Aggregates,Aggregates,,
3112,XT,Upper middle income,Imports of goods and services (current US$),2023,7233705116095.2,Aggregates,Aggregates,,
3113,XT,Upper middle income,Imports of goods and services (current US$),2022,7299311659696.71,Aggregates,Aggregates,,
3114,XT,Upper middle income,Imports of goods and services (current US$),2021,6597886972549.59,Aggregates,Aggregates,,
3115,XT,Upper middle income,Imports of goods and services (current US$),2020,5109262663097.13,Aggregates,Aggregates,,
3116,XT,Upper middle income,Imports of goods and services (current US$),2019,5686858399490.06,Aggregates,Aggregates,,
3117,XT,Upper middle income,Imports of goods and services (current US$),2018,5783540819114.92,Aggregates,Aggregates,,
3118,XT,Upper middle income,Imports of goods and services (current US$),2017,5143542514994.01,Aggregates,Aggregates,,
3119,XT,Upper middle income,Imports of goods and services (current US$),2016,4561846184300.87,Aggregates,Aggregates,,
3120,1W,World,Imports of goods and services (current US$),2025,33728843548701.2,Aggregates,Aggregates,,
3121,1W,World,Imports of goods and services (current US$),2024,31392679664388.6,Aggregates,Aggregates,,
3122,1W,World,Imports of goods and services (current US$),2023,30377560788066.7,Aggregates,Aggregates,,
3123,1W,World,Imports of goods and services (current US$),2022,30808072350614.2,Aggregates,Aggregates,,
3124,1W,World,Imports of goods and services (current US$),2021,27196401272251.4,Aggregates,Aggregates,,
3125,1W,World,Imports of goods and services (current US$),2020,21926040204088.6,Aggregates,Aggregates,,
3126,1W,World,Imports of goods and services (current US$),2019,24329732406068.1,Aggregates,Aggregates,,
3127,1W,World,Imports of goods and services (current US$),2018,24624869331653.6,Aggregates,Aggregates,,
3128,1W,World,Imports of goods and services (current US$),2017,22381731654106.2,Aggregates,Aggregates,,
3129,1W,World,Imports of goods and services (current US$),2016,20310090150526.4,Aggregates,Aggregates,,
3130,AF,Afghanistan,Imports of goods and services (current US$),2025,,"Middle East, North Africa, Afghanistan & Pakistan",Low income,69.1761,34.5228
3131,AF,Afghanistan,Imports of goods and services (current US$),2024,12100101718.794,"Middle East, North Africa, Afghanistan & Pakistan",Low income,69.1761,34.5228
3132,AF,Afghanistan,Imports of goods and services (current US$),2023,8707211782.63078,"Middle East, North Africa, Afghanistan & Pakistan",Low income,69.1761,34.5228
3133,AF,Afghanistan,Imports of goods and services (current US$),2022,7901784705.74946,"Middle East, North Africa, Afghanistan & Pakistan",Low income,69.1761,34.5228
3134,AF,Afghanistan,Imports of goods and services (current US$),2021,5286118076.13403,"Middle East, North Africa, Afghanistan & Pakistan",Low income,69.1761,34.5228
3135,AF,Afghanistan,Imports of goods and services (current US$),2020,7241822542.17594,"Middle East, North Africa, Afghanistan & Pakistan",Low income,69.1761,34.5228
3136,AF,Afghanistan,Imports of goods and services (current US$),2019,,"Middle East, North Africa, Afghanistan & Pakistan",Low income,69.1761,34.5228
3137,AF,Afghanistan,Imports of goods and services (current US$),2018,,"Middle East, North Africa, Afghanistan & Pakistan",Low income,69.1761,34.5228
3138,AF,Afghanistan,Imports of goods and services (current US$),2017,,"Middle East, North Africa, Afghanistan & Pakistan",Low income,69.1761,34.5228
3139,AF,Afghanistan,Imports of goods and services (current US$),2016,,"Middle East, North Africa, Afghanistan & Pakistan",Low income,69.1761,34.5228
3140,AL,Albania,Imports of goods and services (current US$),2025,12985289569.4685,Europe & Central Asia,Upper middle income,19.8172,41.3317
3141,AL,Albania,Imports of goods and services (current US$),2024,11672014788.1734,Europe & Central Asia,Upper middle income,19.8172,41.3317
3142,AL,Albania,Imports of goods and services (current US$),2023,10320565554.1756,Europe & Central Asia,Upper middle income,19.8172,41.3317
3143,AL,Albania,Imports of goods and services (current US$),2022,9033376424.81865,Europe & Central Asia,Upper middle income,19.8172,41.3317
3144,AL,Albania,Imports of goods and services (current US$),2021,8016544325.73416,Europe & Central Asia,Upper middle income,19.8172,41.3317
3145,AL,Albania,Imports of goods and services (current US$),2020,5636282433.50207,Europe & Central Asia,Upper middle income,19.8172,41.3317
3146,AL,Albania,Imports of goods and services (current US$),2019,6926959712.72243,Europe & Central Asia,Upper middle income,19.8172,41.3317
3147,AL,Albania,Imports of goods and services (current US$),2018,6856194783.87124,Europe & Central Asia,Upper middle income,19.8172,41.3317
3148,AL,Albania,Imports of goods and services (current US$),2017,6070375896.83265,Europe & Central Asia,Upper middle income,19.8172,41.3317
3149,AL,Albania,Imports of goods and services (current US$),2016,5436220772.90211,Europe & Central Asia,Upper middle income,19.8172,41.3317
3150,DZ,Algeria,Imports of goods and services (current US$),2025,63560679353.9121,"Middle East, North Africa, Afghanistan & Pakistan",Upper middle income,3.05097,36.7397
3151,DZ,Algeria,Imports of goods and services (current US$),2024,54624467791.6853,"Middle East, North Africa, Afghanistan & Pakistan",Upper middle income,3.05097,36.7397
3152,DZ,Algeria,Imports of goods and services (current US$),2023,49460165881.4301,"Middle East, North Africa, Afghanistan & Pakistan",Upper middle income,3.05097,36.7397
3153,DZ,Algeria,Imports of goods and services (current US$),2022,46015346669.8381,"Middle East, North Africa, Afghanistan & Pakistan",Upper middle income,3.05097,36.7397
3154,DZ,Algeria,Imports of goods and services (current US$),2021,43564492197.796,"Middle East, North Africa, Afghanistan & Pakistan",Upper middle income,3.05097,36.7397
3155,DZ,Algeria,Imports of goods and services (current US$),2020,40978554435.8274,"Middle East, North Africa, Afghanistan & Pakistan",Upper middle income,3.05097,36.7397
3156,DZ,Algeria,Imports of goods and services (current US$),2019,50490845023.6565,"Middle East, North Africa, Afghanistan & Pakistan",Upper middle income,3.05097,36.7397
3157,DZ,Algeria,Imports of goods and services (current US$),2018,56446212848.1077,"Middle East, North Africa, Afghanistan & Pakistan",Upper middle income,3.05097,36.7397
3158,DZ,Algeria,Imports of goods and services (current US$),2017,55990439549.8232,"Middle East, North Africa, Afghanistan & Pakistan",Upper middle income,3.05097,36.7397
3159,DZ,Algeria,Imports of goods and services (current US$),2016,56532525719.5141,"Middle East, North Africa, Afghanistan & Pakistan",Upper middle income,3.05097,36.7397
3160,AS,American Samoa,Imports of goods and services (current US$),2025,,East Asia & Pacific,High income,-170.691,-14.2846
3161,AS,American Samoa,Imports of goods and services (current US$),2024,,East Asia & Pacific,High income,-170.691,-14.2846
3162,AS,American Samoa,Imports of goods and services (current US$),2023,,East Asia & Pacific,High income,-170.691,-14.2846
3163,AS,American Samoa,Imports of goods and services (current US$),2022,677000000.0,East Asia & Pacific,High income,-170.691,-14.2846
3164,AS,American Samoa,Imports of goods and services (current US$),2021,694000000.0,East Asia & Pacific,High income,-170.691,-14.2846
3165,AS,American Samoa,Imports of goods and services (current US$),2020,686000000.0,East Asia & Pacific,High income,-170.691,-14.2846
3166,AS,American Samoa,Imports of goods and services (current US$),2019,614000000.0,East Asia & Pacific,High income,-170.691,-14.2846
3167,AS,American Samoa,Imports of goods and services (current US$),2018,662000000.0,East Asia & Pacific,High income,-170.691,-14.2846
3168,AS,American Samoa,Imports of goods and services (current US$),2017,626000000.0,East Asia & Pacific,High income,-170.691,-14.2846
3169,AS,American Samoa,Imports of goods and services (current US$),2016,639000000.0,East Asia & Pacific,High income,-170.691,-14.2846
3170,AD,Andorra,Imports of goods and services (current US$),2025,,Europe & Central Asia,High income,1.5218,42.5075
3171,AD,Andorra,Imports of goods and services (current US$),2024,,Europe & Central Asia,High income,1.5218,42.5075
3172,AD,Andorra,Imports of goods and services (current US$),2023,,Europe & Central Asia,High income,1.5218,42.5075
3173,AD,Andorra,Imports of goods and services (current US$),2022,,Europe & Central Asia,High income,1.5218,42.5075
3174,AD,Andorra,Imports of goods and services (current US$),2021,,Europe & Central Asia,High income,1.5218,42.5075
3175,AD,Andorra,Imports of goods and services (current US$),2020,,Europe & Central Asia,High income,1.5218,42.5075
3176,AD,Andorra,Imports of goods and services (current US$),2019,,Europe & Central Asia,High income,1.5218,42.5075
3177,AD,Andorra,Imports of goods and services (current US$),2018,,Europe & Central Asia,High income,1.5218,42.5075
3178,AD,Andorra,Imports of goods and services (current US$),2017,,Europe & Central Asia,High income,1.5218,42.5075
3179,AD,Andorra,Imports of goods and services (current US$),2016,,Europe & Central Asia,High income,1.5218,42.5075
3180,AO,Angola,Imports of goods and services (current US$),2025,14256453828.8266,Sub-Saharan Africa ,Lower middle income,13.242,-8.81155
3181,AO,Angola,Imports of goods and services (current US$),2024,19553789239.4508,Sub-Saharan Africa ,Lower middle income,13.242,-8.81155
3182,AO,Angola,Imports of goods and services (current US$),2023,22202765694.5583,Sub-Saharan Africa ,Lower middle income,13.242,-8.81155
3183,AO,Angola,Imports of goods and services (current US$),2022,26319489922.7719,Sub-Saharan Africa ,Lower middle income,13.242,-8.81155
3184,AO,Angola,Imports of goods and services (current US$),2021,17564145355.4807,Sub-Saharan Africa ,Lower middle income,13.242,-8.81155
3185,AO,Angola,Imports of goods and services (current US$),2020,13399763093.6897,Sub-Saharan Africa ,Lower middle income,13.242,-8.81155
3186,AO,Angola,Imports of goods and services (current US$),2019,19016585500.4001,Sub-Saharan Africa ,Lower middle income,13.242,-8.81155
3187,AO,Angola,Imports of goods and services (current US$),2018,20293074053.6883,Sub-Saharan Africa ,Lower middle income,13.242,-8.81155
3188,AO,Angola,Imports of goods and services (current US$),2017,17050137820.6159,Sub-Saharan Africa ,Lower middle income,13.242,-8.81155
3189,AO,Angola,Imports of goods and services (current US$),2016,13386621550.1005,Sub-Saharan Africa ,Lower middle income,13.242,-8.81155
3190,AG,Antigua and Barbuda,Imports of goods and services (current US$),2025,,Latin America & Caribbean ,High income,-61.8456,17.1175
3191,AG,Antigua and Barbuda,Imports of goods and services (current US$),2024,,Latin America & Caribbean ,High income,-61.8456,17.1175
3192,AG,Antigua and Barbuda,Imports of goods and services (current US$),2023,,Latin America & Caribbean ,High income,-61.8456,17.1175
3193,AG,Antigua and Barbuda,Imports of goods and services (current US$),2022,1175559259.25926,Latin America & Caribbean ,High income,-61.8456,17.1175
3194,AG,Antigua and Barbuda,Imports of goods and services (current US$),2021,866970370.37037,Latin America & Caribbean ,High income,-61.8456,17.1175
3195,AG,Antigua and Barbuda,Imports of goods and services (current US$),2020,739748148.148148,Latin America & Caribbean ,High income,-61.8456,17.1175
3196,AG,Antigua and Barbuda,Imports of goods and services (current US$),2019,1180425925.92593,Latin America & Caribbean ,High income,-61.8456,17.1175
3197,AG,Antigua and Barbuda,Imports of goods and services (current US$),2018,1132907407.40741,Latin America & Caribbean ,High income,-61.8456,17.1175
3198,AG,Antigua and Barbuda,Imports of goods and services (current US$),2017,970770370.37037,Latin America & Caribbean ,High income,-61.8456,17.1175
3199,AG,Antigua and Barbuda,Imports of goods and services (current US$),2016,923581481.481481,Latin America & Caribbean ,High income,-61.8456,17.1175
3200,AR,Argentina,Imports of goods and services (current US$),2025,101159779350.506,Latin America & Caribbean ,Upper middle income,-58.4173,-34.6118
3201,AR,Argentina,Imports of goods and services (current US$),2024,80944817978.281,Latin America & Caribbean ,Upper middle income,-58.4173,-34.6118
3202,AR,Argentina,Imports of goods and services (current US$),2023,89980573297.99,Latin America & Caribbean ,Upper middle income,-58.4173,-34.6118
3203,AR,Argentina,Imports of goods and services (current US$),2022,96991607940.8038,Latin America & Caribbean ,Upper middle income,-58.4173,-34.6118
3204,AR,Argentina,Imports of goods and services (current US$),2021,73042905138.0607,Latin America & Caribbean ,Upper middle income,-58.4173,-34.6118
3205,AR,Argentina,Imports of goods and services (current US$),2020,52454091268.1886,Latin America & Caribbean ,Upper middle income,-58.4173,-34.6118
3206,AR,Argentina,Imports of goods and services (current US$),2019,65845624691.108,Latin America & Caribbean ,Upper middle income,-58.4173,-34.6118
3207,AR,Argentina,Imports of goods and services (current US$),2018,85681309473.2328,Latin America & Caribbean ,Upper middle income,-58.4173,-34.6118
3208,AR,Argentina,Imports of goods and services (current US$),2017,89910495566.9384,Latin America & Caribbean ,Upper middle income,-58.4173,-34.6118
3209,AR,Argentina,Imports of goods and services (current US$),2016,75639254067.6608,Latin America & Caribbean ,Upper middle income,-58.4173,-34.6118
3210,AM,Armenia,Imports of goods and services (current US$),2025,15676547634.4281,Europe & Central Asia,Upper middle income,44.509,40.1596
3211,AM,Armenia,Imports of goods and services (current US$),2024,19840049652.433,Europe & Central Asia,Upper middle income,44.509,40.1596
3212,AM,Armenia,Imports of goods and services (current US$),2023,15094573226.6612,Europe & Central Asia,Upper middle income,44.509,40.1596
3213,AM,Armenia,Imports of goods and services (current US$),2022,10207068193.8164,Europe & Central Asia,Upper middle income,44.509,40.1596
3214,AM,Armenia,Imports of goods and services (current US$),2021,6048430236.02041,Europe & Central Asia,Upper middle income,44.509,40.1596
3215,AM,Armenia,Imports of goods and services (current US$),2020,5062331396.33162,Europe & Central Asia,Upper middle income,44.509,40.1596
3216,AM,Armenia,Imports of goods and services (current US$),2019,7570200592.04305,Europe & Central Asia,Upper middle income,44.509,40.1596
3217,AM,Armenia,Imports of goods and services (current US$),2018,6612701455.26012,Europe & Central Asia,Upper middle income,44.509,40.1596
3218,AM,Armenia,Imports of goods and services (current US$),2017,5646879065.80608,Europe & Central Asia,Upper middle income,44.509,40.1596
3219,AM,Armenia,Imports of goods and services (current US$),2016,4464568367.68073,Europe & Central Asia,Upper middle income,44.509,40.1596
3220,AW,Aruba,Imports of goods and services (current US$),2025,,Latin America & Caribbean ,High income,-70.0167,12.5167
3221,AW,Aruba,Imports of goods and services (current US$),2024,3257796508.27775,Latin America & Caribbean ,High income,-70.0167,12.5167
3222,AW,Aruba,Imports of goods and services (current US$),2023,2767229050.27933,Latin America & Caribbean ,High income,-70.0167,12.5167
3223,AW,Aruba,Imports of goods and services (current US$),2022,2655193575.41899,Latin America & Caribbean ,High income,-70.0167,12.5167
3224,AW,Aruba,Imports of goods and services (current US$),2021,2085712849.16201,Latin America & Caribbean ,High income,-70.0167,12.5167
3225,AW,Aruba,Imports of goods and services (current US$),2020,1708907262.56983,Latin America & Caribbean ,High income,-70.0167,12.5167
3226,AW,Aruba,Imports of goods and services (current US$),2019,2384139106.14525,Latin America & Caribbean ,High income,-70.0167,12.5167
3227,AW,Aruba,Imports of goods and services (current US$),2018,2306963885.12904,Latin America & Caribbean ,High income,-70.0167,12.5167
3228,AW,Aruba,Imports of goods and services (current US$),2017,2136239440.44522,Latin America & Caribbean ,High income,-70.0167,12.5167
3229,AW,Aruba,Imports of goods and services (current US$),2016,2026504541.77338,Latin America & Caribbean ,High income,-70.0167,12.5167
3230,AU,Australia,Imports of goods and services (current US$),2025,407490633310.53,East Asia & Pacific,High income,149.129,-35.282
3231,AU,Australia,Imports of goods and services (current US$),2024,395749225409.455,East Asia & Pacific,High income,149.129,-35.282
3232,AU,Australia,Imports of goods and services (current US$),2023,387533147572.319,East Asia & Pacific,High income,149.129,-35.282
3233,AU,Australia,Imports of goods and services (current US$),2022,343078219088.328,East Asia & Pacific,High income,149.129,-35.282
3234,AU,Australia,Imports of goods and services (current US$),2021,284038962017.929,East Asia & Pacific,High income,149.129,-35.282
3235,AU,Australia,Imports of goods and services (current US$),2020,274154332727.111,East Asia & Pacific,High income,149.129,-35.282
3236,AU,Australia,Imports of goods and services (current US$),2019,306786753625.531,East Asia & Pacific,High income,149.129,-35.282
3237,AU,Australia,Imports of goods and services (current US$),2018,311861687284.904,East Asia & Pacific,High income,149.129,-35.282
3238,AU,Australia,Imports of goods and services (current US$),2017,277671313150.053,East Asia & Pacific,High income,149.129,-35.282
3239,AU,Australia,Imports of goods and services (current US$),2016,261827324555.529,East Asia & Pacific,High income,149.129,-35.282
3240,AT,Austria,Imports of goods and services (current US$),2025,303166499174.524,Europe & Central Asia,High income,16.3798,48.2201
3241,AT,Austria,Imports of goods and services (current US$),2024,284227859383.716,Europe & Central Asia,High income,16.3798,48.2201
3242,AT,Austria,Imports of goods and services (current US$),2023,292777313124.176,Europe & Central Asia,High income,16.3798,48.2201
3243,AT,Austria,Imports of goods and services (current US$),2022,294117763031.398,Europe & Central Asia,High income,16.3798,48.2201
3244,AT,Austria,Imports of goods and services (current US$),2021,264636005985.36,Europe & Central Asia,High income,16.3798,48.2201
3245,AT,Austria,Imports of goods and services (current US$),2020,209749421171.3,Europe & Central Asia,High income,16.3798,48.2201
3246,AT,Austria,Imports of goods and services (current US$),2019,231731288458.933,Europe & Central Asia,High income,16.3798,48.2201
3247,AT,Austria,Imports of goods and services (current US$),2018,238401029982.974,Europe & Central Asia,High income,16.3798,48.2201
3248,AT,Austria,Imports of goods and services (current US$),2017,212566814420.159,Europe & Central Asia,High income,16.3798,48.2201
3249,AT,Austria,Imports of goods and services (current US$),2016,192552851879.041,Europe & Central Asia,High income,16.3798,48.2201
3250,AZ,Azerbaijan,Imports of goods and services (current US$),2025,27950647058.8235,Europe & Central Asia,Upper middle income,49.8932,40.3834
3251,AZ,Azerbaijan,Imports of goods and services (current US$),2024,27338823529.4118,Europe & Central Asia,Upper middle income,49.8932,40.3834
3252,AZ,Azerbaijan,Imports of goods and services (current US$),2023,25016411764.7059,Europe & Central Asia,Upper middle income,49.8932,40.3834
3253,AZ,Azerbaijan,Imports of goods and services (current US$),2022,21274411764.7059,Europe & Central Asia,Upper middle income,49.8932,40.3834
3254,AZ,Azerbaijan,Imports of goods and services (current US$),2021,16336941176.4706,Europe & Central Asia,Upper middle income,49.8932,40.3834
3255,AZ,Azerbaijan,Imports of goods and services (current US$),2020,15537823529.4118,Europe & Central Asia,Upper middle income,49.8932,40.3834
3256,AZ,Azerbaijan,Imports of goods and services (current US$),2019,17712470588.2353,Europe & Central Asia,Upper middle income,49.8932,40.3834
3257,AZ,Azerbaijan,Imports of goods and services (current US$),2018,17704999420.594,Europe & Central Asia,Upper middle income,49.8932,40.3834
3258,AZ,Azerbaijan,Imports of goods and services (current US$),2017,17104502499.7749,Europe & Central Asia,Upper middle income,49.8932,40.3834
3259,AZ,Azerbaijan,Imports of goods and services (current US$),2016,16528818929.6131,Europe & Central Asia,Upper middle income,49.8932,40.3834
3260,BS,"Bahamas, The",Imports of goods and services (current US$),2025,,Latin America & Caribbean ,High income,-77.339,25.0661
3261,BS,"Bahamas, The",Imports of goods and services (current US$),2024,6564100000.0,Latin America & Caribbean ,High income,-77.339,25.0661
3262,BS,"Bahamas, The",Imports of goods and services (current US$),2023,5915800000.0,Latin America & Caribbean ,High income,-77.339,25.0661
3263,BS,"Bahamas, The",Imports of goods and services (current US$),2022,5395300000.0,Latin America & Caribbean ,High income,-77.339,25.0661
3264,BS,"Bahamas, The",Imports of goods and services (current US$),2021,4569400000.0,Latin America & Caribbean ,High income,-77.339,25.0661
3265,BS,"Bahamas, The",Imports of goods and services (current US$),2020,3124200000.0,Latin America & Caribbean ,High income,-77.339,25.0661
3266,BS,"Bahamas, The",Imports of goods and services (current US$),2019,4488400000.0,Latin America & Caribbean ,High income,-77.339,25.0661
3267,BS,"Bahamas, The",Imports of goods and services (current US$),2018,4730600000.0,Latin America & Caribbean ,High income,-77.339,25.0661
3268,BS,"Bahamas, The",Imports of goods and services (current US$),2017,4556600000.0,Latin America & Caribbean ,High income,-77.339,25.0661
3269,BS,"Bahamas, The",Imports of goods and services (current US$),2016,4082400000.0,Latin America & Caribbean ,High income,-77.339,25.0661
3270,BH,Bahrain,Imports of goods and services (current US$),2025,,"Middle East, North Africa, Afghanistan & Pakistan",High income,50.5354,26.1921
3271,BH,Bahrain,Imports of goods and services (current US$),2024,33044414893.617,"Middle East, North Africa, Afghanistan & Pakistan",High income,50.5354,26.1921
3272,BH,Bahrain,Imports of goods and services (current US$),2023,32379255319.1489,"Middle East, North Africa, Afghanistan & Pakistan",High income,50.5354,26.1921
3273,BH,Bahrain,Imports of goods and services (current US$),2022,33068882978.7234,"Middle East, North Africa, Afghanistan & Pakistan",High income,50.5354,26.1921
3274,BH,Bahrain,Imports of goods and services (current US$),2021,27577393617.0213,"Middle East, North Africa, Afghanistan & Pakistan",High income,50.5354,26.1921
3275,BH,Bahrain,Imports of goods and services (current US$),2020,23296808510.6383,"Middle East, North Africa, Afghanistan & Pakistan",High income,50.5354,26.1921
3276,BH,Bahrain,Imports of goods and services (current US$),2019,25207712765.9574,"Middle East, North Africa, Afghanistan & Pakistan",High income,50.5354,26.1921
3277,BH,Bahrain,Imports of goods and services (current US$),2018,27048670212.766,"Middle East, North Africa, Afghanistan & Pakistan",High income,50.5354,26.1921
3278,BH,Bahrain,Imports of goods and services (current US$),2017,23876329787.234,"Middle East, North Africa, Afghanistan & Pakistan",High income,50.5354,26.1921
3279,BH,Bahrain,Imports of goods and services (current US$),2016,21088031914.8936,"Middle East, North Africa, Afghanistan & Pakistan",High income,50.5354,26.1921
3280,BD,Bangladesh,Imports of goods and services (current US$),2025,76818948730.2173,South Asia,Lower middle income,90.4113,23.7055
3281,BD,Bangladesh,Imports of goods and services (current US$),2024,73445483483.8237,South Asia,Lower middle income,90.4113,23.7055
3282,BD,Bangladesh,Imports of goods and services (current US$),2023,77972815573.2438,South Asia,Lower middle income,90.4113,23.7055
3283,BD,Bangladesh,Imports of goods and services (current US$),2022,96157127887.3964,South Asia,Lower middle income,90.4113,23.7055
3284,BD,Bangladesh,Imports of goods and services (current US$),2021,71021045805.0068,South Asia,Lower middle income,90.4113,23.7055
3285,BD,Bangladesh,Imports of goods and services (current US$),2020,59195931838.1946,South Asia,Lower middle income,90.4113,23.7055
3286,BD,Bangladesh,Imports of goods and services (current US$),2019,64919190426.113,South Asia,Lower middle income,90.4113,23.7055
3287,BD,Bangladesh,Imports of goods and services (current US$),2018,63757868050.7515,South Asia,Lower middle income,90.4113,23.7055
3288,BD,Bangladesh,Imports of goods and services (current US$),2017,50463186692.0898,South Asia,Lower middle income,90.4113,23.7055
3289,BD,Bangladesh,Imports of goods and services (current US$),2016,46183400773.3724,South Asia,Lower middle income,90.4113,23.7055
3290,BB,Barbados,Imports of goods and services (current US$),2025,,Latin America & Caribbean ,High income,-59.6105,13.0935
3291,BB,Barbados,Imports of goods and services (current US$),2024,,Latin America & Caribbean ,High income,-59.6105,13.0935
3292,BB,Barbados,Imports of goods and services (current US$),2023,,Latin America & Caribbean ,High income,-59.6105,13.0935
3293,BB,Barbados,Imports of goods and services (current US$),2022,,Latin America & Caribbean ,High income,-59.6105,13.0935
3294,BB,Barbados,Imports of goods and services (current US$),2021,,Latin America & Caribbean ,High income,-59.6105,13.0935
3295,BB,Barbados,Imports of goods and services (current US$),2020,,Latin America & Caribbean ,High income,-59.6105,13.0935
3296,BB,Barbados,Imports of goods and services (current US$),2019,,Latin America & Caribbean ,High income,-59.6105,13.0935
3297,BB,Barbados,Imports of goods and services (current US$),2018,,Latin America & Caribbean ,High income,-59.6105,13.0935
3298,BB,Barbados,Imports of goods and services (current US$),2017,,Latin America & Caribbean ,High income,-59.6105,13.0935
3299,BB,Barbados,Imports of goods and services (current US$),2016,,Latin America & Caribbean ,High income,-59.6105,13.0935
3300,BY,Belarus,Imports of goods and services (current US$),2025,53261674554.2369,Europe & Central Asia,Upper middle income,27.5766,53.9678
3301,BY,Belarus,Imports of goods and services (current US$),2024,51152858487.7296,Europe & Central Asia,Upper middle income,27.5766,53.9678
3302,BY,Belarus,Imports of goods and services (current US$),2023,47515586812.3098,Europe & Central Asia,Upper middle income,27.5766,53.9678
3303,BY,Belarus,Imports of goods and services (current US$),2022,42031948516.812,Europe & Central Asia,Upper middle income,27.5766,53.9678
3304,BY,Belarus,Imports of goods and services (current US$),2021,45415029493.732,Europe & Central Asia,Upper middle income,27.5766,53.9678
3305,BY,Belarus,Imports of goods and services (current US$),2020,35547749095.6417,Europe & Central Asia,Upper middle income,27.5766,53.9678
3306,BY,Belarus,Imports of goods and services (current US$),2019,42353437235.1243,Europe & Central Asia,Upper middle income,27.5766,53.9678
3307,BY,Belarus,Imports of goods and services (current US$),2018,41384603908.1119,Europe & Central Asia,Upper middle income,27.5766,53.9678
3308,BY,Belarus,Imports of goods and services (current US$),2017,36435165203.6751,Europe & Central Asia,Upper middle income,27.5766,53.9678
3309,BY,Belarus,Imports of goods and services (current US$),2016,29922651356.1018,Europe & Central Asia,Upper middle income,27.5766,53.9678
3310,BE,Belgium,Imports of goods and services (current US$),2025,562002311236.156,Europe & Central Asia,High income,4.36761,50.8371
3311,BE,Belgium,Imports of goods and services (current US$),2024,534805055513.75,Europe & Central Asia,High income,4.36761,50.8371
3312,BE,Belgium,Imports of goods and services (current US$),2023,541280155476.676,Europe & Central Asia,High income,4.36761,50.8371
3313,BE,Belgium,Imports of goods and services (current US$),2022,571920929941.442,Europe & Central Asia,High income,4.36761,50.8371
3314,BE,Belgium,Imports of goods and services (current US$),2021,525242552932.162,Europe & Central Asia,High income,4.36761,50.8371
3315,BE,Belgium,Imports of goods and services (current US$),2020,411854672039.534,Europe & Central Asia,High income,4.36761,50.8371
3316,BE,Belgium,Imports of goods and services (current US$),2019,442788775443.921,Europe & Central Asia,High income,4.36761,50.8371
3317,BE,Belgium,Imports of goods and services (current US$),2018,460128692309.647,Europe & Central Asia,High income,4.36761,50.8371
3318,BE,Belgium,Imports of goods and services (current US$),2017,418056820188.001,Europe & Central Asia,High income,4.36761,50.8371
3319,BE,Belgium,Imports of goods and services (current US$),2016,376759269084.981,Europe & Central Asia,High income,4.36761,50.8371
3320,BZ,Belize,Imports of goods and services (current US$),2025,,Latin America & Caribbean ,Upper middle income,-88.7713,17.2534
3321,BZ,Belize,Imports of goods and services (current US$),2024,1721921750.0,Latin America & Caribbean ,Upper middle income,-88.7713,17.2534
3322,BZ,Belize,Imports of goods and services (current US$),2023,1571040800.0,Latin America & Caribbean ,Upper middle income,-88.7713,17.2534
3323,BZ,Belize,Imports of goods and services (current US$),2022,1573075200.0,Latin America & Caribbean ,Upper middle income,-88.7713,17.2534
3324,BZ,Belize,Imports of goods and services (current US$),2021,1248326800.0,Latin America & Caribbean ,Upper middle income,-88.7713,17.2534
3325,BZ,Belize,Imports of goods and services (current US$),2020,900924400.0,Latin America & Caribbean ,Upper middle income,-88.7713,17.2534
3326,BZ,Belize,Imports of goods and services (current US$),2019,1200664850.0,Latin America & Caribbean ,Upper middle income,-88.7713,17.2534
3327,BZ,Belize,Imports of goods and services (current US$),2018,1125906300.0,Latin America & Caribbean ,Upper middle income,-88.7713,17.2534
3328,BZ,Belize,Imports of goods and services (current US$),2017,1085374500.0,Latin America & Caribbean ,Upper middle income,-88.7713,17.2534
3329,BZ,Belize,Imports of goods and services (current US$),2016,1101719200.0,Latin America & Caribbean ,Upper middle income,-88.7713,17.2534
3330,BJ,Benin,Imports of goods and services (current US$),2025,4929128052.07759,Sub-Saharan Africa ,Lower middle income,2.6323,6.4779
3331,BJ,Benin,Imports of goods and services (current US$),2024,4683140133.79221,Sub-Saharan Africa ,Lower middle income,2.6323,6.4779
3332,BJ,Benin,Imports of goods and services (current US$),2023,4851357175.5354,Sub-Saharan Africa ,Lower middle income,2.6323,6.4779
3333,BJ,Benin,Imports of goods and services (current US$),2022,4106516764.69897,Sub-Saharan Africa ,Lower middle income,2.6323,6.4779
3334,BJ,Benin,Imports of goods and services (current US$),2021,4799723188.71051,Sub-Saharan Africa ,Lower middle income,2.6323,6.4779
3335,BJ,Benin,Imports of goods and services (current US$),2020,3915530456.1048,Sub-Saharan Africa ,Lower middle income,2.6323,6.4779
3336,BJ,Benin,Imports of goods and services (current US$),2019,4900485060.17756,Sub-Saharan Africa ,Lower middle income,2.6323,6.4779
3337,BJ,Benin,Imports of goods and services (current US$),2018,4923520743.9202,Sub-Saharan Africa ,Lower middle income,2.6323,6.4779
3338,BJ,Benin,Imports of goods and services (current US$),2017,4352984748.39051,Sub-Saharan Africa ,Lower middle income,2.6323,6.4779
3339,BJ,Benin,Imports of goods and services (current US$),2016,3709467045.80246,Sub-Saharan Africa ,Lower middle income,2.6323,6.4779
3340,BM,Bermuda,Imports of goods and services (current US$),2025,,North America,High income,-64.706,32.3293
3341,BM,Bermuda,Imports of goods and services (current US$),2024,2304098000.0,North America,High income,-64.706,32.3293
3342,BM,Bermuda,Imports of goods and services (current US$),2023,2140780000.0,North America,High income,-64.706,32.3293
3343,BM,Bermuda,Imports of goods and services (current US$),2022,2096444000.0,North America,High income,-64.706,32.3293
3344,BM,Bermuda,Imports of goods and services (current US$),2021,1824475000.0,North America,High income,-64.706,32.3293
3345,BM,Bermuda,Imports of goods and services (current US$),2020,1615443000.0,North America,High income,-64.706,32.3293
3346,BM,Bermuda,Imports of goods and services (current US$),2019,1916492000.0,North America,High income,-64.706,32.3293
3347,BM,Bermuda,Imports of goods and services (current US$),2018,1884254000.0,North America,High income,-64.706,32.3293
3348,BM,Bermuda,Imports of goods and services (current US$),2017,1703748000.0,North America,High income,-64.706,32.3293
3349,BM,Bermuda,Imports of goods and services (current US$),2016,1615949000.0,North America,High income,-64.706,32.3293
3350,BT,Bhutan,Imports of goods and services (current US$),2025,,South Asia,Lower middle income,89.6177,27.5768
3351,BT,Bhutan,Imports of goods and services (current US$),2024,1601941677.95058,South Asia,Lower middle income,89.6177,27.5768
3352,BT,Bhutan,Imports of goods and services (current US$),2023,1607335845.17133,South Asia,Lower middle income,89.6177,27.5768
3353,BT,Bhutan,Imports of goods and services (current US$),2022,1741034283.90625,South Asia,Lower middle income,89.6177,27.5768
3354,BT,Bhutan,Imports of goods and services (current US$),2021,1339649527.64626,South Asia,Lower middle income,89.6177,27.5768
3355,BT,Bhutan,Imports of goods and services (current US$),2020,1075563545.46579,South Asia,Lower middle income,89.6177,27.5768
3356,BT,Bhutan,Imports of goods and services (current US$),2019,1221920791.32363,South Asia,Lower middle income,89.6177,27.5768
3357,BT,Bhutan,Imports of goods and services (current US$),2018,1305876236.76026,South Asia,Lower middle income,89.6177,27.5768
3358,BT,Bhutan,Imports of goods and services (current US$),2017,1252714124.56294,South Asia,Lower middle income,89.6177,27.5768
3359,BT,Bhutan,Imports of goods and services (current US$),2016,1161352084.1848,South Asia,Lower middle income,89.6177,27.5768
3360,BO,Bolivia,Imports of goods and services (current US$),2025,,Latin America & Caribbean ,Lower middle income,-66.1936,-13.9908
3361,BO,Bolivia,Imports of goods and services (current US$),2024,14018232749.6382,Latin America & Caribbean ,Lower middle income,-66.1936,-13.9908
3362,BO,Bolivia,Imports of goods and services (current US$),2023,14239423386.3965,Latin America & Caribbean ,Lower middle income,-66.1936,-13.9908
3363,BO,Bolivia,Imports of goods and services (current US$),2022,15150615137.4819,Latin America & Caribbean ,Lower middle income,-66.1936,-13.9908
3364,BO,Bolivia,Imports of goods and services (current US$),2021,11545547250.3618,Latin America & Caribbean ,Lower middle income,-66.1936,-13.9908
3365,BO,Bolivia,Imports of goods and services (current US$),2020,8735545774.24023,Latin America & Caribbean ,Lower middle income,-66.1936,-13.9908
3366,BO,Bolivia,Imports of goods and services (current US$),2019,12643630390.7381,Latin America & Caribbean ,Lower middle income,-66.1936,-13.9908
3367,BO,Bolivia,Imports of goods and services (current US$),2018,12864160303.9074,Latin America & Caribbean ,Lower middle income,-66.1936,-13.9908
3368,BO,Bolivia,Imports of goods and services (current US$),2017,11958240289.4356,Latin America & Caribbean ,Lower middle income,-66.1936,-13.9908
3369,BO,Bolivia,Imports of goods and services (current US$),2016,10831641432.7062,Latin America & Caribbean ,Lower middle income,-66.1936,-13.9908
3370,BA,Bosnia and Herzegovina,Imports of goods and services (current US$),2025,17643126767.611,Europe & Central Asia,Upper middle income,18.4214,43.8607
3371,BA,Bosnia and Herzegovina,Imports of goods and services (current US$),2024,16075269810.6402,Europe & Central Asia,Upper middle income,18.4214,43.8607
3372,BA,Bosnia and Herzegovina,Imports of goods and services (current US$),2023,15369301841.7502,Europe & Central Asia,Upper middle income,18.4214,43.8607
3373,BA,Bosnia and Herzegovina,Imports of goods and services (current US$),2022,15186504679.6527,Europe & Central Asia,Upper middle income,18.4214,43.8607
3374,BA,Bosnia and Herzegovina,Imports of goods and services (current US$),2021,12763502914.2371,Europe & Central Asia,Upper middle income,18.4214,43.8607
3375,BA,Bosnia and Herzegovina,Imports of goods and services (current US$),2020,9694297978.41546,Europe & Central Asia,Upper middle income,18.4214,43.8607
3376,BA,Bosnia and Herzegovina,Imports of goods and services (current US$),2019,11158117516.8252,Europe & Central Asia,Upper middle income,18.4214,43.8607
3377,BA,Bosnia and Herzegovina,Imports of goods and services (current US$),2018,11562741847.3915,Europe & Central Asia,Upper middle income,18.4214,43.8607
3378,BA,Bosnia and Herzegovina,Imports of goods and services (current US$),2017,10321682504.9428,Europe & Central Asia,Upper middle income,18.4214,43.8607
3379,BA,Bosnia and Herzegovina,Imports of goods and services (current US$),2016,8958199157.41919,Europe & Central Asia,Upper middle income,18.4214,43.8607
3380,BW,Botswana,Imports of goods and services (current US$),2025,7475356083.44098,Sub-Saharan Africa ,Upper middle income,25.9201,-24.6544
3381,BW,Botswana,Imports of goods and services (current US$),2024,8171323579.88379,Sub-Saharan Africa ,Upper middle income,25.9201,-24.6544
3382,BW,Botswana,Imports of goods and services (current US$),2023,7224959115.96489,Sub-Saharan Africa ,Upper middle income,25.9201,-24.6544
3383,BW,Botswana,Imports of goods and services (current US$),2022,8654887423.26666,Sub-Saharan Africa ,Upper middle income,25.9201,-24.6544
3384,BW,Botswana,Imports of goods and services (current US$),2021,9238937562.38017,Sub-Saharan Africa ,Upper middle income,25.9201,-24.6544
3385,BW,Botswana,Imports of goods and services (current US$),2020,7341599356.92699,Sub-Saharan Africa ,Upper middle income,25.9201,-24.6544
3386,BW,Botswana,Imports of goods and services (current US$),2019,7694781424.87258,Sub-Saharan Africa ,Upper middle income,25.9201,-24.6544
3387,BW,Botswana,Imports of goods and services (current US$),2018,7362391280.37078,Sub-Saharan Africa ,Upper middle income,25.9201,-24.6544
3388,BW,Botswana,Imports of goods and services (current US$),2017,6281640316.61235,Sub-Saharan Africa ,Upper middle income,25.9201,-24.6544
3389,BW,Botswana,Imports of goods and services (current US$),2016,6915892155.67741,Sub-Saharan Africa ,Upper middle income,25.9201,-24.6544
3390,BR,Brazil,Imports of goods and services (current US$),2025,398319353081.263,Latin America & Caribbean ,Upper middle income,-47.9292,-15.7801
3391,BR,Brazil,Imports of goods and services (current US$),2024,385708868264.323,Latin America & Caribbean ,Upper middle income,-47.9292,-15.7801
3392,BR,Brazil,Imports of goods and services (current US$),2023,343939883228.749,Latin America & Caribbean ,Upper middle income,-47.9292,-15.7801
3393,BR,Brazil,Imports of goods and services (current US$),2022,374482483050.831,Latin America & Caribbean ,Upper middle income,-47.9292,-15.7801
3394,BR,Brazil,Imports of goods and services (current US$),2021,309853308958.678,Latin America & Caribbean ,Upper middle income,-47.9292,-15.7801
3395,BR,Brazil,Imports of goods and services (current US$),2020,233941246230.247,Latin America & Caribbean ,Upper middle income,-47.9292,-15.7801
3396,BR,Brazil,Imports of goods and services (current US$),2019,276634813667.029,Latin America & Caribbean ,Upper middle income,-47.9292,-15.7801
3397,BR,Brazil,Imports of goods and services (current US$),2018,272994464677.427,Latin America & Caribbean ,Upper middle income,-47.9292,-15.7801
3398,BR,Brazil,Imports of goods and services (current US$),2017,243510584262.84,Latin America & Caribbean ,Upper middle income,-47.9292,-15.7801
3399,BR,Brazil,Imports of goods and services (current US$),2016,216686387069.85,Latin America & Caribbean ,Upper middle income,-47.9292,-15.7801
3400,VG,British Virgin Islands,Imports of goods and services (current US$),2025,,Latin America & Caribbean ,High income,-64.623056,18.431389
3401,VG,British Virgin Islands,Imports of goods and services (current US$),2024,,Latin America & Caribbean ,High income,-64.623056,18.431389
3402,VG,British Virgin Islands,Imports of goods and services (current US$),2023,,Latin America & Caribbean ,High income,-64.623056,18.431389
3403,VG,British Virgin Islands,Imports of goods and services (current US$),2022,,Latin America & Caribbean ,High income,-64.623056,18.431389
3404,VG,British Virgin Islands,Imports of goods and services (current US$),2021,,Latin America & Caribbean ,High income,-64.623056,18.431389
3405,VG,British Virgin Islands,Imports of goods and services (current US$),2020,,Latin America & Caribbean ,High income,-64.623056,18.431389
3406,VG,British Virgin Islands,Imports of goods and services (current US$),2019,,Latin America & Caribbean ,High income,-64.623056,18.431389
3407,VG,British Virgin Islands,Imports of goods and services (current US$),2018,,Latin America & Caribbean ,High income,-64.623056,18.431389
3408,VG,British Virgin Islands,Imports of goods and services (current US$),2017,,Latin America & Caribbean ,High income,-64.623056,18.431389
3409,VG,British Virgin Islands,Imports of goods and services (current US$),2016,,Latin America & Caribbean ,High income,-64.623056,18.431389
3410,BN,Brunei Darussalam,Imports of goods and services (current US$),2025,7822316769.65819,East Asia & Pacific,High income,114.946,4.94199
3411,BN,Brunei Darussalam,Imports of goods and services (current US$),2024,8946252974.29031,East Asia & Pacific,High income,114.946,4.94199
3412,BN,Brunei Darussalam,Imports of goods and services (current US$),2023,9081237975.39983,East Asia & Pacific,High income,114.946,4.94199
3413,BN,Brunei Darussalam,Imports of goods and services (current US$),2022,10106443642.8719,East Asia & Pacific,High income,114.946,4.94199
3414,BN,Brunei Darussalam,Imports of goods and services (current US$),2021,9377937977.70067,East Asia & Pacific,High income,114.946,4.94199
3415,BN,Brunei Darussalam,Imports of goods and services (current US$),2020,6355257109.6823,East Asia & Pacific,High income,114.946,4.94199
3416,BN,Brunei Darussalam,Imports of goods and services (current US$),2019,6810532693.06468,East Asia & Pacific,High income,114.946,4.94199
3417,BN,Brunei Darussalam,Imports of goods and services (current US$),2018,5693328954.5184,East Asia & Pacific,High income,114.946,4.94199
3418,BN,Brunei Darussalam,Imports of goods and services (current US$),2017,4318058847.51222,East Asia & Pacific,High income,114.946,4.94199
3419,BN,Brunei Darussalam,Imports of goods and services (current US$),2016,4302691141.32799,East Asia & Pacific,High income,114.946,4.94199
3420,BG,Bulgaria,Imports of goods and services (current US$),2025,67710937458.2491,Europe & Central Asia,High income,23.3238,42.7105
3421,BG,Bulgaria,Imports of goods and services (current US$),2024,61045719078.5511,Europe & Central Asia,High income,23.3238,42.7105
3422,BG,Bulgaria,Imports of goods and services (current US$),2023,59170791455.7143,Europe & Central Asia,High income,23.3238,42.7105
3423,BG,Bulgaria,Imports of goods and services (current US$),2022,62330614855.5188,Europe & Central Asia,High income,23.3238,42.7105
3424,BG,Bulgaria,Imports of goods and services (current US$),2021,50091113310.9232,Europe & Central Asia,High income,23.3238,42.7105
3425,BG,Bulgaria,Imports of goods and services (current US$),2020,38028750955.8448,Europe & Central Asia,High income,23.3238,42.7105
3426,BG,Bulgaria,Imports of goods and services (current US$),2019,41764330852.543,Europe & Central Asia,High income,23.3238,42.7105
3427,BG,Bulgaria,Imports of goods and services (current US$),2018,41807171882.3738,Europe & Central Asia,High income,23.3238,42.7105
3428,BG,Bulgaria,Imports of goods and services (current US$),2017,37066822040.535,Europe & Central Asia,High income,23.3238,42.7105
3429,BG,Bulgaria,Imports of goods and services (current US$),2016,31790083604.6456,Europe & Central Asia,High income,23.3238,42.7105
3430,BF,Burkina Faso,Imports of goods and services (current US$),2025,8291794759.22575,Sub-Saharan Africa ,Low income,-1.53395,12.3605
3431,BF,Burkina Faso,Imports of goods and services (current US$),2024,7387126425.77464,Sub-Saharan Africa ,Low income,-1.53395,12.3605
3432,BF,Burkina Faso,Imports of goods and services (current US$),2023,6877000995.68104,Sub-Saharan Africa ,Low income,-1.53395,12.3605
3433,BF,Burkina Faso,Imports of goods and services (current US$),2022,6760351772.06807,Sub-Saharan Africa ,Low income,-1.53395,12.3605
3434,BF,Burkina Faso,Imports of goods and services (current US$),2021,5835051415.32522,Sub-Saharan Africa ,Low income,-1.53395,12.3605
3435,BF,Burkina Faso,Imports of goods and services (current US$),2020,5133679370.81792,Sub-Saharan Africa ,Low income,-1.53395,12.3605
3436,BF,Burkina Faso,Imports of goods and services (current US$),2019,4994381288.40906,Sub-Saharan Africa ,Low income,-1.53395,12.3605
3437,BF,Burkina Faso,Imports of goods and services (current US$),2018,5166928258.63695,Sub-Saharan Africa ,Low income,-1.53395,12.3605
3438,BF,Burkina Faso,Imports of goods and services (current US$),2017,4629394216.11821,Sub-Saharan Africa ,Low income,-1.53395,12.3605
3439,BF,Burkina Faso,Imports of goods and services (current US$),2016,4103751193.78509,Sub-Saharan Africa ,Low income,-1.53395,12.3605
3440,BI,Burundi,Imports of goods and services (current US$),2025,,Sub-Saharan Africa ,Low income,29.3639,-3.3784
3441,BI,Burundi,Imports of goods and services (current US$),2024,,Sub-Saharan Africa ,Low income,29.3639,-3.3784
3442,BI,Burundi,Imports of goods and services (current US$),2023,,Sub-Saharan Africa ,Low income,29.3639,-3.3784
3443,BI,Burundi,Imports of goods and services (current US$),2022,,Sub-Saharan Africa ,Low income,29.3639,-3.3784
3444,BI,Burundi,Imports of goods and services (current US$),2021,,Sub-Saharan Africa ,Low income,29.3639,-3.3784
3445,BI,Burundi,Imports of goods and services (current US$),2020,,Sub-Saharan Africa ,Low income,29.3639,-3.3784
3446,BI,Burundi,Imports of goods and services (current US$),2019,,Sub-Saharan Africa ,Low income,29.3639,-3.3784
3447,BI,Burundi,Imports of goods and services (current US$),2018,,Sub-Saharan Africa ,Low income,29.3639,-3.3784
3448,BI,Burundi,Imports of goods and services (current US$),2017,,Sub-Saharan Africa ,Low income,29.3639,-3.3784
3449,BI,Burundi,Imports of goods and services (current US$),2016,,Sub-Saharan Africa ,Low income,29.3639,-3.3784
3450,CV,Cabo Verde,Imports of goods and services (current US$),2025,1630785620.92502,Sub-Saharan Africa ,Upper middle income,-23.5087,14.9218
3451,CV,Cabo Verde,Imports of goods and services (current US$),2024,1471461001.68687,Sub-Saharan Africa ,Upper middle income,-23.5087,14.9218
3452,CV,Cabo Verde,Imports of goods and services (current US$),2023,1396322814.32509,Sub-Saharan Africa ,Upper middle income,-23.5087,14.9218
3453,CV,Cabo Verde,Imports of goods and services (current US$),2022,1310225012.87536,Sub-Saharan Africa ,Upper middle income,-23.5087,14.9218
3454,CV,Cabo Verde,Imports of goods and services (current US$),2021,1099895576.06478,Sub-Saharan Africa ,Upper middle income,-23.5087,14.9218
3455,CV,Cabo Verde,Imports of goods and services (current US$),2020,967252867.721672,Sub-Saharan Africa ,Upper middle income,-23.5087,14.9218
3456,CV,Cabo Verde,Imports of goods and services (current US$),2019,1281435256.84643,Sub-Saharan Africa ,Upper middle income,-23.5087,14.9218
3457,CV,Cabo Verde,Imports of goods and services (current US$),2018,1323093455.18171,Sub-Saharan Africa ,Upper middle income,-23.5087,14.9218
3458,CV,Cabo Verde,Imports of goods and services (current US$),2017,1157777242.75552,Sub-Saharan Africa ,Upper middle income,-23.5087,14.9218
3459,CV,Cabo Verde,Imports of goods and services (current US$),2016,997132827.690972,Sub-Saharan Africa ,Upper middle income,-23.5087,14.9218
3460,KH,Cambodia,Imports of goods and services (current US$),2025,34576163750.5046,East Asia & Pacific,Lower middle income,104.874,11.5556
3461,KH,Cambodia,Imports of goods and services (current US$),2024,33412575811.7134,East Asia & Pacific,Lower middle income,104.874,11.5556
3462,KH,Cambodia,Imports of goods and services (current US$),2023,28497892006.4196,East Asia & Pacific,Lower middle income,104.874,11.5556
3463,KH,Cambodia,Imports of goods and services (current US$),2022,29462601452.0712,East Asia & Pacific,Lower middle income,104.874,11.5556
3464,KH,Cambodia,Imports of goods and services (current US$),2021,27158061717.6869,East Asia & Pacific,Lower middle income,104.874,11.5556
3465,KH,Cambodia,Imports of goods and services (current US$),2020,21651131247.4671,East Asia & Pacific,Lower middle income,104.874,11.5556
3466,KH,Cambodia,Imports of goods and services (current US$),2019,22117532079.4063,East Asia & Pacific,Lower middle income,104.874,11.5556
3467,KH,Cambodia,Imports of goods and services (current US$),2018,20870727998.1726,East Asia & Pacific,Lower middle income,104.874,11.5556
3468,KH,Cambodia,Imports of goods and services (current US$),2017,19038733851.7304,East Asia & Pacific,Lower middle income,104.874,11.5556
3469,KH,Cambodia,Imports of goods and services (current US$),2016,17599744248.3834,East Asia & Pacific,Lower middle income,104.874,11.5556
3470,CM,Cameroon,Imports of goods and services (current US$),2025,11960615219.6562,Sub-Saharan Africa ,Lower middle income,11.5174,3.8721
3471,CM,Cameroon,Imports of goods and services (current US$),2024,9982430835.96898,Sub-Saharan Africa ,Lower middle income,11.5174,3.8721
3472,CM,Cameroon,Imports of goods and services (current US$),2023,10269387815.6634,Sub-Saharan Africa ,Lower middle income,11.5174,3.8721
3473,CM,Cameroon,Imports of goods and services (current US$),2022,9740770348.35567,Sub-Saharan Africa ,Lower middle income,11.5174,3.8721
3474,CM,Cameroon,Imports of goods and services (current US$),2021,9102291771.32537,Sub-Saharan Africa ,Lower middle income,11.5174,3.8721
3475,CM,Cameroon,Imports of goods and services (current US$),2020,7544311297.1449,Sub-Saharan Africa ,Lower middle income,11.5174,3.8721
3476,CM,Cameroon,Imports of goods and services (current US$),2019,9333197587.66967,Sub-Saharan Africa ,Lower middle income,11.5174,3.8721
3477,CM,Cameroon,Imports of goods and services (current US$),2018,8730827316.89187,Sub-Saharan Africa ,Lower middle income,11.5174,3.8721
3478,CM,Cameroon,Imports of goods and services (current US$),2017,7525797297.62893,Sub-Saharan Africa ,Lower middle income,11.5174,3.8721
3479,CM,Cameroon,Imports of goods and services (current US$),2016,7333874148.32376,Sub-Saharan Africa ,Lower middle income,11.5174,3.8721
3480,CA,Canada,Imports of goods and services (current US$),2025,746500089837.294,North America,High income,-75.6919,45.4215
3481,CA,Canada,Imports of goods and services (current US$),2024,741233987715.737,North America,High income,-75.6919,45.4215
3482,CA,Canada,Imports of goods and services (current US$),2023,729991623300.122,North America,High income,-75.6919,45.4215
3483,CA,Canada,Imports of goods and services (current US$),2022,731290006744.08,North America,High income,-75.6919,45.4215
3484,CA,Canada,Imports of goods and services (current US$),2021,628388638999.206,North America,High income,-75.6919,45.4215
3485,CA,Canada,Imports of goods and services (current US$),2020,524572641557.224,North America,High income,-75.6919,45.4215
3486,CA,Canada,Imports of goods and services (current US$),2019,589706748631.384,North America,High income,-75.6919,45.4215
3487,CA,Canada,Imports of goods and services (current US$),2018,591347645767.306,North America,High income,-75.6919,45.4215
3488,CA,Canada,Imports of goods and services (current US$),2017,554922650425.45,North America,High income,-75.6919,45.4215
3489,CA,Canada,Imports of goods and services (current US$),2016,517396012626.09,North America,High income,-75.6919,45.4215
3490,KY,Cayman Islands,Imports of goods and services (current US$),2025,,Latin America & Caribbean ,High income,-81.3857,19.3022
3491,KY,Cayman Islands,Imports of goods and services (current US$),2024,,Latin America & Caribbean ,High income,-81.3857,19.3022
3492,KY,Cayman Islands,Imports of goods and services (current US$),2023,,Latin America & Caribbean ,High income,-81.3857,19.3022
3493,KY,Cayman Islands,Imports of goods and services (current US$),2022,,Latin America & Caribbean ,High income,-81.3857,19.3022
3494,KY,Cayman Islands,Imports of goods and services (current US$),2021,,Latin America & Caribbean ,High income,-81.3857,19.3022
3495,KY,Cayman Islands,Imports of goods and services (current US$),2020,2592370369.48148,Latin America & Caribbean ,High income,-81.3857,19.3022
3496,KY,Cayman Islands,Imports of goods and services (current US$),2019,2695690782.76313,Latin America & Caribbean ,High income,-81.3857,19.3022
3497,KY,Cayman Islands,Imports of goods and services (current US$),2018,2517850071.40029,Latin America & Caribbean ,High income,-81.3857,19.3022
3498,KY,Cayman Islands,Imports of goods and services (current US$),2017,2242928971.71589,Latin America & Caribbean ,High income,-81.3857,19.3022
3499,KY,Cayman Islands,Imports of goods and services (current US$),2016,,Latin America & Caribbean ,High income,-81.3857,19.3022
3500,CF,Central African Republic,Imports of goods and services (current US$),2025,1029045765.67717,Sub-Saharan Africa ,Low income,21.6407,5.63056
3501,CF,Central African Republic,Imports of goods and services (current US$),2024,864653558.507516,Sub-Saharan Africa ,Low income,21.6407,5.63056
3502,CF,Central African Republic,Imports of goods and services (current US$),2023,742108359.673393,Sub-Saharan Africa ,Low income,21.6407,5.63056
3503,CF,Central African Republic,Imports of goods and services (current US$),2022,784669456.38734,Sub-Saharan Africa ,Low income,21.6407,5.63056
3504,CF,Central African Republic,Imports of goods and services (current US$),2021,778394732.807162,Sub-Saharan Africa ,Low income,21.6407,5.63056
3505,CF,Central African Republic,Imports of goods and services (current US$),2020,799194659.189116,Sub-Saharan Africa ,Low income,21.6407,5.63056
3506,CF,Central African Republic,Imports of goods and services (current US$),2019,762137823.137317,Sub-Saharan Africa ,Low income,21.6407,5.63056
3507,CF,Central African Republic,Imports of goods and services (current US$),2018,748917943.770559,Sub-Saharan Africa ,Low income,21.6407,5.63056
3508,CF,Central African Republic,Imports of goods and services (current US$),2017,826531337.145396,Sub-Saharan Africa ,Low income,21.6407,5.63056
3509,CF,Central African Republic,Imports of goods and services (current US$),2016,651691428.877197,Sub-Saharan Africa ,Low income,21.6407,5.63056
3510,TD,Chad,Imports of goods and services (current US$),2025,3589848354.57813,Sub-Saharan Africa ,Low income,15.0445,12.1048
3511,TD,Chad,Imports of goods and services (current US$),2024,3358335599.72621,Sub-Saharan Africa ,Low income,15.0445,12.1048
3512,TD,Chad,Imports of goods and services (current US$),2023,3259676236.73947,Sub-Saharan Africa ,Low income,15.0445,12.1048
3513,TD,Chad,Imports of goods and services (current US$),2022,2897673570.61113,Sub-Saharan Africa ,Low income,15.0445,12.1048
3514,TD,Chad,Imports of goods and services (current US$),2021,2980116474.1698,Sub-Saharan Africa ,Low income,15.0445,12.1048
3515,TD,Chad,Imports of goods and services (current US$),2020,2890407316.27935,Sub-Saharan Africa ,Low income,15.0445,12.1048
3516,TD,Chad,Imports of goods and services (current US$),2019,3235878756.21652,Sub-Saharan Africa ,Low income,15.0445,12.1048
3517,TD,Chad,Imports of goods and services (current US$),2018,3202369867.30411,Sub-Saharan Africa ,Low income,15.0445,12.1048
3518,TD,Chad,Imports of goods and services (current US$),2017,2683750770.14088,Sub-Saharan Africa ,Low income,15.0445,12.1048
3519,TD,Chad,Imports of goods and services (current US$),2016,2781116602.81855,Sub-Saharan Africa ,Low income,15.0445,12.1048
3520,JG,Channel Islands,Imports of goods and services (current US$),2025,,Europe & Central Asia,High income,,
3521,JG,Channel Islands,Imports of goods and services (current US$),2024,,Europe & Central Asia,High income,,
3522,JG,Channel Islands,Imports of goods and services (current US$),2023,,Europe & Central Asia,High income,,
3523,JG,Channel Islands,Imports of goods and services (current US$),2022,,Europe & Central Asia,High income,,
3524,JG,Channel Islands,Imports of goods and services (current US$),2021,,Europe & Central Asia,High income,,
3525,JG,Channel Islands,Imports of goods and services (current US$),2020,,Europe & Central Asia,High income,,
3526,JG,Channel Islands,Imports of goods and services (current US$),2019,,Europe & Central Asia,High income,,
3527,JG,Channel Islands,Imports of goods and services (current US$),2018,,Europe & Central Asia,High income,,
3528,JG,Channel Islands,Imports of goods and services (current US$),2017,,Europe & Central Asia,High income,,
3529,JG,Channel Islands,Imports of goods and services (current US$),2016,,Europe & Central Asia,High income,,
3530,CL,Chile,Imports of goods and services (current US$),2025,108715223275.322,Latin America & Caribbean ,High income,-70.6475,-33.475
3531,CL,Chile,Imports of goods and services (current US$),2024,99521252622.9592,Latin America & Caribbean ,High income,-70.6475,-33.475
3532,CL,Chile,Imports of goods and services (current US$),2023,100410335716.185,Latin America & Caribbean ,High income,-70.6475,-33.475
3533,CL,Chile,Imports of goods and services (current US$),2022,119270630424.544,Latin America & Caribbean ,High income,-70.6475,-33.475
3534,CL,Chile,Imports of goods and services (current US$),2021,103693578714.076,Latin America & Caribbean ,High income,-70.6475,-33.475
3535,CL,Chile,Imports of goods and services (current US$),2020,68216602659.5735,Latin America & Caribbean ,High income,-70.6475,-33.475
3536,CL,Chile,Imports of goods and services (current US$),2019,82753870848.0187,Latin America & Caribbean ,High income,-70.6475,-33.475
3537,CL,Chile,Imports of goods and services (current US$),2018,87715868252.432,Latin America & Caribbean ,High income,-70.6475,-33.475
3538,CL,Chile,Imports of goods and services (current US$),2017,76480319596.4892,Latin America & Caribbean ,High income,-70.6475,-33.475
3539,CL,Chile,Imports of goods and services (current US$),2016,70152435856.7924,Latin America & Caribbean ,High income,-70.6475,-33.475
3540,CN,China,Imports of goods and services (current US$),2025,3292280901123.49,East Asia & Pacific,Upper middle income,116.286,40.0495
3541,CN,China,Imports of goods and services (current US$),2024,3280170243047.19,East Asia & Pacific,Upper middle income,116.286,40.0495
3542,CN,China,Imports of goods and services (current US$),2023,3167502597276.28,East Asia & Pacific,Upper middle income,116.286,40.0495
3543,CN,China,Imports of goods and services (current US$),2022,3166016135468.4,East Asia & Pacific,Upper middle income,116.286,40.0495
3544,CN,China,Imports of goods and services (current US$),2021,3132116155606.12,East Asia & Pacific,Upper middle income,116.286,40.0495
3545,CN,China,Imports of goods and services (current US$),2020,2409650385964.34,East Asia & Pacific,Upper middle income,116.286,40.0495
3546,CN,China,Imports of goods and services (current US$),2019,2521036548136.79,East Asia & Pacific,Upper middle income,116.286,40.0495
3547,CN,China,Imports of goods and services (current US$),2018,2564121910994.89,East Asia & Pacific,Upper middle income,116.286,40.0495
3548,CN,China,Imports of goods and services (current US$),2017,2208518918632.2,East Asia & Pacific,Upper middle income,116.286,40.0495
3549,CN,China,Imports of goods and services (current US$),2016,1944490534275.23,East Asia & Pacific,Upper middle income,116.286,40.0495
3550,CO,Colombia,Imports of goods and services (current US$),2025,93242618942.8426,Latin America & Caribbean ,Upper middle income,-74.082,4.60987
3551,CO,Colombia,Imports of goods and services (current US$),2024,85099669251.8164,Latin America & Caribbean ,Upper middle income,-74.082,4.60987
3552,CO,Colombia,Imports of goods and services (current US$),2023,81912779952.6347,Latin America & Caribbean ,Upper middle income,-74.082,4.60987
3553,CO,Colombia,Imports of goods and services (current US$),2022,96411719930.8215,Latin America & Caribbean ,Upper middle income,-74.082,4.60987
3554,CO,Colombia,Imports of goods and services (current US$),2021,76006795312.1819,Latin America & Caribbean ,Upper middle income,-74.082,4.60987
3555,CO,Colombia,Imports of goods and services (current US$),2020,55511423806.5089,Latin America & Caribbean ,Upper middle income,-74.082,4.60987
3556,CO,Colombia,Imports of goods and services (current US$),2019,70067176051.0406,Latin America & Caribbean ,Upper middle income,-74.082,4.60987
3557,CO,Colombia,Imports of goods and services (current US$),2018,68961912988.8708,Latin America & Caribbean ,Upper middle income,-74.082,4.60987
3558,CO,Colombia,Imports of goods and services (current US$),2017,62802582423.5139,Latin America & Caribbean ,Upper middle income,-74.082,4.60987
3559,CO,Colombia,Imports of goods and services (current US$),2016,60743865896.6273,Latin America & Caribbean ,Upper middle income,-74.082,4.60987
3560,KM,Comoros,Imports of goods and services (current US$),2025,573286720.626603,Sub-Saharan Africa ,Lower middle income,43.2418,-11.6986
3561,KM,Comoros,Imports of goods and services (current US$),2024,519240066.914771,Sub-Saharan Africa ,Lower middle income,43.2418,-11.6986
3562,KM,Comoros,Imports of goods and services (current US$),2023,500323921.623132,Sub-Saharan Africa ,Lower middle income,43.2418,-11.6986
3563,KM,Comoros,Imports of goods and services (current US$),2022,479082920.132877,Sub-Saharan Africa ,Lower middle income,43.2418,-11.6986
3564,KM,Comoros,Imports of goods and services (current US$),2021,417650095.359039,Sub-Saharan Africa ,Lower middle income,43.2418,-11.6986
3565,KM,Comoros,Imports of goods and services (current US$),2020,343723733.571589,Sub-Saharan Africa ,Lower middle income,43.2418,-11.6986
3566,KM,Comoros,Imports of goods and services (current US$),2019,352466444.794422,Sub-Saharan Africa ,Lower middle income,43.2418,-11.6986
3567,KM,Comoros,Imports of goods and services (current US$),2018,357675038.221026,Sub-Saharan Africa ,Lower middle income,43.2418,-11.6986
3568,KM,Comoros,Imports of goods and services (current US$),2017,304517256.026063,Sub-Saharan Africa ,Lower middle income,43.2418,-11.6986
3569,KM,Comoros,Imports of goods and services (current US$),2016,267996110.852463,Sub-Saharan Africa ,Lower middle income,43.2418,-11.6986
3570,CD,"Congo, Dem. Rep.",Imports of goods and services (current US$),2025,39977700113.2934,Sub-Saharan Africa ,Low income,15.3222,-4.325
3571,CD,"Congo, Dem. Rep.",Imports of goods and services (current US$),2024,36761361427.2486,Sub-Saharan Africa ,Low income,15.3222,-4.325
3572,CD,"Congo, Dem. Rep.",Imports of goods and services (current US$),2023,31210388007.7183,Sub-Saharan Africa ,Low income,15.3222,-4.325
3573,CD,"Congo, Dem. Rep.",Imports of goods and services (current US$),2022,31691354758.3458,Sub-Saharan Africa ,Low income,15.3222,-4.325
3574,CD,"Congo, Dem. Rep.",Imports of goods and services (current US$),2021,22184221686.2627,Sub-Saharan Africa ,Low income,15.3222,-4.325
3575,CD,"Congo, Dem. Rep.",Imports of goods and services (current US$),2020,14559943991.422,Sub-Saharan Africa ,Low income,15.3222,-4.325
3576,CD,"Congo, Dem. Rep.",Imports of goods and services (current US$),2019,15200849680.4705,Sub-Saharan Africa ,Low income,15.3222,-4.325
3577,CD,"Congo, Dem. Rep.",Imports of goods and services (current US$),2018,17774432829.14,Sub-Saharan Africa ,Low income,15.3222,-4.325
3578,CD,"Congo, Dem. Rep.",Imports of goods and services (current US$),2017,13075981645.3818,Sub-Saharan Africa ,Low income,15.3222,-4.325
3579,CD,"Congo, Dem. Rep.",Imports of goods and services (current US$),2016,14238061710.0503,Sub-Saharan Africa ,Low income,15.3222,-4.325
3580,CG,"Congo, Rep.",Imports of goods and services (current US$),2025,7117259247.18917,Sub-Saharan Africa ,Lower middle income,15.2662,-4.2767
3581,CG,"Congo, Rep.",Imports of goods and services (current US$),2024,6352207277.44474,Sub-Saharan Africa ,Lower middle income,15.2662,-4.2767
3582,CG,"Congo, Rep.",Imports of goods and services (current US$),2023,6023391374.19893,Sub-Saharan Africa ,Lower middle income,15.2662,-4.2767
3583,CG,"Congo, Rep.",Imports of goods and services (current US$),2022,5433021714.23864,Sub-Saharan Africa ,Lower middle income,15.2662,-4.2767
3584,CG,"Congo, Rep.",Imports of goods and services (current US$),2021,4849428753.42288,Sub-Saharan Africa ,Lower middle income,15.2662,-4.2767
3585,CG,"Congo, Rep.",Imports of goods and services (current US$),2020,3278620368.81873,Sub-Saharan Africa ,Lower middle income,15.2662,-4.2767
3586,CG,"Congo, Rep.",Imports of goods and services (current US$),2019,4944506820.52635,Sub-Saharan Africa ,Lower middle income,15.2662,-4.2767
3587,CG,"Congo, Rep.",Imports of goods and services (current US$),2018,5669133279.44923,Sub-Saharan Africa ,Lower middle income,15.2662,-4.2767
3588,CG,"Congo, Rep.",Imports of goods and services (current US$),2017,5521298081.87023,Sub-Saharan Africa ,Lower middle income,15.2662,-4.2767
3589,CG,"Congo, Rep.",Imports of goods and services (current US$),2016,8765973302.49731,Sub-Saharan Africa ,Lower middle income,15.2662,-4.2767
3590,CR,Costa Rica,Imports of goods and services (current US$),2025,33590223066.19,Latin America & Caribbean ,High income,-84.0089,9.63701
3591,CR,Costa Rica,Imports of goods and services (current US$),2024,31261918867.2662,Latin America & Caribbean ,High income,-84.0089,9.63701
3592,CR,Costa Rica,Imports of goods and services (current US$),2023,29178710518.005,Latin America & Caribbean ,High income,-84.0089,9.63701
3593,CR,Costa Rica,Imports of goods and services (current US$),2022,27309613389.3797,Latin America & Caribbean ,High income,-84.0089,9.63701
3594,CR,Costa Rica,Imports of goods and services (current US$),2021,22479844381.479,Latin America & Caribbean ,High income,-84.0089,9.63701
3595,CR,Costa Rica,Imports of goods and services (current US$),2020,17616395175.2131,Latin America & Caribbean ,High income,-84.0089,9.63701
3596,CR,Costa Rica,Imports of goods and services (current US$),2019,20249829099.398,Latin America & Caribbean ,High income,-84.0089,9.63701
3597,CR,Costa Rica,Imports of goods and services (current US$),2018,20727758739.4065,Latin America & Caribbean ,High income,-84.0089,9.63701
3598,CR,Costa Rica,Imports of goods and services (current US$),2017,19552292617.6029,Latin America & Caribbean ,High income,-84.0089,9.63701
3599,CR,Costa Rica,Imports of goods and services (current US$),2016,18194546420.5821,Latin America & Caribbean ,High income,-84.0089,9.63701
3600,CI,Cote d'Ivoire,Imports of goods and services (current US$),2025,24716415280.5918,Sub-Saharan Africa ,Lower middle income,-4.0305,5.332
3601,CI,Cote d'Ivoire,Imports of goods and services (current US$),2024,21984729877.2984,Sub-Saharan Africa ,Lower middle income,-4.0305,5.332
3602,CI,Cote d'Ivoire,Imports of goods and services (current US$),2023,21311191334.5497,Sub-Saharan Africa ,Lower middle income,-4.0305,5.332
3603,CI,Cote d'Ivoire,Imports of goods and services (current US$),2022,20283240452.5601,Sub-Saharan Africa ,Lower middle income,-4.0305,5.332
3604,CI,Cote d'Ivoire,Imports of goods and services (current US$),2021,16610109080.0793,Sub-Saharan Africa ,Lower middle income,-4.0305,5.332
3605,CI,Cote d'Ivoire,Imports of goods and services (current US$),2020,13203807830.5952,Sub-Saharan Africa ,Lower middle income,-4.0305,5.332
3606,CI,Cote d'Ivoire,Imports of goods and services (current US$),2019,13284189624.8842,Sub-Saharan Africa ,Lower middle income,-4.0305,5.332
3607,CI,Cote d'Ivoire,Imports of goods and services (current US$),2018,13661082703.3125,Sub-Saharan Africa ,Lower middle income,-4.0305,5.332
3608,CI,Cote d'Ivoire,Imports of goods and services (current US$),2017,12163812786.1254,Sub-Saharan Africa ,Lower middle income,-4.0305,5.332
3609,CI,Cote d'Ivoire,Imports of goods and services (current US$),2016,10951634334.4131,Sub-Saharan Africa ,Lower middle income,-4.0305,5.332
3610,HR,Croatia,Imports of goods and services (current US$),2025,55696868835.294,Europe & Central Asia,High income,15.9614,45.8069
3611,HR,Croatia,Imports of goods and services (current US$),2024,50927083435.1562,Europe & Central Asia,High income,15.9614,45.8069
3612,HR,Croatia,Imports of goods and services (current US$),2023,46843800747.0597,Europe & Central Asia,High income,15.9614,45.8069
3613,HR,Croatia,Imports of goods and services (current US$),2022,46917449045.3506,Europe & Central Asia,High income,15.9614,45.8069
3614,HR,Croatia,Imports of goods and services (current US$),2021,36254483911.1414,Europe & Central Asia,High income,15.9614,45.8069
3615,HR,Croatia,Imports of goods and services (current US$),2020,27975917843.7995,Europe & Central Asia,High income,15.9614,45.8069
3616,HR,Croatia,Imports of goods and services (current US$),2019,31288902621.421,Europe & Central Asia,High income,15.9614,45.8069
3617,HR,Croatia,Imports of goods and services (current US$),2018,30818196849.0918,Europe & Central Asia,High income,15.9614,45.8069
3618,HR,Croatia,Imports of goods and services (current US$),2017,27152332095.559,Europe & Central Asia,High income,15.9614,45.8069
3619,HR,Croatia,Imports of goods and services (current US$),2016,23966598186.4551,Europe & Central Asia,High income,15.9614,45.8069
3620,CU,Cuba,Imports of goods and services (current US$),2025,,Latin America & Caribbean ,Upper middle income,-82.3667,23.1333
3621,CU,Cuba,Imports of goods and services (current US$),2024,,Latin America & Caribbean ,Upper middle income,-82.3667,23.1333
3622,CU,Cuba,Imports of goods and services (current US$),2023,,Latin America & Caribbean ,Upper middle income,-82.3667,23.1333
3623,CU,Cuba,Imports of goods and services (current US$),2022,,Latin America & Caribbean ,Upper middle income,-82.3667,23.1333
3624,CU,Cuba,Imports of goods and services (current US$),2021,,Latin America & Caribbean ,Upper middle income,-82.3667,23.1333
3625,CU,Cuba,Imports of goods and services (current US$),2020,8067000000.0,Latin America & Caribbean ,Upper middle income,-82.3667,23.1333
3626,CU,Cuba,Imports of goods and services (current US$),2019,10971100000.0,Latin America & Caribbean ,Upper middle income,-82.3667,23.1333
3627,CU,Cuba,Imports of goods and services (current US$),2018,12567100000.0,Latin America & Caribbean ,Upper middle income,-82.3667,23.1333
3628,CU,Cuba,Imports of goods and services (current US$),2017,11303600000.0,Latin America & Caribbean ,Upper middle income,-82.3667,23.1333
3629,CU,Cuba,Imports of goods and services (current US$),2016,11226300000.0,Latin America & Caribbean ,Upper middle income,-82.3667,23.1333
3630,CW,Curacao,Imports of goods and services (current US$),2025,,Latin America & Caribbean ,High income,,
3631,CW,Curacao,Imports of goods and services (current US$),2024,,Latin America & Caribbean ,High income,,
3632,CW,Curacao,Imports of goods and services (current US$),2023,,Latin America & Caribbean ,High income,,
3633,CW,Curacao,Imports of goods and services (current US$),2022,,Latin America & Caribbean ,High income,,
3634,CW,Curacao,Imports of goods and services (current US$),2021,,Latin America & Caribbean ,High income,,
3635,CW,Curacao,Imports of goods and services (current US$),2020,,Latin America & Caribbean ,High income,,
3636,CW,Curacao,Imports of goods and services (current US$),2019,,Latin America & Caribbean ,High income,,
3637,CW,Curacao,Imports of goods and services (current US$),2018,2803351955.30726,Latin America & Caribbean ,High income,,
3638,CW,Curacao,Imports of goods and services (current US$),2017,2432290502.7933,Latin America & Caribbean ,High income,,
3639,CW,Curacao,Imports of goods and services (current US$),2016,2300502793.29609,Latin America & Caribbean ,High income,,
3640,CY,Cyprus,Imports of goods and services (current US$),2025,37895679482.549,Europe & Central Asia,High income,33.3736,35.1676
3641,CY,Cyprus,Imports of goods and services (current US$),2024,35144136153.9844,Europe & Central Asia,High income,33.3736,35.1676
3642,CY,Cyprus,Imports of goods and services (current US$),2023,33094024492.8653,Europe & Central Asia,High income,33.3736,35.1676
3643,CY,Cyprus,Imports of goods and services (current US$),2022,31557528863.7997,Europe & Central Asia,High income,33.3736,35.1676
3644,CY,Cyprus,Imports of goods and services (current US$),2021,26141699845.4957,Europe & Central Asia,High income,33.3736,35.1676
3645,CY,Cyprus,Imports of goods and services (current US$),2020,20705101712.979,Europe & Central Asia,High income,33.3736,35.1676
3646,CY,Cyprus,Imports of goods and services (current US$),2019,19581296224.5568,Europe & Central Asia,High income,33.3736,35.1676
3647,CY,Cyprus,Imports of goods and services (current US$),2018,18829384342.8517,Europe & Central Asia,High income,33.3736,35.1676
3648,CY,Cyprus,Imports of goods and services (current US$),2017,17021058792.8412,Europe & Central Asia,High income,33.3736,35.1676
3649,CY,Cyprus,Imports of goods and services (current US$),2016,14424827081.7969,Europe & Central Asia,High income,33.3736,35.1676
3650,CZ,Czechia,Imports of goods and services (current US$),2025,238895347774.426,Europe & Central Asia,High income,14.4205,50.0878
3651,CZ,Czechia,Imports of goods and services (current US$),2024,217301727912.937,Europe & Central Asia,High income,14.4205,50.0878
3652,CZ,Czechia,Imports of goods and services (current US$),2023,219076391730.518,Europe & Central Asia,High income,14.4205,50.0878
3653,CZ,Czechia,Imports of goods and services (current US$),2022,216117395213.426,Europe & Central Asia,High income,14.4205,50.0878
3654,CZ,Czechia,Imports of goods and services (current US$),2021,194451452690.495,Europe & Central Asia,High income,14.4205,50.0878
3655,CZ,Czechia,Imports of goods and services (current US$),2020,153225751553.732,Europe & Central Asia,High income,14.4205,50.0878
3656,CZ,Czechia,Imports of goods and services (current US$),2019,169560596975.875,Europe & Central Asia,High income,14.4205,50.0878
3657,CZ,Czechia,Imports of goods and services (current US$),2018,175215168028.716,Europe & Central Asia,High income,14.4205,50.0878
3658,CZ,Czechia,Imports of goods and services (current US$),2017,155241626146.102,Europe & Central Asia,High income,14.4205,50.0878
3659,CZ,Czechia,Imports of goods and services (current US$),2016,139581736162.494,Europe & Central Asia,High income,14.4205,50.0878
3660,DK,Denmark,Imports of goods and services (current US$),2025,273377454737.711,Europe & Central Asia,High income,12.5681,55.6763
3661,DK,Denmark,Imports of goods and services (current US$),2024,257954032293.244,Europe & Central Asia,High income,12.5681,55.6763
3662,DK,Denmark,Imports of goods and services (current US$),2023,244049390819.477,Europe & Central Asia,High income,12.5681,55.6763
3663,DK,Denmark,Imports of goods and services (current US$),2022,245032442023.852,Europe & Central Asia,High income,12.5681,55.6763
3664,DK,Denmark,Imports of goods and services (current US$),2021,215701858421.281,Europe & Central Asia,High income,12.5681,55.6763
3665,DK,Denmark,Imports of goods and services (current US$),2020,175669403452.283,Europe & Central Asia,High income,12.5681,55.6763
3666,DK,Denmark,Imports of goods and services (current US$),2019,182858534958.076,Europe & Central Asia,High income,12.5681,55.6763
3667,DK,Denmark,Imports of goods and services (current US$),2018,184150748807.726,Europe & Central Asia,High income,12.5681,55.6763
3668,DK,Denmark,Imports of goods and services (current US$),2017,162057186530.798,Europe & Central Asia,High income,12.5681,55.6763
3669,DK,Denmark,Imports of goods and services (current US$),2016,148938310649.103,Europe & Central Asia,High income,12.5681,55.6763
3670,DJ,Djibouti,Imports of goods and services (current US$),2025,4430416214.1784,"Middle East, North Africa, Afghanistan & Pakistan",Lower middle income,43.1425,11.5806
3671,DJ,Djibouti,Imports of goods and services (current US$),2024,4767585147.50648,"Middle East, North Africa, Afghanistan & Pakistan",Lower middle income,43.1425,11.5806
3672,DJ,Djibouti,Imports of goods and services (current US$),2023,5269169090.8784,"Middle East, North Africa, Afghanistan & Pakistan",Lower middle income,43.1425,11.5806
3673,DJ,Djibouti,Imports of goods and services (current US$),2022,5096060679.37948,"Middle East, North Africa, Afghanistan & Pakistan",Lower middle income,43.1425,11.5806
3674,DJ,Djibouti,Imports of goods and services (current US$),2021,4096786536.2,"Middle East, North Africa, Afghanistan & Pakistan",Lower middle income,43.1425,11.5806
3675,DJ,Djibouti,Imports of goods and services (current US$),2020,3414846866.71806,"Middle East, North Africa, Afghanistan & Pakistan",Lower middle income,43.1425,11.5806
3676,DJ,Djibouti,Imports of goods and services (current US$),2019,4763668896.7539,"Middle East, North Africa, Afghanistan & Pakistan",Lower middle income,43.1425,11.5806
3677,DJ,Djibouti,Imports of goods and services (current US$),2018,4188947845.21807,"Middle East, North Africa, Afghanistan & Pakistan",Lower middle income,43.1425,11.5806
3678,DJ,Djibouti,Imports of goods and services (current US$),2017,4306024611.61033,"Middle East, North Africa, Afghanistan & Pakistan",Lower middle income,43.1425,11.5806
3679,DJ,Djibouti,Imports of goods and services (current US$),2016,2847423770.96685,"Middle East, North Africa, Afghanistan & Pakistan",Lower middle income,43.1425,11.5806
3680,DM,Dominica,Imports of goods and services (current US$),2025,,Latin America & Caribbean ,Upper middle income,-61.39,15.2976
3681,DM,Dominica,Imports of goods and services (current US$),2024,,Latin America & Caribbean ,Upper middle income,-61.39,15.2976
3682,DM,Dominica,Imports of goods and services (current US$),2023,,Latin America & Caribbean ,Upper middle income,-61.39,15.2976
3683,DM,Dominica,Imports of goods and services (current US$),2022,,Latin America & Caribbean ,Upper middle income,-61.39,15.2976
3684,DM,Dominica,Imports of goods and services (current US$),2021,,Latin America & Caribbean ,Upper middle income,-61.39,15.2976
3685,DM,Dominica,Imports of goods and services (current US$),2020,,Latin America & Caribbean ,Upper middle income,-61.39,15.2976
3686,DM,Dominica,Imports of goods and services (current US$),2019,,Latin America & Caribbean ,Upper middle income,-61.39,15.2976
3687,DM,Dominica,Imports of goods and services (current US$),2018,,Latin America & Caribbean ,Upper middle income,-61.39,15.2976
3688,DM,Dominica,Imports of goods and services (current US$),2017,,Latin America & Caribbean ,Upper middle income,-61.39,15.2976
3689,DM,Dominica,Imports of goods and services (current US$),2016,,Latin America & Caribbean ,Upper middle income,-61.39,15.2976
3690,DO,Dominican Republic,Imports of goods and services (current US$),2025,35489329536.5107,Latin America & Caribbean ,Upper middle income,-69.8908,18.479
3691,DO,Dominican Republic,Imports of goods and services (current US$),2024,36061223105.1343,Latin America & Caribbean ,Upper middle income,-69.8908,18.479
3692,DO,Dominican Republic,Imports of goods and services (current US$),2023,34354476733.3362,Latin America & Caribbean ,Upper middle income,-69.8908,18.479
3693,DO,Dominican Republic,Imports of goods and services (current US$),2022,36712448617.174,Latin America & Caribbean ,Upper middle income,-69.8908,18.479
3694,DO,Dominican Republic,Imports of goods and services (current US$),2021,28855223090.105,Latin America & Caribbean ,Upper middle income,-69.8908,18.479
3695,DO,Dominican Republic,Imports of goods and services (current US$),2020,20371828906.5741,Latin America & Caribbean ,Upper middle income,-69.8908,18.479
3696,DO,Dominican Republic,Imports of goods and services (current US$),2019,24593322194.2051,Latin America & Caribbean ,Upper middle income,-69.8908,18.479
3697,DO,Dominican Republic,Imports of goods and services (current US$),2018,24089276069.9845,Latin America & Caribbean ,Upper middle income,-69.8908,18.479
3698,DO,Dominican Republic,Imports of goods and services (current US$),2017,21016707908.4144,Latin America & Caribbean ,Upper middle income,-69.8908,18.479
3699,DO,Dominican Republic,Imports of goods and services (current US$),2016,20804844202.6132,Latin America & Caribbean ,Upper middle income,-69.8908,18.479
3700,EC,Ecuador,Imports of goods and services (current US$),2025,36383153500.0,Latin America & Caribbean ,Upper middle income,-78.5243,-0.229498
3701,EC,Ecuador,Imports of goods and services (current US$),2024,33359499000.0,Latin America & Caribbean ,Upper middle income,-78.5243,-0.229498
3702,EC,Ecuador,Imports of goods and services (current US$),2023,34441841000.0,Latin America & Caribbean ,Upper middle income,-78.5243,-0.229498
3703,EC,Ecuador,Imports of goods and services (current US$),2022,35949643000.0,Latin America & Caribbean ,Upper middle income,-78.5243,-0.229498
3704,EC,Ecuador,Imports of goods and services (current US$),2021,28075880000.0,Latin America & Caribbean ,Upper middle income,-78.5243,-0.229498
3705,EC,Ecuador,Imports of goods and services (current US$),2020,19849664000.0,Latin America & Caribbean ,Upper middle income,-78.5243,-0.229498
3706,EC,Ecuador,Imports of goods and services (current US$),2019,25859813000.0,Latin America & Caribbean ,Upper middle income,-78.5243,-0.229498
3707,EC,Ecuador,Imports of goods and services (current US$),2018,26295241000.0,Latin America & Caribbean ,Upper middle income,-78.5243,-0.229498
3708,EC,Ecuador,Imports of goods and services (current US$),2017,23120886000.0,Latin America & Caribbean ,Upper middle income,-78.5243,-0.229498
3709,EC,Ecuador,Imports of goods and services (current US$),2016,19529599000.0,Latin America & Caribbean ,Upper middle income,-78.5243,-0.229498
3710,EG,"Egypt, Arab Rep.",Imports of goods and services (current US$),2025,115107510878.37,"Middle East, North Africa, Afghanistan & Pakistan",Lower middle income,31.2461,30.0982
3711,EG,"Egypt, Arab Rep.",Imports of goods and services (current US$),2024,90357257364.1562,"Middle East, North Africa, Afghanistan & Pakistan",Lower middle income,31.2461,30.0982
3712,EG,"Egypt, Arab Rep.",Imports of goods and services (current US$),2023,84507685809.5003,"Middle East, North Africa, Afghanistan & Pakistan",Lower middle income,31.2461,30.0982
3713,EG,"Egypt, Arab Rep.",Imports of goods and services (current US$),2022,104389057750.76,"Middle East, North Africa, Afghanistan & Pakistan",Lower middle income,31.2461,30.0982
3714,EG,"Egypt, Arab Rep.",Imports of goods and services (current US$),2021,81943913320.5864,"Middle East, North Africa, Afghanistan & Pakistan",Lower middle income,31.2461,30.0982
3715,EG,"Egypt, Arab Rep.",Imports of goods and services (current US$),2020,75433562071.1167,"Middle East, North Africa, Afghanistan & Pakistan",Lower middle income,31.2461,30.0982
3716,EG,"Egypt, Arab Rep.",Imports of goods and services (current US$),2019,78012528473.8041,"Middle East, North Africa, Afghanistan & Pakistan",Lower middle income,31.2461,30.0982
3717,EG,"Egypt, Arab Rep.",Imports of goods and services (current US$),2018,73331457512.6618,"Middle East, North Africa, Afghanistan & Pakistan",Lower middle income,31.2461,30.0982
3718,EG,"Egypt, Arab Rep.",Imports of goods and services (current US$),2017,69089673913.0435,"Middle East, North Africa, Afghanistan & Pakistan",Lower middle income,31.2461,30.0982
3719,EG,"Egypt, Arab Rep.",Imports of goods and services (current US$),2016,66159509202.454,"Middle East, North Africa, Afghanistan & Pakistan",Lower middle income,31.2461,30.0982
3720,SV,El Salvador,Imports of goods and services (current US$),2025,20597470000.0,Latin America & Caribbean ,Upper middle income,-89.2073,13.7034
3721,SV,El Salvador,Imports of goods and services (current US$),2024,18494180000.0,Latin America & Caribbean ,Upper middle income,-89.2073,13.7034
3722,SV,El Salvador,Imports of goods and services (current US$),2023,17125220000.0,Latin America & Caribbean ,Upper middle income,-89.2073,13.7034
3723,SV,El Salvador,Imports of goods and services (current US$),2022,17932560000.0,Latin America & Caribbean ,Upper middle income,-89.2073,13.7034
3724,SV,El Salvador,Imports of goods and services (current US$),2021,15411330000.0,Latin America & Caribbean ,Upper middle income,-89.2073,13.7034
3725,SV,El Salvador,Imports of goods and services (current US$),2020,10450130000.0,Latin America & Caribbean ,Upper middle income,-89.2073,13.7034
3726,SV,El Salvador,Imports of goods and services (current US$),2019,12388470000.0,Latin America & Caribbean ,Upper middle income,-89.2073,13.7034
3727,SV,El Salvador,Imports of goods and services (current US$),2018,12151540000.0,Latin America & Caribbean ,Upper middle income,-89.2073,13.7034
3728,SV,El Salvador,Imports of goods and services (current US$),2017,11309300000.0,Latin America & Caribbean ,Upper middle income,-89.2073,13.7034
3729,SV,El Salvador,Imports of goods and services (current US$),2016,10731440000.0,Latin America & Caribbean ,Upper middle income,-89.2073,13.7034
3730,GQ,Equatorial Guinea,Imports of goods and services (current US$),2025,3643355302.10971,Sub-Saharan Africa ,Upper middle income,8.7741,3.7523
3731,GQ,Equatorial Guinea,Imports of goods and services (current US$),2024,3885243289.21241,Sub-Saharan Africa ,Upper middle income,8.7741,3.7523
3732,GQ,Equatorial Guinea,Imports of goods and services (current US$),2023,2870078832.64868,Sub-Saharan Africa ,Upper middle income,8.7741,3.7523
3733,GQ,Equatorial Guinea,Imports of goods and services (current US$),2022,3948328171.97339,Sub-Saharan Africa ,Upper middle income,8.7741,3.7523
3734,GQ,Equatorial Guinea,Imports of goods and services (current US$),2021,3889425323.4954,Sub-Saharan Africa ,Upper middle income,8.7741,3.7523
3735,GQ,Equatorial Guinea,Imports of goods and services (current US$),2020,3668867869.71132,Sub-Saharan Africa ,Upper middle income,8.7741,3.7523
3736,GQ,Equatorial Guinea,Imports of goods and services (current US$),2019,4971586017.96072,Sub-Saharan Africa ,Upper middle income,8.7741,3.7523
3737,GQ,Equatorial Guinea,Imports of goods and services (current US$),2018,5766764651.86857,Sub-Saharan Africa ,Upper middle income,8.7741,3.7523
3738,GQ,Equatorial Guinea,Imports of goods and services (current US$),2017,5315346803.4256,Sub-Saharan Africa ,Upper middle income,8.7741,3.7523
3739,GQ,Equatorial Guinea,Imports of goods and services (current US$),2016,4629853195.02921,Sub-Saharan Africa ,Upper middle income,8.7741,3.7523
3740,ER,Eritrea,Imports of goods and services (current US$),2025,,Sub-Saharan Africa ,Low income,38.9183,15.3315
3741,ER,Eritrea,Imports of goods and services (current US$),2024,,Sub-Saharan Africa ,Low income,38.9183,15.3315
3742,ER,Eritrea,Imports of goods and services (current US$),2023,,Sub-Saharan Africa ,Low income,38.9183,15.3315
3743,ER,Eritrea,Imports of goods and services (current US$),2022,,Sub-Saharan Africa ,Low income,38.9183,15.3315
3744,ER,Eritrea,Imports of goods and services (current US$),2021,,Sub-Saharan Africa ,Low income,38.9183,15.3315
3745,ER,Eritrea,Imports of goods and services (current US$),2020,,Sub-Saharan Africa ,Low income,38.9183,15.3315
3746,ER,Eritrea,Imports of goods and services (current US$),2019,,Sub-Saharan Africa ,Low income,38.9183,15.3315
3747,ER,Eritrea,Imports of goods and services (current US$),2018,,Sub-Saharan Africa ,Low income,38.9183,15.3315
3748,ER,Eritrea,Imports of goods and services (current US$),2017,,Sub-Saharan Africa ,Low income,38.9183,15.3315
3749,ER,Eritrea,Imports of goods and services (current US$),2016,,Sub-Saharan Africa ,Low income,38.9183,15.3315
3750,EE,Estonia,Imports of goods and services (current US$),2025,36400718571.8596,Europe & Central Asia,High income,24.7586,59.4392
3751,EE,Estonia,Imports of goods and services (current US$),2024,32506629311.0508,Europe & Central Asia,High income,24.7586,59.4392
3752,EE,Estonia,Imports of goods and services (current US$),2023,31856671495.2359,Europe & Central Asia,High income,24.7586,59.4392
3753,EE,Estonia,Imports of goods and services (current US$),2022,33737756551.9943,Europe & Central Asia,High income,24.7586,59.4392
3754,EE,Estonia,Imports of goods and services (current US$),2021,30079327378.1584,Europe & Central Asia,High income,24.7586,59.4392
3755,EE,Estonia,Imports of goods and services (current US$),2020,22032093730.3954,Europe & Central Asia,High income,24.7586,59.4392
3756,EE,Estonia,Imports of goods and services (current US$),2019,21780286721.0117,Europe & Central Asia,High income,24.7586,59.4392
3757,EE,Estonia,Imports of goods and services (current US$),2018,22038410927.6141,Europe & Central Asia,High income,24.7586,59.4392
3758,EE,Estonia,Imports of goods and services (current US$),2017,19319297993.7894,Europe & Central Asia,High income,24.7586,59.4392
3759,EE,Estonia,Imports of goods and services (current US$),2016,17750100181.8526,Europe & Central Asia,High income,24.7586,59.4392
3760,SZ,Eswatini,Imports of goods and services (current US$),2025,,Sub-Saharan Africa ,Lower middle income,31.4659,-26.5225
3761,SZ,Eswatini,Imports of goods and services (current US$),2024,2610423259.22481,Sub-Saharan Africa ,Lower middle income,31.4659,-26.5225
3762,SZ,Eswatini,Imports of goods and services (current US$),2023,2367140007.21377,Sub-Saharan Africa ,Lower middle income,31.4659,-26.5225
3763,SZ,Eswatini,Imports of goods and services (current US$),2022,2282013573.53372,Sub-Saharan Africa ,Lower middle income,31.4659,-26.5225
3764,SZ,Eswatini,Imports of goods and services (current US$),2021,2178506943.75157,Sub-Saharan Africa ,Lower middle income,31.4659,-26.5225
3765,SZ,Eswatini,Imports of goods and services (current US$),2020,1670857423.22402,Sub-Saharan Africa ,Lower middle income,31.4659,-26.5225
3766,SZ,Eswatini,Imports of goods and services (current US$),2019,1933575697.79077,Sub-Saharan Africa ,Lower middle income,31.4659,-26.5225
3767,SZ,Eswatini,Imports of goods and services (current US$),2018,2072072242.65678,Sub-Saharan Africa ,Lower middle income,31.4659,-26.5225
3768,SZ,Eswatini,Imports of goods and services (current US$),2017,1951237992.70785,Sub-Saharan Africa ,Lower middle income,31.4659,-26.5225
3769,SZ,Eswatini,Imports of goods and services (current US$),2016,1640478256.01914,Sub-Saharan Africa ,Lower middle income,31.4659,-26.5225
3770,ET,Ethiopia,Imports of goods and services (current US$),2025,25494178576.2035,Sub-Saharan Africa ,Low income,38.7468,9.02274
3771,ET,Ethiopia,Imports of goods and services (current US$),2024,17760943867.0474,Sub-Saharan Africa ,Low income,38.7468,9.02274
3772,ET,Ethiopia,Imports of goods and services (current US$),2023,19025475348.3238,Sub-Saharan Africa ,Low income,38.7468,9.02274
3773,ET,Ethiopia,Imports of goods and services (current US$),2022,22598141427.9128,Sub-Saharan Africa ,Low income,38.7468,9.02274
3774,ET,Ethiopia,Imports of goods and services (current US$),2021,18229409472.4823,Sub-Saharan Africa ,Low income,38.7468,9.02274
3775,ET,Ethiopia,Imports of goods and services (current US$),2020,16655574514.9834,Sub-Saharan Africa ,Low income,38.7468,9.02274
3776,ET,Ethiopia,Imports of goods and services (current US$),2019,19170757494.8805,Sub-Saharan Africa ,Low income,38.7468,9.02274
3777,ET,Ethiopia,Imports of goods and services (current US$),2018,19023285015.1515,Sub-Saharan Africa ,Low income,38.7468,9.02274
3778,ET,Ethiopia,Imports of goods and services (current US$),2017,17926383870.8333,Sub-Saharan Africa ,Low income,38.7468,9.02274
3779,ET,Ethiopia,Imports of goods and services (current US$),2016,18548030816.5939,Sub-Saharan Africa ,Low income,38.7468,9.02274
3780,FO,Faroe Islands,Imports of goods and services (current US$),2025,,Europe & Central Asia,High income,-6.91181,61.8926
3781,FO,Faroe Islands,Imports of goods and services (current US$),2024,2074963892.91124,Europe & Central Asia,High income,-6.91181,61.8926
3782,FO,Faroe Islands,Imports of goods and services (current US$),2023,2213738519.19749,Europe & Central Asia,High income,-6.91181,61.8926
3783,FO,Faroe Islands,Imports of goods and services (current US$),2022,2222973772.42022,Europe & Central Asia,High income,-6.91181,61.8926
3784,FO,Faroe Islands,Imports of goods and services (current US$),2021,1905548674.37443,Europe & Central Asia,High income,-6.91181,61.8926
3785,FO,Faroe Islands,Imports of goods and services (current US$),2020,1596508304.91251,Europe & Central Asia,High income,-6.91181,61.8926
3786,FO,Faroe Islands,Imports of goods and services (current US$),2019,1726424994.45606,Europe & Central Asia,High income,-6.91181,61.8926
3787,FO,Faroe Islands,Imports of goods and services (current US$),2018,1723651102.3072,Europe & Central Asia,High income,-6.91181,61.8926
3788,FO,Faroe Islands,Imports of goods and services (current US$),2017,1516062731.89646,Europe & Central Asia,High income,-6.91181,61.8926
3789,FO,Faroe Islands,Imports of goods and services (current US$),2016,1407099940.90662,Europe & Central Asia,High income,-6.91181,61.8926
3790,FJ,Fiji,Imports of goods and services (current US$),2025,,East Asia & Pacific,Upper middle income,178.399,-18.1149
3791,FJ,Fiji,Imports of goods and services (current US$),2024,3852841334.92042,East Asia & Pacific,Upper middle income,178.399,-18.1149
3792,FJ,Fiji,Imports of goods and services (current US$),2023,3766590744.95861,East Asia & Pacific,Upper middle income,178.399,-18.1149
3793,FJ,Fiji,Imports of goods and services (current US$),2022,3446341362.5922,East Asia & Pacific,Upper middle income,178.399,-18.1149
3794,FJ,Fiji,Imports of goods and services (current US$),2021,2204446659.54807,East Asia & Pacific,Upper middle income,178.399,-18.1149
3795,FJ,Fiji,Imports of goods and services (current US$),2020,1973114226.498,East Asia & Pacific,Upper middle income,178.399,-18.1149
3796,FJ,Fiji,Imports of goods and services (current US$),2019,3209508640.32609,East Asia & Pacific,Upper middle income,178.399,-18.1149
3797,FJ,Fiji,Imports of goods and services (current US$),2018,3096944495.01289,East Asia & Pacific,Upper middle income,178.399,-18.1149
3798,FJ,Fiji,Imports of goods and services (current US$),2017,2730595706.07802,East Asia & Pacific,Upper middle income,178.399,-18.1149
3799,FJ,Fiji,Imports of goods and services (current US$),2016,2491101334.03606,East Asia & Pacific,Upper middle income,178.399,-18.1149
3800,FI,Finland,Imports of goods and services (current US$),2025,130205696939.608,Europe & Central Asia,High income,24.9525,60.1608
3801,FI,Finland,Imports of goods and services (current US$),2024,124115485971.094,Europe & Central Asia,High income,24.9525,60.1608
3802,FI,Finland,Imports of goods and services (current US$),2023,126181886286.277,Europe & Central Asia,High income,24.9525,60.1608
3803,FI,Finland,Imports of goods and services (current US$),2022,135299901221.79,Europe & Central Asia,High income,24.9525,60.1608
3804,FI,Finland,Imports of goods and services (current US$),2021,117299452992.246,Europe & Central Asia,High income,24.9525,60.1608
3805,FI,Finland,Imports of goods and services (current US$),2020,97119792947.8602,Europe & Central Asia,High income,24.9525,60.1608
3806,FI,Finland,Imports of goods and services (current US$),2019,106661292345.098,Europe & Central Asia,High income,24.9525,60.1608
3807,FI,Finland,Imports of goods and services (current US$),2018,109532349829.804,Europe & Central Asia,High income,24.9525,60.1608
3808,FI,Finland,Imports of goods and services (current US$),2017,95883949215.2943,Europe & Central Asia,High income,24.9525,60.1608
3809,FI,Finland,Imports of goods and services (current US$),2016,86888573648.6384,Europe & Central Asia,High income,24.9525,60.1608
3810,FR,France,Imports of goods and services (current US$),2025,1137799795606.86,Europe & Central Asia,High income,2.35097,48.8566
3811,FR,France,Imports of goods and services (current US$),2024,1081453951068.75,Europe & Central Asia,High income,2.35097,48.8566
3812,FR,France,Imports of goods and services (current US$),2023,1105442442028.06,Europe & Central Asia,High income,2.35097,48.8566
3813,FR,France,Imports of goods and services (current US$),2022,1099664152806.23,Europe & Central Asia,High income,2.35097,48.8566
3814,FR,France,Imports of goods and services (current US$),2021,964103785591.845,Europe & Central Asia,High income,2.35097,48.8566
3815,FR,France,Imports of goods and services (current US$),2020,801836174373.076,Europe & Central Asia,High income,2.35097,48.8566
3816,FR,France,Imports of goods and services (current US$),2019,913209092423.528,Europe & Central Asia,High income,2.35097,48.8566
3817,FR,France,Imports of goods and services (current US$),2018,942517078079.137,Europe & Central Asia,High income,2.35097,48.8566
3818,FR,France,Imports of goods and services (current US$),2017,856501561408.354,Europe & Central Asia,High income,2.35097,48.8566
3819,FR,France,Imports of goods and services (current US$),2016,786690099965.255,Europe & Central Asia,High income,2.35097,48.8566
3820,PF,French Polynesia,Imports of goods and services (current US$),2025,,East Asia & Pacific,High income,-149.57,-17.535
3821,PF,French Polynesia,Imports of goods and services (current US$),2024,2918236639.14728,East Asia & Pacific,High income,-149.57,-17.535
3822,PF,French Polynesia,Imports of goods and services (current US$),2023,2921687951.56516,East Asia & Pacific,High income,-149.57,-17.535
3823,PF,French Polynesia,Imports of goods and services (current US$),2022,2682544155.54484,East Asia & Pacific,High income,-149.57,-17.535
3824,PF,French Polynesia,Imports of goods and services (current US$),2021,2370137504.5533,East Asia & Pacific,High income,-149.57,-17.535
3825,PF,French Polynesia,Imports of goods and services (current US$),2020,2025525436.73512,East Asia & Pacific,High income,-149.57,-17.535
3826,PF,French Polynesia,Imports of goods and services (current US$),2019,2572340201.84497,East Asia & Pacific,High income,-149.57,-17.535
3827,PF,French Polynesia,Imports of goods and services (current US$),2018,2701628755.82569,East Asia & Pacific,High income,-149.57,-17.535
3828,PF,French Polynesia,Imports of goods and services (current US$),2017,2042882817.44474,East Asia & Pacific,High income,-149.57,-17.535
3829,PF,French Polynesia,Imports of goods and services (current US$),2016,1869204633.592,East Asia & Pacific,High income,-149.57,-17.535
3830,GA,Gabon,Imports of goods and services (current US$),2025,6299423682.95942,Sub-Saharan Africa ,Upper middle income,9.45162,0.38832
3831,GA,Gabon,Imports of goods and services (current US$),2024,5739732546.4211,Sub-Saharan Africa ,Upper middle income,9.45162,0.38832
3832,GA,Gabon,Imports of goods and services (current US$),2023,5380346060.44894,Sub-Saharan Africa ,Upper middle income,9.45162,0.38832
3833,GA,Gabon,Imports of goods and services (current US$),2022,5004762838.95102,Sub-Saharan Africa ,Upper middle income,9.45162,0.38832
3834,GA,Gabon,Imports of goods and services (current US$),2021,4746351486.3267,Sub-Saharan Africa ,Upper middle income,9.45162,0.38832
3835,GA,Gabon,Imports of goods and services (current US$),2020,3454238781.5701,Sub-Saharan Africa ,Upper middle income,9.45162,0.38832
3836,GA,Gabon,Imports of goods and services (current US$),2019,3711865707.4978,Sub-Saharan Africa ,Upper middle income,9.45162,0.38832
3837,GA,Gabon,Imports of goods and services (current US$),2018,3835211917.58144,Sub-Saharan Africa ,Upper middle income,9.45162,0.38832
3838,GA,Gabon,Imports of goods and services (current US$),2017,3708781261.56288,Sub-Saharan Africa ,Upper middle income,9.45162,0.38832
3839,GA,Gabon,Imports of goods and services (current US$),2016,3659959617.66242,Sub-Saharan Africa ,Upper middle income,9.45162,0.38832
3840,GM,"Gambia, The",Imports of goods and services (current US$),2025,1282337368.5052,Sub-Saharan Africa ,Low income,-16.5885,13.4495
3841,GM,"Gambia, The",Imports of goods and services (current US$),2024,803756501.113513,Sub-Saharan Africa ,Low income,-16.5885,13.4495
3842,GM,"Gambia, The",Imports of goods and services (current US$),2023,783973746.018783,Sub-Saharan Africa ,Low income,-16.5885,13.4495
3843,GM,"Gambia, The",Imports of goods and services (current US$),2022,797057189.779501,Sub-Saharan Africa ,Low income,-16.5885,13.4495
3844,GM,"Gambia, The",Imports of goods and services (current US$),2021,714636609.68729,Sub-Saharan Africa ,Low income,-16.5885,13.4495
3845,GM,"Gambia, The",Imports of goods and services (current US$),2020,684780894.441072,Sub-Saharan Africa ,Low income,-16.5885,13.4495
3846,GM,"Gambia, The",Imports of goods and services (current US$),2019,649852994.642033,Sub-Saharan Africa ,Low income,-16.5885,13.4495
3847,GM,"Gambia, The",Imports of goods and services (current US$),2018,710441023.977908,Sub-Saharan Africa ,Low income,-16.5885,13.4495
3848,GM,"Gambia, The",Imports of goods and services (current US$),2017,560621586.315183,Sub-Saharan Africa ,Low income,-16.5885,13.4495
3849,GM,"Gambia, The",Imports of goods and services (current US$),2016,376466241.48816,Sub-Saharan Africa ,Low income,-16.5885,13.4495
3850,GE,Georgia,Imports of goods and services (current US$),2025,20300929830.9143,Europe & Central Asia,Upper middle income,44.793,41.71
3851,GE,Georgia,Imports of goods and services (current US$),2024,19023475636.3131,Europe & Central Asia,Upper middle income,44.793,41.71
3852,GE,Georgia,Imports of goods and services (current US$),2023,17815477928.6556,Europe & Central Asia,Upper middle income,44.793,41.71
3853,GE,Georgia,Imports of goods and services (current US$),2022,15544538954.8042,Europe & Central Asia,Upper middle income,44.793,41.71
3854,GE,Georgia,Imports of goods and services (current US$),2021,11109489894.129,Europe & Central Asia,Upper middle income,44.793,41.71
3855,GE,Georgia,Imports of goods and services (current US$),2020,8964607357.62292,Europe & Central Asia,Upper middle income,44.793,41.71
3856,GE,Georgia,Imports of goods and services (current US$),2019,11201362124.0068,Europe & Central Asia,Upper middle income,44.793,41.71
3857,GE,Georgia,Imports of goods and services (current US$),2018,10768774511.738,Europe & Central Asia,Upper middle income,44.793,41.71
3858,GE,Georgia,Imports of goods and services (current US$),2017,9341534670.46975,Europe & Central Asia,Upper middle income,44.793,41.71
3859,GE,Georgia,Imports of goods and services (current US$),2016,8483221244.54679,Europe & Central Asia,Upper middle income,44.793,41.71
3860,DE,Germany,Imports of goods and services (current US$),2025,1923292318697.25,Europe & Central Asia,High income,13.4115,52.5235
3861,DE,Germany,Imports of goods and services (current US$),2024,1764438191610.94,Europe & Central Asia,High income,13.4115,52.5235
3862,DE,Germany,Imports of goods and services (current US$),2023,1779045873341.21,Europe & Central Asia,High income,13.4115,52.5235
3863,DE,Germany,Imports of goods and services (current US$),2022,1813049636001.95,Europe & Central Asia,High income,13.4115,52.5235
3864,DE,Germany,Imports of goods and services (current US$),2021,1628851031193.77,Europe & Central Asia,High income,13.4115,52.5235
3865,DE,Germany,Imports of goods and services (current US$),2020,1332733837256.03,Europe & Central Asia,High income,13.4115,52.5235
3866,DE,Germany,Imports of goods and services (current US$),2019,1454588084839.21,Europe & Central Asia,High income,13.4115,52.5235
3867,DE,Germany,Imports of goods and services (current US$),2018,1485437649157.65,Europe & Central Asia,High income,13.4115,52.5235
3868,DE,Germany,Imports of goods and services (current US$),2017,1327357307454.12,Europe & Central Asia,High income,13.4115,52.5235
3869,DE,Germany,Imports of goods and services (current US$),2016,1215609853746.31,Europe & Central Asia,High income,13.4115,52.5235
3870,GH,Ghana,Imports of goods and services (current US$),2025,,Sub-Saharan Africa ,Lower middle income,-0.20795,5.57045
3871,GH,Ghana,Imports of goods and services (current US$),2024,28244066026.1723,Sub-Saharan Africa ,Lower middle income,-0.20795,5.57045
3872,GH,Ghana,Imports of goods and services (current US$),2023,26272099171.5081,Sub-Saharan Africa ,Lower middle income,-0.20795,5.57045
3873,GH,Ghana,Imports of goods and services (current US$),2022,26205330553.5428,Sub-Saharan Africa ,Lower middle income,-0.20795,5.57045
3874,GH,Ghana,Imports of goods and services (current US$),2021,25963543826.9813,Sub-Saharan Africa ,Lower middle income,-0.20795,5.57045
3875,GH,Ghana,Imports of goods and services (current US$),2020,24537944240.0045,Sub-Saharan Africa ,Lower middle income,-0.20795,5.57045
3876,GH,Ghana,Imports of goods and services (current US$),2019,26913986432.3936,Sub-Saharan Africa ,Lower middle income,-0.20795,5.57045
3877,GH,Ghana,Imports of goods and services (current US$),2018,23206913262.4037,Sub-Saharan Africa ,Lower middle income,-0.20795,5.57045
3878,GH,Ghana,Imports of goods and services (current US$),2017,22144229690.5959,Sub-Saharan Africa ,Lower middle income,-0.20795,5.57045
3879,GH,Ghana,Imports of goods and services (current US$),2016,20595796190.5901,Sub-Saharan Africa ,Lower middle income,-0.20795,5.57045
3880,GI,Gibraltar,Imports of goods and services (current US$),2025,,Europe & Central Asia,High income,,
3881,GI,Gibraltar,Imports of goods and services (current US$),2024,,Europe & Central Asia,High income,,
3882,GI,Gibraltar,Imports of goods and services (current US$),2023,,Europe & Central Asia,High income,,
3883,GI,Gibraltar,Imports of goods and services (current US$),2022,,Europe & Central Asia,High income,,
3884,GI,Gibraltar,Imports of goods and services (current US$),2021,,Europe & Central Asia,High income,,
3885,GI,Gibraltar,Imports of goods and services (current US$),2020,,Europe & Central Asia,High income,,
3886,GI,Gibraltar,Imports of goods and services (current US$),2019,,Europe & Central Asia,High income,,
3887,GI,Gibraltar,Imports of goods and services (current US$),2018,,Europe & Central Asia,High income,,
3888,GI,Gibraltar,Imports of goods and services (current US$),2017,,Europe & Central Asia,High income,,
3889,GI,Gibraltar,Imports of goods and services (current US$),2016,,Europe & Central Asia,High income,,
3890,GR,Greece,Imports of goods and services (current US$),2025,123451154937.678,Europe & Central Asia,High income,23.7166,37.9792
3891,GR,Greece,Imports of goods and services (current US$),2024,122135634583.353,Europe & Central Asia,High income,23.7166,37.9792
3892,GR,Greece,Imports of goods and services (current US$),2023,118150196971.124,Europe & Central Asia,High income,23.7166,37.9792
3893,GR,Greece,Imports of goods and services (current US$),2022,128374908056.72,Europe & Central Asia,High income,23.7166,37.9792
3894,GR,Greece,Imports of goods and services (current US$),2021,104244992301.975,Europe & Central Asia,High income,23.7166,37.9792
3895,GR,Greece,Imports of goods and services (current US$),2020,74331725300.7955,Europe & Central Asia,High income,23.7166,37.9792
3896,GR,Greece,Imports of goods and services (current US$),2019,85057106800.7999,Europe & Central Asia,High income,23.7166,37.9792
3897,GR,Greece,Imports of goods and services (current US$),2018,86614659221.9152,Europe & Central Asia,High income,23.7166,37.9792
3898,GR,Greece,Imports of goods and services (current US$),2017,72343865240.0613,Europe & Central Asia,High income,23.7166,37.9792
3899,GR,Greece,Imports of goods and services (current US$),2016,62714485982.0044,Europe & Central Asia,High income,23.7166,37.9792
3900,GL,Greenland,Imports of goods and services (current US$),2025,,Europe & Central Asia,High income,-51.7214,64.1836
3901,GL,Greenland,Imports of goods and services (current US$),2024,,Europe & Central Asia,High income,-51.7214,64.1836
3902,GL,Greenland,Imports of goods and services (current US$),2023,1699579793.20734,Europe & Central Asia,High income,-51.7214,64.1836
3903,GL,Greenland,Imports of goods and services (current US$),2022,1657341447.7247,Europe & Central Asia,High income,-51.7214,64.1836
3904,GL,Greenland,Imports of goods and services (current US$),2021,1634549911.85939,Europe & Central Asia,High income,-51.7214,64.1836
3905,GL,Greenland,Imports of goods and services (current US$),2020,1442659846.48477,Europe & Central Asia,High income,-51.7214,64.1836
3906,GL,Greenland,Imports of goods and services (current US$),2019,1533065634.97693,Europe & Central Asia,High income,-51.7214,64.1836
3907,GL,Greenland,Imports of goods and services (current US$),2018,1384944998.26514,Europe & Central Asia,High income,-51.7214,64.1836
3908,GL,Greenland,Imports of goods and services (current US$),2017,1240880323.2159,Europe & Central Asia,High income,-51.7214,64.1836
3909,GL,Greenland,Imports of goods and services (current US$),2016,1220178860.73065,Europe & Central Asia,High income,-51.7214,64.1836
3910,GD,Grenada,Imports of goods and services (current US$),2025,,Latin America & Caribbean ,Upper middle income,-61.7449,12.0653
3911,GD,Grenada,Imports of goods and services (current US$),2024,,Latin America & Caribbean ,Upper middle income,-61.7449,12.0653
3912,GD,Grenada,Imports of goods and services (current US$),2023,,Latin America & Caribbean ,Upper middle income,-61.7449,12.0653
3913,GD,Grenada,Imports of goods and services (current US$),2022,,Latin America & Caribbean ,Upper middle income,-61.7449,12.0653
3914,GD,Grenada,Imports of goods and services (current US$),2021,,Latin America & Caribbean ,Upper middle income,-61.7449,12.0653
3915,GD,Grenada,Imports of goods and services (current US$),2020,,Latin America & Caribbean ,Upper middle income,-61.7449,12.0653
3916,GD,Grenada,Imports of goods and services (current US$),2019,,Latin America & Caribbean ,Upper middle income,-61.7449,12.0653
3917,GD,Grenada,Imports of goods and services (current US$),2018,,Latin America & Caribbean ,Upper middle income,-61.7449,12.0653
3918,GD,Grenada,Imports of goods and services (current US$),2017,,Latin America & Caribbean ,Upper middle income,-61.7449,12.0653
3919,GD,Grenada,Imports of goods and services (current US$),2016,,Latin America & Caribbean ,Upper middle income,-61.7449,12.0653
3920,GU,Guam,Imports of goods and services (current US$),2025,,East Asia & Pacific,High income,144.794,13.4443
3921,GU,Guam,Imports of goods and services (current US$),2024,,East Asia & Pacific,High income,144.794,13.4443
3922,GU,Guam,Imports of goods and services (current US$),2023,,East Asia & Pacific,High income,144.794,13.4443
3923,GU,Guam,Imports of goods and services (current US$),2022,4421000000.0,East Asia & Pacific,High income,144.794,13.4443
3924,GU,Guam,Imports of goods and services (current US$),2021,3662000000.0,East Asia & Pacific,High income,144.794,13.4443
3925,GU,Guam,Imports of goods and services (current US$),2020,3388000000.0,East Asia & Pacific,High income,144.794,13.4443
3926,GU,Guam,Imports of goods and services (current US$),2019,3547000000.0,East Asia & Pacific,High income,144.794,13.4443
3927,GU,Guam,Imports of goods and services (current US$),2018,3250000000.0,East Asia & Pacific,High income,144.794,13.4443
3928,GU,Guam,Imports of goods and services (current US$),2017,3024000000.0,East Asia & Pacific,High income,144.794,13.4443
3929,GU,Guam,Imports of goods and services (current US$),2016,3036000000.0,East Asia & Pacific,High income,144.794,13.4443
3930,GT,Guatemala,Imports of goods and services (current US$),2025,38185944239.1888,Latin America & Caribbean ,Upper middle income,-90.5328,14.6248
3931,GT,Guatemala,Imports of goods and services (current US$),2024,35574411055.2787,Latin America & Caribbean ,Upper middle income,-90.5328,14.6248
3932,GT,Guatemala,Imports of goods and services (current US$),2023,33075327752.6202,Latin America & Caribbean ,Upper middle income,-90.5328,14.6248
3933,GT,Guatemala,Imports of goods and services (current US$),2022,33938882280.94,Latin America & Caribbean ,Upper middle income,-90.5328,14.6248
3934,GT,Guatemala,Imports of goods and services (current US$),2021,27347172006.3695,Latin America & Caribbean ,Upper middle income,-90.5328,14.6248
3935,GT,Guatemala,Imports of goods and services (current US$),2020,19272211250.1862,Latin America & Caribbean ,Upper middle income,-90.5328,14.6248
3936,GT,Guatemala,Imports of goods and services (current US$),2019,21534755033.9119,Latin America & Caribbean ,Upper middle income,-90.5328,14.6248
3937,GT,Guatemala,Imports of goods and services (current US$),2018,21149628050.4551,Latin America & Caribbean ,Upper middle income,-90.5328,14.6248
3938,GT,Guatemala,Imports of goods and services (current US$),2017,19758074338.9405,Latin America & Caribbean ,Upper middle income,-90.5328,14.6248
3939,GT,Guatemala,Imports of goods and services (current US$),2016,18243717809.7661,Latin America & Caribbean ,Upper middle income,-90.5328,14.6248
3940,GN,Guinea,Imports of goods and services (current US$),2025,17649957798.7358,Sub-Saharan Africa ,Lower middle income,-13.7,9.51667
3941,GN,Guinea,Imports of goods and services (current US$),2024,14101095979.5768,Sub-Saharan Africa ,Lower middle income,-13.7,9.51667
3942,GN,Guinea,Imports of goods and services (current US$),2023,11584168920.1287,Sub-Saharan Africa ,Lower middle income,-13.7,9.51667
3943,GN,Guinea,Imports of goods and services (current US$),2022,9705672892.03881,Sub-Saharan Africa ,Lower middle income,-13.7,9.51667
3944,GN,Guinea,Imports of goods and services (current US$),2021,10066835236.1114,Sub-Saharan Africa ,Lower middle income,-13.7,9.51667
3945,GN,Guinea,Imports of goods and services (current US$),2020,9692379045.73057,Sub-Saharan Africa ,Lower middle income,-13.7,9.51667
3946,GN,Guinea,Imports of goods and services (current US$),2019,5830607791.61899,Sub-Saharan Africa ,Lower middle income,-13.7,9.51667
3947,GN,Guinea,Imports of goods and services (current US$),2018,5783505600.41827,Sub-Saharan Africa ,Lower middle income,-13.7,9.51667
3948,GN,Guinea,Imports of goods and services (current US$),2017,5842867641.51188,Sub-Saharan Africa ,Lower middle income,-13.7,9.51667
3949,GN,Guinea,Imports of goods and services (current US$),2016,7088908468.46627,Sub-Saharan Africa ,Lower middle income,-13.7,9.51667
3950,GW,Guinea-Bissau,Imports of goods and services (current US$),2025,682869562.110331,Sub-Saharan Africa ,Low income,-15.1804,11.8037
3951,GW,Guinea-Bissau,Imports of goods and services (current US$),2024,608204856.731651,Sub-Saharan Africa ,Low income,-15.1804,11.8037
3952,GW,Guinea-Bissau,Imports of goods and services (current US$),2023,595898978.64178,Sub-Saharan Africa ,Low income,-15.1804,11.8037
3953,GW,Guinea-Bissau,Imports of goods and services (current US$),2022,579925814.091667,Sub-Saharan Africa ,Low income,-15.1804,11.8037
3954,GW,Guinea-Bissau,Imports of goods and services (current US$),2021,520356065.784819,Sub-Saharan Africa ,Low income,-15.1804,11.8037
3955,GW,Guinea-Bissau,Imports of goods and services (current US$),2020,467483043.302973,Sub-Saharan Africa ,Low income,-15.1804,11.8037
3956,GW,Guinea-Bissau,Imports of goods and services (current US$),2019,505407400.492061,Sub-Saharan Africa ,Low income,-15.1804,11.8037
3957,GW,Guinea-Bissau,Imports of goods and services (current US$),2018,459133362.589559,Sub-Saharan Africa ,Low income,-15.1804,11.8037
3958,GW,Guinea-Bissau,Imports of goods and services (current US$),2017,446570198.314236,Sub-Saharan Africa ,Low income,-15.1804,11.8037
3959,GW,Guinea-Bissau,Imports of goods and services (current US$),2016,380070647.828742,Sub-Saharan Africa ,Low income,-15.1804,11.8037
3960,GY,Guyana,Imports of goods and services (current US$),2025,,Latin America & Caribbean ,High income,-58.1548,6.80461
3961,GY,Guyana,Imports of goods and services (current US$),2024,,Latin America & Caribbean ,High income,-58.1548,6.80461
3962,GY,Guyana,Imports of goods and services (current US$),2023,,Latin America & Caribbean ,High income,-58.1548,6.80461
3963,GY,Guyana,Imports of goods and services (current US$),2022,,Latin America & Caribbean ,High income,-58.1548,6.80461
3964,GY,Guyana,Imports of goods and services (current US$),2021,,Latin America & Caribbean ,High income,-58.1548,6.80461
3965,GY,Guyana,Imports of goods and services (current US$),2020,,Latin America & Caribbean ,High income,-58.1548,6.80461
3966,GY,Guyana,Imports of goods and services (current US$),2019,,Latin America & Caribbean ,High income,-58.1548,6.80461
3967,GY,Guyana,Imports of goods and services (current US$),2018,,Latin America & Caribbean ,High income,-58.1548,6.80461
3968,GY,Guyana,Imports of goods and services (current US$),2017,,Latin America & Caribbean ,High income,-58.1548,6.80461
3969,GY,Guyana,Imports of goods and services (current US$),2016,,Latin America & Caribbean ,High income,-58.1548,6.80461
3970,HT,Haiti,Imports of goods and services (current US$),2025,4595232441.49706,Latin America & Caribbean ,Lower middle income,-72.3288,18.5392
3971,HT,Haiti,Imports of goods and services (current US$),2024,3993530416.574,Latin America & Caribbean ,Lower middle income,-72.3288,18.5392
3972,HT,Haiti,Imports of goods and services (current US$),2023,4315356249.26376,Latin America & Caribbean ,Lower middle income,-72.3288,18.5392
3973,HT,Haiti,Imports of goods and services (current US$),2022,5201283685.38493,Latin America & Caribbean ,Lower middle income,-72.3288,18.5392
3974,HT,Haiti,Imports of goods and services (current US$),2021,6031369600.4536,Latin America & Caribbean ,Lower middle income,-72.3288,18.5392
3975,HT,Haiti,Imports of goods and services (current US$),2020,4318064226.36178,Latin America & Caribbean ,Lower middle income,-72.3288,18.5392
3976,HT,Haiti,Imports of goods and services (current US$),2019,5107129494.68417,Latin America & Caribbean ,Lower middle income,-72.3288,18.5392
3977,HT,Haiti,Imports of goods and services (current US$),2018,5635999404.48316,Latin America & Caribbean ,Lower middle income,-72.3288,18.5392
3978,HT,Haiti,Imports of goods and services (current US$),2017,4689668692.24182,Latin America & Caribbean ,Lower middle income,-72.3288,18.5392
3979,HT,Haiti,Imports of goods and services (current US$),2016,4193901268.39586,Latin America & Caribbean ,Lower middle income,-72.3288,18.5392
3980,HN,Honduras,Imports of goods and services (current US$),2025,22380972288.9837,Latin America & Caribbean ,Lower middle income,-87.4667,15.1333
3981,HN,Honduras,Imports of goods and services (current US$),2024,21355235203.987,Latin America & Caribbean ,Lower middle income,-87.4667,15.1333
3982,HN,Honduras,Imports of goods and services (current US$),2023,21102469277.7683,Latin America & Caribbean ,Lower middle income,-87.4667,15.1333
3983,HN,Honduras,Imports of goods and services (current US$),2022,22079730541.7809,Latin America & Caribbean ,Lower middle income,-87.4667,15.1333
3984,HN,Honduras,Imports of goods and services (current US$),2021,18014411249.1935,Latin America & Caribbean ,Lower middle income,-87.4667,15.1333
3985,HN,Honduras,Imports of goods and services (current US$),2020,12172518449.6662,Latin America & Caribbean ,Lower middle income,-87.4667,15.1333
3986,HN,Honduras,Imports of goods and services (current US$),2019,14740482898.6338,Latin America & Caribbean ,Lower middle income,-87.4667,15.1333
3987,HN,Honduras,Imports of goods and services (current US$),2018,14945193703.4133,Latin America & Caribbean ,Lower middle income,-87.4667,15.1333
3988,HN,Honduras,Imports of goods and services (current US$),2017,13585432742.5235,Latin America & Caribbean ,Lower middle income,-87.4667,15.1333
3989,HN,Honduras,Imports of goods and services (current US$),2016,12401102552.2292,Latin America & Caribbean ,Lower middle income,-87.4667,15.1333
3990,HK,"Hong Kong SAR, China",Imports of goods and services (current US$),2025,841321555766.432,East Asia & Pacific,High income,114.109,22.3964
3991,HK,"Hong Kong SAR, China",Imports of goods and services (current US$),2024,725939547911.904,East Asia & Pacific,High income,114.109,22.3964
3992,HK,"Hong Kong SAR, China",Imports of goods and services (current US$),2023,671437801987.667,East Asia & Pacific,High income,114.109,22.3964
3993,HK,"Hong Kong SAR, China",Imports of goods and services (current US$),2022,682906554458.791,East Asia & Pacific,High income,114.109,22.3964
3994,HK,"Hong Kong SAR, China",Imports of goods and services (current US$),2021,732172643360.242,East Asia & Pacific,High income,114.109,22.3964
3995,HK,"Hong Kong SAR, China",Imports of goods and services (current US$),2020,601495384932.708,East Asia & Pacific,High income,114.109,22.3964
3996,HK,"Hong Kong SAR, China",Imports of goods and services (current US$),2019,639345975716.69,East Asia & Pacific,High income,114.109,22.3964
3997,HK,"Hong Kong SAR, China",Imports of goods and services (current US$),2018,682055750462.461,East Asia & Pacific,High income,114.109,22.3964
3998,HK,"Hong Kong SAR, China",Imports of goods and services (current US$),2017,641229533439.409,East Asia & Pacific,High income,114.109,22.3964
3999,HK,"Hong Kong SAR, China",Imports of goods and services (current US$),2016,592699925923.54,East Asia & Pacific,High income,114.109,22.3964
4000,HU,Hungary,Imports of goods and services (current US$),2025,167980299597.893,Europe & Central Asia,High income,19.0408,47.4984
4001,HU,Hungary,Imports of goods and services (current US$),2024,159846246259.933,Europe & Central Asia,High income,19.0408,47.4984
4002,HU,Hungary,Imports of goods and services (current US$),2023,164525537990.966,Europe & Central Asia,High income,19.0408,47.4984
4003,HU,Hungary,Imports of goods and services (current US$),2022,168435332297.06,Europe & Central Asia,High income,19.0408,47.4984
4004,HU,Hungary,Imports of goods and services (current US$),2021,146215765499.534,Europe & Central Asia,High income,19.0408,47.4984
4005,HU,Hungary,Imports of goods and services (current US$),2020,121131840171.43,Europe & Central Asia,High income,19.0408,47.4984
4006,HU,Hungary,Imports of goods and services (current US$),2019,130068829560.311,Europe & Central Asia,High income,19.0408,47.4984
4007,HU,Hungary,Imports of goods and services (current US$),2018,127826035145.287,Europe & Central Asia,High income,19.0408,47.4984
4008,HU,Hungary,Imports of goods and services (current US$),2017,113645673509.049,Europe & Central Asia,High income,19.0408,47.4984
4009,HU,Hungary,Imports of goods and services (current US$),2016,100427220952.674,Europe & Central Asia,High income,19.0408,47.4984
4010,IS,Iceland,Imports of goods and services (current US$),2025,16348934321.3663,Europe & Central Asia,High income,-21.8952,64.1353
4011,IS,Iceland,Imports of goods and services (current US$),2024,14510626908.4845,Europe & Central Asia,High income,-21.8952,64.1353
4012,IS,Iceland,Imports of goods and services (current US$),2023,13715643196.4913,Europe & Central Asia,High income,-21.8952,64.1353
4013,IS,Iceland,Imports of goods and services (current US$),2022,13505975928.2008,Europe & Central Asia,High income,-21.8952,64.1353
4014,IS,Iceland,Imports of goods and services (current US$),2021,10196648319.4999,Europe & Central Asia,High income,-21.8952,64.1353
4015,IS,Iceland,Imports of goods and services (current US$),2020,7605549122.13855,Europe & Central Asia,High income,-21.8952,64.1353
4016,IS,Iceland,Imports of goods and services (current US$),2019,9764032620.96263,Europe & Central Asia,High income,-21.8952,64.1353
4017,IS,Iceland,Imports of goods and services (current US$),2018,11328152832.6094,Europe & Central Asia,High income,-21.8952,64.1353
4018,IS,Iceland,Imports of goods and services (current US$),2017,10196309115.2897,Europe & Central Asia,High income,-21.8952,64.1353
4019,IS,Iceland,Imports of goods and services (current US$),2016,8490620817.52384,Europe & Central Asia,High income,-21.8952,64.1353
4020,IN,India,Imports of goods and services (current US$),2025,949660225776.158,South Asia,Lower middle income,77.225,28.6353
4021,IN,India,Imports of goods and services (current US$),2024,897055898132.0,South Asia,Lower middle income,77.225,28.6353
4022,IN,India,Imports of goods and services (current US$),2023,839102411987.341,South Asia,Lower middle income,77.225,28.6353
4023,IN,India,Imports of goods and services (current US$),2022,866361019118.766,South Asia,Lower middle income,77.225,28.6353
4024,IN,India,Imports of goods and services (current US$),2021,760902891806.013,South Asia,Lower middle income,77.225,28.6353
4025,IN,India,Imports of goods and services (current US$),2020,510244747372.174,South Asia,Lower middle income,77.225,28.6353
4026,IN,India,Imports of goods and services (current US$),2019,602315056052.526,South Asia,Lower middle income,77.225,28.6353
4027,IN,India,Imports of goods and services (current US$),2018,640300806738.542,South Asia,Lower middle income,77.225,28.6353
4028,IN,India,Imports of goods and services (current US$),2017,582018012521.568,South Asia,Lower middle income,77.225,28.6353
4029,IN,India,Imports of goods and services (current US$),2016,480169055768.282,South Asia,Lower middle income,77.225,28.6353
4030,ID,Indonesia,Imports of goods and services (current US$),2025,297002335694.886,East Asia & Pacific,Upper middle income,106.83,-6.19752
4031,ID,Indonesia,Imports of goods and services (current US$),2024,286245903350.957,East Asia & Pacific,Upper middle income,106.83,-6.19752
4032,ID,Indonesia,Imports of goods and services (current US$),2023,269460535788.982,East Asia & Pacific,Upper middle income,106.83,-6.19752
4033,ID,Indonesia,Imports of goods and services (current US$),2022,276506804558.242,East Asia & Pacific,Upper middle income,106.83,-6.19752
4034,ID,Indonesia,Imports of goods and services (current US$),2021,222923845055.988,East Asia & Pacific,Upper middle income,106.83,-6.19752
4035,ID,Indonesia,Imports of goods and services (current US$),2020,165646843301.933,East Asia & Pacific,Upper middle income,106.83,-6.19752
4036,ID,Indonesia,Imports of goods and services (current US$),2019,213034646334.827,East Asia & Pacific,Upper middle income,106.83,-6.19752
4037,ID,Indonesia,Imports of goods and services (current US$),2018,230045612385.068,East Asia & Pacific,Upper middle income,106.83,-6.19752
4038,ID,Indonesia,Imports of goods and services (current US$),2017,194777319195.676,East Asia & Pacific,Upper middle income,106.83,-6.19752
4039,ID,Indonesia,Imports of goods and services (current US$),2016,170835000830.242,East Asia & Pacific,Upper middle income,106.83,-6.19752
4040,IR,"Iran, Islamic Rep.",Imports of goods and services (current US$),2025,125082704285.68,"Middle East, North Africa, Afghanistan & Pakistan",Upper middle income,51.4447,35.6878
4041,IR,"Iran, Islamic Rep.",Imports of goods and services (current US$),2024,135497500555.676,"Middle East, North Africa, Afghanistan & Pakistan",Upper middle income,51.4447,35.6878
4042,IR,"Iran, Islamic Rep.",Imports of goods and services (current US$),2023,116536624174.358,"Middle East, North Africa, Afghanistan & Pakistan",Upper middle income,51.4447,35.6878
4043,IR,"Iran, Islamic Rep.",Imports of goods and services (current US$),2022,98698959864.911,"Middle East, North Africa, Afghanistan & Pakistan",Upper middle income,51.4447,35.6878
4044,IR,"Iran, Islamic Rep.",Imports of goods and services (current US$),2021,84130836515.5474,"Middle East, North Africa, Afghanistan & Pakistan",Upper middle income,51.4447,35.6878
4045,IR,"Iran, Islamic Rep.",Imports of goods and services (current US$),2020,71621658126.4568,"Middle East, North Africa, Afghanistan & Pakistan",Upper middle income,51.4447,35.6878
4046,IR,"Iran, Islamic Rep.",Imports of goods and services (current US$),2019,91441131366.5632,"Middle East, North Africa, Afghanistan & Pakistan",Upper middle income,51.4447,35.6878
4047,IR,"Iran, Islamic Rep.",Imports of goods and services (current US$),2018,111113616111.569,"Middle East, North Africa, Afghanistan & Pakistan",Upper middle income,51.4447,35.6878
4048,IR,"Iran, Islamic Rep.",Imports of goods and services (current US$),2017,108797238836.12,"Middle East, North Africa, Afghanistan & Pakistan",Upper middle income,51.4447,35.6878
4049,IR,"Iran, Islamic Rep.",Imports of goods and services (current US$),2016,93653399159.5081,"Middle East, North Africa, Afghanistan & Pakistan",Upper middle income,51.4447,35.6878
4050,IQ,Iraq,Imports of goods and services (current US$),2025,,"Middle East, North Africa, Afghanistan & Pakistan",Upper middle income,44.394,33.3302
4051,IQ,Iraq,Imports of goods and services (current US$),2024,104517100000.0,"Middle East, North Africa, Afghanistan & Pakistan",Upper middle income,44.394,33.3302
4052,IQ,Iraq,Imports of goods and services (current US$),2023,80207455823.6747,"Middle East, North Africa, Afghanistan & Pakistan",Upper middle income,44.394,33.3302
4053,IQ,Iraq,Imports of goods and services (current US$),2022,69638475862.069,"Middle East, North Africa, Afghanistan & Pakistan",Upper middle income,44.394,33.3302
4054,IQ,Iraq,Imports of goods and services (current US$),2021,50706900000.0,"Middle East, North Africa, Afghanistan & Pakistan",Upper middle income,44.394,33.3302
4055,IQ,Iraq,Imports of goods and services (current US$),2020,54255237619.389,"Middle East, North Africa, Afghanistan & Pakistan",Upper middle income,44.394,33.3302
4056,IQ,Iraq,Imports of goods and services (current US$),2019,72282500000.0,"Middle East, North Africa, Afghanistan & Pakistan",Upper middle income,44.394,33.3302
4057,IQ,Iraq,Imports of goods and services (current US$),2018,56839934051.9975,"Middle East, North Africa, Afghanistan & Pakistan",Upper middle income,44.394,33.3302
4058,IQ,Iraq,Imports of goods and services (current US$),2017,48423565033.7838,"Middle East, North Africa, Afghanistan & Pakistan",Upper middle income,44.394,33.3302
4059,IQ,Iraq,Imports of goods and services (current US$),2016,44153354784.0813,"Middle East, North Africa, Afghanistan & Pakistan",Upper middle income,44.394,33.3302
4060,IE,Ireland,Imports of goods and services (current US$),2025,720923704651.254,Europe & Central Asia,High income,-6.26749,53.3441
4061,IE,Ireland,Imports of goods and services (current US$),2024,622469214438.75,Europe & Central Asia,High income,-6.26749,53.3441
4062,IE,Ireland,Imports of goods and services (current US$),2023,585093268387.854,Europe & Central Asia,High income,-6.26749,53.3441
4063,IE,Ireland,Imports of goods and services (current US$),2022,538742737109.535,Europe & Central Asia,High income,-6.26749,53.3441
4064,IE,Ireland,Imports of goods and services (current US$),2021,501936785223.519,Europe & Central Asia,High income,-6.26749,53.3441
4065,IE,Ireland,Imports of goods and services (current US$),2020,518713605705.651,Europe & Central Asia,High income,-6.26749,53.3441
4066,IE,Ireland,Imports of goods and services (current US$),2019,514830799947.372,Europe & Central Asia,High income,-6.26749,53.3441
4067,IE,Ireland,Imports of goods and services (current US$),2018,381868643805.341,Europe & Central Asia,High income,-6.26749,53.3441
4068,IE,Ireland,Imports of goods and services (current US$),2017,365103478210.224,Europe & Central Asia,High income,-6.26749,53.3441
4069,IE,Ireland,Imports of goods and services (current US$),2016,337593450586.6,Europe & Central Asia,High income,-6.26749,53.3441
4070,IM,Isle of Man,Imports of goods and services (current US$),2025,,Europe & Central Asia,High income,-4.47928,54.1509
4071,IM,Isle of Man,Imports of goods and services (current US$),2024,,Europe & Central Asia,High income,-4.47928,54.1509
4072,IM,Isle of Man,Imports of goods and services (current US$),2023,,Europe & Central Asia,High income,-4.47928,54.1509
4073,IM,Isle of Man,Imports of goods and services (current US$),2022,,Europe & Central Asia,High income,-4.47928,54.1509
4074,IM,Isle of Man,Imports of goods and services (current US$),2021,,Europe & Central Asia,High income,-4.47928,54.1509
4075,IM,Isle of Man,Imports of goods and services (current US$),2020,,Europe & Central Asia,High income,-4.47928,54.1509
4076,IM,Isle of Man,Imports of goods and services (current US$),2019,,Europe & Central Asia,High income,-4.47928,54.1509
4077,IM,Isle of Man,Imports of goods and services (current US$),2018,,Europe & Central Asia,High income,-4.47928,54.1509
4078,IM,Isle of Man,Imports of goods and services (current US$),2017,,Europe & Central Asia,High income,-4.47928,54.1509
4079,IM,Isle of Man,Imports of goods and services (current US$),2016,,Europe & Central Asia,High income,-4.47928,54.1509
4080,IL,Israel,Imports of goods and services (current US$),2025,155326013610.895,"Middle East, North Africa, Afghanistan & Pakistan",High income,35.2035,31.7717
4081,IL,Israel,Imports of goods and services (current US$),2024,140903132495.732,"Middle East, North Africa, Afghanistan & Pakistan",High income,35.2035,31.7717
4082,IL,Israel,Imports of goods and services (current US$),2023,141949720797.713,"Middle East, North Africa, Afghanistan & Pakistan",High income,35.2035,31.7717
4083,IL,Israel,Imports of goods and services (current US$),2022,153716570793.612,"Middle East, North Africa, Afghanistan & Pakistan",High income,35.2035,31.7717
4084,IL,Israel,Imports of goods and services (current US$),2021,127330211935.81,"Middle East, North Africa, Afghanistan & Pakistan",High income,35.2035,31.7717
4085,IL,Israel,Imports of goods and services (current US$),2020,98559641596.0283,"Middle East, North Africa, Afghanistan & Pakistan",High income,35.2035,31.7717
4086,IL,Israel,Imports of goods and services (current US$),2019,109553655513.763,"Middle East, North Africa, Afghanistan & Pakistan",High income,35.2035,31.7717
4087,IL,Israel,Imports of goods and services (current US$),2018,109319594928.535,"Middle East, North Africa, Afghanistan & Pakistan",High income,35.2035,31.7717
4088,IL,Israel,Imports of goods and services (current US$),2017,97866153832.0119,"Middle East, North Africa, Afghanistan & Pakistan",High income,35.2035,31.7717
4089,IL,Israel,Imports of goods and services (current US$),2016,90475144466.5283,"Middle East, North Africa, Afghanistan & Pakistan",High income,35.2035,31.7717
4090,IT,Italy,Imports of goods and services (current US$),2025,773024967143.803,Europe & Central Asia,High income,12.4823,41.8955
4091,IT,Italy,Imports of goods and services (current US$),2024,721169108147.031,Europe & Central Asia,High income,12.4823,41.8955
4092,IT,Italy,Imports of goods and services (current US$),2023,736153956396.287,Europe & Central Asia,High income,12.4823,41.8955
4093,IT,Italy,Imports of goods and services (current US$),2022,776766269322.766,Europe & Central Asia,High income,12.4823,41.8955
4094,IT,Italy,Imports of goods and services (current US$),2021,634811260435.649,Europe & Central Asia,High income,12.4823,41.8955
4095,IT,Italy,Imports of goods and services (current US$),2020,480945200912.997,Europe & Central Asia,High income,12.4823,41.8955
4096,IT,Italy,Imports of goods and services (current US$),2019,560326098494.117,Europe & Central Asia,High income,12.4823,41.8955
4097,IT,Italy,Imports of goods and services (current US$),2018,597530269520.862,Europe & Central Asia,High income,12.4823,41.8955
4098,IT,Italy,Imports of goods and services (current US$),2017,540827068435.177,Europe & Central Asia,High income,12.4823,41.8955
4099,IT,Italy,Imports of goods and services (current US$),2016,483730717980.818,Europe & Central Asia,High income,12.4823,41.8955
4100,JM,Jamaica,Imports of goods and services (current US$),2025,,Latin America & Caribbean ,Upper middle income,-76.792,17.9927
4101,JM,Jamaica,Imports of goods and services (current US$),2024,,Latin America & Caribbean ,Upper middle income,-76.792,17.9927
4102,JM,Jamaica,Imports of goods and services (current US$),2023,,Latin America & Caribbean ,Upper middle income,-76.792,17.9927
4103,JM,Jamaica,Imports of goods and services (current US$),2022,,Latin America & Caribbean ,Upper middle income,-76.792,17.9927
4104,JM,Jamaica,Imports of goods and services (current US$),2021,,Latin America & Caribbean ,Upper middle income,-76.792,17.9927
4105,JM,Jamaica,Imports of goods and services (current US$),2020,,Latin America & Caribbean ,Upper middle income,-76.792,17.9927
4106,JM,Jamaica,Imports of goods and services (current US$),2019,,Latin America & Caribbean ,Upper middle income,-76.792,17.9927
4107,JM,Jamaica,Imports of goods and services (current US$),2018,,Latin America & Caribbean ,Upper middle income,-76.792,17.9927
4108,JM,Jamaica,Imports of goods and services (current US$),2017,,Latin America & Caribbean ,Upper middle income,-76.792,17.9927
4109,JM,Jamaica,Imports of goods and services (current US$),2016,,Latin America & Caribbean ,Upper middle income,-76.792,17.9927
4110,JP,Japan,Imports of goods and services (current US$),2025,,East Asia & Pacific,High income,139.77,35.67
4111,JP,Japan,Imports of goods and services (current US$),2024,958381808469.152,East Asia & Pacific,High income,139.77,35.67
4112,JP,Japan,Imports of goods and services (current US$),2023,988160815442.388,East Asia & Pacific,High income,139.77,35.67
4113,JP,Japan,Imports of goods and services (current US$),2022,1076977967308.71,East Asia & Pacific,High income,139.77,35.67
4114,JP,Japan,Imports of goods and services (current US$),2021,938755726387.128,East Asia & Pacific,High income,139.77,35.67
4115,JP,Japan,Imports of goods and services (current US$),2020,798645128766.751,East Asia & Pacific,High income,139.77,35.67
4116,JP,Japan,Imports of goods and services (current US$),2019,908590987610.906,East Asia & Pacific,High income,139.77,35.67
4117,JP,Japan,Imports of goods and services (current US$),2018,922228472388.616,East Asia & Pacific,High income,139.77,35.67
4118,JP,Japan,Imports of goods and services (current US$),2017,829948316863.743,East Asia & Pacific,High income,139.77,35.67
4119,JP,Japan,Imports of goods and services (current US$),2016,763174802438.923,East Asia & Pacific,High income,139.77,35.67
4120,JO,Jordan,Imports of goods and services (current US$),2025,,"Middle East, North Africa, Afghanistan & Pakistan",Upper middle income,35.9263,31.9497
4121,JO,Jordan,Imports of goods and services (current US$),2024,,"Middle East, North Africa, Afghanistan & Pakistan",Upper middle income,35.9263,31.9497
4122,JO,Jordan,Imports of goods and services (current US$),2023,,"Middle East, North Africa, Afghanistan & Pakistan",Upper middle income,35.9263,31.9497
4123,JO,Jordan,Imports of goods and services (current US$),2022,,"Middle East, North Africa, Afghanistan & Pakistan",Upper middle income,35.9263,31.9497
4124,JO,Jordan,Imports of goods and services (current US$),2021,,"Middle East, North Africa, Afghanistan & Pakistan",Upper middle income,35.9263,31.9497
4125,JO,Jordan,Imports of goods and services (current US$),2020,,"Middle East, North Africa, Afghanistan & Pakistan",Upper middle income,35.9263,31.9497
4126,JO,Jordan,Imports of goods and services (current US$),2019,,"Middle East, North Africa, Afghanistan & Pakistan",Upper middle income,35.9263,31.9497
4127,JO,Jordan,Imports of goods and services (current US$),2018,,"Middle East, North Africa, Afghanistan & Pakistan",Upper middle income,35.9263,31.9497
4128,JO,Jordan,Imports of goods and services (current US$),2017,,"Middle East, North Africa, Afghanistan & Pakistan",Upper middle income,35.9263,31.9497
4129,JO,Jordan,Imports of goods and services (current US$),2016,,"Middle East, North Africa, Afghanistan & Pakistan",Upper middle income,35.9263,31.9497
4130,KZ,Kazakhstan,Imports of goods and services (current US$),2025,,Europe & Central Asia,Upper middle income,71.4382,51.1879
4131,KZ,Kazakhstan,Imports of goods and services (current US$),2024,74543688674.4676,Europe & Central Asia,Upper middle income,71.4382,51.1879
4132,KZ,Kazakhstan,Imports of goods and services (current US$),2023,72487044600.0899,Europe & Central Asia,Upper middle income,71.4382,51.1879
4133,KZ,Kazakhstan,Imports of goods and services (current US$),2022,60354782089.0333,Europe & Central Asia,Upper middle income,71.4382,51.1879
4134,KZ,Kazakhstan,Imports of goods and services (current US$),2021,49324871010.7242,Europe & Central Asia,Upper middle income,71.4382,51.1879
4135,KZ,Kazakhstan,Imports of goods and services (current US$),2020,45332610743.2096,Europe & Central Asia,Upper middle income,71.4382,51.1879
4136,KZ,Kazakhstan,Imports of goods and services (current US$),2019,51629140772.7225,Europe & Central Asia,Upper middle income,71.4382,51.1879
4137,KZ,Kazakhstan,Imports of goods and services (current US$),2018,46453964705.6103,Europe & Central Asia,Upper middle income,71.4382,51.1879
4138,KZ,Kazakhstan,Imports of goods and services (current US$),2017,40746709251.8909,Europe & Central Asia,Upper middle income,71.4382,51.1879
4139,KZ,Kazakhstan,Imports of goods and services (current US$),2016,39079991232.1721,Europe & Central Asia,Upper middle income,71.4382,51.1879
4140,KE,Kenya,Imports of goods and services (current US$),2025,29576712518.9126,Sub-Saharan Africa ,Lower middle income,36.8126,-1.27975
4141,KE,Kenya,Imports of goods and services (current US$),2024,27873592863.5879,Sub-Saharan Africa ,Lower middle income,36.8126,-1.27975
4142,KE,Kenya,Imports of goods and services (current US$),2023,26037169470.1809,Sub-Saharan Africa ,Lower middle income,36.8126,-1.27975
4143,KE,Kenya,Imports of goods and services (current US$),2022,27832040674.6004,Sub-Saharan Africa ,Lower middle income,36.8126,-1.27975
4144,KE,Kenya,Imports of goods and services (current US$),2021,24016664625.5509,Sub-Saharan Africa ,Lower middle income,36.8126,-1.27975
4145,KE,Kenya,Imports of goods and services (current US$),2020,19082744156.5013,Sub-Saharan Africa ,Lower middle income,36.8126,-1.27975
4146,KE,Kenya,Imports of goods and services (current US$),2019,20408407783.966,Sub-Saharan Africa ,Lower middle income,36.8126,-1.27975
4147,KE,Kenya,Imports of goods and services (current US$),2018,20167352977.161,Sub-Saharan Africa ,Lower middle income,36.8126,-1.27975
4148,KE,Kenya,Imports of goods and services (current US$),2017,19080378151.0309,Sub-Saharan Africa ,Lower middle income,36.8126,-1.27975
4149,KE,Kenya,Imports of goods and services (current US$),2016,16171498982.4724,Sub-Saharan Africa ,Lower middle income,36.8126,-1.27975
4150,KI,Kiribati,Imports of goods and services (current US$),2025,,East Asia & Pacific,Lower middle income,172.979,1.32905
4151,KI,Kiribati,Imports of goods and services (current US$),2024,334898683.3719,East Asia & Pacific,Lower middle income,172.979,1.32905
4152,KI,Kiribati,Imports of goods and services (current US$),2023,293469858.533235,East Asia & Pacific,Lower middle income,172.979,1.32905
4153,KI,Kiribati,Imports of goods and services (current US$),2022,270259460.664946,East Asia & Pacific,Lower middle income,172.979,1.32905
4154,KI,Kiribati,Imports of goods and services (current US$),2021,201765233.649547,East Asia & Pacific,Lower middle income,172.979,1.32905
4155,KI,Kiribati,Imports of goods and services (current US$),2020,150178033.445809,East Asia & Pacific,Lower middle income,172.979,1.32905
4156,KI,Kiribati,Imports of goods and services (current US$),2019,180817476.661092,East Asia & Pacific,Lower middle income,172.979,1.32905
4157,KI,Kiribati,Imports of goods and services (current US$),2018,173538193.022776,East Asia & Pacific,Lower middle income,172.979,1.32905
4158,KI,Kiribati,Imports of goods and services (current US$),2017,194581523.930108,East Asia & Pacific,Lower middle income,172.979,1.32905
4159,KI,Kiribati,Imports of goods and services (current US$),2016,195426972.957463,East Asia & Pacific,Lower middle income,172.979,1.32905
4160,KP,"Korea, Dem. People's Rep.",Imports of goods and services (current US$),2025,,East Asia & Pacific,Low income,125.754,39.0319
4161,KP,"Korea, Dem. People's Rep.",Imports of goods and services (current US$),2024,,East Asia & Pacific,Low income,125.754,39.0319
4162,KP,"Korea, Dem. People's Rep.",Imports of goods and services (current US$),2023,,East Asia & Pacific,Low income,125.754,39.0319
4163,KP,"Korea, Dem. People's Rep.",Imports of goods and services (current US$),2022,,East Asia & Pacific,Low income,125.754,39.0319
4164,KP,"Korea, Dem. People's Rep.",Imports of goods and services (current US$),2021,,East Asia & Pacific,Low income,125.754,39.0319
4165,KP,"Korea, Dem. People's Rep.",Imports of goods and services (current US$),2020,,East Asia & Pacific,Low income,125.754,39.0319
4166,KP,"Korea, Dem. People's Rep.",Imports of goods and services (current US$),2019,,East Asia & Pacific,Low income,125.754,39.0319
4167,KP,"Korea, Dem. People's Rep.",Imports of goods and services (current US$),2018,,East Asia & Pacific,Low income,125.754,39.0319
4168,KP,"Korea, Dem. People's Rep.",Imports of goods and services (current US$),2017,,East Asia & Pacific,Low income,125.754,39.0319
4169,KP,"Korea, Dem. People's Rep.",Imports of goods and services (current US$),2016,,East Asia & Pacific,Low income,125.754,39.0319
4170,KR,"Korea, Rep.",Imports of goods and services (current US$),2025,760157311935.097,East Asia & Pacific,High income,126.957,37.5323
4171,KR,"Korea, Rep.",Imports of goods and services (current US$),2024,755486201521.958,East Asia & Pacific,High income,126.957,37.5323
4172,KR,"Korea, Rep.",Imports of goods and services (current US$),2023,755197457229.567,East Asia & Pacific,High income,126.957,37.5323
4173,KR,"Korea, Rep.",Imports of goods and services (current US$),2022,814936711590.894,East Asia & Pacific,High income,126.957,37.5323
4174,KR,"Korea, Rep.",Imports of goods and services (current US$),2021,698601348291.191,East Asia & Pacific,High income,126.957,37.5323
4175,KR,"Korea, Rep.",Imports of goods and services (current US$),2020,539436709934.322,East Asia & Pacific,High income,126.957,37.5323
4176,KR,"Korea, Rep.",Imports of goods and services (current US$),2019,602460189255.229,East Asia & Pacific,High income,126.957,37.5323
4177,KR,"Korea, Rep.",Imports of goods and services (current US$),2018,643142886151.538,East Asia & Pacific,High income,126.957,37.5323
4178,KR,"Korea, Rep.",Imports of goods and services (current US$),2017,587337161918.895,East Asia & Pacific,High income,126.957,37.5323
4179,KR,"Korea, Rep.",Imports of goods and services (current US$),2016,501960383970.089,East Asia & Pacific,High income,126.957,37.5323
4180,XK,Kosovo,Imports of goods and services (current US$),2025,9247483894.44267,Europe & Central Asia,Upper middle income,20.926,42.565
4181,XK,Kosovo,Imports of goods and services (current US$),2024,8070814342.83359,Europe & Central Asia,Upper middle income,20.926,42.565
4182,XK,Kosovo,Imports of goods and services (current US$),2023,7359318638.20209,Europe & Central Asia,Upper middle income,20.926,42.565
4183,XK,Kosovo,Imports of goods and services (current US$),2022,6687213729.53115,Europe & Central Asia,Upper middle income,20.926,42.565
4184,XK,Kosovo,Imports of goods and services (current US$),2021,6139441731.44951,Europe & Central Asia,Upper middle income,20.926,42.565
4185,XK,Kosovo,Imports of goods and services (current US$),2020,4169889577.68873,Europe & Central Asia,Upper middle income,20.926,42.565
4186,XK,Kosovo,Imports of goods and services (current US$),2019,4458374403.7647,Europe & Central Asia,Upper middle income,20.926,42.565
4187,XK,Kosovo,Imports of goods and services (current US$),2018,4511507218.39764,Europe & Central Asia,Upper middle income,20.926,42.565
4188,XK,Kosovo,Imports of goods and services (current US$),2017,3811644831.03648,Europe & Central Asia,Upper middle income,20.926,42.565
4189,XK,Kosovo,Imports of goods and services (current US$),2016,3420954912.03269,Europe & Central Asia,Upper middle income,20.926,42.565
4190,KW,Kuwait,Imports of goods and services (current US$),2025,,"Middle East, North Africa, Afghanistan & Pakistan",High income,47.9824,29.3721
4191,KW,Kuwait,Imports of goods and services (current US$),2024,61521205382.6164,"Middle East, North Africa, Afghanistan & Pakistan",High income,47.9824,29.3721
4192,KW,Kuwait,Imports of goods and services (current US$),2023,63425622995.9145,"Middle East, North Africa, Afghanistan & Pakistan",High income,47.9824,29.3721
4193,KW,Kuwait,Imports of goods and services (current US$),2022,55913469387.7551,"Middle East, North Africa, Afghanistan & Pakistan",High income,47.9824,29.3721
4194,KW,Kuwait,Imports of goods and services (current US$),2021,44912694808.101,"Middle East, North Africa, Afghanistan & Pakistan",High income,47.9824,29.3721
4195,KW,Kuwait,Imports of goods and services (current US$),2020,42529707771.5334,"Middle East, North Africa, Afghanistan & Pakistan",High income,47.9824,29.3721
4196,KW,Kuwait,Imports of goods and services (current US$),2019,55817806337.715,"Middle East, North Africa, Afghanistan & Pakistan",High income,47.9824,29.3721
4197,KW,Kuwait,Imports of goods and services (current US$),2018,63048258686.6961,"Middle East, North Africa, Afghanistan & Pakistan",High income,47.9824,29.3721
4198,KW,Kuwait,Imports of goods and services (current US$),2017,56293171254.3267,"Middle East, North Africa, Afghanistan & Pakistan",High income,47.9824,29.3721
4199,KW,Kuwait,Imports of goods and services (current US$),2016,53090012146.8076,"Middle East, North Africa, Afghanistan & Pakistan",High income,47.9824,29.3721
4200,KG,Kyrgyz Republic,Imports of goods and services (current US$),2025,14840274240.1743,Europe & Central Asia,Lower middle income,74.6057,42.8851
4201,KG,Kyrgyz Republic,Imports of goods and services (current US$),2024,15134031704.5103,Europe & Central Asia,Lower middle income,74.6057,42.8851
4202,KG,Kyrgyz Republic,Imports of goods and services (current US$),2023,14495454762.0276,Europe & Central Asia,Lower middle income,74.6057,42.8851
4203,KG,Kyrgyz Republic,Imports of goods and services (current US$),2022,10611929974.1289,Europe & Central Asia,Lower middle income,74.6057,42.8851
4204,KG,Kyrgyz Republic,Imports of goods and services (current US$),2021,5961602074.23316,Europe & Central Asia,Lower middle income,74.6057,42.8851
4205,KG,Kyrgyz Republic,Imports of goods and services (current US$),2020,4086471675.70011,Europe & Central Asia,Lower middle income,74.6057,42.8851
4206,KG,Kyrgyz Republic,Imports of goods and services (current US$),2019,5712149571.70613,Europe & Central Asia,Lower middle income,74.6057,42.8851
4207,KG,Kyrgyz Republic,Imports of goods and services (current US$),2018,5564289939.38436,Europe & Central Asia,Lower middle income,74.6057,42.8851
4208,KG,Kyrgyz Republic,Imports of goods and services (current US$),2017,5112024586.40804,Europe & Central Asia,Lower middle income,74.6057,42.8851
4209,KG,Kyrgyz Republic,Imports of goods and services (current US$),2016,4769041754.77364,Europe & Central Asia,Lower middle income,74.6057,42.8851
4210,LA,Lao PDR,Imports of goods and services (current US$),2025,,East Asia & Pacific,Lower middle income,102.177,18.5826
4211,LA,Lao PDR,Imports of goods and services (current US$),2024,,East Asia & Pacific,Lower middle income,102.177,18.5826
4212,LA,Lao PDR,Imports of goods and services (current US$),2023,,East Asia & Pacific,Lower middle income,102.177,18.5826
4213,LA,Lao PDR,Imports of goods and services (current US$),2022,,East Asia & Pacific,Lower middle income,102.177,18.5826
4214,LA,Lao PDR,Imports of goods and services (current US$),2021,,East Asia & Pacific,Lower middle income,102.177,18.5826
4215,LA,Lao PDR,Imports of goods and services (current US$),2020,,East Asia & Pacific,Lower middle income,102.177,18.5826
4216,LA,Lao PDR,Imports of goods and services (current US$),2019,,East Asia & Pacific,Lower middle income,102.177,18.5826
4217,LA,Lao PDR,Imports of goods and services (current US$),2018,,East Asia & Pacific,Lower middle income,102.177,18.5826
4218,LA,Lao PDR,Imports of goods and services (current US$),2017,,East Asia & Pacific,Lower middle income,102.177,18.5826
4219,LA,Lao PDR,Imports of goods and services (current US$),2016,6664547720.2285,East Asia & Pacific,Lower middle income,102.177,18.5826
4220,LV,Latvia,Imports of goods and services (current US$),2025,32648277349.5623,Europe & Central Asia,High income,24.1048,56.9465
4221,LV,Latvia,Imports of goods and services (current US$),2024,29237162725.2523,Europe & Central Asia,High income,24.1048,56.9465
4222,LV,Latvia,Imports of goods and services (current US$),2023,29797383500.3005,Europe & Central Asia,High income,24.1048,56.9465
4223,LV,Latvia,Imports of goods and services (current US$),2022,31311327145.253,Europe & Central Asia,High income,24.1048,56.9465
4224,LV,Latvia,Imports of goods and services (current US$),2021,26722730484.7438,Europe & Central Asia,High income,24.1048,56.9465
4225,LV,Latvia,Imports of goods and services (current US$),2020,20436512013.5674,Europe & Central Asia,High income,24.1048,56.9465
4226,LV,Latvia,Imports of goods and services (current US$),2019,20771523762.3294,Europe & Central Asia,High income,24.1048,56.9465
4227,LV,Latvia,Imports of goods and services (current US$),2018,21399793243.0745,Europe & Central Asia,High income,24.1048,56.9465
4228,LV,Latvia,Imports of goods and services (current US$),2017,18978997354.9141,Europe & Central Asia,High income,24.1048,56.9465
4229,LV,Latvia,Imports of goods and services (current US$),2016,16650471636.2697,Europe & Central Asia,High income,24.1048,56.9465
4230,LB,Lebanon,Imports of goods and services (current US$),2025,,"Middle East, North Africa, Afghanistan & Pakistan",Lower middle income,35.5134,33.8872
4231,LB,Lebanon,Imports of goods and services (current US$),2024,15301404346.3687,"Middle East, North Africa, Afghanistan & Pakistan",Lower middle income,35.5134,33.8872
4232,LB,Lebanon,Imports of goods and services (current US$),2023,14788907442.7926,"Middle East, North Africa, Afghanistan & Pakistan",Lower middle income,35.5134,33.8872
4233,LB,Lebanon,Imports of goods and services (current US$),2022,16806427844.3004,"Middle East, North Africa, Afghanistan & Pakistan",Lower middle income,35.5134,33.8872
4234,LB,Lebanon,Imports of goods and services (current US$),2021,12214357413.8664,"Middle East, North Africa, Afghanistan & Pakistan",Lower middle income,35.5134,33.8872
4235,LB,Lebanon,Imports of goods and services (current US$),2020,10705132083.243,"Middle East, North Africa, Afghanistan & Pakistan",Lower middle income,35.5134,33.8872
4236,LB,Lebanon,Imports of goods and services (current US$),2019,21820628748.3913,"Middle East, North Africa, Afghanistan & Pakistan",Lower middle income,35.5134,33.8872
4237,LB,Lebanon,Imports of goods and services (current US$),2018,26079751235.1575,"Middle East, North Africa, Afghanistan & Pakistan",Lower middle income,35.5134,33.8872
4238,LB,Lebanon,Imports of goods and services (current US$),2017,24672982325.7048,"Middle East, North Africa, Afghanistan & Pakistan",Lower middle income,35.5134,33.8872
4239,LB,Lebanon,Imports of goods and services (current US$),2016,23526463867.9934,"Middle East, North Africa, Afghanistan & Pakistan",Lower middle income,35.5134,33.8872
4240,LS,Lesotho,Imports of goods and services (current US$),2025,2688114188.42089,Sub-Saharan Africa ,Lower middle income,27.7167,-29.5208
4241,LS,Lesotho,Imports of goods and services (current US$),2024,2464664897.99744,Sub-Saharan Africa ,Lower middle income,27.7167,-29.5208
4242,LS,Lesotho,Imports of goods and services (current US$),2023,2088115593.48483,Sub-Saharan Africa ,Lower middle income,27.7167,-29.5208
4243,LS,Lesotho,Imports of goods and services (current US$),2022,2257663699.96111,Sub-Saharan Africa ,Lower middle income,27.7167,-29.5208
4244,LS,Lesotho,Imports of goods and services (current US$),2021,2244255203.34092,Sub-Saharan Africa ,Lower middle income,27.7167,-29.5208
4245,LS,Lesotho,Imports of goods and services (current US$),2020,1984851478.86231,Sub-Saharan Africa ,Lower middle income,27.7167,-29.5208
4246,LS,Lesotho,Imports of goods and services (current US$),2019,2254606913.26468,Sub-Saharan Africa ,Lower middle income,27.7167,-29.5208
4247,LS,Lesotho,Imports of goods and services (current US$),2018,2418257076.54705,Sub-Saharan Africa ,Lower middle income,27.7167,-29.5208
4248,LS,Lesotho,Imports of goods and services (current US$),2017,2281133086.57192,Sub-Saharan Africa ,Lower middle income,27.7167,-29.5208
4249,LS,Lesotho,Imports of goods and services (current US$),2016,1914308304.95789,Sub-Saharan Africa ,Lower middle income,27.7167,-29.5208
4250,LR,Liberia,Imports of goods and services (current US$),2025,,Sub-Saharan Africa ,Low income,-10.7957,6.30039
4251,LR,Liberia,Imports of goods and services (current US$),2024,,Sub-Saharan Africa ,Low income,-10.7957,6.30039
4252,LR,Liberia,Imports of goods and services (current US$),2023,,Sub-Saharan Africa ,Low income,-10.7957,6.30039
4253,LR,Liberia,Imports of goods and services (current US$),2022,,Sub-Saharan Africa ,Low income,-10.7957,6.30039
4254,LR,Liberia,Imports of goods and services (current US$),2021,,Sub-Saharan Africa ,Low income,-10.7957,6.30039
4255,LR,Liberia,Imports of goods and services (current US$),2020,,Sub-Saharan Africa ,Low income,-10.7957,6.30039
4256,LR,Liberia,Imports of goods and services (current US$),2019,,Sub-Saharan Africa ,Low income,-10.7957,6.30039
4257,LR,Liberia,Imports of goods and services (current US$),2018,,Sub-Saharan Africa ,Low income,-10.7957,6.30039
4258,LR,Liberia,Imports of goods and services (current US$),2017,,Sub-Saharan Africa ,Low income,-10.7957,6.30039
4259,LR,Liberia,Imports of goods and services (current US$),2016,,Sub-Saharan Africa ,Low income,-10.7957,6.30039
4260,LY,Libya,Imports of goods and services (current US$),2025,31718873357.8984,"Middle East, North Africa, Afghanistan & Pakistan",Upper middle income,13.1072,32.8578
4261,LY,Libya,Imports of goods and services (current US$),2024,31895727005.1289,"Middle East, North Africa, Afghanistan & Pakistan",Upper middle income,13.1072,32.8578
4262,LY,Libya,Imports of goods and services (current US$),2023,33227339434.5967,"Middle East, North Africa, Afghanistan & Pakistan",Upper middle income,13.1072,32.8578
4263,LY,Libya,Imports of goods and services (current US$),2022,27824997262.7216,"Middle East, North Africa, Afghanistan & Pakistan",Upper middle income,13.1072,32.8578
4264,LY,Libya,Imports of goods and services (current US$),2021,25437768929.5979,"Middle East, North Africa, Afghanistan & Pakistan",Upper middle income,13.1072,32.8578
4265,LY,Libya,Imports of goods and services (current US$),2020,14343035443.3424,"Middle East, North Africa, Afghanistan & Pakistan",Upper middle income,13.1072,32.8578
4266,LY,Libya,Imports of goods and services (current US$),2019,25373910344.4774,"Middle East, North Africa, Afghanistan & Pakistan",Upper middle income,13.1072,32.8578
4267,LY,Libya,Imports of goods and services (current US$),2018,18533195308.0184,"Middle East, North Africa, Afghanistan & Pakistan",Upper middle income,13.1072,32.8578
4268,LY,Libya,Imports of goods and services (current US$),2017,13667690232.5982,"Middle East, North Africa, Afghanistan & Pakistan",Upper middle income,13.1072,32.8578
4269,LY,Libya,Imports of goods and services (current US$),2016,13242815396.4883,"Middle East, North Africa, Afghanistan & Pakistan",Upper middle income,13.1072,32.8578
4270,LI,Liechtenstein,Imports of goods and services (current US$),2025,,Europe & Central Asia,High income,9.52148,47.1411
4271,LI,Liechtenstein,Imports of goods and services (current US$),2024,,Europe & Central Asia,High income,9.52148,47.1411
4272,LI,Liechtenstein,Imports of goods and services (current US$),2023,,Europe & Central Asia,High income,9.52148,47.1411
4273,LI,Liechtenstein,Imports of goods and services (current US$),2022,,Europe & Central Asia,High income,9.52148,47.1411
4274,LI,Liechtenstein,Imports of goods and services (current US$),2021,,Europe & Central Asia,High income,9.52148,47.1411
4275,LI,Liechtenstein,Imports of goods and services (current US$),2020,,Europe & Central Asia,High income,9.52148,47.1411
4276,LI,Liechtenstein,Imports of goods and services (current US$),2019,,Europe & Central Asia,High income,9.52148,47.1411
4277,LI,Liechtenstein,Imports of goods and services (current US$),2018,,Europe & Central Asia,High income,9.52148,47.1411
4278,LI,Liechtenstein,Imports of goods and services (current US$),2017,,Europe & Central Asia,High income,9.52148,47.1411
4279,LI,Liechtenstein,Imports of goods and services (current US$),2016,,Europe & Central Asia,High income,9.52148,47.1411
4280,LT,Lithuania,Imports of goods and services (current US$),2025,65811494794.6705,Europe & Central Asia,High income,25.2799,54.6896
4281,LT,Lithuania,Imports of goods and services (current US$),2024,58552399718.4766,Europe & Central Asia,High income,25.2799,54.6896
4282,LT,Lithuania,Imports of goods and services (current US$),2023,57902756764.1579,Europe & Central Asia,High income,25.2799,54.6896
4283,LT,Lithuania,Imports of goods and services (current US$),2022,63129065380.5839,Europe & Central Asia,High income,25.2799,54.6896
4284,LT,Lithuania,Imports of goods and services (current US$),2021,50396505475.3868,Europe & Central Asia,High income,25.2799,54.6896
4285,LT,Lithuania,Imports of goods and services (current US$),2020,36377346995.4865,Europe & Central Asia,High income,25.2799,54.6896
4286,LT,Lithuania,Imports of goods and services (current US$),2019,39443296204.549,Europe & Central Asia,High income,25.2799,54.6896
4287,LT,Lithuania,Imports of goods and services (current US$),2018,39433464608.6745,Europe & Central Asia,High income,25.2799,54.6896
4288,LT,Lithuania,Imports of goods and services (current US$),2017,34056328974.8824,Europe & Central Asia,High income,25.2799,54.6896
4289,LT,Lithuania,Imports of goods and services (current US$),2016,28782248191.6343,Europe & Central Asia,High income,25.2799,54.6896
4290,LU,Luxembourg,Imports of goods and services (current US$),2025,161209915493.469,Europe & Central Asia,High income,6.1296,49.61
4291,LU,Luxembourg,Imports of goods and services (current US$),2024,149000525634.778,Europe & Central Asia,High income,6.1296,49.61
4292,LU,Luxembourg,Imports of goods and services (current US$),2023,164425595344.836,Europe & Central Asia,High income,6.1296,49.61
4293,LU,Luxembourg,Imports of goods and services (current US$),2022,153417111267.143,Europe & Central Asia,High income,6.1296,49.61
4294,LU,Luxembourg,Imports of goods and services (current US$),2021,157127164919.606,Europe & Central Asia,High income,6.1296,49.61
4295,LU,Luxembourg,Imports of goods and services (current US$),2020,126083441971.144,Europe & Central Asia,High income,6.1296,49.61
4296,LU,Luxembourg,Imports of goods and services (current US$),2019,123031122937.043,Europe & Central Asia,High income,6.1296,49.61
4297,LU,Luxembourg,Imports of goods and services (current US$),2018,117040520850.147,Europe & Central Asia,High income,6.1296,49.61
4298,LU,Luxembourg,Imports of goods and services (current US$),2017,105827158919.454,Europe & Central Asia,High income,6.1296,49.61
4299,LU,Luxembourg,Imports of goods and services (current US$),2016,97891285783.9403,Europe & Central Asia,High income,6.1296,49.61
4300,MO,"Macao SAR, China",Imports of goods and services (current US$),2025,24392856119.8833,East Asia & Pacific,High income,113.55,22.1667
4301,MO,"Macao SAR, China",Imports of goods and services (current US$),2024,24679130368.6739,East Asia & Pacific,High income,113.55,22.1667
4302,MO,"Macao SAR, China",Imports of goods and services (current US$),2023,24390733922.0849,East Asia & Pacific,High income,113.55,22.1667
4303,MO,"Macao SAR, China",Imports of goods and services (current US$),2022,21333615037.2353,East Asia & Pacific,High income,113.55,22.1667
4304,MO,"Macao SAR, China",Imports of goods and services (current US$),2021,24329800942.6482,East Asia & Pacific,High income,113.55,22.1667
4305,MO,"Macao SAR, China",Imports of goods and services (current US$),2020,15615350087.407,East Asia & Pacific,High income,113.55,22.1667
4306,MO,"Macao SAR, China",Imports of goods and services (current US$),2019,17929686870.777,East Asia & Pacific,High income,113.55,22.1667
4307,MO,"Macao SAR, China",Imports of goods and services (current US$),2018,18570067514.3422,East Asia & Pacific,High income,113.55,22.1667
4308,MO,"Macao SAR, China",Imports of goods and services (current US$),2017,17507224332.5163,East Asia & Pacific,High income,113.55,22.1667
4309,MO,"Macao SAR, China",Imports of goods and services (current US$),2016,16224010214.3022,East Asia & Pacific,High income,113.55,22.1667
4310,MG,Madagascar,Imports of goods and services (current US$),2025,6456688115.47184,Sub-Saharan Africa ,Low income,45.7167,-20.4667
4311,MG,Madagascar,Imports of goods and services (current US$),2024,5898719062.63889,Sub-Saharan Africa ,Low income,45.7167,-20.4667
4312,MG,Madagascar,Imports of goods and services (current US$),2023,5779521889.72864,Sub-Saharan Africa ,Low income,45.7167,-20.4667
4313,MG,Madagascar,Imports of goods and services (current US$),2022,6130820185.69315,Sub-Saharan Africa ,Low income,45.7167,-20.4667
4314,MG,Madagascar,Imports of goods and services (current US$),2021,4611346608.6263,Sub-Saharan Africa ,Low income,45.7167,-20.4667
4315,MG,Madagascar,Imports of goods and services (current US$),2020,3767772594.78023,Sub-Saharan Africa ,Low income,45.7167,-20.4667
4316,MG,Madagascar,Imports of goods and services (current US$),2019,4820540217.6801,Sub-Saharan Africa ,Low income,45.7167,-20.4667
4317,MG,Madagascar,Imports of goods and services (current US$),2018,4995646270.88017,Sub-Saharan Africa ,Low income,45.7167,-20.4667
4318,MG,Madagascar,Imports of goods and services (current US$),2017,4538023942.3512,Sub-Saharan Africa ,Low income,45.7167,-20.4667
4319,MG,Madagascar,Imports of goods and services (current US$),2016,3761002301.53403,Sub-Saharan Africa ,Low income,45.7167,-20.4667
4320,MW,Malawi,Imports of goods and services (current US$),2025,4289095537.90267,Sub-Saharan Africa ,Low income,33.7703,-13.9899
4321,MW,Malawi,Imports of goods and services (current US$),2024,3463528705.15396,Sub-Saharan Africa ,Low income,33.7703,-13.9899
4322,MW,Malawi,Imports of goods and services (current US$),2023,4168480304.06473,Sub-Saharan Africa ,Low income,33.7703,-13.9899
4323,MW,Malawi,Imports of goods and services (current US$),2022,4011385129.38504,Sub-Saharan Africa ,Low income,33.7703,-13.9899
4324,MW,Malawi,Imports of goods and services (current US$),2021,3946615437.79055,Sub-Saharan Africa ,Low income,33.7703,-13.9899
4325,MW,Malawi,Imports of goods and services (current US$),2020,3534041140.85774,Sub-Saharan Africa ,Low income,33.7703,-13.9899
4326,MW,Malawi,Imports of goods and services (current US$),2019,3448840700.9341,Sub-Saharan Africa ,Low income,33.7703,-13.9899
4327,MW,Malawi,Imports of goods and services (current US$),2018,3152063269.52757,Sub-Saharan Africa ,Low income,33.7703,-13.9899
4328,MW,Malawi,Imports of goods and services (current US$),2017,2917847789.69494,Sub-Saharan Africa ,Low income,33.7703,-13.9899
4329,MW,Malawi,Imports of goods and services (current US$),2016,,Sub-Saharan Africa ,Low income,33.7703,-13.9899
4330,MY,Malaysia,Imports of goods and services (current US$),2025,308949499862.759,East Asia & Pacific,Upper middle income,101.684,3.12433
4331,MY,Malaysia,Imports of goods and services (current US$),2024,278760544031.284,East Asia & Pacific,Upper middle income,101.684,3.12433
4332,MY,Malaysia,Imports of goods and services (current US$),2023,255625703549.712,East Asia & Pacific,Upper middle income,101.684,3.12433
4333,MY,Malaysia,Imports of goods and services (current US$),2022,283918591271.771,East Asia & Pacific,Upper middle income,101.684,3.12433
4334,MY,Malaysia,Imports of goods and services (current US$),2021,236990392677.524,East Asia & Pacific,Upper middle income,101.684,3.12433
4335,MY,Malaysia,Imports of goods and services (current US$),2020,186310380061.102,East Asia & Pacific,Upper middle income,101.684,3.12433
4336,MY,Malaysia,Imports of goods and services (current US$),2019,210893037728.698,East Asia & Pacific,Upper middle income,101.684,3.12433
4337,MY,Malaysia,Imports of goods and services (current US$),2018,221902484182.666,East Asia & Pacific,Upper middle income,101.684,3.12433
4338,MY,Malaysia,Imports of goods and services (current US$),2017,201496430249.828,East Asia & Pacific,Upper middle income,101.684,3.12433
4339,MY,Malaysia,Imports of goods and services (current US$),2016,181125866049.416,East Asia & Pacific,Upper middle income,101.684,3.12433
4340,MV,Maldives,Imports of goods and services (current US$),2025,,South Asia,Upper middle income,73.5109,4.1742
4341,MV,Maldives,Imports of goods and services (current US$),2024,5526396213.29145,South Asia,Upper middle income,73.5109,4.1742
4342,MV,Maldives,Imports of goods and services (current US$),2023,4986030514.21888,South Asia,Upper middle income,73.5109,4.1742
4343,MV,Maldives,Imports of goods and services (current US$),2022,4915296258.92618,South Asia,Upper middle income,73.5109,4.1742
4344,MV,Maldives,Imports of goods and services (current US$),2021,3493320710.52199,South Asia,Upper middle income,73.5109,4.1742
4345,MV,Maldives,Imports of goods and services (current US$),2020,2454800260.31661,South Asia,Upper middle income,73.5109,4.1742
4346,MV,Maldives,Imports of goods and services (current US$),2019,4100560296.22075,South Asia,Upper middle income,73.5109,4.1742
4347,MV,Maldives,Imports of goods and services (current US$),2018,4109616130.68867,South Asia,Upper middle income,73.5109,4.1742
4348,MV,Maldives,Imports of goods and services (current US$),2017,3508894747.23709,South Asia,Upper middle income,73.5109,4.1742
4349,MV,Maldives,Imports of goods and services (current US$),2016,3208964389.80537,South Asia,Upper middle income,73.5109,4.1742
4350,ML,Mali,Imports of goods and services (current US$),2025,8027088524.12728,Sub-Saharan Africa ,Low income,-7.50034,13.5667
4351,ML,Mali,Imports of goods and services (current US$),2024,7343580592.96065,Sub-Saharan Africa ,Low income,-7.50034,13.5667
4352,ML,Mali,Imports of goods and services (current US$),2023,8137764865.45859,Sub-Saharan Africa ,Low income,-7.50034,13.5667
4353,ML,Mali,Imports of goods and services (current US$),2022,8009736749.56921,Sub-Saharan Africa ,Low income,-7.50034,13.5667
4354,ML,Mali,Imports of goods and services (current US$),2021,7654213177.65694,Sub-Saharan Africa ,Low income,-7.50034,13.5667
4355,ML,Mali,Imports of goods and services (current US$),2020,6395707970.69675,Sub-Saharan Africa ,Low income,-7.50034,13.5667
4356,ML,Mali,Imports of goods and services (current US$),2019,6608368701.20412,Sub-Saharan Africa ,Low income,-7.50034,13.5667
4357,ML,Mali,Imports of goods and services (current US$),2018,6130932965.63969,Sub-Saharan Africa ,Low income,-7.50034,13.5667
4358,ML,Mali,Imports of goods and services (current US$),2017,5599702405.93948,Sub-Saharan Africa ,Low income,-7.50034,13.5667
4359,ML,Mali,Imports of goods and services (current US$),2016,5685145254.65642,Sub-Saharan Africa ,Low income,-7.50034,13.5667
4360,MT,Malta,Imports of goods and services (current US$),2025,27745379955.5294,"Middle East, North Africa, Afghanistan & Pakistan",High income,14.5189,35.9042
4361,MT,Malta,Imports of goods and services (current US$),2024,24854594465.8594,"Middle East, North Africa, Afghanistan & Pakistan",High income,14.5189,35.9042
4362,MT,Malta,Imports of goods and services (current US$),2023,22938681423.922,"Middle East, North Africa, Afghanistan & Pakistan",High income,14.5189,35.9042
4363,MT,Malta,Imports of goods and services (current US$),2022,22022511474.1246,"Middle East, North Africa, Afghanistan & Pakistan",High income,14.5189,35.9042
4364,MT,Malta,Imports of goods and services (current US$),2021,19984289923.2555,"Middle East, North Africa, Afghanistan & Pakistan",High income,14.5189,35.9042
4365,MT,Malta,Imports of goods and services (current US$),2020,18439993420.4268,"Middle East, North Africa, Afghanistan & Pakistan",High income,14.5189,35.9042
4366,MT,Malta,Imports of goods and services (current US$),2019,17734735446.8023,"Middle East, North Africa, Afghanistan & Pakistan",High income,14.5189,35.9042
4367,MT,Malta,Imports of goods and services (current US$),2018,16920969058.8311,"Middle East, North Africa, Afghanistan & Pakistan",High income,14.5189,35.9042
4368,MT,Malta,Imports of goods and services (current US$),2017,13654552289.9319,"Middle East, North Africa, Afghanistan & Pakistan",High income,14.5189,35.9042
4369,MT,Malta,Imports of goods and services (current US$),2016,12049012192.0241,"Middle East, North Africa, Afghanistan & Pakistan",High income,14.5189,35.9042
4370,MH,Marshall Islands,Imports of goods and services (current US$),2025,246000000.0,East Asia & Pacific,Upper middle income,171.135,7.11046
4371,MH,Marshall Islands,Imports of goods and services (current US$),2024,231000000.0,East Asia & Pacific,Upper middle income,171.135,7.11046
4372,MH,Marshall Islands,Imports of goods and services (current US$),2023,211000000.0,East Asia & Pacific,Upper middle income,171.135,7.11046
4373,MH,Marshall Islands,Imports of goods and services (current US$),2022,228608400.0,East Asia & Pacific,Upper middle income,171.135,7.11046
4374,MH,Marshall Islands,Imports of goods and services (current US$),2021,193524800.0,East Asia & Pacific,Upper middle income,171.135,7.11046
4375,MH,Marshall Islands,Imports of goods and services (current US$),2020,174912100.0,East Asia & Pacific,Upper middle income,171.135,7.11046
4376,MH,Marshall Islands,Imports of goods and services (current US$),2019,270037900.0,East Asia & Pacific,Upper middle income,171.135,7.11046
4377,MH,Marshall Islands,Imports of goods and services (current US$),2018,195264300.0,East Asia & Pacific,Upper middle income,171.135,7.11046
4378,MH,Marshall Islands,Imports of goods and services (current US$),2017,183851100.0,East Asia & Pacific,Upper middle income,171.135,7.11046
4379,MH,Marshall Islands,Imports of goods and services (current US$),2016,161103100.0,East Asia & Pacific,Upper middle income,171.135,7.11046
4380,MR,Mauritania,Imports of goods and services (current US$),2025,6327162514.07935,Sub-Saharan Africa ,Lower middle income,-15.9824,18.2367
4381,MR,Mauritania,Imports of goods and services (current US$),2024,5677643652.84159,Sub-Saharan Africa ,Lower middle income,-15.9824,18.2367
4382,MR,Mauritania,Imports of goods and services (current US$),2023,5745446436.70314,Sub-Saharan Africa ,Lower middle income,-15.9824,18.2367
4383,MR,Mauritania,Imports of goods and services (current US$),2022,5956297149.04855,Sub-Saharan Africa ,Lower middle income,-15.9824,18.2367
4384,MR,Mauritania,Imports of goods and services (current US$),2021,4467674565.37047,Sub-Saharan Africa ,Lower middle income,-15.9824,18.2367
4385,MR,Mauritania,Imports of goods and services (current US$),2020,3747824684.05485,Sub-Saharan Africa ,Lower middle income,-15.9824,18.2367
4386,MR,Mauritania,Imports of goods and services (current US$),2019,4033369861.07674,Sub-Saharan Africa ,Lower middle income,-15.9824,18.2367
4387,MR,Mauritania,Imports of goods and services (current US$),2018,3929143534.68664,Sub-Saharan Africa ,Lower middle income,-15.9824,18.2367
4388,MR,Mauritania,Imports of goods and services (current US$),2017,3018559264.38573,Sub-Saharan Africa ,Lower middle income,-15.9824,18.2367
4389,MR,Mauritania,Imports of goods and services (current US$),2016,2513699048.64757,Sub-Saharan Africa ,Lower middle income,-15.9824,18.2367
4390,MU,Mauritius,Imports of goods and services (current US$),2025,12103211066.0688,Sub-Saharan Africa ,Upper middle income,57.4977,-20.1605
4391,MU,Mauritius,Imports of goods and services (current US$),2024,11697830481.4156,Sub-Saharan Africa ,Upper middle income,57.4977,-20.1605
4392,MU,Mauritius,Imports of goods and services (current US$),2023,11015762508.0839,Sub-Saharan Africa ,Upper middle income,57.4977,-20.1605
4393,MU,Mauritius,Imports of goods and services (current US$),2022,10431237060.1439,Sub-Saharan Africa ,Upper middle income,57.4977,-20.1605
4394,MU,Mauritius,Imports of goods and services (current US$),2021,8649785320.41045,Sub-Saharan Africa ,Upper middle income,57.4977,-20.1605
4395,MU,Mauritius,Imports of goods and services (current US$),2020,7606361593.67237,Sub-Saharan Africa ,Upper middle income,57.4977,-20.1605
4396,MU,Mauritius,Imports of goods and services (current US$),2019,9899441321.25382,Sub-Saharan Africa ,Upper middle income,57.4977,-20.1605
4397,MU,Mauritius,Imports of goods and services (current US$),2018,9718132632.37305,Sub-Saharan Africa ,Upper middle income,57.4977,-20.1605
4398,MU,Mauritius,Imports of goods and services (current US$),2017,9258119622.02936,Sub-Saharan Africa ,Upper middle income,57.4977,-20.1605
4399,MU,Mauritius,Imports of goods and services (current US$),2016,8325979802.47698,Sub-Saharan Africa ,Upper middle income,57.4977,-20.1605
4400,MX,Mexico,Imports of goods and services (current US$),2025,738162519126.698,Latin America & Caribbean ,Upper middle income,-99.1276,19.427
4401,MX,Mexico,Imports of goods and services (current US$),2024,698190455615.662,Latin America & Caribbean ,Upper middle income,-99.1276,19.427
4402,MX,Mexico,Imports of goods and services (current US$),2023,674539332148.826,Latin America & Caribbean ,Upper middle income,-99.1276,19.427
4403,MX,Mexico,Imports of goods and services (current US$),2022,672827146643.746,Latin America & Caribbean ,Upper middle income,-99.1276,19.427
4404,MX,Mexico,Imports of goods and services (current US$),2021,559543398297.824,Latin America & Caribbean ,Upper middle income,-99.1276,19.427
4405,MX,Mexico,Imports of goods and services (current US$),2020,421735413258.959,Latin America & Caribbean ,Upper middle income,-99.1276,19.427
4406,MX,Mexico,Imports of goods and services (current US$),2019,507718819549.77,Latin America & Caribbean ,Upper middle income,-99.1276,19.427
4407,MX,Mexico,Imports of goods and services (current US$),2018,517202845542.861,Latin America & Caribbean ,Upper middle income,-99.1276,19.427
4408,MX,Mexico,Imports of goods and services (current US$),2017,469597181245.762,Latin America & Caribbean ,Upper middle income,-99.1276,19.427
4409,MX,Mexico,Imports of goods and services (current US$),2016,432376614131.825,Latin America & Caribbean ,Upper middle income,-99.1276,19.427
4410,FM,"Micronesia, Fed. Sts.",Imports of goods and services (current US$),2025,356000000.0,East Asia & Pacific,Upper middle income,158.185,6.91771
4411,FM,"Micronesia, Fed. Sts.",Imports of goods and services (current US$),2024,356000000.0,East Asia & Pacific,Upper middle income,158.185,6.91771
4412,FM,"Micronesia, Fed. Sts.",Imports of goods and services (current US$),2023,324000000.0,East Asia & Pacific,Upper middle income,158.185,6.91771
4413,FM,"Micronesia, Fed. Sts.",Imports of goods and services (current US$),2022,315000000.0,East Asia & Pacific,Upper middle income,158.185,6.91771
4414,FM,"Micronesia, Fed. Sts.",Imports of goods and services (current US$),2021,277000000.0,East Asia & Pacific,Upper middle income,158.185,6.91771
4415,FM,"Micronesia, Fed. Sts.",Imports of goods and services (current US$),2020,265000000.0,East Asia & Pacific,Upper middle income,158.185,6.91771
4416,FM,"Micronesia, Fed. Sts.",Imports of goods and services (current US$),2019,281000000.0,East Asia & Pacific,Upper middle income,158.185,6.91771
4417,FM,"Micronesia, Fed. Sts.",Imports of goods and services (current US$),2018,267000000.0,East Asia & Pacific,Upper middle income,158.185,6.91771
4418,FM,"Micronesia, Fed. Sts.",Imports of goods and services (current US$),2017,256000000.0,East Asia & Pacific,Upper middle income,158.185,6.91771
4419,FM,"Micronesia, Fed. Sts.",Imports of goods and services (current US$),2016,237000000.0,East Asia & Pacific,Upper middle income,158.185,6.91771
4420,MD,Moldova,Imports of goods and services (current US$),2025,12397142177.8302,Europe & Central Asia,Upper middle income,28.8497,47.0167
4421,MD,Moldova,Imports of goods and services (current US$),2024,10437006429.9284,Europe & Central Asia,Upper middle income,28.8497,47.0167
4422,MD,Moldova,Imports of goods and services (current US$),2023,9840310840.08325,Europe & Central Asia,Upper middle income,28.8497,47.0167
4423,MD,Moldova,Imports of goods and services (current US$),2022,10297187835.8634,Europe & Central Asia,Upper middle income,28.8497,47.0167
4424,MD,Moldova,Imports of goods and services (current US$),2021,7916926177.17203,Europe & Central Asia,Upper middle income,28.8497,47.0167
4425,MD,Moldova,Imports of goods and services (current US$),2020,5921197990.85951,Europe & Central Asia,Upper middle income,28.8497,47.0167
4426,MD,Moldova,Imports of goods and services (current US$),2019,6624383483.98942,Europe & Central Asia,Upper middle income,28.8497,47.0167
4427,MD,Moldova,Imports of goods and services (current US$),2018,6385757543.1858,Europe & Central Asia,Upper middle income,28.8497,47.0167
4428,MD,Moldova,Imports of goods and services (current US$),2017,5336680940.38419,Europe & Central Asia,Upper middle income,28.8497,47.0167
4429,MD,Moldova,Imports of goods and services (current US$),2016,4480341975.44769,Europe & Central Asia,Upper middle income,28.8497,47.0167
4430,MC,Monaco,Imports of goods and services (current US$),2025,,Europe & Central Asia,High income,7.41891,43.7325
4431,MC,Monaco,Imports of goods and services (current US$),2024,,Europe & Central Asia,High income,7.41891,43.7325
4432,MC,Monaco,Imports of goods and services (current US$),2023,,Europe & Central Asia,High income,7.41891,43.7325
4433,MC,Monaco,Imports of goods and services (current US$),2022,,Europe & Central Asia,High income,7.41891,43.7325
4434,MC,Monaco,Imports of goods and services (current US$),2021,,Europe & Central Asia,High income,7.41891,43.7325
4435,MC,Monaco,Imports of goods and services (current US$),2020,,Europe & Central Asia,High income,7.41891,43.7325
4436,MC,Monaco,Imports of goods and services (current US$),2019,,Europe & Central Asia,High income,7.41891,43.7325
4437,MC,Monaco,Imports of goods and services (current US$),2018,,Europe & Central Asia,High income,7.41891,43.7325
4438,MC,Monaco,Imports of goods and services (current US$),2017,,Europe & Central Asia,High income,7.41891,43.7325
4439,MC,Monaco,Imports of goods and services (current US$),2016,,Europe & Central Asia,High income,7.41891,43.7325
4440,MN,Mongolia,Imports of goods and services (current US$),2025,15890791058.587,East Asia & Pacific,Upper middle income,106.937,47.9129
4441,MN,Mongolia,Imports of goods and services (current US$),2024,16592364969.5884,East Asia & Pacific,Upper middle income,106.937,47.9129
4442,MN,Mongolia,Imports of goods and services (current US$),2023,13537979922.1991,East Asia & Pacific,Upper middle income,106.937,47.9129
4443,MN,Mongolia,Imports of goods and services (current US$),2022,12219703773.3526,East Asia & Pacific,Upper middle income,106.937,47.9129
4444,MN,Mongolia,Imports of goods and services (current US$),2021,9255820394.66367,East Asia & Pacific,Upper middle income,106.937,47.9129
4445,MN,Mongolia,Imports of goods and services (current US$),2020,7345876551.6778,East Asia & Pacific,Upper middle income,106.937,47.9129
4446,MN,Mongolia,Imports of goods and services (current US$),2019,9259602726.47506,East Asia & Pacific,Upper middle income,106.937,47.9129
4447,MN,Mongolia,Imports of goods and services (current US$),2018,8986286558.25453,East Asia & Pacific,Upper middle income,106.937,47.9129
4448,MN,Mongolia,Imports of goods and services (current US$),2017,6517243584.98094,East Asia & Pacific,Upper middle income,106.937,47.9129
4449,MN,Mongolia,Imports of goods and services (current US$),2016,5611142023.26474,East Asia & Pacific,Upper middle income,106.937,47.9129
4450,ME,Montenegro,Imports of goods and services (current US$),2025,6066976621.67614,Europe & Central Asia,Upper middle income,19.2595,42.4602
4451,ME,Montenegro,Imports of goods and services (current US$),2024,5477333866.65664,Europe & Central Asia,Upper middle income,19.2595,42.4602
4452,ME,Montenegro,Imports of goods and services (current US$),2023,5165174603.79735,Europe & Central Asia,Upper middle income,19.2595,42.4602
4453,ME,Montenegro,Imports of goods and services (current US$),2022,4639142171.1541,Europe & Central Asia,Upper middle income,19.2595,42.4602
4454,ME,Montenegro,Imports of goods and services (current US$),2021,3645134079.8701,Europe & Central Asia,Upper middle income,19.2595,42.4602
4455,ME,Montenegro,Imports of goods and services (current US$),2020,2916688797.23223,Europe & Central Asia,Upper middle income,19.2595,42.4602
4456,ME,Montenegro,Imports of goods and services (current US$),2019,3602317059.85803,Europe & Central Asia,Upper middle income,19.2595,42.4602
4457,ME,Montenegro,Imports of goods and services (current US$),2018,3675218651.81168,Europe & Central Asia,Upper middle income,19.2595,42.4602
4458,ME,Montenegro,Imports of goods and services (current US$),2017,3132678088.98012,Europe & Central Asia,Upper middle income,19.2595,42.4602
4459,ME,Montenegro,Imports of goods and services (current US$),2016,2760627985.90682,Europe & Central Asia,Upper middle income,19.2595,42.4602
4460,MA,Morocco,Imports of goods and services (current US$),2025,93252409526.967,"Middle East, North Africa, Afghanistan & Pakistan",Lower middle income,-6.8704,33.9905
4461,MA,Morocco,Imports of goods and services (current US$),2024,80608604200.2698,"Middle East, North Africa, Afghanistan & Pakistan",Lower middle income,-6.8704,33.9905
4462,MA,Morocco,Imports of goods and services (current US$),2023,74040709935.9332,"Middle East, North Africa, Afghanistan & Pakistan",Lower middle income,-6.8704,33.9905
4463,MA,Morocco,Imports of goods and services (current US$),2022,73752886131.4127,"Middle East, North Africa, Afghanistan & Pakistan",Lower middle income,-6.8704,33.9905
4464,MA,Morocco,Imports of goods and services (current US$),2021,60199361761.1157,"Middle East, North Africa, Afghanistan & Pakistan",Lower middle income,-6.8704,33.9905
4465,MA,Morocco,Imports of goods and services (current US$),2020,46174693558.8201,"Middle East, North Africa, Afghanistan & Pakistan",Lower middle income,-6.8704,33.9905
4466,MA,Morocco,Imports of goods and services (current US$),2019,54024112942.437,"Middle East, North Africa, Afghanistan & Pakistan",Lower middle income,-6.8704,33.9905
4467,MA,Morocco,Imports of goods and services (current US$),2018,55299739977.2557,"Middle East, North Africa, Afghanistan & Pakistan",Lower middle income,-6.8704,33.9905
4468,MA,Morocco,Imports of goods and services (current US$),2017,49273637902.1126,"Middle East, North Africa, Afghanistan & Pakistan",Lower middle income,-6.8704,33.9905
4469,MA,Morocco,Imports of goods and services (current US$),2016,45062154625.7161,"Middle East, North Africa, Afghanistan & Pakistan",Lower middle income,-6.8704,33.9905
4470,MZ,Mozambique,Imports of goods and services (current US$),2025,12447253484.1041,Sub-Saharan Africa ,Low income,32.5713,-25.9664
4471,MZ,Mozambique,Imports of goods and services (current US$),2024,12015027432.9082,Sub-Saharan Africa ,Low income,32.5713,-25.9664
4472,MZ,Mozambique,Imports of goods and services (current US$),2023,12645606812.3898,Sub-Saharan Africa ,Low income,32.5713,-25.9664
4473,MZ,Mozambique,Imports of goods and services (current US$),2022,16136472869.5082,Sub-Saharan Africa ,Low income,32.5713,-25.9664
4474,MZ,Mozambique,Imports of goods and services (current US$),2021,11597098163.9044,Sub-Saharan Africa ,Low income,32.5713,-25.9664
4475,MZ,Mozambique,Imports of goods and services (current US$),2020,9554283407.47139,Sub-Saharan Africa ,Low income,32.5713,-25.9664
4476,MZ,Mozambique,Imports of goods and services (current US$),2019,10618346285.9034,Sub-Saharan Africa ,Low income,32.5713,-25.9664
4477,MZ,Mozambique,Imports of goods and services (current US$),2018,11875190091.5105,Sub-Saharan Africa ,Low income,32.5713,-25.9664
4478,MZ,Mozambique,Imports of goods and services (current US$),2017,8582511319.65343,Sub-Saharan Africa ,Low income,32.5713,-25.9664
4479,MZ,Mozambique,Imports of goods and services (current US$),2016,9053287501.33234,Sub-Saharan Africa ,Low income,32.5713,-25.9664
4480,MM,Myanmar,Imports of goods and services (current US$),2025,,East Asia & Pacific,Lower middle income,95.9562,21.914
4481,MM,Myanmar,Imports of goods and services (current US$),2024,,East Asia & Pacific,Lower middle income,95.9562,21.914
4482,MM,Myanmar,Imports of goods and services (current US$),2023,,East Asia & Pacific,Lower middle income,95.9562,21.914
4483,MM,Myanmar,Imports of goods and services (current US$),2022,,East Asia & Pacific,Lower middle income,95.9562,21.914
4484,MM,Myanmar,Imports of goods and services (current US$),2021,,East Asia & Pacific,Lower middle income,95.9562,21.914
4485,MM,Myanmar,Imports of goods and services (current US$),2020,,East Asia & Pacific,Lower middle income,95.9562,21.914
4486,MM,Myanmar,Imports of goods and services (current US$),2019,,East Asia & Pacific,Lower middle income,95.9562,21.914
4487,MM,Myanmar,Imports of goods and services (current US$),2018,,East Asia & Pacific,Lower middle income,95.9562,21.914
4488,MM,Myanmar,Imports of goods and services (current US$),2017,,East Asia & Pacific,Lower middle income,95.9562,21.914
4489,MM,Myanmar,Imports of goods and services (current US$),2016,,East Asia & Pacific,Lower middle income,95.9562,21.914
4490,NA,Namibia,Imports of goods and services (current US$),2025,9636901881.39987,Sub-Saharan Africa ,Lower middle income,17.0931,-22.5648
4491,NA,Namibia,Imports of goods and services (current US$),2024,9130867416.61888,Sub-Saharan Africa ,Lower middle income,17.0931,-22.5648
4492,NA,Namibia,Imports of goods and services (current US$),2023,8331268683.76182,Sub-Saharan Africa ,Lower middle income,17.0931,-22.5648
4493,NA,Namibia,Imports of goods and services (current US$),2022,7391349289.04372,Sub-Saharan Africa ,Lower middle income,17.0931,-22.5648
4494,NA,Namibia,Imports of goods and services (current US$),2021,6398181203.66,Sub-Saharan Africa ,Lower middle income,17.0931,-22.5648
4495,NA,Namibia,Imports of goods and services (current US$),2020,4577193256.96413,Sub-Saharan Africa ,Lower middle income,17.0931,-22.5648
4496,NA,Namibia,Imports of goods and services (current US$),2019,5832030383.98715,Sub-Saharan Africa ,Lower middle income,17.0931,-22.5648
4497,NA,Namibia,Imports of goods and services (current US$),2018,6270647309.77361,Sub-Saharan Africa ,Lower middle income,17.0931,-22.5648
4498,NA,Namibia,Imports of goods and services (current US$),2017,6137946260.80421,Sub-Saharan Africa ,Lower middle income,17.0931,-22.5648
4499,NA,Namibia,Imports of goods and services (current US$),2016,6321350620.34772,Sub-Saharan Africa ,Lower middle income,17.0931,-22.5648
4500,NR,Naoero,Imports of goods and services (current US$),2025,182512104.371035,East Asia & Pacific,High income,166.920867,-0.5477
4501,NR,Naoero,Imports of goods and services (current US$),2024,179634201.827549,East Asia & Pacific,High income,166.920867,-0.5477
4502,NR,Naoero,Imports of goods and services (current US$),2023,152108656.732491,East Asia & Pacific,High income,166.920867,-0.5477
4503,NR,Naoero,Imports of goods and services (current US$),2022,172986947.401416,East Asia & Pacific,High income,166.920867,-0.5477
4504,NR,Naoero,Imports of goods and services (current US$),2021,140274086.496516,East Asia & Pacific,High income,166.920867,-0.5477
4505,NR,Naoero,Imports of goods and services (current US$),2020,113958361.683686,East Asia & Pacific,High income,166.920867,-0.5477
4506,NR,Naoero,Imports of goods and services (current US$),2019,119542500.441636,East Asia & Pacific,High income,166.920867,-0.5477
4507,NR,Naoero,Imports of goods and services (current US$),2018,112562474.808545,East Asia & Pacific,High income,166.920867,-0.5477
4508,NR,Naoero,Imports of goods and services (current US$),2017,89747041.5528802,East Asia & Pacific,High income,166.920867,-0.5477
4509,NR,Naoero,Imports of goods and services (current US$),2016,95358168.1914268,East Asia & Pacific,High income,166.920867,-0.5477
4510,NP,Nepal,Imports of goods and services (current US$),2025,15341170693.8035,South Asia,Lower middle income,85.3157,27.6939
4511,NP,Nepal,Imports of goods and services (current US$),2024,14122276349.6641,South Asia,Lower middle income,85.3157,27.6939
4512,NP,Nepal,Imports of goods and services (current US$),2023,14188365495.0763,South Asia,Lower middle income,85.3157,27.6939
4513,NP,Nepal,Imports of goods and services (current US$),2022,17408444735.8999,South Asia,Lower middle income,85.3157,27.6939
4514,NP,Nepal,Imports of goods and services (current US$),2021,14007303181.881,South Asia,Lower middle income,85.3157,27.6939
4515,NP,Nepal,Imports of goods and services (current US$),2020,11405416698.2379,South Asia,Lower middle income,85.3157,27.6939
4516,NP,Nepal,Imports of goods and services (current US$),2019,14176869010.9874,South Asia,Lower middle income,85.3157,27.6939
4517,NP,Nepal,Imports of goods and services (current US$),2018,13453790805.9787,South Asia,Lower middle income,85.3157,27.6939
4518,NP,Nepal,Imports of goods and services (current US$),2017,10670300513.8727,South Asia,Lower middle income,85.3157,27.6939
4519,NP,Nepal,Imports of goods and services (current US$),2016,8322479252.38274,South Asia,Lower middle income,85.3157,27.6939
4520,NL,Netherlands,Imports of goods and services (current US$),2025,925615517034.116,Europe & Central Asia,High income,4.89095,52.3738
4521,NL,Netherlands,Imports of goods and services (current US$),2024,867461920494.531,Europe & Central Asia,High income,4.89095,52.3738
4522,NL,Netherlands,Imports of goods and services (current US$),2023,880497587437.271,Europe & Central Asia,High income,4.89095,52.3738
4523,NL,Netherlands,Imports of goods and services (current US$),2022,917438087562.26,Europe & Central Asia,High income,4.89095,52.3738
4524,NL,Netherlands,Imports of goods and services (current US$),2021,808831153930.22,Europe & Central Asia,High income,4.89095,52.3738
4525,NL,Netherlands,Imports of goods and services (current US$),2020,662040850865.371,Europe & Central Asia,High income,4.89095,52.3738
4526,NL,Netherlands,Imports of goods and services (current US$),2019,699981663066.666,Europe & Central Asia,High income,4.89095,52.3738
4527,NL,Netherlands,Imports of goods and services (current US$),2018,711271186937.254,Europe & Central Asia,High income,4.89095,52.3738
4528,NL,Netherlands,Imports of goods and services (current US$),2017,631649933011.766,Europe & Central Asia,High income,4.89095,52.3738
4529,NL,Netherlands,Imports of goods and services (current US$),2016,558461399908.951,Europe & Central Asia,High income,4.89095,52.3738
4530,NC,New Caledonia,Imports of goods and services (current US$),2025,,East Asia & Pacific,High income,166.464,-22.2677
4531,NC,New Caledonia,Imports of goods and services (current US$),2024,2451338024.19098,East Asia & Pacific,High income,166.464,-22.2677
4532,NC,New Caledonia,Imports of goods and services (current US$),2023,3389254425.92452,East Asia & Pacific,High income,166.464,-22.2677
4533,NC,New Caledonia,Imports of goods and services (current US$),2022,3376896803.48691,East Asia & Pacific,High income,166.464,-22.2677
4534,NC,New Caledonia,Imports of goods and services (current US$),2021,3513854950.53872,East Asia & Pacific,High income,166.464,-22.2677
4535,NC,New Caledonia,Imports of goods and services (current US$),2020,3454403831.74931,East Asia & Pacific,High income,166.464,-22.2677
4536,NC,New Caledonia,Imports of goods and services (current US$),2019,3778986431.18056,East Asia & Pacific,High income,166.464,-22.2677
4537,NC,New Caledonia,Imports of goods and services (current US$),2018,3771288917.92361,East Asia & Pacific,High income,166.464,-22.2677
4538,NC,New Caledonia,Imports of goods and services (current US$),2017,3478834537.03773,East Asia & Pacific,High income,166.464,-22.2677
4539,NC,New Caledonia,Imports of goods and services (current US$),2016,3382003230.66772,East Asia & Pacific,High income,166.464,-22.2677
4540,NZ,New Zealand,Imports of goods and services (current US$),2025,,East Asia & Pacific,High income,174.776,-41.2865
4541,NZ,New Zealand,Imports of goods and services (current US$),2024,67872925251.0378,East Asia & Pacific,High income,174.776,-41.2865
4542,NZ,New Zealand,Imports of goods and services (current US$),2023,67259738398.8702,East Asia & Pacific,High income,174.776,-41.2865
4543,NZ,New Zealand,Imports of goods and services (current US$),2022,72824127400.1122,East Asia & Pacific,High income,174.776,-41.2865
4544,NZ,New Zealand,Imports of goods and services (current US$),2021,66218701372.1884,East Asia & Pacific,High income,174.776,-41.2865
4545,NZ,New Zealand,Imports of goods and services (current US$),2020,47267342891.2665,East Asia & Pacific,High income,174.776,-41.2865
4546,NZ,New Zealand,Imports of goods and services (current US$),2019,57834143127.7279,East Asia & Pacific,High income,174.776,-41.2865
4547,NZ,New Zealand,Imports of goods and services (current US$),2018,59288362518.8117,East Asia & Pacific,High income,174.776,-41.2865
4548,NZ,New Zealand,Imports of goods and services (current US$),2017,55121884788.2338,East Asia & Pacific,High income,174.776,-41.2865
4549,NZ,New Zealand,Imports of goods and services (current US$),2016,48848436330.7287,East Asia & Pacific,High income,174.776,-41.2865
4550,NI,Nicaragua,Imports of goods and services (current US$),2025,12198469835.601,Latin America & Caribbean ,Lower middle income,-86.2734,12.1475
4551,NI,Nicaragua,Imports of goods and services (current US$),2024,11455318548.0678,Latin America & Caribbean ,Lower middle income,-86.2734,12.1475
4552,NI,Nicaragua,Imports of goods and services (current US$),2023,10532819127.7157,Latin America & Caribbean ,Lower middle income,-86.2734,12.1475
4553,NI,Nicaragua,Imports of goods and services (current US$),2022,10249854373.9563,Latin America & Caribbean ,Lower middle income,-86.2734,12.1475
4554,NI,Nicaragua,Imports of goods and services (current US$),2021,8497441441.62792,Latin America & Caribbean ,Lower middle income,-86.2734,12.1475
4555,NI,Nicaragua,Imports of goods and services (current US$),2020,5967676880.88698,Latin America & Caribbean ,Lower middle income,-86.2734,12.1475
4556,NI,Nicaragua,Imports of goods and services (current US$),2019,6252718088.9775,Latin America & Caribbean ,Lower middle income,-86.2734,12.1475
4557,NI,Nicaragua,Imports of goods and services (current US$),2018,6735028772.98197,Latin America & Caribbean ,Lower middle income,-86.2734,12.1475
4558,NI,Nicaragua,Imports of goods and services (current US$),2017,7587978452.98755,Latin America & Caribbean ,Lower middle income,-86.2734,12.1475
4559,NI,Nicaragua,Imports of goods and services (current US$),2016,7298277150.85188,Latin America & Caribbean ,Lower middle income,-86.2734,12.1475
4560,NE,Niger,Imports of goods and services (current US$),2025,3927452302.33885,Sub-Saharan Africa ,Low income,2.1073,13.514
4561,NE,Niger,Imports of goods and services (current US$),2024,3036634416.18706,Sub-Saharan Africa ,Low income,2.1073,13.514
4562,NE,Niger,Imports of goods and services (current US$),2023,3808017132.40728,Sub-Saharan Africa ,Low income,2.1073,13.514
4563,NE,Niger,Imports of goods and services (current US$),2022,4193666240.07023,Sub-Saharan Africa ,Low income,2.1073,13.514
4564,NE,Niger,Imports of goods and services (current US$),2021,4030357743.50986,Sub-Saharan Africa ,Low income,2.1073,13.514
4565,NE,Niger,Imports of goods and services (current US$),2020,3542752920.1305,Sub-Saharan Africa ,Low income,2.1073,13.514
4566,NE,Niger,Imports of goods and services (current US$),2019,3395017256.65634,Sub-Saharan Africa ,Low income,2.1073,13.514
4567,NE,Niger,Imports of goods and services (current US$),2018,3368529897.07966,Sub-Saharan Africa ,Low income,2.1073,13.514
4568,NE,Niger,Imports of goods and services (current US$),2017,2937756256.17028,Sub-Saharan Africa ,Low income,2.1073,13.514
4569,NE,Niger,Imports of goods and services (current US$),2016,2527419521.66619,Sub-Saharan Africa ,Low income,2.1073,13.514
4570,NG,Nigeria,Imports of goods and services (current US$),2025,,Sub-Saharan Africa ,Lower middle income,7.48906,9.05804
4571,NG,Nigeria,Imports of goods and services (current US$),2024,,Sub-Saharan Africa ,Lower middle income,7.48906,9.05804
4572,NG,Nigeria,Imports of goods and services (current US$),2023,,Sub-Saharan Africa ,Lower middle income,7.48906,9.05804
4573,NG,Nigeria,Imports of goods and services (current US$),2022,,Sub-Saharan Africa ,Lower middle income,7.48906,9.05804
4574,NG,Nigeria,Imports of goods and services (current US$),2021,,Sub-Saharan Africa ,Lower middle income,7.48906,9.05804
4575,NG,Nigeria,Imports of goods and services (current US$),2020,,Sub-Saharan Africa ,Lower middle income,7.48906,9.05804
4576,NG,Nigeria,Imports of goods and services (current US$),2019,,Sub-Saharan Africa ,Lower middle income,7.48906,9.05804
4577,NG,Nigeria,Imports of goods and services (current US$),2018,,Sub-Saharan Africa ,Lower middle income,7.48906,9.05804
4578,NG,Nigeria,Imports of goods and services (current US$),2017,,Sub-Saharan Africa ,Lower middle income,7.48906,9.05804
4579,NG,Nigeria,Imports of goods and services (current US$),2016,,Sub-Saharan Africa ,Lower middle income,7.48906,9.05804
4580,MK,North Macedonia,Imports of goods and services (current US$),2025,14019083806.0384,Europe & Central Asia,Upper middle income,21.4361,42.0024
4581,MK,North Macedonia,Imports of goods and services (current US$),2024,12653697181.9501,Europe & Central Asia,Upper middle income,21.4361,42.0024
4582,MK,North Macedonia,Imports of goods and services (current US$),2023,12747090321.8547,Europe & Central Asia,Upper middle income,21.4361,42.0024
4583,MK,North Macedonia,Imports of goods and services (current US$),2022,13007595537.6541,Europe & Central Asia,Upper middle income,21.4361,42.0024
4584,MK,North Macedonia,Imports of goods and services (current US$),2021,11379087215.543,Europe & Central Asia,Upper middle income,21.4361,42.0024
4585,MK,North Macedonia,Imports of goods and services (current US$),2020,8710792867.02715,Europe & Central Asia,Upper middle income,21.4361,42.0024
4586,MK,North Macedonia,Imports of goods and services (current US$),2019,9602017937.21973,Europe & Central Asia,Upper middle income,21.4361,42.0024
4587,MK,North Macedonia,Imports of goods and services (current US$),2018,9238355734.49979,Europe & Central Asia,Upper middle income,21.4361,42.0024
4588,MK,North Macedonia,Imports of goods and services (current US$),2017,7800922476.49329,Europe & Central Asia,Upper middle income,21.4361,42.0024
4589,MK,North Macedonia,Imports of goods and services (current US$),2016,6992767584.35164,Europe & Central Asia,Upper middle income,21.4361,42.0024
4590,MP,Northern Mariana Islands,Imports of goods and services (current US$),2025,,East Asia & Pacific,High income,145.765,15.1935
4591,MP,Northern Mariana Islands,Imports of goods and services (current US$),2024,,East Asia & Pacific,High income,145.765,15.1935
4592,MP,Northern Mariana Islands,Imports of goods and services (current US$),2023,,East Asia & Pacific,High income,145.765,15.1935
4593,MP,Northern Mariana Islands,Imports of goods and services (current US$),2022,777000000.0,East Asia & Pacific,High income,145.765,15.1935
4594,MP,Northern Mariana Islands,Imports of goods and services (current US$),2021,666000000.0,East Asia & Pacific,High income,145.765,15.1935
4595,MP,Northern Mariana Islands,Imports of goods and services (current US$),2020,556000000.0,East Asia & Pacific,High income,145.765,15.1935
4596,MP,Northern Mariana Islands,Imports of goods and services (current US$),2019,734000000.0,East Asia & Pacific,High income,145.765,15.1935
4597,MP,Northern Mariana Islands,Imports of goods and services (current US$),2018,755000000.0,East Asia & Pacific,High income,145.765,15.1935
4598,MP,Northern Mariana Islands,Imports of goods and services (current US$),2017,969000000.0,East Asia & Pacific,High income,145.765,15.1935
4599,MP,Northern Mariana Islands,Imports of goods and services (current US$),2016,998000000.0,East Asia & Pacific,High income,145.765,15.1935
4600,NO,Norway,Imports of goods and services (current US$),2025,178757867735.472,Europe & Central Asia,High income,10.7387,59.9138
4601,NO,Norway,Imports of goods and services (current US$),2024,166294967041.489,Europe & Central Asia,High income,10.7387,59.9138
4602,NO,Norway,Imports of goods and services (current US$),2023,155662322499.212,Europe & Central Asia,High income,10.7387,59.9138
4603,NO,Norway,Imports of goods and services (current US$),2022,162615237930.138,Europe & Central Asia,High income,10.7387,59.9138
4604,NO,Norway,Imports of goods and services (current US$),2021,142506169965.076,Europe & Central Asia,High income,10.7387,59.9138
4605,NO,Norway,Imports of goods and services (current US$),2020,122400955836.8,Europe & Central Asia,High income,10.7387,59.9138
4606,NO,Norway,Imports of goods and services (current US$),2019,140786477272.727,Europe & Central Asia,High income,10.7387,59.9138
4607,NO,Norway,Imports of goods and services (current US$),2018,140351306486.32,Europe & Central Asia,High income,10.7387,59.9138
4608,NO,Norway,Imports of goods and services (current US$),2017,130586741889.986,Europe & Central Asia,High income,10.7387,59.9138
4609,NO,Norway,Imports of goods and services (current US$),2016,123627857142.857,Europe & Central Asia,High income,10.7387,59.9138
4610,OM,Oman,Imports of goods and services (current US$),2025,,"Middle East, North Africa, Afghanistan & Pakistan",High income,58.5874,23.6105
4611,OM,Oman,Imports of goods and services (current US$),2024,52261638491.5475,"Middle East, North Africa, Afghanistan & Pakistan",High income,58.5874,23.6105
4612,OM,Oman,Imports of goods and services (current US$),2023,47632509752.9259,"Middle East, North Africa, Afghanistan & Pakistan",High income,58.5874,23.6105
4613,OM,Oman,Imports of goods and services (current US$),2022,46681404421.3264,"Middle East, North Africa, Afghanistan & Pakistan",High income,58.5874,23.6105
4614,OM,Oman,Imports of goods and services (current US$),2021,37217165149.5449,"Middle East, North Africa, Afghanistan & Pakistan",High income,58.5874,23.6105
4615,OM,Oman,Imports of goods and services (current US$),2020,34023407022.1066,"Middle East, North Africa, Afghanistan & Pakistan",High income,58.5874,23.6105
4616,OM,Oman,Imports of goods and services (current US$),2019,32569570871.2614,"Middle East, North Africa, Afghanistan & Pakistan",High income,58.5874,23.6105
4617,OM,Oman,Imports of goods and services (current US$),2018,35373211963.5891,"Middle East, North Africa, Afghanistan & Pakistan",High income,58.5874,23.6105
4618,OM,Oman,Imports of goods and services (current US$),2017,34959687906.3719,"Middle East, North Africa, Afghanistan & Pakistan",High income,58.5874,23.6105
4619,OM,Oman,Imports of goods and services (current US$),2016,31211963589.0767,"Middle East, North Africa, Afghanistan & Pakistan",High income,58.5874,23.6105
4620,PK,Pakistan,Imports of goods and services (current US$),2025,70090772303.0925,"Middle East, North Africa, Afghanistan & Pakistan",Lower middle income,72.8,30.5167
4621,PK,Pakistan,Imports of goods and services (current US$),2024,63865509443.4655,"Middle East, North Africa, Afghanistan & Pakistan",Lower middle income,72.8,30.5167
4622,PK,Pakistan,Imports of goods and services (current US$),2023,60515108025.9204,"Middle East, North Africa, Afghanistan & Pakistan",Lower middle income,72.8,30.5167
4623,PK,Pakistan,Imports of goods and services (current US$),2022,84315688680.3991,"Middle East, North Africa, Afghanistan & Pakistan",Lower middle income,72.8,30.5167
4624,PK,Pakistan,Imports of goods and services (current US$),2021,62659182539.6335,"Middle East, North Africa, Afghanistan & Pakistan",Lower middle income,72.8,30.5167
4625,PK,Pakistan,Imports of goods and services (current US$),2020,52327295403.4835,"Middle East, North Africa, Afghanistan & Pakistan",Lower middle income,72.8,30.5167
4626,PK,Pakistan,Imports of goods and services (current US$),2019,62624564039.0062,"Middle East, North Africa, Afghanistan & Pakistan",Lower middle income,72.8,30.5167
4627,PK,Pakistan,Imports of goods and services (current US$),2018,67821965004.981,"Middle East, North Africa, Afghanistan & Pakistan",Lower middle income,72.8,30.5167
4628,PK,Pakistan,Imports of goods and services (current US$),2017,58514391836.2421,"Middle East, North Africa, Afghanistan & Pakistan",Lower middle income,72.8,30.5167
4629,PK,Pakistan,Imports of goods and services (current US$),2016,50070595635.3331,"Middle East, North Africa, Afghanistan & Pakistan",Lower middle income,72.8,30.5167
4630,PW,Palau,Imports of goods and services (current US$),2025,,East Asia & Pacific,High income,134.479,7.34194
4631,PW,Palau,Imports of goods and services (current US$),2024,235060546.875,East Asia & Pacific,High income,134.479,7.34194
4632,PW,Palau,Imports of goods and services (current US$),2023,222628692.626953,East Asia & Pacific,High income,134.479,7.34194
4633,PW,Palau,Imports of goods and services (current US$),2022,218303802.490234,East Asia & Pacific,High income,134.479,7.34194
4634,PW,Palau,Imports of goods and services (current US$),2021,172225006.103516,East Asia & Pacific,High income,134.479,7.34194
4635,PW,Palau,Imports of goods and services (current US$),2020,210059900.0,East Asia & Pacific,High income,134.479,7.34194
4636,PW,Palau,Imports of goods and services (current US$),2019,217598200.0,East Asia & Pacific,High income,134.479,7.34194
4637,PW,Palau,Imports of goods and services (current US$),2018,216162500.0,East Asia & Pacific,High income,134.479,7.34194
4638,PW,Palau,Imports of goods and services (current US$),2017,223356900.0,East Asia & Pacific,High income,134.479,7.34194
4639,PW,Palau,Imports of goods and services (current US$),2016,214013100.0,East Asia & Pacific,High income,134.479,7.34194
4640,PA,Panama,Imports of goods and services (current US$),2025,,Latin America & Caribbean ,High income,-79.5188,8.99427
4641,PA,Panama,Imports of goods and services (current US$),2024,34017704900.0,Latin America & Caribbean ,High income,-79.5188,8.99427
4642,PA,Panama,Imports of goods and services (current US$),2023,35804273200.0,Latin America & Caribbean ,High income,-79.5188,8.99427
4643,PA,Panama,Imports of goods and services (current US$),2022,34758827500.0,Latin America & Caribbean ,High income,-79.5188,8.99427
4644,PA,Panama,Imports of goods and services (current US$),2021,25965646100.0,Latin America & Caribbean ,High income,-79.5188,8.99427
4645,PA,Panama,Imports of goods and services (current US$),2020,18505270200.0,Latin America & Caribbean ,High income,-79.5188,8.99427
4646,PA,Panama,Imports of goods and services (current US$),2019,28061255700.0,Latin America & Caribbean ,High income,-79.5188,8.99427
4647,PA,Panama,Imports of goods and services (current US$),2018,29473747500.0,Latin America & Caribbean ,High income,-79.5188,8.99427
4648,PA,Panama,Imports of goods and services (current US$),2017,27388495500.0,Latin America & Caribbean ,High income,-79.5188,8.99427
4649,PA,Panama,Imports of goods and services (current US$),2016,25491123600.0,Latin America & Caribbean ,High income,-79.5188,8.99427
4650,PG,Papua New Guinea,Imports of goods and services (current US$),2025,,East Asia & Pacific,Lower middle income,147.194,-9.47357
4651,PG,Papua New Guinea,Imports of goods and services (current US$),2024,,East Asia & Pacific,Lower middle income,147.194,-9.47357
4652,PG,Papua New Guinea,Imports of goods and services (current US$),2023,,East Asia & Pacific,Lower middle income,147.194,-9.47357
4653,PG,Papua New Guinea,Imports of goods and services (current US$),2022,,East Asia & Pacific,Lower middle income,147.194,-9.47357
4654,PG,Papua New Guinea,Imports of goods and services (current US$),2021,,East Asia & Pacific,Lower middle income,147.194,-9.47357
4655,PG,Papua New Guinea,Imports of goods and services (current US$),2020,,East Asia & Pacific,Lower middle income,147.194,-9.47357
4656,PG,Papua New Guinea,Imports of goods and services (current US$),2019,,East Asia & Pacific,Lower middle income,147.194,-9.47357
4657,PG,Papua New Guinea,Imports of goods and services (current US$),2018,,East Asia & Pacific,Lower middle income,147.194,-9.47357
4658,PG,Papua New Guinea,Imports of goods and services (current US$),2017,,East Asia & Pacific,Lower middle income,147.194,-9.47357
4659,PG,Papua New Guinea,Imports of goods and services (current US$),2016,,East Asia & Pacific,Lower middle income,147.194,-9.47357
4660,PY,Paraguay,Imports of goods and services (current US$),2025,19366371816.8932,Latin America & Caribbean ,Upper middle income,-57.6362,-25.3005
4661,PY,Paraguay,Imports of goods and services (current US$),2024,17618547633.0593,Latin America & Caribbean ,Upper middle income,-57.6362,-25.3005
4662,PY,Paraguay,Imports of goods and services (current US$),2023,17394262696.7533,Latin America & Caribbean ,Upper middle income,-57.6362,-25.3005
4663,PY,Paraguay,Imports of goods and services (current US$),2022,16516240118.2233,Latin America & Caribbean ,Upper middle income,-57.6362,-25.3005
4664,PY,Paraguay,Imports of goods and services (current US$),2021,13685252889.7778,Latin America & Caribbean ,Upper middle income,-57.6362,-25.3005
4665,PY,Paraguay,Imports of goods and services (current US$),2020,10448804213.9373,Latin America & Caribbean ,Upper middle income,-57.6362,-25.3005
4666,PY,Paraguay,Imports of goods and services (current US$),2019,13325018618.9191,Latin America & Caribbean ,Upper middle income,-57.6362,-25.3005
4667,PY,Paraguay,Imports of goods and services (current US$),2018,14165793923.6315,Latin America & Caribbean ,Upper middle income,-57.6362,-25.3005
4668,PY,Paraguay,Imports of goods and services (current US$),2017,12834286732.0996,Latin America & Caribbean ,Upper middle income,-57.6362,-25.3005
4669,PY,Paraguay,Imports of goods and services (current US$),2016,11049252331.8243,Latin America & Caribbean ,Upper middle income,-57.6362,-25.3005
4670,PE,Peru,Imports of goods and services (current US$),2025,73151196614.3585,Latin America & Caribbean ,Upper middle income,-77.0465,-12.0931
4671,PE,Peru,Imports of goods and services (current US$),2024,66511219153.0233,Latin America & Caribbean ,Upper middle income,-77.0465,-12.0931
4672,PE,Peru,Imports of goods and services (current US$),2023,63620745194.8889,Latin America & Caribbean ,Upper middle income,-77.0465,-12.0931
4673,PE,Peru,Imports of goods and services (current US$),2022,70042848042.8955,Latin America & Caribbean ,Upper middle income,-77.0465,-12.0931
4674,PE,Peru,Imports of goods and services (current US$),2021,59278649388.7213,Latin America & Caribbean ,Upper middle income,-77.0465,-12.0931
4675,PE,Peru,Imports of goods and services (current US$),2020,42768390081.5493,Latin America & Caribbean ,Upper middle income,-77.0465,-12.0931
4676,PE,Peru,Imports of goods and services (current US$),2019,52301323565.5929,Latin America & Caribbean ,Upper middle income,-77.0465,-12.0931
4677,PE,Peru,Imports of goods and services (current US$),2018,52175148626.1042,Latin America & Caribbean ,Upper middle income,-77.0465,-12.0931
4678,PE,Peru,Imports of goods and services (current US$),2017,48096481262.9275,Latin America & Caribbean ,Upper middle income,-77.0465,-12.0931
4679,PE,Peru,Imports of goods and services (current US$),2016,43730752205.441,Latin America & Caribbean ,Upper middle income,-77.0465,-12.0931
4680,PH,Philippines,Imports of goods and services (current US$),2025,196019381535.854,East Asia & Pacific,Upper middle income,121.035,14.5515
4681,PH,Philippines,Imports of goods and services (current US$),2024,185253897876.947,East Asia & Pacific,Upper middle income,121.035,14.5515
4682,PH,Philippines,Imports of goods and services (current US$),2023,178244920795.467,East Asia & Pacific,Upper middle income,121.035,14.5515
4683,PH,Philippines,Imports of goods and services (current US$),2022,178086451580.466,East Asia & Pacific,Upper middle income,121.035,14.5515
4684,PH,Philippines,Imports of goods and services (current US$),2021,148699308216.869,East Asia & Pacific,Upper middle income,121.035,14.5515
4685,PH,Philippines,Imports of goods and services (current US$),2020,119257490806.482,East Asia & Pacific,Upper middle income,121.035,14.5515
4686,PH,Philippines,Imports of goods and services (current US$),2019,152458687320.163,East Asia & Pacific,Upper middle income,121.035,14.5515
4687,PH,Philippines,Imports of goods and services (current US$),2018,145499457397.948,East Asia & Pacific,Upper middle income,121.035,14.5515
4688,PH,Philippines,Imports of goods and services (current US$),2017,126846380455.649,East Asia & Pacific,Upper middle income,121.035,14.5515
4689,PH,Philippines,Imports of goods and services (current US$),2016,111847835761.901,East Asia & Pacific,Upper middle income,121.035,14.5515
4690,PL,Poland,Imports of goods and services (current US$),2025,487505567677.639,Europe & Central Asia,High income,21.02,52.26
4691,PL,Poland,Imports of goods and services (current US$),2024,442176791003.799,Europe & Central Asia,High income,21.02,52.26
4692,PL,Poland,Imports of goods and services (current US$),2023,423641820629.422,Europe & Central Asia,High income,21.02,52.26
4693,PL,Poland,Imports of goods and services (current US$),2022,422016820864.164,Europe & Central Asia,High income,21.02,52.26
4694,PL,Poland,Imports of goods and services (current US$),2021,371023800786.561,Europe & Central Asia,High income,21.02,52.26
4695,PL,Poland,Imports of goods and services (current US$),2020,283720588327.144,Europe & Central Asia,High income,21.02,52.26
4696,PL,Poland,Imports of goods and services (current US$),2019,295123034348.038,Europe & Central Asia,High income,21.02,52.26
4697,PL,Poland,Imports of goods and services (current US$),2018,298556337608.954,Europe & Central Asia,High income,21.02,52.26
4698,PL,Poland,Imports of goods and services (current US$),2017,258225723957.111,Europe & Central Asia,High income,21.02,52.26
4699,PL,Poland,Imports of goods and services (current US$),2016,222240229807.22,Europe & Central Asia,High income,21.02,52.26
4700,PT,Portugal,Imports of goods and services (current US$),2025,148156593238.275,Europe & Central Asia,High income,-9.13552,38.7072
4701,PT,Portugal,Imports of goods and services (current US$),2024,137513069104.288,Europe & Central Asia,High income,-9.13552,38.7072
4702,PT,Portugal,Imports of goods and services (current US$),2023,134411585081.369,Europe & Central Asia,High income,-9.13552,38.7072
4703,PT,Portugal,Imports of goods and services (current US$),2022,133285364418.514,Europe & Central Asia,High income,-9.13552,38.7072
4704,PT,Portugal,Imports of goods and services (current US$),2021,113497070631.301,Europe & Central Asia,High income,-9.13552,38.7072
4705,PT,Portugal,Imports of goods and services (current US$),2020,90131397407.8057,Europe & Central Asia,High income,-9.13552,38.7072
4706,PT,Portugal,Imports of goods and services (current US$),2019,103532874928.996,Europe & Central Asia,High income,-9.13552,38.7072
4707,PT,Portugal,Imports of goods and services (current US$),2018,104240636747.823,Europe & Central Asia,High income,-9.13552,38.7072
4708,PT,Portugal,Imports of goods and services (current US$),2017,92464542115.2213,Europe & Central Asia,High income,-9.13552,38.7072
4709,PT,Portugal,Imports of goods and services (current US$),2016,80804179611.264,Europe & Central Asia,High income,-9.13552,38.7072
4710,PR,Puerto Rico (US),Imports of goods and services (current US$),2025,56372200000.0,Latin America & Caribbean ,High income,-66,18.23
4711,PR,Puerto Rico (US),Imports of goods and services (current US$),2024,53872000000.0,Latin America & Caribbean ,High income,-66,18.23
4712,PR,Puerto Rico (US),Imports of goods and services (current US$),2023,56884900000.0,Latin America & Caribbean ,High income,-66,18.23
4713,PR,Puerto Rico (US),Imports of goods and services (current US$),2022,52152000000.0,Latin America & Caribbean ,High income,-66,18.23
4714,PR,Puerto Rico (US),Imports of goods and services (current US$),2021,45053600000.0,Latin America & Caribbean ,High income,-66,18.23
4715,PR,Puerto Rico (US),Imports of goods and services (current US$),2020,44513200000.0,Latin America & Caribbean ,High income,-66,18.23
4716,PR,Puerto Rico (US),Imports of goods and services (current US$),2019,49401600000.0,Latin America & Caribbean ,High income,-66,18.23
4717,PR,Puerto Rico (US),Imports of goods and services (current US$),2018,46488400000.0,Latin America & Caribbean ,High income,-66,18.23
4718,PR,Puerto Rico (US),Imports of goods and services (current US$),2017,45938000000.0,Latin America & Caribbean ,High income,-66,18.23
4719,PR,Puerto Rico (US),Imports of goods and services (current US$),2016,43316300000.0,Latin America & Caribbean ,High income,-66,18.23
4720,QA,Qatar,Imports of goods and services (current US$),2025,,"Middle East, North Africa, Afghanistan & Pakistan",High income,51.5082,25.2948
4721,QA,Qatar,Imports of goods and services (current US$),2024,,"Middle East, North Africa, Afghanistan & Pakistan",High income,51.5082,25.2948
4722,QA,Qatar,Imports of goods and services (current US$),2023,,"Middle East, North Africa, Afghanistan & Pakistan",High income,51.5082,25.2948
4723,QA,Qatar,Imports of goods and services (current US$),2022,74520054945.0549,"Middle East, North Africa, Afghanistan & Pakistan",High income,51.5082,25.2948
4724,QA,Qatar,Imports of goods and services (current US$),2021,61204395604.3956,"Middle East, North Africa, Afghanistan & Pakistan",High income,51.5082,25.2948
4725,QA,Qatar,Imports of goods and services (current US$),2020,59064560439.5604,"Middle East, North Africa, Afghanistan & Pakistan",High income,51.5082,25.2948
4726,QA,Qatar,Imports of goods and services (current US$),2019,66769780219.7802,"Middle East, North Africa, Afghanistan & Pakistan",High income,51.5082,25.2948
4727,QA,Qatar,Imports of goods and services (current US$),2018,65810989010.989,"Middle East, North Africa, Afghanistan & Pakistan",High income,51.5082,25.2948
4728,QA,Qatar,Imports of goods and services (current US$),2017,62192582417.5824,"Middle East, North Africa, Afghanistan & Pakistan",High income,51.5082,25.2948
4729,QA,Qatar,Imports of goods and services (current US$),2016,63475274725.2747,"Middle East, North Africa, Afghanistan & Pakistan",High income,51.5082,25.2948
4730,RO,Romania,Imports of goods and services (current US$),2025,174602572419.192,Europe & Central Asia,High income,26.0979,44.4479
4731,RO,Romania,Imports of goods and services (current US$),2024,159192458246.347,Europe & Central Asia,High income,26.0979,44.4479
4732,RO,Romania,Imports of goods and services (current US$),2023,153468159062.589,Europe & Central Asia,High income,26.0979,44.4479
4733,RO,Romania,Imports of goods and services (current US$),2022,148948128399.275,Europe & Central Asia,High income,26.0979,44.4479
4734,RO,Romania,Imports of goods and services (current US$),2021,132207504086.146,Europe & Central Asia,High income,26.0979,44.4479
4735,RO,Romania,Imports of goods and services (current US$),2020,103734778510.839,Europe & Central Asia,High income,26.0979,44.4479
4736,RO,Romania,Imports of goods and services (current US$),2019,111463746998.826,Europe & Central Asia,High income,26.0979,44.4479
4737,RO,Romania,Imports of goods and services (current US$),2018,109548390926.871,Europe & Central Asia,High income,26.0979,44.4479
4738,RO,Romania,Imports of goods and services (current US$),2017,94191820736.4752,Europe & Central Asia,High income,26.0979,44.4479
4739,RO,Romania,Imports of goods and services (current US$),2016,80557368317.7132,Europe & Central Asia,High income,26.0979,44.4479
4740,RU,Russian Federation,Imports of goods and services (current US$),2025,397181687664.146,Europe & Central Asia,High income,37.6176,55.7558
4741,RU,Russian Federation,Imports of goods and services (current US$),2024,383987377510.246,Europe & Central Asia,High income,37.6176,55.7558
4742,RU,Russian Federation,Imports of goods and services (current US$),2023,379986343205.999,Europe & Central Asia,High income,37.6176,55.7558
4743,RU,Russian Federation,Imports of goods and services (current US$),2022,345173687961.946,Europe & Central Asia,High income,37.6176,55.7558
4744,RU,Russian Federation,Imports of goods and services (current US$),2021,376515695621.301,Europe & Central Asia,High income,37.6176,55.7558
4745,RU,Russian Federation,Imports of goods and services (current US$),2020,305255226176.837,Europe & Central Asia,High income,37.6176,55.7558
4746,RU,Russian Federation,Imports of goods and services (current US$),2019,352088733268.664,Europe & Central Asia,High income,37.6176,55.7558
4747,RU,Russian Federation,Imports of goods and services (current US$),2018,344519598182.381,Europe & Central Asia,High income,37.6176,55.7558
4748,RU,Russian Federation,Imports of goods and services (current US$),2017,327207464722.169,Europe & Central Asia,High income,37.6176,55.7558
4749,RU,Russian Federation,Imports of goods and services (current US$),2016,263830495058.506,Europe & Central Asia,High income,37.6176,55.7558
4750,RW,Rwanda,Imports of goods and services (current US$),2025,5749666891.7462,Sub-Saharan Africa ,Low income,30.0587,-1.95325
4751,RW,Rwanda,Imports of goods and services (current US$),2024,6537889090.72078,Sub-Saharan Africa ,Low income,30.0587,-1.95325
4752,RW,Rwanda,Imports of goods and services (current US$),2023,6395220829.4616,Sub-Saharan Africa ,Low income,30.0587,-1.95325
4753,RW,Rwanda,Imports of goods and services (current US$),2022,5383473950.07883,Sub-Saharan Africa ,Low income,30.0587,-1.95325
4754,RW,Rwanda,Imports of goods and services (current US$),2021,4559111031.28934,Sub-Saharan Africa ,Low income,30.0587,-1.95325
4755,RW,Rwanda,Imports of goods and services (current US$),2020,2693399205.97834,Sub-Saharan Africa ,Low income,30.0587,-1.95325
4756,RW,Rwanda,Imports of goods and services (current US$),2019,2825715262.59068,Sub-Saharan Africa ,Low income,30.0587,-1.95325
4757,RW,Rwanda,Imports of goods and services (current US$),2018,2542570979.8602,Sub-Saharan Africa ,Low income,30.0587,-1.95325
4758,RW,Rwanda,Imports of goods and services (current US$),2017,3067749006.03609,Sub-Saharan Africa ,Low income,30.0587,-1.95325
4759,RW,Rwanda,Imports of goods and services (current US$),2016,2963474740.66871,Sub-Saharan Africa ,Low income,30.0587,-1.95325
4760,WS,Samoa,Imports of goods and services (current US$),2025,553949848.283117,East Asia & Pacific,Upper middle income,-171.752,-13.8314
4761,WS,Samoa,Imports of goods and services (current US$),2024,574545150.417939,East Asia & Pacific,Upper middle income,-171.752,-13.8314
4762,WS,Samoa,Imports of goods and services (current US$),2023,570854254.425383,East Asia & Pacific,Upper middle income,-171.752,-13.8314
4763,WS,Samoa,Imports of goods and services (current US$),2022,439102039.061738,East Asia & Pacific,Upper middle income,-171.752,-13.8314
4764,WS,Samoa,Imports of goods and services (current US$),2021,415237398.737686,East Asia & Pacific,Upper middle income,-171.752,-13.8314
4765,WS,Samoa,Imports of goods and services (current US$),2020,419570512.328663,East Asia & Pacific,Upper middle income,-171.752,-13.8314
4766,WS,Samoa,Imports of goods and services (current US$),2019,440934528.604655,East Asia & Pacific,Upper middle income,-171.752,-13.8314
4767,WS,Samoa,Imports of goods and services (current US$),2018,412600994.170345,East Asia & Pacific,Upper middle income,-171.752,-13.8314
4768,WS,Samoa,Imports of goods and services (current US$),2017,392417913.179009,East Asia & Pacific,Upper middle income,-171.752,-13.8314
4769,WS,Samoa,Imports of goods and services (current US$),2016,391866328.195691,East Asia & Pacific,Upper middle income,-171.752,-13.8314
4770,SM,San Marino,Imports of goods and services (current US$),2025,,Europe & Central Asia,High income,12.4486,43.9322
4771,SM,San Marino,Imports of goods and services (current US$),2024,,Europe & Central Asia,High income,12.4486,43.9322
4772,SM,San Marino,Imports of goods and services (current US$),2023,3142036446.62986,Europe & Central Asia,High income,12.4486,43.9322
4773,SM,San Marino,Imports of goods and services (current US$),2022,3169277295.34437,Europe & Central Asia,High income,12.4486,43.9322
4774,SM,San Marino,Imports of goods and services (current US$),2021,2934417621.45848,Europe & Central Asia,High income,12.4486,43.9322
4775,SM,San Marino,Imports of goods and services (current US$),2020,2169156166.68654,Europe & Central Asia,High income,12.4486,43.9322
4776,SM,San Marino,Imports of goods and services (current US$),2019,2315535293.4047,Europe & Central Asia,High income,12.4486,43.9322
4777,SM,San Marino,Imports of goods and services (current US$),2018,2365343353.4178,Europe & Central Asia,High income,12.4486,43.9322
4778,SM,San Marino,Imports of goods and services (current US$),2017,2217595893.45283,Europe & Central Asia,High income,12.4486,43.9322
4779,SM,San Marino,Imports of goods and services (current US$),2016,2159607489.59288,Europe & Central Asia,High income,12.4486,43.9322
4780,ST,Sao Tome and Principe,Imports of goods and services (current US$),2025,326819594.28308,Sub-Saharan Africa ,Lower middle income,6.6071,0.20618
4781,ST,Sao Tome and Principe,Imports of goods and services (current US$),2024,236910674.671321,Sub-Saharan Africa ,Lower middle income,6.6071,0.20618
4782,ST,Sao Tome and Principe,Imports of goods and services (current US$),2023,225991874.582345,Sub-Saharan Africa ,Lower middle income,6.6071,0.20618
4783,ST,Sao Tome and Principe,Imports of goods and services (current US$),2022,245093474.233793,Sub-Saharan Africa ,Lower middle income,6.6071,0.20618
4784,ST,Sao Tome and Principe,Imports of goods and services (current US$),2021,224643923.27936,Sub-Saharan Africa ,Lower middle income,6.6071,0.20618
4785,ST,Sao Tome and Principe,Imports of goods and services (current US$),2020,179321475.308427,Sub-Saharan Africa ,Lower middle income,6.6071,0.20618
4786,ST,Sao Tome and Principe,Imports of goods and services (current US$),2019,210019962.897022,Sub-Saharan Africa ,Lower middle income,6.6071,0.20618
4787,ST,Sao Tome and Principe,Imports of goods and services (current US$),2018,223194950.989862,Sub-Saharan Africa ,Lower middle income,6.6071,0.20618
4788,ST,Sao Tome and Principe,Imports of goods and services (current US$),2017,211851304.253584,Sub-Saharan Africa ,Lower middle income,6.6071,0.20618
4789,ST,Sao Tome and Principe,Imports of goods and services (current US$),2016,200118112.69062,Sub-Saharan Africa ,Lower middle income,6.6071,0.20618
4790,SA,Saudi Arabia,Imports of goods and services (current US$),2025,359757600000.0,"Middle East, North Africa, Afghanistan & Pakistan",High income,46.6977,24.6748
4791,SA,Saudi Arabia,Imports of goods and services (current US$),2024,338830400000.0,"Middle East, North Africa, Afghanistan & Pakistan",High income,46.6977,24.6748
4792,SA,Saudi Arabia,Imports of goods and services (current US$),2023,305152000000.0,"Middle East, North Africa, Afghanistan & Pakistan",High income,46.6977,24.6748
4793,SA,Saudi Arabia,Imports of goods and services (current US$),2022,258212800000.0,"Middle East, North Africa, Afghanistan & Pakistan",High income,46.6977,24.6748
4794,SA,Saudi Arabia,Imports of goods and services (current US$),2021,213515200000.0,"Middle East, North Africa, Afghanistan & Pakistan",High income,46.6977,24.6748
4795,SA,Saudi Arabia,Imports of goods and services (current US$),2020,182183733333.333,"Middle East, North Africa, Afghanistan & Pakistan",High income,46.6977,24.6748
4796,SA,Saudi Arabia,Imports of goods and services (current US$),2019,218974666666.667,"Middle East, North Africa, Afghanistan & Pakistan",High income,46.6977,24.6748
4797,SA,Saudi Arabia,Imports of goods and services (current US$),2018,209069066666.667,"Middle East, North Africa, Afghanistan & Pakistan",High income,46.6977,24.6748
4798,SA,Saudi Arabia,Imports of goods and services (current US$),2017,201397866666.667,"Middle East, North Africa, Afghanistan & Pakistan",High income,46.6977,24.6748
4799,SA,Saudi Arabia,Imports of goods and services (current US$),2016,198364800000.0,"Middle East, North Africa, Afghanistan & Pakistan",High income,46.6977,24.6748
4800,SN,Senegal,Imports of goods and services (current US$),2025,14277431782.6964,Sub-Saharan Africa ,Lower middle income,-17.4734,14.7247
4801,SN,Senegal,Imports of goods and services (current US$),2024,13754025059.2901,Sub-Saharan Africa ,Lower middle income,-17.4734,14.7247
4802,SN,Senegal,Imports of goods and services (current US$),2023,14883981467.266,Sub-Saharan Africa ,Lower middle income,-17.4734,14.7247
4803,SN,Senegal,Imports of goods and services (current US$),2022,14641332038.724,Sub-Saharan Africa ,Lower middle income,-17.4734,14.7247
4804,SN,Senegal,Imports of goods and services (current US$),2021,12311805834.7268,Sub-Saharan Africa ,Lower middle income,-17.4734,14.7247
4805,SN,Senegal,Imports of goods and services (current US$),2020,9651853852.83994,Sub-Saharan Africa ,Lower middle income,-17.4734,14.7247
4806,SN,Senegal,Imports of goods and services (current US$),2019,9186797791.08368,Sub-Saharan Africa ,Lower middle income,-17.4734,14.7247
4807,SN,Senegal,Imports of goods and services (current US$),2018,8978699797.55997,Sub-Saharan Africa ,Lower middle income,-17.4734,14.7247
4808,SN,Senegal,Imports of goods and services (current US$),2017,7516719954.64706,Sub-Saharan Africa ,Lower middle income,-17.4734,14.7247
4809,SN,Senegal,Imports of goods and services (current US$),2016,6197109691.57793,Sub-Saharan Africa ,Lower middle income,-17.4734,14.7247
4810,RS,Serbia,Imports of goods and services (current US$),2025,58583048490.316,Europe & Central Asia,Upper middle income,20.4656,44.8024
4811,RS,Serbia,Imports of goods and services (current US$),2024,52378512805.4885,Europe & Central Asia,Upper middle income,20.4656,44.8024
4812,RS,Serbia,Imports of goods and services (current US$),2023,48332534029.69,Europe & Central Asia,Upper middle income,20.4656,44.8024
4813,RS,Serbia,Imports of goods and services (current US$),2022,47552026633.7619,Europe & Central Asia,Upper middle income,20.4656,44.8024
4814,RS,Serbia,Imports of goods and services (current US$),2021,39697186027.9769,Europe & Central Asia,Upper middle income,20.4656,44.8024
4815,RS,Serbia,Imports of goods and services (current US$),2020,30294542171.066,Europe & Central Asia,Upper middle income,20.4656,44.8024
4816,RS,Serbia,Imports of goods and services (current US$),2019,31573497914.357,Europe & Central Asia,Upper middle income,20.4656,44.8024
4817,RS,Serbia,Imports of goods and services (current US$),2018,30032669304.2156,Europe & Central Asia,Upper middle income,20.4656,44.8024
4818,RS,Serbia,Imports of goods and services (current US$),2017,25104841040.8983,Europe & Central Asia,Upper middle income,20.4656,44.8024
4819,RS,Serbia,Imports of goods and services (current US$),2016,21635087306.2339,Europe & Central Asia,Upper middle income,20.4656,44.8024
4820,SC,Seychelles,Imports of goods and services (current US$),2025,2212019783.97138,Sub-Saharan Africa ,High income,55.4466,-4.6309
4821,SC,Seychelles,Imports of goods and services (current US$),2024,2123754830.88321,Sub-Saharan Africa ,High income,55.4466,-4.6309
4822,SC,Seychelles,Imports of goods and services (current US$),2023,2135412838.43451,Sub-Saharan Africa ,High income,55.4466,-4.6309
4823,SC,Seychelles,Imports of goods and services (current US$),2022,2012397151.36384,Sub-Saharan Africa ,High income,55.4466,-4.6309
4824,SC,Seychelles,Imports of goods and services (current US$),2021,1539328140.15264,Sub-Saharan Africa ,High income,55.4466,-4.6309
4825,SC,Seychelles,Imports of goods and services (current US$),2020,1201944067.38357,Sub-Saharan Africa ,High income,55.4466,-4.6309
4826,SC,Seychelles,Imports of goods and services (current US$),2019,1701471825.8422,Sub-Saharan Africa ,High income,55.4466,-4.6309
4827,SC,Seychelles,Imports of goods and services (current US$),2018,1760460019.13434,Sub-Saharan Africa ,High income,55.4466,-4.6309
4828,SC,Seychelles,Imports of goods and services (current US$),2017,1734555858.72111,Sub-Saharan Africa ,High income,55.4466,-4.6309
4829,SC,Seychelles,Imports of goods and services (current US$),2016,1498180127.10602,Sub-Saharan Africa ,High income,55.4466,-4.6309
4830,SL,Sierra Leone,Imports of goods and services (current US$),2025,2105266492.69829,Sub-Saharan Africa ,Low income,-13.2134,8.4821
4831,SL,Sierra Leone,Imports of goods and services (current US$),2024,1622864248.13392,Sub-Saharan Africa ,Low income,-13.2134,8.4821
4832,SL,Sierra Leone,Imports of goods and services (current US$),2023,2202122026.06211,Sub-Saharan Africa ,Low income,-13.2134,8.4821
4833,SL,Sierra Leone,Imports of goods and services (current US$),2022,2013408071.81272,Sub-Saharan Africa ,Low income,-13.2134,8.4821
4834,SL,Sierra Leone,Imports of goods and services (current US$),2021,1906108257.87819,Sub-Saharan Africa ,Low income,-13.2134,8.4821
4835,SL,Sierra Leone,Imports of goods and services (current US$),2020,1385993375.12883,Sub-Saharan Africa ,Low income,-13.2134,8.4821
4836,SL,Sierra Leone,Imports of goods and services (current US$),2019,1817978349.2547,Sub-Saharan Africa ,Low income,-13.2134,8.4821
4837,SL,Sierra Leone,Imports of goods and services (current US$),2018,1670393268.3715,Sub-Saharan Africa ,Low income,-13.2134,8.4821
4838,SL,Sierra Leone,Imports of goods and services (current US$),2017,1591024698.98836,Sub-Saharan Africa ,Low income,-13.2134,8.4821
4839,SL,Sierra Leone,Imports of goods and services (current US$),2016,1761706025.81265,Sub-Saharan Africa ,Low income,-13.2134,8.4821
4840,SG,Singapore,Imports of goods and services (current US$),2025,860239550269.609,East Asia & Pacific,High income,103.85,1.28941
4841,SG,Singapore,Imports of goods and services (current US$),2024,794257214123.585,East Asia & Pacific,High income,103.85,1.28941
4842,SG,Singapore,Imports of goods and services (current US$),2023,732376279726.863,East Asia & Pacific,High income,103.85,1.28941
4843,SG,Singapore,Imports of goods and services (current US$),2022,746881154042.274,East Asia & Pacific,High income,103.85,1.28941
4844,SG,Singapore,Imports of goods and services (current US$),2021,641260365780.587,East Asia & Pacific,High income,103.85,1.28941
4845,SG,Singapore,Imports of goods and services (current US$),2020,526490604765.239,East Asia & Pacific,High income,103.85,1.28941
4846,SG,Singapore,Imports of goods and services (current US$),2019,555635930735.296,East Asia & Pacific,High income,103.85,1.28941
4847,SG,Singapore,Imports of goods and services (current US$),2018,559453294010.714,East Asia & Pacific,High income,103.85,1.28941
4848,SG,Singapore,Imports of goods and services (current US$),2017,497980411680.576,East Asia & Pacific,High income,103.85,1.28941
4849,SG,Singapore,Imports of goods and services (current US$),2016,441180387768.485,East Asia & Pacific,High income,103.85,1.28941
4850,SX,Sint Maarten (Dutch part),Imports of goods and services (current US$),2025,,Latin America & Caribbean ,High income,,
4851,SX,Sint Maarten (Dutch part),Imports of goods and services (current US$),2024,,Latin America & Caribbean ,High income,,
4852,SX,Sint Maarten (Dutch part),Imports of goods and services (current US$),2023,,Latin America & Caribbean ,High income,,
4853,SX,Sint Maarten (Dutch part),Imports of goods and services (current US$),2022,,Latin America & Caribbean ,High income,,
4854,SX,Sint Maarten (Dutch part),Imports of goods and services (current US$),2021,,Latin America & Caribbean ,High income,,
4855,SX,Sint Maarten (Dutch part),Imports of goods and services (current US$),2020,,Latin America & Caribbean ,High income,,
4856,SX,Sint Maarten (Dutch part),Imports of goods and services (current US$),2019,,Latin America & Caribbean ,High income,,
4857,SX,Sint Maarten (Dutch part),Imports of goods and services (current US$),2018,,Latin America & Caribbean ,High income,,
4858,SX,Sint Maarten (Dutch part),Imports of goods and services (current US$),2017,,Latin America & Caribbean ,High income,,
4859,SX,Sint Maarten (Dutch part),Imports of goods and services (current US$),2016,,Latin America & Caribbean ,High income,,
4860,SK,Slovak Republic,Imports of goods and services (current US$),2025,131733585558.917,Europe & Central Asia,High income,17.1073,48.1484
4861,SK,Slovak Republic,Imports of goods and services (current US$),2024,120821798957.546,Europe & Central Asia,High income,17.1073,48.1484
4862,SK,Slovak Republic,Imports of goods and services (current US$),2023,120083503114.469,Europe & Central Asia,High income,17.1073,48.1484
4863,SK,Slovak Republic,Imports of goods and services (current US$),2022,121569681272.411,Europe & Central Asia,High income,17.1073,48.1484
4864,SK,Slovak Republic,Imports of goods and services (current US$),2021,109927511883.134,Europe & Central Asia,High income,17.1073,48.1484
4865,SK,Slovak Republic,Imports of goods and services (current US$),2020,89672126063.3777,Europe & Central Asia,High income,17.1073,48.1484
4866,SK,Slovak Republic,Imports of goods and services (current US$),2019,97247442000.9646,Europe & Central Asia,High income,17.1073,48.1484
4867,SK,Slovak Republic,Imports of goods and services (current US$),2018,100008287099.316,Europe & Central Asia,High income,17.1073,48.1484
4868,SK,Slovak Republic,Imports of goods and services (current US$),2017,88964308586.3343,Europe & Central Asia,High income,17.1073,48.1484
4869,SK,Slovak Republic,Imports of goods and services (current US$),2016,81715126559.1352,Europe & Central Asia,High income,17.1073,48.1484
4870,SI,Slovenia,Imports of goods and services (current US$),2025,58362937489.5356,Europe & Central Asia,High income,14.5044,46.0546
4871,SI,Slovenia,Imports of goods and services (current US$),2024,54539677618.1141,Europe & Central Asia,High income,14.5044,46.0546
4872,SI,Slovenia,Imports of goods and services (current US$),2023,53133605229.0598,Europe & Central Asia,High income,14.5044,46.0546
4873,SI,Slovenia,Imports of goods and services (current US$),2022,55305344696.1539,Europe & Central Asia,High income,14.5044,46.0546
4874,SI,Slovenia,Imports of goods and services (current US$),2021,48056473878.4837,Europe & Central Asia,High income,14.5044,46.0546
4875,SI,Slovenia,Imports of goods and services (current US$),2020,36983471635.8382,Europe & Central Asia,High income,14.5044,46.0546
4876,SI,Slovenia,Imports of goods and services (current US$),2019,40802920386.196,Europe & Central Asia,High income,14.5044,46.0546
4877,SI,Slovenia,Imports of goods and services (current US$),2018,41364665347.1027,Europe & Central Asia,High income,14.5044,46.0546
4878,SI,Slovenia,Imports of goods and services (current US$),2017,36028299306.8483,Europe & Central Asia,High income,14.5044,46.0546
4879,SI,Slovenia,Imports of goods and services (current US$),2016,30915723137.7071,Europe & Central Asia,High income,14.5044,46.0546
4880,SB,Solomon Islands,Imports of goods and services (current US$),2025,,East Asia & Pacific,Lower middle income,159.949,-9.42676
4881,SB,Solomon Islands,Imports of goods and services (current US$),2024,1121200955.2876,East Asia & Pacific,Lower middle income,159.949,-9.42676
4882,SB,Solomon Islands,Imports of goods and services (current US$),2023,977101703.91436,East Asia & Pacific,Lower middle income,159.949,-9.42676
4883,SB,Solomon Islands,Imports of goods and services (current US$),2022,684987595.531817,East Asia & Pacific,Lower middle income,159.949,-9.42676
4884,SB,Solomon Islands,Imports of goods and services (current US$),2021,636797049.801229,East Asia & Pacific,Lower middle income,159.949,-9.42676
4885,SB,Solomon Islands,Imports of goods and services (current US$),2020,495896249.220635,East Asia & Pacific,Lower middle income,159.949,-9.42676
4886,SB,Solomon Islands,Imports of goods and services (current US$),2019,752930329.230226,East Asia & Pacific,Lower middle income,159.949,-9.42676
4887,SB,Solomon Islands,Imports of goods and services (current US$),2018,749072147.706918,East Asia & Pacific,Lower middle income,159.949,-9.42676
4888,SB,Solomon Islands,Imports of goods and services (current US$),2017,639628571.682141,East Asia & Pacific,Lower middle income,159.949,-9.42676
4889,SB,Solomon Islands,Imports of goods and services (current US$),2016,632096538.654956,East Asia & Pacific,Lower middle income,159.949,-9.42676
4890,SO,"Somalia, Fed. Rep.",Imports of goods and services (current US$),2025,12841200000.5979,Sub-Saharan Africa ,Low income,45.3254,2.07515
4891,SO,"Somalia, Fed. Rep.",Imports of goods and services (current US$),2024,11861000000.0,Sub-Saharan Africa ,Low income,45.3254,2.07515
4892,SO,"Somalia, Fed. Rep.",Imports of goods and services (current US$),2023,8896000000.0,Sub-Saharan Africa ,Low income,45.3254,2.07515
4893,SO,"Somalia, Fed. Rep.",Imports of goods and services (current US$),2022,7456000000.0,Sub-Saharan Africa ,Low income,45.3254,2.07515
4894,SO,"Somalia, Fed. Rep.",Imports of goods and services (current US$),2021,5969000000.0,Sub-Saharan Africa ,Low income,45.3254,2.07515
4895,SO,"Somalia, Fed. Rep.",Imports of goods and services (current US$),2020,5353000000.0,Sub-Saharan Africa ,Low income,45.3254,2.07515
4896,SO,"Somalia, Fed. Rep.",Imports of goods and services (current US$),2019,4954000000.0,Sub-Saharan Africa ,Low income,45.3254,2.07515
4897,SO,"Somalia, Fed. Rep.",Imports of goods and services (current US$),2018,4693000000.0,Sub-Saharan Africa ,Low income,45.3254,2.07515
4898,SO,"Somalia, Fed. Rep.",Imports of goods and services (current US$),2017,4239776470.0002,Sub-Saharan Africa ,Low income,45.3254,2.07515
4899,SO,"Somalia, Fed. Rep.",Imports of goods and services (current US$),2016,3850891890.00063,Sub-Saharan Africa ,Low income,45.3254,2.07515
4900,ZA,South Africa,Imports of goods and services (current US$),2025,126023231104.646,Sub-Saharan Africa ,Upper middle income,28.1871,-25.746
4901,ZA,South Africa,Imports of goods and services (current US$),2024,119761291334.041,Sub-Saharan Africa ,Upper middle income,28.1871,-25.746
4902,ZA,South Africa,Imports of goods and services (current US$),2023,123686210464.208,Sub-Saharan Africa ,Upper middle income,28.1871,-25.746
4903,ZA,South Africa,Imports of goods and services (current US$),2022,128016518313.047,Sub-Saharan Africa ,Upper middle income,28.1871,-25.746
4904,ZA,South Africa,Imports of goods and services (current US$),2021,104883607897.811,Sub-Saharan Africa ,Upper middle income,28.1871,-25.746
4905,ZA,South Africa,Imports of goods and services (current US$),2020,78355182004.1248,Sub-Saharan Africa ,Upper middle income,28.1871,-25.746
4906,ZA,South Africa,Imports of goods and services (current US$),2019,103935027605.427,Sub-Saharan Africa ,Upper middle income,28.1871,-25.746
4907,ZA,South Africa,Imports of goods and services (current US$),2018,109373822794.536,Sub-Saharan Africa ,Upper middle income,28.1871,-25.746
4908,ZA,South Africa,Imports of goods and services (current US$),2017,99923782384.0035,Sub-Saharan Africa ,Upper middle income,28.1871,-25.746
4909,ZA,South Africa,Imports of goods and services (current US$),2016,89649913398.7817,Sub-Saharan Africa ,Upper middle income,28.1871,-25.746
4910,SS,South Sudan,Imports of goods and services (current US$),2025,,Sub-Saharan Africa ,Low income,31.6,4.85
4911,SS,South Sudan,Imports of goods and services (current US$),2024,,Sub-Saharan Africa ,Low income,31.6,4.85
4912,SS,South Sudan,Imports of goods and services (current US$),2023,,Sub-Saharan Africa ,Low income,31.6,4.85
4913,SS,South Sudan,Imports of goods and services (current US$),2022,,Sub-Saharan Africa ,Low income,31.6,4.85
4914,SS,South Sudan,Imports of goods and services (current US$),2021,,Sub-Saharan Africa ,Low income,31.6,4.85
4915,SS,South Sudan,Imports of goods and services (current US$),2020,,Sub-Saharan Africa ,Low income,31.6,4.85
4916,SS,South Sudan,Imports of goods and services (current US$),2019,,Sub-Saharan Africa ,Low income,31.6,4.85
4917,SS,South Sudan,Imports of goods and services (current US$),2018,,Sub-Saharan Africa ,Low income,31.6,4.85
4918,SS,South Sudan,Imports of goods and services (current US$),2017,,Sub-Saharan Africa ,Low income,31.6,4.85
4919,SS,South Sudan,Imports of goods and services (current US$),2016,,Sub-Saharan Africa ,Low income,31.6,4.85
4920,ES,Spain,Imports of goods and services (current US$),2025,625571094598.823,Europe & Central Asia,High income,-3.70327,40.4167
4921,ES,Spain,Imports of goods and services (current US$),2024,567649024933.594,Europe & Central Asia,High income,-3.70327,40.4167
4922,ES,Spain,Imports of goods and services (current US$),2023,550315993015.696,Europe & Central Asia,High income,-3.70327,40.4167
4923,ES,Spain,Imports of goods and services (current US$),2022,562067869749.029,Europe & Central Asia,High income,-3.70327,40.4167
4924,ES,Spain,Imports of goods and services (current US$),2021,478813490689.915,Europe & Central Asia,High income,-3.70327,40.4167
4925,ES,Spain,Imports of goods and services (current US$),2020,373587218922.958,Europe & Central Asia,High income,-3.70327,40.4167
4926,ES,Spain,Imports of goods and services (current US$),2019,444777298015.686,Europe & Central Asia,High income,-3.70327,40.4167
4927,ES,Spain,Imports of goods and services (current US$),2018,460052638839.215,Europe & Central Asia,High income,-3.70327,40.4167
4928,ES,Spain,Imports of goods and services (current US$),2017,413273524150.589,Europe & Central Asia,High income,-3.70327,40.4167
4929,ES,Spain,Imports of goods and services (current US$),2016,368077385209.729,Europe & Central Asia,High income,-3.70327,40.4167
4930,LK,Sri Lanka,Imports of goods and services (current US$),2025,24857449190.3417,South Asia,Upper middle income,79.8528,6.92148
4931,LK,Sri Lanka,Imports of goods and services (current US$),2024,22277780953.8684,South Asia,Upper middle income,79.8528,6.92148
4932,LK,Sri Lanka,Imports of goods and services (current US$),2023,19126705821.4167,South Asia,Upper middle income,79.8528,6.92148
4933,LK,Sri Lanka,Imports of goods and services (current US$),2022,18626984767.9622,South Asia,Upper middle income,79.8528,6.92148
4934,LK,Sri Lanka,Imports of goods and services (current US$),2021,21525852974.0925,South Asia,Upper middle income,79.8528,6.92148
4935,LK,Sri Lanka,Imports of goods and services (current US$),2020,18243032009.0896,South Asia,Upper middle income,79.8528,6.92148
4936,LK,Sri Lanka,Imports of goods and services (current US$),2019,24565416614.3158,South Asia,Upper middle income,79.8528,6.92148
4937,LK,Sri Lanka,Imports of goods and services (current US$),2018,26788997949.0932,South Asia,Upper middle income,79.8528,6.92148
4938,LK,Sri Lanka,Imports of goods and services (current US$),2017,25400652317.36,South Asia,Upper middle income,79.8528,6.92148
4939,LK,Sri Lanka,Imports of goods and services (current US$),2016,23449857058.2692,South Asia,Upper middle income,79.8528,6.92148
4940,KN,St. Kitts and Nevis,Imports of goods and services (current US$),2025,,Latin America & Caribbean ,High income,-62.7309,17.3
4941,KN,St. Kitts and Nevis,Imports of goods and services (current US$),2024,,Latin America & Caribbean ,High income,-62.7309,17.3
4942,KN,St. Kitts and Nevis,Imports of goods and services (current US$),2023,,Latin America & Caribbean ,High income,-62.7309,17.3
4943,KN,St. Kitts and Nevis,Imports of goods and services (current US$),2022,,Latin America & Caribbean ,High income,-62.7309,17.3
4944,KN,St. Kitts and Nevis,Imports of goods and services (current US$),2021,,Latin America & Caribbean ,High income,-62.7309,17.3
4945,KN,St. Kitts and Nevis,Imports of goods and services (current US$),2020,,Latin America & Caribbean ,High income,-62.7309,17.3
4946,KN,St. Kitts and Nevis,Imports of goods and services (current US$),2019,,Latin America & Caribbean ,High income,-62.7309,17.3
4947,KN,St. Kitts and Nevis,Imports of goods and services (current US$),2018,,Latin America & Caribbean ,High income,-62.7309,17.3
4948,KN,St. Kitts and Nevis,Imports of goods and services (current US$),2017,,Latin America & Caribbean ,High income,-62.7309,17.3
4949,KN,St. Kitts and Nevis,Imports of goods and services (current US$),2016,,Latin America & Caribbean ,High income,-62.7309,17.3
4950,LC,St. Lucia,Imports of goods and services (current US$),2025,,Latin America & Caribbean ,Upper middle income,-60.9832,14
4951,LC,St. Lucia,Imports of goods and services (current US$),2024,,Latin America & Caribbean ,Upper middle income,-60.9832,14
4952,LC,St. Lucia,Imports of goods and services (current US$),2023,,Latin America & Caribbean ,Upper middle income,-60.9832,14
4953,LC,St. Lucia,Imports of goods and services (current US$),2022,,Latin America & Caribbean ,Upper middle income,-60.9832,14
4954,LC,St. Lucia,Imports of goods and services (current US$),2021,,Latin America & Caribbean ,Upper middle income,-60.9832,14
4955,LC,St. Lucia,Imports of goods and services (current US$),2020,,Latin America & Caribbean ,Upper middle income,-60.9832,14
4956,LC,St. Lucia,Imports of goods and services (current US$),2019,,Latin America & Caribbean ,Upper middle income,-60.9832,14
4957,LC,St. Lucia,Imports of goods and services (current US$),2018,,Latin America & Caribbean ,Upper middle income,-60.9832,14
4958,LC,St. Lucia,Imports of goods and services (current US$),2017,,Latin America & Caribbean ,Upper middle income,-60.9832,14
4959,LC,St. Lucia,Imports of goods and services (current US$),2016,,Latin America & Caribbean ,Upper middle income,-60.9832,14
4960,MF,St. Martin (French part),Imports of goods and services (current US$),2025,,Latin America & Caribbean ,High income,,
4961,MF,St. Martin (French part),Imports of goods and services (current US$),2024,,Latin America & Caribbean ,High income,,
4962,MF,St. Martin (French part),Imports of goods and services (current US$),2023,,Latin America & Caribbean ,High income,,
4963,MF,St. Martin (French part),Imports of goods and services (current US$),2022,,Latin America & Caribbean ,High income,,
4964,MF,St. Martin (French part),Imports of goods and services (current US$),2021,,Latin America & Caribbean ,High income,,
4965,MF,St. Martin (French part),Imports of goods and services (current US$),2020,,Latin America & Caribbean ,High income,,
4966,MF,St. Martin (French part),Imports of goods and services (current US$),2019,,Latin America & Caribbean ,High income,,
4967,MF,St. Martin (French part),Imports of goods and services (current US$),2018,,Latin America & Caribbean ,High income,,
4968,MF,St. Martin (French part),Imports of goods and services (current US$),2017,,Latin America & Caribbean ,High income,,
4969,MF,St. Martin (French part),Imports of goods and services (current US$),2016,,Latin America & Caribbean ,High income,,
4970,VC,St. Vincent and the Grenadines,Imports of goods and services (current US$),2025,,Latin America & Caribbean ,Upper middle income,-61.2653,13.2035
4971,VC,St. Vincent and the Grenadines,Imports of goods and services (current US$),2024,,Latin America & Caribbean ,Upper middle income,-61.2653,13.2035
4972,VC,St. Vincent and the Grenadines,Imports of goods and services (current US$),2023,,Latin America & Caribbean ,Upper middle income,-61.2653,13.2035
4973,VC,St. Vincent and the Grenadines,Imports of goods and services (current US$),2022,,Latin America & Caribbean ,Upper middle income,-61.2653,13.2035
4974,VC,St. Vincent and the Grenadines,Imports of goods and services (current US$),2021,,Latin America & Caribbean ,Upper middle income,-61.2653,13.2035
4975,VC,St. Vincent and the Grenadines,Imports of goods and services (current US$),2020,,Latin America & Caribbean ,Upper middle income,-61.2653,13.2035
4976,VC,St. Vincent and the Grenadines,Imports of goods and services (current US$),2019,,Latin America & Caribbean ,Upper middle income,-61.2653,13.2035
4977,VC,St. Vincent and the Grenadines,Imports of goods and services (current US$),2018,,Latin America & Caribbean ,Upper middle income,-61.2653,13.2035
4978,VC,St. Vincent and the Grenadines,Imports of goods and services (current US$),2017,,Latin America & Caribbean ,Upper middle income,-61.2653,13.2035
4979,VC,St. Vincent and the Grenadines,Imports of goods and services (current US$),2016,,Latin America & Caribbean ,Upper middle income,-61.2653,13.2035
4980,SD,Sudan,Imports of goods and services (current US$),2025,769412868.639492,Sub-Saharan Africa ,Low income,32.5363,15.5932
4981,SD,Sudan,Imports of goods and services (current US$),2024,633066205.911067,Sub-Saharan Africa ,Low income,32.5363,15.5932
4982,SD,Sudan,Imports of goods and services (current US$),2023,544859101.094636,Sub-Saharan Africa ,Low income,32.5363,15.5932
4983,SD,Sudan,Imports of goods and services (current US$),2022,582633199.485523,Sub-Saharan Africa ,Low income,32.5363,15.5932
4984,SD,Sudan,Imports of goods and services (current US$),2021,642720121.708003,Sub-Saharan Africa ,Low income,32.5363,15.5932
4985,SD,Sudan,Imports of goods and services (current US$),2020,1305725563.16489,Sub-Saharan Africa ,Low income,32.5363,15.5932
4986,SD,Sudan,Imports of goods and services (current US$),2019,5713051071.07438,Sub-Saharan Africa ,Low income,32.5363,15.5932
4987,SD,Sudan,Imports of goods and services (current US$),2018,4597125307.12531,Sub-Saharan Africa ,Low income,32.5363,15.5932
4988,SD,Sudan,Imports of goods and services (current US$),2017,4838128571.42857,Sub-Saharan Africa ,Low income,32.5363,15.5932
4989,SD,Sudan,Imports of goods and services (current US$),2016,4381200000.0,Sub-Saharan Africa ,Low income,32.5363,15.5932
4990,SR,Suriname,Imports of goods and services (current US$),2025,,Latin America & Caribbean ,Upper middle income,-55.1679,5.8232
4991,SR,Suriname,Imports of goods and services (current US$),2024,,Latin America & Caribbean ,Upper middle income,-55.1679,5.8232
4992,SR,Suriname,Imports of goods and services (current US$),2023,,Latin America & Caribbean ,Upper middle income,-55.1679,5.8232
4993,SR,Suriname,Imports of goods and services (current US$),2022,,Latin America & Caribbean ,Upper middle income,-55.1679,5.8232
4994,SR,Suriname,Imports of goods and services (current US$),2021,,Latin America & Caribbean ,Upper middle income,-55.1679,5.8232
4995,SR,Suriname,Imports of goods and services (current US$),2020,,Latin America & Caribbean ,Upper middle income,-55.1679,5.8232
4996,SR,Suriname,Imports of goods and services (current US$),2019,,Latin America & Caribbean ,Upper middle income,-55.1679,5.8232
4997,SR,Suriname,Imports of goods and services (current US$),2018,,Latin America & Caribbean ,Upper middle income,-55.1679,5.8232
4998,SR,Suriname,Imports of goods and services (current US$),2017,,Latin America & Caribbean ,Upper middle income,-55.1679,5.8232
4999,SR,Suriname,Imports of goods and services (current US$),2016,,Latin America & Caribbean ,Upper middle income,-55.1679,5.8232
5000,SE,Sweden,Imports of goods and services (current US$),2025,341902516919.053,Europe & Central Asia,High income,18.0645,59.3327
5001,SE,Sweden,Imports of goods and services (current US$),2024,311306792242.296,Europe & Central Asia,High income,18.0645,59.3327
5002,SE,Sweden,Imports of goods and services (current US$),2023,303529221657.175,Europe & Central Asia,High income,18.0645,59.3327
5003,SE,Sweden,Imports of goods and services (current US$),2022,303635821942.883,Europe & Central Asia,High income,18.0645,59.3327
5004,SE,Sweden,Imports of goods and services (current US$),2021,275582535325.044,Europe & Central Asia,High income,18.0645,59.3327
5005,SE,Sweden,Imports of goods and services (current US$),2020,218725234276.466,Europe & Central Asia,High income,18.0645,59.3327
5006,SE,Sweden,Imports of goods and services (current US$),2019,236048697363.414,Europe & Central Asia,High income,18.0645,59.3327
5007,SE,Sweden,Imports of goods and services (current US$),2018,244417315963.862,Europe & Central Asia,High income,18.0645,59.3327
5008,SE,Sweden,Imports of goods and services (current US$),2017,225583506106.515,Europe & Central Asia,High income,18.0645,59.3327
5009,SE,Sweden,Imports of goods and services (current US$),2016,207862500839.466,Europe & Central Asia,High income,18.0645,59.3327
5010,CH,Switzerland,Imports of goods and services (current US$),2025,721176290537.446,Europe & Central Asia,High income,7.44821,46.948
5011,CH,Switzerland,Imports of goods and services (current US$),2024,573729148939.594,Europe & Central Asia,High income,7.44821,46.948
5012,CH,Switzerland,Imports of goods and services (current US$),2023,551661909425.814,Europe & Central Asia,High income,7.44821,46.948
5013,CH,Switzerland,Imports of goods and services (current US$),2022,525998490834.78,Europe & Central Asia,High income,7.44821,46.948
5014,CH,Switzerland,Imports of goods and services (current US$),2021,488132942919.803,Europe & Central Asia,High income,7.44821,46.948
5015,CH,Switzerland,Imports of goods and services (current US$),2020,437650198737.806,Europe & Central Asia,High income,7.44821,46.948
5016,CH,Switzerland,Imports of goods and services (current US$),2019,418811907121.833,Europe & Central Asia,High income,7.44821,46.948
5017,CH,Switzerland,Imports of goods and services (current US$),2018,420425133536.721,Europe & Central Asia,High income,7.44821,46.948
5018,CH,Switzerland,Imports of goods and services (current US$),2017,404959093794.166,Europe & Central Asia,High income,7.44821,46.948
5019,CH,Switzerland,Imports of goods and services (current US$),2016,396141657878.166,Europe & Central Asia,High income,7.44821,46.948
5020,SY,Syrian Arab Republic,Imports of goods and services (current US$),2025,,"Middle East, North Africa, Afghanistan & Pakistan",Low income,36.3119,33.5146
5021,SY,Syrian Arab Republic,Imports of goods and services (current US$),2024,,"Middle East, North Africa, Afghanistan & Pakistan",Low income,36.3119,33.5146
5022,SY,Syrian Arab Republic,Imports of goods and services (current US$),2023,,"Middle East, North Africa, Afghanistan & Pakistan",Low income,36.3119,33.5146
5023,SY,Syrian Arab Republic,Imports of goods and services (current US$),2022,6803218572.23967,"Middle East, North Africa, Afghanistan & Pakistan",Low income,36.3119,33.5146
5024,SY,Syrian Arab Republic,Imports of goods and services (current US$),2021,6560493569.8734,"Middle East, North Africa, Afghanistan & Pakistan",Low income,36.3119,33.5146
5025,SY,Syrian Arab Republic,Imports of goods and services (current US$),2020,3750745659.88589,"Middle East, North Africa, Afghanistan & Pakistan",Low income,36.3119,33.5146
5026,SY,Syrian Arab Republic,Imports of goods and services (current US$),2019,6546690316.91197,"Middle East, North Africa, Afghanistan & Pakistan",Low income,36.3119,33.5146
5027,SY,Syrian Arab Republic,Imports of goods and services (current US$),2018,7683752902.37253,"Middle East, North Africa, Afghanistan & Pakistan",Low income,36.3119,33.5146
5028,SY,Syrian Arab Republic,Imports of goods and services (current US$),2017,6828054267.67633,"Middle East, North Africa, Afghanistan & Pakistan",Low income,36.3119,33.5146
5029,SY,Syrian Arab Republic,Imports of goods and services (current US$),2016,5723436972.82645,"Middle East, North Africa, Afghanistan & Pakistan",Low income,36.3119,33.5146
5030,TJ,Tajikistan,Imports of goods and services (current US$),2025,,Europe & Central Asia,Lower middle income,68.7864,38.5878
5031,TJ,Tajikistan,Imports of goods and services (current US$),2024,6906352632.14233,Europe & Central Asia,Lower middle income,68.7864,38.5878
5032,TJ,Tajikistan,Imports of goods and services (current US$),2023,5931426226.59821,Europe & Central Asia,Lower middle income,68.7864,38.5878
5033,TJ,Tajikistan,Imports of goods and services (current US$),2022,5258453958.4764,Europe & Central Asia,Lower middle income,68.7864,38.5878
5034,TJ,Tajikistan,Imports of goods and services (current US$),2021,4258328654.10718,Europe & Central Asia,Lower middle income,68.7864,38.5878
5035,TJ,Tajikistan,Imports of goods and services (current US$),2020,3125458368.20242,Europe & Central Asia,Lower middle income,68.7864,38.5878
5036,TJ,Tajikistan,Imports of goods and services (current US$),2019,3408735466.32569,Europe & Central Asia,Lower middle income,68.7864,38.5878
5037,TJ,Tajikistan,Imports of goods and services (current US$),2018,3220194647.33488,Europe & Central Asia,Lower middle income,68.7864,38.5878
5038,TJ,Tajikistan,Imports of goods and services (current US$),2017,2928462636.65032,Europe & Central Asia,Lower middle income,68.7864,38.5878
5039,TJ,Tajikistan,Imports of goods and services (current US$),2016,2973477077.59702,Europe & Central Asia,Lower middle income,68.7864,38.5878
5040,TZ,Tanzania,Imports of goods and services (current US$),2025,18016880758.522,Sub-Saharan Africa ,Lower middle income,35.7382,-6.17486
5041,TZ,Tanzania,Imports of goods and services (current US$),2024,17095546882.9273,Sub-Saharan Africa ,Lower middle income,35.7382,-6.17486
5042,TZ,Tanzania,Imports of goods and services (current US$),2023,16609619515.5989,Sub-Saharan Africa ,Lower middle income,35.7382,-6.17486
5043,TZ,Tanzania,Imports of goods and services (current US$),2022,14839056923.5428,Sub-Saharan Africa ,Lower middle income,35.7382,-6.17486
5044,TZ,Tanzania,Imports of goods and services (current US$),2021,11160170702.5619,Sub-Saharan Africa ,Lower middle income,35.7382,-6.17486
5045,TZ,Tanzania,Imports of goods and services (current US$),2020,9552972185.14485,Sub-Saharan Africa ,Lower middle income,35.7382,-6.17486
5046,TZ,Tanzania,Imports of goods and services (current US$),2019,10363463865.7749,Sub-Saharan Africa ,Lower middle income,35.7382,-6.17486
5047,TZ,Tanzania,Imports of goods and services (current US$),2018,10205640647.7767,Sub-Saharan Africa ,Lower middle income,35.7382,-6.17486
5048,TZ,Tanzania,Imports of goods and services (current US$),2017,9295988100.5033,Sub-Saharan Africa ,Lower middle income,35.7382,-6.17486
5049,TZ,Tanzania,Imports of goods and services (current US$),2016,9492226418.45576,Sub-Saharan Africa ,Lower middle income,35.7382,-6.17486
5050,TH,Thailand,Imports of goods and services (current US$),2025,388129158917.05,East Asia & Pacific,Upper middle income,100.521,13.7308
5051,TH,Thailand,Imports of goods and services (current US$),2024,349671347769.102,East Asia & Pacific,Upper middle income,100.521,13.7308
5052,TH,Thailand,Imports of goods and services (current US$),2023,327159708258.581,East Asia & Pacific,Upper middle income,100.521,13.7308
5053,TH,Thailand,Imports of goods and services (current US$),2022,334490999348.285,East Asia & Pacific,Upper middle income,100.521,13.7308
5054,TH,Thailand,Imports of goods and services (current US$),2021,297103648539.909,East Asia & Pacific,Upper middle income,100.521,13.7308
5055,TH,Thailand,Imports of goods and services (current US$),2020,231745471360.936,East Asia & Pacific,Upper middle income,100.521,13.7308
5056,TH,Thailand,Imports of goods and services (current US$),2019,272916501194.971,East Asia & Pacific,Upper middle income,100.521,13.7308
5057,TH,Thailand,Imports of goods and services (current US$),2018,283801450351.972,East Asia & Pacific,Upper middle income,100.521,13.7308
5058,TH,Thailand,Imports of goods and services (current US$),2017,247430252336.997,East Asia & Pacific,Upper middle income,100.521,13.7308
5059,TH,Thailand,Imports of goods and services (current US$),2016,221168950937.551,East Asia & Pacific,Upper middle income,100.521,13.7308
5060,TL,Timor-Leste,Imports of goods and services (current US$),2025,,East Asia & Pacific,Lower middle income,125.567,-8.56667
5061,TL,Timor-Leste,Imports of goods and services (current US$),2024,1583732800.0,East Asia & Pacific,Lower middle income,125.567,-8.56667
5062,TL,Timor-Leste,Imports of goods and services (current US$),2023,1380581800.0,East Asia & Pacific,Lower middle income,125.567,-8.56667
5063,TL,Timor-Leste,Imports of goods and services (current US$),2022,1347906300.0,East Asia & Pacific,Lower middle income,125.567,-8.56667
5064,TL,Timor-Leste,Imports of goods and services (current US$),2021,1317595300.0,East Asia & Pacific,Lower middle income,125.567,-8.56667
5065,TL,Timor-Leste,Imports of goods and services (current US$),2020,1039875900.0,East Asia & Pacific,Lower middle income,125.567,-8.56667
5066,TL,Timor-Leste,Imports of goods and services (current US$),2019,1004078400.0,East Asia & Pacific,Lower middle income,125.567,-8.56667
5067,TL,Timor-Leste,Imports of goods and services (current US$),2018,962964800.0,East Asia & Pacific,Lower middle income,125.567,-8.56667
5068,TL,Timor-Leste,Imports of goods and services (current US$),2017,891109600.0,East Asia & Pacific,Lower middle income,125.567,-8.56667
5069,TL,Timor-Leste,Imports of goods and services (current US$),2016,937594400.0,East Asia & Pacific,Lower middle income,125.567,-8.56667
5070,TG,Togo,Imports of goods and services (current US$),2025,,Sub-Saharan Africa ,Lower middle income,1.2255,6.1228
5071,TG,Togo,Imports of goods and services (current US$),2024,,Sub-Saharan Africa ,Lower middle income,1.2255,6.1228
5072,TG,Togo,Imports of goods and services (current US$),2023,3436907297.14101,Sub-Saharan Africa ,Lower middle income,1.2255,6.1228
5073,TG,Togo,Imports of goods and services (current US$),2022,3161651829.76449,Sub-Saharan Africa ,Lower middle income,1.2255,6.1228
5074,TG,Togo,Imports of goods and services (current US$),2021,2839529120.72898,Sub-Saharan Africa ,Lower middle income,1.2255,6.1228
5075,TG,Togo,Imports of goods and services (current US$),2020,2395207645.81481,Sub-Saharan Africa ,Lower middle income,1.2255,6.1228
5076,TG,Togo,Imports of goods and services (current US$),2019,2268030418.46902,Sub-Saharan Africa ,Lower middle income,1.2255,6.1228
5077,TG,Togo,Imports of goods and services (current US$),2018,2336770684.74528,Sub-Saharan Africa ,Lower middle income,1.2255,6.1228
5078,TG,Togo,Imports of goods and services (current US$),2017,2101895827.44022,Sub-Saharan Africa ,Lower middle income,1.2255,6.1228
5079,TG,Togo,Imports of goods and services (current US$),2016,2411075703.35796,Sub-Saharan Africa ,Lower middle income,1.2255,6.1228
5080,TO,Tonga,Imports of goods and services (current US$),2025,,East Asia & Pacific,Upper middle income,-175.216,-21.136
5081,TO,Tonga,Imports of goods and services (current US$),2024,392898121.205892,East Asia & Pacific,Upper middle income,-175.216,-21.136
5082,TO,Tonga,Imports of goods and services (current US$),2023,383530895.291456,East Asia & Pacific,Upper middle income,-175.216,-21.136
5083,TO,Tonga,Imports of goods and services (current US$),2022,330368557.117395,East Asia & Pacific,Upper middle income,-175.216,-21.136
5084,TO,Tonga,Imports of goods and services (current US$),2021,298418027.011543,East Asia & Pacific,Upper middle income,-175.216,-21.136
5085,TO,Tonga,Imports of goods and services (current US$),2020,314805681.196911,East Asia & Pacific,Upper middle income,-175.216,-21.136
5086,TO,Tonga,Imports of goods and services (current US$),2019,333029713.220284,East Asia & Pacific,Upper middle income,-175.216,-21.136
5087,TO,Tonga,Imports of goods and services (current US$),2018,320264711.566863,East Asia & Pacific,Upper middle income,-175.216,-21.136
5088,TO,Tonga,Imports of goods and services (current US$),2017,302974590.176171,East Asia & Pacific,Upper middle income,-175.216,-21.136
5089,TO,Tonga,Imports of goods and services (current US$),2016,266264827.704386,East Asia & Pacific,Upper middle income,-175.216,-21.136
5090,TT,Trinidad and Tobago,Imports of goods and services (current US$),2025,,Latin America & Caribbean ,High income,-61.4789,10.6596
5091,TT,Trinidad and Tobago,Imports of goods and services (current US$),2024,,Latin America & Caribbean ,High income,-61.4789,10.6596
5092,TT,Trinidad and Tobago,Imports of goods and services (current US$),2023,,Latin America & Caribbean ,High income,-61.4789,10.6596
5093,TT,Trinidad and Tobago,Imports of goods and services (current US$),2022,,Latin America & Caribbean ,High income,-61.4789,10.6596
5094,TT,Trinidad and Tobago,Imports of goods and services (current US$),2021,,Latin America & Caribbean ,High income,-61.4789,10.6596
5095,TT,Trinidad and Tobago,Imports of goods and services (current US$),2020,,Latin America & Caribbean ,High income,-61.4789,10.6596
5096,TT,Trinidad and Tobago,Imports of goods and services (current US$),2019,,Latin America & Caribbean ,High income,-61.4789,10.6596
5097,TT,Trinidad and Tobago,Imports of goods and services (current US$),2018,,Latin America & Caribbean ,High income,-61.4789,10.6596
5098,TT,Trinidad and Tobago,Imports of goods and services (current US$),2017,,Latin America & Caribbean ,High income,-61.4789,10.6596
5099,TT,Trinidad and Tobago,Imports of goods and services (current US$),2016,,Latin America & Caribbean ,High income,-61.4789,10.6596
5100,TN,Tunisia,Imports of goods and services (current US$),2025,31508376159.6476,"Middle East, North Africa, Afghanistan & Pakistan",Lower middle income,10.21,36.7899
5101,TN,Tunisia,Imports of goods and services (current US$),2024,28943410191.6362,"Middle East, North Africa, Afghanistan & Pakistan",Lower middle income,10.21,36.7899
5102,TN,Tunisia,Imports of goods and services (current US$),2023,28484270163.1947,"Middle East, North Africa, Afghanistan & Pakistan",Lower middle income,10.21,36.7899
5103,TN,Tunisia,Imports of goods and services (current US$),2022,29101043948.9625,"Middle East, North Africa, Afghanistan & Pakistan",Lower middle income,10.21,36.7899
5104,TN,Tunisia,Imports of goods and services (current US$),2021,24408983895.6767,"Middle East, North Africa, Afghanistan & Pakistan",Lower middle income,10.21,36.7899
5105,TN,Tunisia,Imports of goods and services (current US$),2020,19691340860.5874,"Middle East, North Africa, Afghanistan & Pakistan",Lower middle income,10.21,36.7899
5106,TN,Tunisia,Imports of goods and services (current US$),2019,23627358334.6425,"Middle East, North Africa, Afghanistan & Pakistan",Lower middle income,10.21,36.7899
5107,TN,Tunisia,Imports of goods and services (current US$),2018,24922974973.8087,"Middle East, North Africa, Afghanistan & Pakistan",Lower middle income,10.21,36.7899
5108,TN,Tunisia,Imports of goods and services (current US$),2017,22805583971.3982,"Middle East, North Africa, Afghanistan & Pakistan",Lower middle income,10.21,36.7899
5109,TN,Tunisia,Imports of goods and services (current US$),2016,21646548260.6645,"Middle East, North Africa, Afghanistan & Pakistan",Lower middle income,10.21,36.7899
5110,TR,Turkiye,Imports of goods and services (current US$),2025,400679511057.207,Europe & Central Asia,Upper middle income,32.3606,39.7153
5111,TR,Turkiye,Imports of goods and services (current US$),2024,367379077168.558,Europe & Central Asia,Upper middle income,32.3606,39.7153
5112,TR,Turkiye,Imports of goods and services (current US$),2023,385393330658.642,Europe & Central Asia,Upper middle income,32.3606,39.7153
5113,TR,Turkiye,Imports of goods and services (current US$),2022,386711092836.606,Europe & Central Asia,Upper middle income,32.3606,39.7153
5114,TR,Turkiye,Imports of goods and services (current US$),2021,290243026942.939,Europe & Central Asia,Upper middle income,32.3606,39.7153
5115,TR,Turkiye,Imports of goods and services (current US$),2020,232192230750.627,Europe & Central Asia,Upper middle income,32.3606,39.7153
5116,TR,Turkiye,Imports of goods and services (current US$),2019,229253569685.603,Europe & Central Asia,Upper middle income,32.3606,39.7153
5117,TR,Turkiye,Imports of goods and services (current US$),2018,245157569262.505,Europe & Central Asia,Upper middle income,32.3606,39.7153
5118,TR,Turkiye,Imports of goods and services (current US$),2017,255673681716.1,Europe & Central Asia,Upper middle income,32.3606,39.7153
5119,TR,Turkiye,Imports of goods and services (current US$),2016,219776888913.906,Europe & Central Asia,Upper middle income,32.3606,39.7153
5120,TM,Turkmenistan,Imports of goods and services (current US$),2025,6824243539.04166,Europe & Central Asia,Upper middle income,58.3794,37.9509
5121,TM,Turkmenistan,Imports of goods and services (current US$),2024,4939106645.80265,Europe & Central Asia,Upper middle income,58.3794,37.9509
5122,TM,Turkmenistan,Imports of goods and services (current US$),2023,4879119715.5062,Europe & Central Asia,Upper middle income,58.3794,37.9509
5123,TM,Turkmenistan,Imports of goods and services (current US$),2022,4748668999.44052,Europe & Central Asia,Upper middle income,58.3794,37.9509
5124,TM,Turkmenistan,Imports of goods and services (current US$),2021,3326409138.02354,Europe & Central Asia,Upper middle income,58.3794,37.9509
5125,TM,Turkmenistan,Imports of goods and services (current US$),2020,3565601879.39032,Europe & Central Asia,Upper middle income,58.3794,37.9509
5126,TM,Turkmenistan,Imports of goods and services (current US$),2019,3851149716.98113,Europe & Central Asia,Upper middle income,58.3794,37.9509
5127,TM,Turkmenistan,Imports of goods and services (current US$),2018,3399668923.35766,Europe & Central Asia,Upper middle income,58.3794,37.9509
5128,TM,Turkmenistan,Imports of goods and services (current US$),2017,8959792035.17588,Europe & Central Asia,Upper middle income,58.3794,37.9509
5129,TM,Turkmenistan,Imports of goods and services (current US$),2016,12136535631.5789,Europe & Central Asia,Upper middle income,58.3794,37.9509
5130,TC,Turks and Caicos Islands,Imports of goods and services (current US$),2025,,Latin America & Caribbean ,High income,-71.141389,21.4602778
5131,TC,Turks and Caicos Islands,Imports of goods and services (current US$),2024,,Latin America & Caribbean ,High income,-71.141389,21.4602778
5132,TC,Turks and Caicos Islands,Imports of goods and services (current US$),2023,,Latin America & Caribbean ,High income,-71.141389,21.4602778
5133,TC,Turks and Caicos Islands,Imports of goods and services (current US$),2022,,Latin America & Caribbean ,High income,-71.141389,21.4602778
5134,TC,Turks and Caicos Islands,Imports of goods and services (current US$),2021,,Latin America & Caribbean ,High income,-71.141389,21.4602778
5135,TC,Turks and Caicos Islands,Imports of goods and services (current US$),2020,,Latin America & Caribbean ,High income,-71.141389,21.4602778
5136,TC,Turks and Caicos Islands,Imports of goods and services (current US$),2019,,Latin America & Caribbean ,High income,-71.141389,21.4602778
5137,TC,Turks and Caicos Islands,Imports of goods and services (current US$),2018,,Latin America & Caribbean ,High income,-71.141389,21.4602778
5138,TC,Turks and Caicos Islands,Imports of goods and services (current US$),2017,,Latin America & Caribbean ,High income,-71.141389,21.4602778
5139,TC,Turks and Caicos Islands,Imports of goods and services (current US$),2016,,Latin America & Caribbean ,High income,-71.141389,21.4602778
5140,TV,Tuvalu,Imports of goods and services (current US$),2025,,East Asia & Pacific,Upper middle income,179.089567,-8.6314877
5141,TV,Tuvalu,Imports of goods and services (current US$),2024,,East Asia & Pacific,Upper middle income,179.089567,-8.6314877
5142,TV,Tuvalu,Imports of goods and services (current US$),2023,,East Asia & Pacific,Upper middle income,179.089567,-8.6314877
5143,TV,Tuvalu,Imports of goods and services (current US$),2022,,East Asia & Pacific,Upper middle income,179.089567,-8.6314877
5144,TV,Tuvalu,Imports of goods and services (current US$),2021,,East Asia & Pacific,Upper middle income,179.089567,-8.6314877
5145,TV,Tuvalu,Imports of goods and services (current US$),2020,,East Asia & Pacific,Upper middle income,179.089567,-8.6314877
5146,TV,Tuvalu,Imports of goods and services (current US$),2019,,East Asia & Pacific,Upper middle income,179.089567,-8.6314877
5147,TV,Tuvalu,Imports of goods and services (current US$),2018,,East Asia & Pacific,Upper middle income,179.089567,-8.6314877
5148,TV,Tuvalu,Imports of goods and services (current US$),2017,,East Asia & Pacific,Upper middle income,179.089567,-8.6314877
5149,TV,Tuvalu,Imports of goods and services (current US$),2016,,East Asia & Pacific,Upper middle income,179.089567,-8.6314877
5150,UG,Uganda,Imports of goods and services (current US$),2025,17826764688.3341,Sub-Saharan Africa ,Low income,32.5729,0.314269
5151,UG,Uganda,Imports of goods and services (current US$),2024,13960593894.1838,Sub-Saharan Africa ,Low income,32.5729,0.314269
5152,UG,Uganda,Imports of goods and services (current US$),2023,10602364862.0753,Sub-Saharan Africa ,Low income,32.5729,0.314269
5153,UG,Uganda,Imports of goods and services (current US$),2022,10244593520.7124,Sub-Saharan Africa ,Low income,32.5729,0.314269
5154,UG,Uganda,Imports of goods and services (current US$),2021,10510437145.8077,Sub-Saharan Africa ,Low income,32.5729,0.314269
5155,UG,Uganda,Imports of goods and services (current US$),2020,8116375576.57251,Sub-Saharan Africa ,Low income,32.5729,0.314269
5156,UG,Uganda,Imports of goods and services (current US$),2019,7866761701.98036,Sub-Saharan Africa ,Low income,32.5729,0.314269
5157,UG,Uganda,Imports of goods and services (current US$),2018,7096219371.83998,Sub-Saharan Africa ,Low income,32.5729,0.314269
5158,UG,Uganda,Imports of goods and services (current US$),2017,6202981526.4862,Sub-Saharan Africa ,Low income,32.5729,0.314269
5159,UG,Uganda,Imports of goods and services (current US$),2016,5485150866.21313,Sub-Saharan Africa ,Low income,32.5729,0.314269
5160,UA,Ukraine,Imports of goods and services (current US$),2025,111072990302.021,Europe & Central Asia,Upper middle income,30.5038,50.4536
5161,UA,Ukraine,Imports of goods and services (current US$),2024,95448348221.436,Europe & Central Asia,Upper middle income,30.5038,50.4536
5162,UA,Ukraine,Imports of goods and services (current US$),2023,89177561166.1766,Europe & Central Asia,Upper middle income,30.5038,50.4536
5163,UA,Ukraine,Imports of goods and services (current US$),2022,84155821685.1726,Europe & Central Asia,Upper middle income,30.5038,50.4536
5164,UA,Ukraine,Imports of goods and services (current US$),2021,83920880266.57,Europe & Central Asia,Upper middle income,30.5038,50.4536
5165,UA,Ukraine,Imports of goods and services (current US$),2020,63171454470.3735,Europe & Central Asia,Upper middle income,30.5038,50.4536
5166,UA,Ukraine,Imports of goods and services (current US$),2019,75832862621.1614,Europe & Central Asia,Upper middle income,30.5038,50.4536
5167,UA,Ukraine,Imports of goods and services (current US$),2018,70634825281.8368,Europe & Central Asia,Upper middle income,30.5038,50.4536
5168,UA,Ukraine,Imports of goods and services (current US$),2017,62669875998.4639,Europe & Central Asia,Upper middle income,30.5038,50.4536
5169,UA,Ukraine,Imports of goods and services (current US$),2016,52487083453.2553,Europe & Central Asia,Upper middle income,30.5038,50.4536
5170,AE,United Arab Emirates,Imports of goods and services (current US$),2025,,"Middle East, North Africa, Afghanistan & Pakistan",High income,54.3705,24.4764
5171,AE,United Arab Emirates,Imports of goods and services (current US$),2024,,"Middle East, North Africa, Afghanistan & Pakistan",High income,54.3705,24.4764
5172,AE,United Arab Emirates,Imports of goods and services (current US$),2023,481851599727.706,"Middle East, North Africa, Afghanistan & Pakistan",High income,54.3705,24.4764
5173,AE,United Arab Emirates,Imports of goods and services (current US$),2022,427991831177.672,"Middle East, North Africa, Afghanistan & Pakistan",High income,54.3705,24.4764
5174,AE,United Arab Emirates,Imports of goods and services (current US$),2021,347528931245.745,"Middle East, North Africa, Afghanistan & Pakistan",High income,54.3705,24.4764
5175,AE,United Arab Emirates,Imports of goods and services (current US$),2020,297228046289.993,"Middle East, North Africa, Afghanistan & Pakistan",High income,54.3705,24.4764
5176,AE,United Arab Emirates,Imports of goods and services (current US$),2019,306004084411.164,"Middle East, North Africa, Afghanistan & Pakistan",High income,54.3705,24.4764
5177,AE,United Arab Emirates,Imports of goods and services (current US$),2018,281535738597.685,"Middle East, North Africa, Afghanistan & Pakistan",High income,54.3705,24.4764
5178,AE,United Arab Emirates,Imports of goods and services (current US$),2017,285336963921.035,"Middle East, North Africa, Afghanistan & Pakistan",High income,54.3705,24.4764
5179,AE,United Arab Emirates,Imports of goods and services (current US$),2016,270714771953.71,"Middle East, North Africa, Afghanistan & Pakistan",High income,54.3705,24.4764
5180,GB,United Kingdom,Imports of goods and services (current US$),2025,1275239250327.84,Europe & Central Asia,High income,-0.126236,51.5002
5181,GB,United Kingdom,Imports of goods and services (current US$),2024,1174549941083.14,Europe & Central Asia,High income,-0.126236,51.5002
5182,GB,United Kingdom,Imports of goods and services (current US$),2023,1131603446867.99,Europe & Central Asia,High income,-0.126236,51.5002
5183,GB,United Kingdom,Imports of goods and services (current US$),2022,1117793765633.44,Europe & Central Asia,High income,-0.126236,51.5002
5184,GB,United Kingdom,Imports of goods and services (current US$),2021,934375952193.96,Europe & Central Asia,High income,-0.126236,51.5002
5185,GB,United Kingdom,Imports of goods and services (current US$),2020,795714534395.164,Europe & Central Asia,High income,-0.126236,51.5002
5186,GB,United Kingdom,Imports of goods and services (current US$),2019,951880342949.163,Europe & Central Asia,High income,-0.126236,51.5002
5187,GB,United Kingdom,Imports of goods and services (current US$),2018,957619509260.342,Europe & Central Asia,High income,-0.126236,51.5002
5188,GB,United Kingdom,Imports of goods and services (current US$),2017,869550502969.043,Europe & Central Asia,High income,-0.126236,51.5002
5189,GB,United Kingdom,Imports of goods and services (current US$),2016,833100578279.813,Europe & Central Asia,High income,-0.126236,51.5002
5190,US,United States,Imports of goods and services (current US$),2025,,North America,High income,-77.032,38.8895
5191,US,United States,Imports of goods and services (current US$),2024,4113828000000.0,North America,High income,-77.032,38.8895
5192,US,United States,Imports of goods and services (current US$),2023,3859856000000.0,North America,High income,-77.032,38.8895
5193,US,United States,Imports of goods and services (current US$),2022,3974319000000.0,North America,High income,-77.032,38.8895
5194,US,United States,Imports of goods and services (current US$),2021,3417930000000.0,North America,High income,-77.032,38.8895
5195,US,United States,Imports of goods and services (current US$),2020,2782391000000.0,North America,High income,-77.032,38.8895
5196,US,United States,Imports of goods and services (current US$),2019,3116681000000.0,North America,High income,-77.032,38.8895
5197,US,United States,Imports of goods and services (current US$),2018,3131166000000.0,North America,High income,-77.032,38.8895
5198,US,United States,Imports of goods and services (current US$),2017,2931589000000.0,North America,High income,-77.032,38.8895
5199,US,United States,Imports of goods and services (current US$),2016,2738830000000.0,North America,High income,-77.032,38.8895
5200,UY,Uruguay,Imports of goods and services (current US$),2025,19327594037.2027,Latin America & Caribbean ,High income,-56.0675,-34.8941
5201,UY,Uruguay,Imports of goods and services (current US$),2024,19118102905.9239,Latin America & Caribbean ,High income,-56.0675,-34.8941
5202,UY,Uruguay,Imports of goods and services (current US$),2023,19284205661.165,Latin America & Caribbean ,High income,-56.0675,-34.8941
5203,UY,Uruguay,Imports of goods and services (current US$),2022,19456784753.5126,Latin America & Caribbean ,High income,-56.0675,-34.8941
5204,UY,Uruguay,Imports of goods and services (current US$),2021,15409774977.7147,Latin America & Caribbean ,High income,-56.0675,-34.8941
5205,UY,Uruguay,Imports of goods and services (current US$),2020,11538603068.7621,Latin America & Caribbean ,High income,-56.0675,-34.8941
5206,UY,Uruguay,Imports of goods and services (current US$),2019,13589037132.6358,Latin America & Caribbean ,High income,-56.0675,-34.8941
5207,UY,Uruguay,Imports of goods and services (current US$),2018,13963973874.5237,Latin America & Caribbean ,High income,-56.0675,-34.8941
5208,UY,Uruguay,Imports of goods and services (current US$),2017,13291654461.5084,Latin America & Caribbean ,High income,-56.0675,-34.8941
5209,UY,Uruguay,Imports of goods and services (current US$),2016,12380703255.0244,Latin America & Caribbean ,High income,-56.0675,-34.8941
5210,UZ,Uzbekistan,Imports of goods and services (current US$),2025,51999343254.4106,Europe & Central Asia,Lower middle income,69.269,41.3052
5211,UZ,Uzbekistan,Imports of goods and services (current US$),2024,43642721045.5993,Europe & Central Asia,Lower middle income,69.269,41.3052
5212,UZ,Uzbekistan,Imports of goods and services (current US$),2023,42781543618.7628,Europe & Central Asia,Lower middle income,69.269,41.3052
5213,UZ,Uzbekistan,Imports of goods and services (current US$),2022,35654761539.6622,Europe & Central Asia,Lower middle income,69.269,41.3052
5214,UZ,Uzbekistan,Imports of goods and services (current US$),2021,27959658383.0977,Europe & Central Asia,Lower middle income,69.269,41.3052
5215,UZ,Uzbekistan,Imports of goods and services (current US$),2020,22681149059.5377,Europe & Central Asia,Lower middle income,69.269,41.3052
5216,UZ,Uzbekistan,Imports of goods and services (current US$),2019,26657560793.4445,Europe & Central Asia,Lower middle income,69.269,41.3052
5217,UZ,Uzbekistan,Imports of goods and services (current US$),2018,23455563381.3022,Europe & Central Asia,Lower middle income,69.269,41.3052
5218,UZ,Uzbekistan,Imports of goods and services (current US$),2017,16784675094.9635,Europe & Central Asia,Lower middle income,69.269,41.3052
5219,UZ,Uzbekistan,Imports of goods and services (current US$),2016,14522253346.4813,Europe & Central Asia,Lower middle income,69.269,41.3052
5220,VU,Vanuatu,Imports of goods and services (current US$),2025,,East Asia & Pacific,Lower middle income,168.321,-17.7404
5221,VU,Vanuatu,Imports of goods and services (current US$),2024,623471656.946251,East Asia & Pacific,Lower middle income,168.321,-17.7404
5222,VU,Vanuatu,Imports of goods and services (current US$),2023,590441809.213978,East Asia & Pacific,Lower middle income,168.321,-17.7404
5223,VU,Vanuatu,Imports of goods and services (current US$),2022,634898249.70573,East Asia & Pacific,Lower middle income,168.321,-17.7404
5224,VU,Vanuatu,Imports of goods and services (current US$),2021,570950869.098467,East Asia & Pacific,Lower middle income,168.321,-17.7404
5225,VU,Vanuatu,Imports of goods and services (current US$),2020,526815739.296239,East Asia & Pacific,Lower middle income,168.321,-17.7404
5226,VU,Vanuatu,Imports of goods and services (current US$),2019,577133767.676988,East Asia & Pacific,Lower middle income,168.321,-17.7404
5227,VU,Vanuatu,Imports of goods and services (current US$),2018,535578450.506059,East Asia & Pacific,Lower middle income,168.321,-17.7404
5228,VU,Vanuatu,Imports of goods and services (current US$),2017,523321870.458931,East Asia & Pacific,Lower middle income,168.321,-17.7404
5229,VU,Vanuatu,Imports of goods and services (current US$),2016,501590228.163171,East Asia & Pacific,Lower middle income,168.321,-17.7404
5230,VE,"Venezuela, RB",Imports of goods and services (current US$),2025,10074121350.14,Latin America & Caribbean ,Lower middle income,-69.8371,9.08165
5231,VE,"Venezuela, RB",Imports of goods and services (current US$),2024,11456619838.8081,Latin America & Caribbean ,Lower middle income,-69.8371,9.08165
5232,VE,"Venezuela, RB",Imports of goods and services (current US$),2023,10266483008.9548,Latin America & Caribbean ,Lower middle income,-69.8371,9.08165
5233,VE,"Venezuela, RB",Imports of goods and services (current US$),2022,10280104686.5588,Latin America & Caribbean ,Lower middle income,-69.8371,9.08165
5234,VE,"Venezuela, RB",Imports of goods and services (current US$),2021,7856090323.7093,Latin America & Caribbean ,Lower middle income,-69.8371,9.08165
5235,VE,"Venezuela, RB",Imports of goods and services (current US$),2020,5605400728.82019,Latin America & Caribbean ,Lower middle income,-69.8371,9.08165
5236,VE,"Venezuela, RB",Imports of goods and services (current US$),2019,7982721068.68012,Latin America & Caribbean ,Lower middle income,-69.8371,9.08165
5237,VE,"Venezuela, RB",Imports of goods and services (current US$),2018,12326332794.8304,Latin America & Caribbean ,Lower middle income,-69.8371,9.08165
5238,VE,"Venezuela, RB",Imports of goods and services (current US$),2017,10756686685.3221,Latin America & Caribbean ,Lower middle income,-69.8371,9.08165
5239,VE,"Venezuela, RB",Imports of goods and services (current US$),2016,11515036487.7869,Latin America & Caribbean ,Lower middle income,-69.8371,9.08165
5240,VN,Viet Nam,Imports of goods and services (current US$),2025,473997023086.435,East Asia & Pacific,Upper middle income,105.825,21.0069
5241,VN,Viet Nam,Imports of goods and services (current US$),2024,398774125641.271,East Asia & Pacific,Upper middle income,105.825,21.0069
5242,VN,Viet Nam,Imports of goods and services (current US$),2023,339491142718.319,East Asia & Pacific,Upper middle income,105.825,21.0069
5243,VN,Viet Nam,Imports of goods and services (current US$),2022,370998835148.792,East Asia & Pacific,Upper middle income,105.825,21.0069
5244,VN,Viet Nam,Imports of goods and services (current US$),2021,340182482326.141,East Asia & Pacific,Upper middle income,105.825,21.0069
5245,VN,Viet Nam,Imports of goods and services (current US$),2020,273355953899.644,East Asia & Pacific,Upper middle income,105.825,21.0069
5246,VN,Viet Nam,Imports of goods and services (current US$),2019,265976296626.188,East Asia & Pacific,Upper middle income,105.825,21.0069
5247,VN,Viet Nam,Imports of goods and services (current US$),2018,248830928922.633,East Asia & Pacific,Upper middle income,105.825,21.0069
5248,VN,Viet Nam,Imports of goods and services (current US$),2017,222881466764.771,East Asia & Pacific,Upper middle income,105.825,21.0069
5249,VN,Viet Nam,Imports of goods and services (current US$),2016,183315160786.75,East Asia & Pacific,Upper middle income,105.825,21.0069
5250,VI,Virgin Islands (U.S.),Imports of goods and services (current US$),2025,,Latin America & Caribbean ,High income,-64.8963,18.3358
5251,VI,Virgin Islands (U.S.),Imports of goods and services (current US$),2024,,Latin America & Caribbean ,High income,-64.8963,18.3358
5252,VI,Virgin Islands (U.S.),Imports of goods and services (current US$),2023,,Latin America & Caribbean ,High income,-64.8963,18.3358
5253,VI,Virgin Islands (U.S.),Imports of goods and services (current US$),2022,5058000000.0,Latin America & Caribbean ,High income,-64.8963,18.3358
5254,VI,Virgin Islands (U.S.),Imports of goods and services (current US$),2021,4057000000.0,Latin America & Caribbean ,High income,-64.8963,18.3358
5255,VI,Virgin Islands (U.S.),Imports of goods and services (current US$),2020,3184000000.0,Latin America & Caribbean ,High income,-64.8963,18.3358
5256,VI,Virgin Islands (U.S.),Imports of goods and services (current US$),2019,4140000000.0,Latin America & Caribbean ,High income,-64.8963,18.3358
5257,VI,Virgin Islands (U.S.),Imports of goods and services (current US$),2018,4163000000.0,Latin America & Caribbean ,High income,-64.8963,18.3358
5258,VI,Virgin Islands (U.S.),Imports of goods and services (current US$),2017,3580000000.0,Latin America & Caribbean ,High income,-64.8963,18.3358
5259,VI,Virgin Islands (U.S.),Imports of goods and services (current US$),2016,2517000000.0,Latin America & Caribbean ,High income,-64.8963,18.3358
5260,PS,West Bank and Gaza,Imports of goods and services (current US$),2025,9190000000.0,"Middle East, North Africa, Afghanistan & Pakistan",Lower middle income,,
5261,PS,West Bank and Gaza,Imports of goods and services (current US$),2024,8446600000.0,"Middle East, North Africa, Afghanistan & Pakistan",Lower middle income,,
5262,PS,West Bank and Gaza,Imports of goods and services (current US$),2023,11027800000.0,"Middle East, North Africa, Afghanistan & Pakistan",Lower middle income,,
5263,PS,West Bank and Gaza,Imports of goods and services (current US$),2022,12258000000.0,"Middle East, North Africa, Afghanistan & Pakistan",Lower middle income,,
5264,PS,West Bank and Gaza,Imports of goods and services (current US$),2021,10094400000.0,"Middle East, North Africa, Afghanistan & Pakistan",Lower middle income,,
5265,PS,West Bank and Gaza,Imports of goods and services (current US$),2020,8065700000.0,"Middle East, North Africa, Afghanistan & Pakistan",Lower middle income,,
5266,PS,West Bank and Gaza,Imports of goods and services (current US$),2019,9161700000.0,"Middle East, North Africa, Afghanistan & Pakistan",Lower middle income,,
5267,PS,West Bank and Gaza,Imports of goods and services (current US$),2018,9023700000.0,"Middle East, North Africa, Afghanistan & Pakistan",Lower middle income,,
5268,PS,West Bank and Gaza,Imports of goods and services (current US$),2017,8503400000.0,"Middle East, North Africa, Afghanistan & Pakistan",Lower middle income,,
5269,PS,West Bank and Gaza,Imports of goods and services (current US$),2016,7871500000.0,"Middle East, North Africa, Afghanistan & Pakistan",Lower middle income,,
5270,YE,"Yemen, Rep.",Imports of goods and services (current US$),2025,,"Middle East, North Africa, Afghanistan & Pakistan",Low income,44.2075,15.352
5271,YE,"Yemen, Rep.",Imports of goods and services (current US$),2024,,"Middle East, North Africa, Afghanistan & Pakistan",Low income,44.2075,15.352
5272,YE,"Yemen, Rep.",Imports of goods and services (current US$),2023,,"Middle East, North Africa, Afghanistan & Pakistan",Low income,44.2075,15.352
5273,YE,"Yemen, Rep.",Imports of goods and services (current US$),2022,,"Middle East, North Africa, Afghanistan & Pakistan",Low income,44.2075,15.352
5274,YE,"Yemen, Rep.",Imports of goods and services (current US$),2021,,"Middle East, North Africa, Afghanistan & Pakistan",Low income,44.2075,15.352
5275,YE,"Yemen, Rep.",Imports of goods and services (current US$),2020,,"Middle East, North Africa, Afghanistan & Pakistan",Low income,44.2075,15.352
5276,YE,"Yemen, Rep.",Imports of goods and services (current US$),2019,,"Middle East, North Africa, Afghanistan & Pakistan",Low income,44.2075,15.352
5277,YE,"Yemen, Rep.",Imports of goods and services (current US$),2018,10224406924.9102,"Middle East, North Africa, Afghanistan & Pakistan",Low income,44.2075,15.352
5278,YE,"Yemen, Rep.",Imports of goods and services (current US$),2017,8933538625.05819,"Middle East, North Africa, Afghanistan & Pakistan",Low income,44.2075,15.352
5279,YE,"Yemen, Rep.",Imports of goods and services (current US$),2016,8227926015.67977,"Middle East, North Africa, Afghanistan & Pakistan",Low income,44.2075,15.352
5280,ZM,Zambia,Imports of goods and services (current US$),2025,,Sub-Saharan Africa ,Lower middle income,28.2937,-15.3982
5281,ZM,Zambia,Imports of goods and services (current US$),2024,6971790366.11773,Sub-Saharan Africa ,Lower middle income,28.2937,-15.3982
5282,ZM,Zambia,Imports of goods and services (current US$),2023,10312987263.3203,Sub-Saharan Africa ,Lower middle income,28.2937,-15.3982
5283,ZM,Zambia,Imports of goods and services (current US$),2022,8487628171.9824,Sub-Saharan Africa ,Lower middle income,28.2937,-15.3982
5284,ZM,Zambia,Imports of goods and services (current US$),2021,7511107108.14459,Sub-Saharan Africa ,Lower middle income,28.2937,-15.3982
5285,ZM,Zambia,Imports of goods and services (current US$),2020,5892354557.94953,Sub-Saharan Africa ,Lower middle income,28.2937,-15.3982
5286,ZM,Zambia,Imports of goods and services (current US$),2019,7961078355.3142,Sub-Saharan Africa ,Lower middle income,28.2937,-15.3982
5287,ZM,Zambia,Imports of goods and services (current US$),2018,9717093536.7998,Sub-Saharan Africa ,Lower middle income,28.2937,-15.3982
5288,ZM,Zambia,Imports of goods and services (current US$),2017,9467884707.11847,Sub-Saharan Africa ,Lower middle income,28.2937,-15.3982
5289,ZM,Zambia,Imports of goods and services (current US$),2016,8097049103.85227,Sub-Saharan Africa ,Lower middle income,28.2937,-15.3982
5290,ZW,Zimbabwe,Imports of goods and services (current US$),2025,,Sub-Saharan Africa ,Lower middle income,31.0672,-17.8312
5291,ZW,Zimbabwe,Imports of goods and services (current US$),2024,9735878412.94827,Sub-Saharan Africa ,Lower middle income,31.0672,-17.8312
5292,ZW,Zimbabwe,Imports of goods and services (current US$),2023,8312993033.65298,Sub-Saharan Africa ,Lower middle income,31.0672,-17.8312
5293,ZW,Zimbabwe,Imports of goods and services (current US$),2022,10126039654.2398,Sub-Saharan Africa ,Lower middle income,31.0672,-17.8312
5294,ZW,Zimbabwe,Imports of goods and services (current US$),2021,7964377625.17501,Sub-Saharan Africa ,Lower middle income,31.0672,-17.8312
5295,ZW,Zimbabwe,Imports of goods and services (current US$),2020,5381694862.39963,Sub-Saharan Africa ,Lower middle income,31.0672,-17.8312
5296,ZW,Zimbabwe,Imports of goods and services (current US$),2019,6166366675.23785,Sub-Saharan Africa ,Lower middle income,31.0672,-17.8312
5297,ZW,Zimbabwe,Imports of goods and services (current US$),2018,9691544117.64706,Sub-Saharan Africa ,Lower middle income,31.0672,-17.8312
5298,ZW,Zimbabwe,Imports of goods and services (current US$),2017,15499601593.6255,Sub-Saharan Africa ,Lower middle income,31.0672,-17.8312
5299,ZW,Zimbabwe,Imports of goods and services (current US$),2016,6430000000.0,Sub-Saharan Africa ,Lower middle income,31.0672,-17.8312
